<?xml version="1.0" encoding="UTF-8"?>
<result_set><status>OK</status><copyright>Copyright (c) 2018 The New York Times Company.  All Rights Reserved.</copyright><num_results>20</num_results><last_modified>2017-03-21T13:38:01-04:00</last_modified><results><list_name>Combined Print and E-Book Fiction</list_name><list_name_encoded>combined-print-and-e-book-fiction</list_name_encoded><bestsellers_date>2015-05-02</bestsellers_date><published_date>2015-05-17</published_date><published_date_description></published_date_description><next_published_date>2015-05-24</next_published_date><previous_published_date>2015-05-10</previous_published_date><display_name><![CDATA[Combined Print & E-Book Fiction]]></display_name><normal_list_ends_at>15</normal_list_ends_at><updated>WEEKLY</updated><books><book><rank>1</rank><rank_last_week>0</rank_last_week><weeks_on_list>1</weeks_on_list><asterisk>0</asterisk><dagger>0</dagger><primary_isbn10>None</primary_isbn10><primary_isbn13>9780698152519</primary_isbn13><publisher>Putnam</publisher><description>Lucas Davenport is on the trail of killers who have targeted a group of vagabonds called the Travelers.</description><price>0</price><title>GATHERING PREY</title><author>John Sandford</author><contributor>by John Sandford</contributor><contributor_note></contributor_note><book_image>https://s1.nyt.com/du/books/images/9780399168796.jpg</book_image><book_image_width>325</book_image_width><book_image_height>495</book_image_height><amazon_product_url>http://www.amazon.com/Gathering-Prey-John-Sandford/dp/0399168796?tag=NYTBS-20</amazon_product_url><age_group></age_group><book_review_link></book_review_link><first_chapter_link></first_chapter_link><sunday_review_link></sunday_review_link><article_chapter_link></article_chapter_link><isbns><isbn><isbn10>0399168796</isbn10><isbn13>9780399168796</isbn13></isbn><isbn><isbn10>0425278859</isbn10><isbn13>9780425278857</isbn13></isbn></isbns><buy_links><buy_link><name>Local Booksellers</name><url>http://www.indiebound.org/book/9780698152519?aff=NYT</url></buy_link><buy_link><name>Barnes and Noble</name><url>http://www.anrdoezrs.net/click-7990613-11819508?url=http%3A%2F%2Fwww.barnesandnoble.com%2Fw%2F%3Fean%3D9780698152519</url></buy_link><buy_link><name>Amazon</name><url>http://www.amazon.com/Gathering-Prey-John-Sandford/dp/0399168796?tag=NYTBS-20</url></buy_link></buy_links></book><book><rank>2</rank><rank_last_week>2</rank_last_week><weeks_on_list>16</weeks_on_list><asterisk>0</asterisk><dagger>0</dagger><primary_isbn10>0698185390</primary_isbn10><primary_isbn13>9780698185395</primary_isbn13><publisher>Riverhead</publisher><description>A psychological thriller set in the environs of London is full of complications and betrayals.</description><price>0</price><title>THE GIRL ON THE TRAIN</title><author>Paula Hawkins</author><contributor>by Paula Hawkins</contributor><contributor_note></contributor_note><book_image>https://s1.nyt.com/du/books/images/9781594633669.jpg</book_image><book_image_width>312</book_image_width><book_image_height>495</book_image_height><amazon_product_url>http://www.amazon.com/The-Girl-Train-A-Novel-ebook/dp/B00L9B7IKE?tag=NYTBS-20</amazon_product_url><age_group></age_group><book_review_link>https://www.nytimes.com/2015/01/05/books/the-girl-on-the-train-by-paula-hawkins.html</book_review_link><first_chapter_link></first_chapter_link><sunday_review_link>https://www.nytimes.com/2015/02/01/books/review/the-girl-on-the-train-by-paula-hawkins.html</sunday_review_link><article_chapter_link></article_chapter_link><isbns><isbn><isbn10>1594633665</isbn10><isbn13>9781594633669</isbn13></isbn><isbn><isbn10>0698185390</isbn10><isbn13>9780698185395</isbn13></isbn><isbn><isbn10>1410477762</isbn10><isbn13>9781410477767</isbn13></isbn><isbn><isbn10>0857522329</isbn10><isbn13>9780857522320</isbn13></isbn><isbn><isbn10>1448171687</isbn10><isbn13>9781448171682</isbn13></isbn><isbn><isbn10>1594634122</isbn10><isbn13>9781594634123</isbn13></isbn><isbn><isbn10>038568231X</isbn10><isbn13>9780385682312</isbn13></isbn><isbn><isbn10>1594634025</isbn10><isbn13>9781594634024</isbn13></isbn><isbn><isbn10>0735212155</isbn10><isbn13>9780735212152</isbn13></isbn><isbn><isbn10>0735212163</isbn10><isbn13>9780735212169</isbn13></isbn><isbn><isbn10>1432834355</isbn10><isbn13>9781432834357</isbn13></isbn></isbns><buy_links><buy_link><name>Local Booksellers</name><url>http://www.indiebound.org/book/9780698185395?aff=NYT</url></buy_link><buy_link><name>Barnes and Noble</name><url>http://www.anrdoezrs.net/click-7990613-11819508?url=http%3A%2F%2Fwww.barnesandnoble.com%2Fw%2F%3Fean%3D9780698185395</url></buy_link><buy_link><name>Amazon</name><url>http://www.amazon.com/The-Girl-Train-A-Novel-ebook/dp/B00L9B7IKE?tag=NYTBS-20</url></buy_link></buy_links></book><book><rank>3</rank><rank_last_week>1</rank_last_week><weeks_on_list>2</weeks_on_list><asterisk>0</asterisk><dagger>0</dagger><primary_isbn10>1455586382</primary_isbn10><primary_isbn13>9781455586387</primary_isbn13><publisher>Grand Central</publisher><description>A police detective who left the force when his family was murdered teams up with his former partner to solve the case.</description><price>0</price><title>MEMORY MAN</title><author>David Baldacci</author><contributor>by David Baldacci</contributor><contributor_note></contributor_note><book_image>https://s1.nyt.com/du/books/images/9781455586387.jpg</book_image><book_image_width>330</book_image_width><book_image_height>490</book_image_height><amazon_product_url>http://www.amazon.com/Memory-Amos-Decker-David-Baldacci-ebook/dp/B00N7TDP8K?tag=NYTBS-20</amazon_product_url><age_group></age_group><book_review_link></book_review_link><first_chapter_link></first_chapter_link><sunday_review_link></sunday_review_link><article_chapter_link></article_chapter_link><isbns><isbn><isbn10>1455559822</isbn10><isbn13>9781455559824</isbn13></isbn><isbn><isbn10>1455589489</isbn10><isbn13>9781455589487</isbn13></isbn><isbn><isbn10>1455586382</isbn10><isbn13>9781455586387</isbn13></isbn><isbn><isbn10>1455559814</isbn10><isbn13>9781455559817</isbn13></isbn><isbn><isbn10>1455559806</isbn10><isbn13>9781455559800</isbn13></isbn></isbns><buy_links><buy_link><name>Local Booksellers</name><url>http://www.indiebound.org/book/9781455586387?aff=NYT</url></buy_link><buy_link><name>Barnes and Noble</name><url>http://www.anrdoezrs.net/click-7990613-11819508?url=http%3A%2F%2Fwww.barnesandnoble.com%2Fw%2F%3Fean%3D9781455586387</url></buy_link><buy_link><name>Amazon</name><url>http://www.amazon.com/Memory-Amos-Decker-David-Baldacci-ebook/dp/B00N7TDP8K?tag=NYTBS-20</url></buy_link></buy_links></book><book><rank>4</rank><rank_last_week>4</rank_last_week><weeks_on_list>33</weeks_on_list><asterisk>0</asterisk><dagger>0</dagger><primary_isbn10></primary_isbn10><primary_isbn13>9781476746609</primary_isbn13><publisher>Scribner</publisher><description>The lives of a blind French girl and a gadget-obsessed German boy before and during World War II.</description><price>0</price><title>ALL THE LIGHT WE CANNOT SEE</title><author>Anthony Doerr</author><contributor>by Anthony Doerr</contributor><contributor_note></contributor_note><book_image>https://s1.nyt.com/du/books/images/9781476746586.jpg</book_image><book_image_width>128</book_image_width><book_image_height>192</book_image_height><amazon_product_url>http://www.amazon.com/All-Light-We-Cannot-See/dp/1476746583?tag=NYTBS-20</amazon_product_url><age_group></age_group><book_review_link></book_review_link><first_chapter_link></first_chapter_link><sunday_review_link>https://www.nytimes.com/2014/05/11/books/review/all-the-light-we-cannot-see-by-anthony-doerr.html</sunday_review_link><article_chapter_link></article_chapter_link><isbns><isbn><isbn10>1476746583</isbn10><isbn13>9781476746586</isbn13></isbn><isbn><isbn10>1410470229</isbn10><isbn13>9781410470225</isbn13></isbn><isbn><isbn10>1476746591</isbn10><isbn13>9781476746593</isbn13></isbn><isbn><isbn10>1501122835</isbn10><isbn13>9781501122835</isbn13></isbn><isbn><isbn10>0007548699</isbn10><isbn13>9780007548699</isbn13></isbn><isbn><isbn10>1501173219</isbn10><isbn13>9781501173219</isbn13></isbn></isbns><buy_links><buy_link><name>Local Booksellers</name><url>http://www.indiebound.org/book/9781476746609?aff=NYT</url></buy_link><buy_link><name>Barnes and Noble</name><url>http://www.anrdoezrs.net/click-7990613-11819508?url=http%3A%2F%2Fwww.barnesandnoble.com%2Fw%2F%3Fean%3D9781476746609</url></buy_link><buy_link><name>Amazon</name><url>http://www.amazon.com/All-Light-We-Cannot-See/dp/1476746583?tag=NYTBS-20</url></buy_link></buy_links></book><book><rank>5</rank><rank_last_week>5</rank_last_week><weeks_on_list>3</weeks_on_list><asterisk>0</asterisk><dagger>0</dagger><primary_isbn10>None</primary_isbn10><primary_isbn13>9780698161351</primary_isbn13><publisher>Putnam</publisher><description>After her husband’s death, a woman returns with her daughter to her Smoky Mountain hometown, only to discover that her husband was a fraud who implicated her in his deceptions.</description><price>0</price><title>THE LIAR</title><author>Nora Roberts</author><contributor>by Nora Roberts</contributor><contributor_note></contributor_note><book_image>https://s1.nyt.com/du/books/images/9780698161351.jpg</book_image><book_image_width>328</book_image_width><book_image_height>495</book_image_height><amazon_product_url>http://www.amazon.com/The-Liar-Nora-Roberts-ebook/dp/B00O2BKKZS?tag=NYTBS-20</amazon_product_url><age_group></age_group><book_review_link></book_review_link><first_chapter_link></first_chapter_link><sunday_review_link></sunday_review_link><article_chapter_link></article_chapter_link><isbns><isbn><isbn10>0399170863</isbn10><isbn13>9780399170867</isbn13></isbn><isbn><isbn10>0399175865</isbn10><isbn13>9780399175862</isbn13></isbn><isbn><isbn10>1101989750</isbn10><isbn13>9781101989753</isbn13></isbn><isbn><isbn10>0425279154</isbn10><isbn13>9780425279151</isbn13></isbn></isbns><buy_links><buy_link><name>Local Booksellers</name><url>http://www.indiebound.org/book/9780698161351?aff=NYT</url></buy_link><buy_link><name>Barnes and Noble</name><url>http://www.anrdoezrs.net/click-7990613-11819508?url=http%3A%2F%2Fwww.barnesandnoble.com%2Fw%2F%3Fean%3D9780698161351</url></buy_link><buy_link><name>Amazon</name><url>http://www.amazon.com/The-Liar-Nora-Roberts-ebook/dp/B00O2BKKZS?tag=NYTBS-20</url></buy_link></buy_links></book><book><rank>6</rank><rank_last_week>0</rank_last_week><weeks_on_list>1</weeks_on_list><asterisk>0</asterisk><dagger>0</dagger><primary_isbn10>None</primary_isbn10><primary_isbn13>9781460380697</primary_isbn13><publisher>HQN</publisher><description>Two newcomers to a California town find their attentions drifting toward each other.</description><price>0</price><title>HOLD ME</title><author>Susan Mallery</author><contributor>by Susan Mallery</contributor><contributor_note></contributor_note><book_image>https://s1.nyt.com/du/books/images/9780373779970.jpg</book_image><book_image_width>313</book_image_width><book_image_height>495</book_image_height><amazon_product_url>http://www.amazon.com/Hold-Fools-Gold-Susan-Mallery/dp/0373779976?tag=NYTBS-20</amazon_product_url><age_group></age_group><book_review_link></book_review_link><first_chapter_link></first_chapter_link><sunday_review_link></sunday_review_link><article_chapter_link></article_chapter_link><isbns><isbn><isbn10>0373779976</isbn10><isbn13>9780373779970</isbn13></isbn></isbns><buy_links><buy_link><name>Local Booksellers</name><url>http://www.indiebound.org/book/9781460380697?aff=NYT</url></buy_link><buy_link><name>Barnes and Noble</name><url>http://www.anrdoezrs.net/click-7990613-11819508?url=http%3A%2F%2Fwww.barnesandnoble.com%2Fw%2F%3Fean%3D9781460380697</url></buy_link><buy_link><name>Amazon</name><url>http://www.amazon.com/Hold-Fools-Gold-Susan-Mallery/dp/0373779976?tag=NYTBS-20</url></buy_link></buy_links></book><book><rank>7</rank><rank_last_week>0</rank_last_week><weeks_on_list>1</weeks_on_list><asterisk>0</asterisk><dagger>0</dagger><primary_isbn10>1250020077</primary_isbn10><primary_isbn13>9781250020079</primary_isbn13><publisher>St. Martin's</publisher><description>A C.I.A. operative becomes the target of someone from her past intent on killing those who were once close to her.</description><price>0</price><title>YOUR NEXT BREATH</title><author>Iris Johansen</author><contributor>by Iris Johansen</contributor><contributor_note></contributor_note><book_image>https://s1.nyt.com/du/books/images/9781250020086.jpg</book_image><book_image_width>328</book_image_width><book_image_height>495</book_image_height><amazon_product_url>http://www.amazon.com/Your-Next-Breath-Iris-Johansen/dp/1250020085?tag=NYTBS-20</amazon_product_url><age_group></age_group><book_review_link></book_review_link><first_chapter_link></first_chapter_link><sunday_review_link></sunday_review_link><article_chapter_link></article_chapter_link><isbns><isbn><isbn10>1250020085</isbn10><isbn13>9781250020086</isbn13></isbn><isbn><isbn10>1250020077</isbn10><isbn13>9781250020079</isbn13></isbn></isbns><buy_links><buy_link><name>Local Booksellers</name><url>http://www.indiebound.org/book/9781250020079?aff=NYT</url></buy_link><buy_link><name>Barnes and Noble</name><url>http://www.anrdoezrs.net/click-7990613-11819508?url=http%3A%2F%2Fwww.barnesandnoble.com%2Fw%2F%3Fean%3D9781250020079</url></buy_link><buy_link><name>Amazon</name><url>http://www.amazon.com/Your-Next-Breath-Iris-Johansen/dp/1250020085?tag=NYTBS-20</url></buy_link></buy_links></book><book><rank>8</rank><rank_last_week>10</rank_last_week><weeks_on_list>13</weeks_on_list><asterisk>0</asterisk><dagger>0</dagger><primary_isbn10>1466850604</primary_isbn10><primary_isbn13>9781466850606</primary_isbn13><publisher>St. Martin's</publisher><description>Two sisters are separated in World War II France: one struggling to survive in the countryside, the other joining the Resistance in Paris.</description><price>0</price><title>THE NIGHTINGALE</title><author>Kristin Hannah</author><contributor>by Kristin Hannah</contributor><contributor_note></contributor_note><book_image>https://s1.nyt.com/du/books/images/9781466850606.jpg</book_image><book_image_width>128</book_image_width><book_image_height>195</book_image_height><amazon_product_url>http://www.amazon.com/The-Nightingale-Kristin-Hannah/dp/0312577222?tag=NYTBS-20</amazon_product_url><age_group></age_group><book_review_link></book_review_link><first_chapter_link></first_chapter_link><sunday_review_link></sunday_review_link><article_chapter_link></article_chapter_link><isbns><isbn><isbn10>0312577222</isbn10><isbn13>9780312577223</isbn13></isbn><isbn><isbn10>1466850604</isbn10><isbn13>9781466850606</isbn13></isbn><isbn><isbn10>1628995017</isbn10><isbn13>9781628995015</isbn13></isbn><isbn><isbn10>1250080401</isbn10><isbn13>9781250080400</isbn13></isbn></isbns><buy_links><buy_link><name>Local Booksellers</name><url>http://www.indiebound.org/book/9781466850606?aff=NYT</url></buy_link><buy_link><name>Barnes and Noble</name><url>http://www.anrdoezrs.net/click-7990613-11819508?url=http%3A%2F%2Fwww.barnesandnoble.com%2Fw%2F%3Fean%3D9781466850606</url></buy_link><buy_link><name>Amazon</name><url>http://www.amazon.com/The-Nightingale-Kristin-Hannah/dp/0312577222?tag=NYTBS-20</url></buy_link></buy_links></book><book><rank>9</rank><rank_last_week>6</rank_last_week><weeks_on_list>6</weeks_on_list><asterisk>0</asterisk><dagger>0</dagger><primary_isbn10>0698186206</primary_isbn10><primary_isbn13>9780698186200</primary_isbn13><publisher>Dutton</publisher><description>Characters’ lives begin to fall apart as a mysterious stranger discloses secrets to them; a stand-alone thriller.</description><price>0</price><title>THE STRANGER</title><author>Harlan Coben</author><contributor>by Harlan Coben</contributor><contributor_note></contributor_note><book_image>https://s1.nyt.com/du/books/images/9780525953500.jpg</book_image><book_image_width>328</book_image_width><book_image_height>495</book_image_height><amazon_product_url>http://www.amazon.com/The-Stranger-Harlan-Coben/dp/0525953507?tag=NYTBS-20</amazon_product_url><age_group></age_group><book_review_link></book_review_link><first_chapter_link></first_chapter_link><sunday_review_link></sunday_review_link><article_chapter_link></article_chapter_link><isbns><isbn><isbn10>0525953507</isbn10><isbn13>9780525953500</isbn13></isbn><isbn><isbn10>0698186206</isbn10><isbn13>9780698186200</isbn13></isbn><isbn><isbn10>1410476235</isbn10><isbn13>9781410476234</isbn13></isbn></isbns><buy_links><buy_link><name>Local Booksellers</name><url>http://www.indiebound.org/book/9780698186200?aff=NYT</url></buy_link><buy_link><name>Barnes and Noble</name><url>http://www.anrdoezrs.net/click-7990613-11819508?url=http%3A%2F%2Fwww.barnesandnoble.com%2Fw%2F%3Fean%3D9780698186200</url></buy_link><buy_link><name>Amazon</name><url>http://www.amazon.com/The-Stranger-Harlan-Coben/dp/0525953507?tag=NYTBS-20</url></buy_link></buy_links></book><book><rank>10</rank><rank_last_week>3</rank_last_week><weeks_on_list>2</weeks_on_list><asterisk>0</asterisk><dagger>0</dagger><primary_isbn10>006231114X</primary_isbn10><primary_isbn13>9780062311146</primary_isbn13><publisher>Morrow/HarperCollins</publisher><description>The prosecutor Penn Cage’s attempt to find his father brings him up against the K.K.K.</description><price>0</price><title>THE BONE TREE</title><author>Greg Iles</author><contributor>by Greg Iles</contributor><contributor_note></contributor_note><book_image>https://s1.nyt.com/du/books/images/9780062311146.jpg</book_image><book_image_width>328</book_image_width><book_image_height>495</book_image_height><amazon_product_url>http://www.amazon.com/The-Bone-Tree-Novel-Penn-ebook/dp/B00M70YWKK?tag=NYTBS-20</amazon_product_url><age_group></age_group><book_review_link></book_review_link><first_chapter_link></first_chapter_link><sunday_review_link></sunday_review_link><article_chapter_link></article_chapter_link><isbns><isbn><isbn10>0062311115</isbn10><isbn13>9780062311115</isbn13></isbn><isbn><isbn10>006231114X</isbn10><isbn13>9780062311146</isbn13></isbn><isbn><isbn10>0062370057</isbn10><isbn13>9780062370051</isbn13></isbn><isbn><isbn10>0062311131</isbn10><isbn13>9780062311139</isbn13></isbn></isbns><buy_links><buy_link><name>Local Booksellers</name><url>http://www.indiebound.org/book/9780062311146?aff=NYT</url></buy_link><buy_link><name>Barnes and Noble</name><url>http://www.anrdoezrs.net/click-7990613-11819508?url=http%3A%2F%2Fwww.barnesandnoble.com%2Fw%2F%3Fean%3D9780062311146</url></buy_link><buy_link><name>Amazon</name><url>http://www.amazon.com/The-Bone-Tree-Novel-Penn-ebook/dp/B00M70YWKK?tag=NYTBS-20</url></buy_link></buy_links></book><book><rank>11</rank><rank_last_week>0</rank_last_week><weeks_on_list>1</weeks_on_list><asterisk>0</asterisk><dagger>0</dagger><primary_isbn10>None</primary_isbn10><primary_isbn13>9780994054418</primary_isbn13><publisher>Elle Kennedy</publisher><description>A college Lothario hopes for a second chance with a first-year student.</description><price>0</price><title>THE MISTAKE</title><author>Elle Kennedy</author><contributor>by Elle Kennedy</contributor><contributor_note></contributor_note><book_image>https://s1.nyt.com/du/books/images/9780994054418.jpg</book_image><book_image_width>330</book_image_width><book_image_height>495</book_image_height><amazon_product_url>http://www.amazon.com/The-Mistake-Off-Campus-Book-2-ebook/dp/B00WASWK7Q?tag=NYTBS-20</amazon_product_url><age_group></age_group><book_review_link></book_review_link><first_chapter_link></first_chapter_link><sunday_review_link></sunday_review_link><article_chapter_link></article_chapter_link><isbns/><buy_links><buy_link><name>Local Booksellers</name><url>http://www.indiebound.org/book/9780994054418?aff=NYT</url></buy_link><buy_link><name>Barnes and Noble</name><url>http://www.anrdoezrs.net/click-7990613-11819508?url=http%3A%2F%2Fwww.barnesandnoble.com%2Fw%2F%3Fean%3D9780994054418</url></buy_link><buy_link><name>Amazon</name><url>http://www.amazon.com/The-Mistake-Off-Campus-Book-2-ebook/dp/B00WASWK7Q?tag=NYTBS-20</url></buy_link></buy_links></book><book><rank>12</rank><rank_last_week>8</rank_last_week><weeks_on_list>25</weeks_on_list><asterisk>0</asterisk><dagger>0</dagger><primary_isbn10>1455520667</primary_isbn10><primary_isbn13>9781455520664</primary_isbn13><publisher>Grand Central</publisher><description>The lives of two couples converge unexpectedly.</description><price>0</price><title>THE LONGEST RIDE</title><author>Nicholas Sparks</author><contributor>by Nicholas Sparks</contributor><contributor_note></contributor_note><book_image>https://s1.nyt.com/du/books/images/9781455520640.jpg</book_image><book_image_width>327</book_image_width><book_image_height>495</book_image_height><amazon_product_url>http://www.amazon.com/The-Longest-Ride-Nicholas-Sparks/dp/1455520640?tag=NYTBS-20</amazon_product_url><age_group></age_group><book_review_link></book_review_link><first_chapter_link></first_chapter_link><sunday_review_link></sunday_review_link><article_chapter_link></article_chapter_link><isbns><isbn><isbn10>1455520659</isbn10><isbn13>9781455520657</isbn13></isbn><isbn><isbn10>1455576018</isbn10><isbn13>9781455576012</isbn13></isbn><isbn><isbn10>1455520667</isbn10><isbn13>9781455520664</isbn13></isbn><isbn><isbn10>1455520640</isbn10><isbn13>9781455520640</isbn13></isbn><isbn><isbn10>1455520632</isbn10><isbn13>9781455520633</isbn13></isbn><isbn><isbn10>1455584738</isbn10><isbn13>9781455584734</isbn13></isbn><isbn><isbn10>145558472X</isbn10><isbn13>9781455584727</isbn13></isbn></isbns><buy_links><buy_link><name>Local Booksellers</name><url>http://www.indiebound.org/book/9781455520664?aff=NYT</url></buy_link><buy_link><name>Barnes and Noble</name><url>http://www.anrdoezrs.net/click-7990613-11819508?url=http%3A%2F%2Fwww.barnesandnoble.com%2Fw%2F%3Fean%3D9781455520664</url></buy_link><buy_link><name>Amazon</name><url>http://www.amazon.com/The-Longest-Ride-Nicholas-Sparks/dp/1455520640?tag=NYTBS-20</url></buy_link></buy_links></book><book><rank>13</rank><rank_last_week>0</rank_last_week><weeks_on_list>1</weeks_on_list><asterisk>0</asterisk><dagger>0</dagger><primary_isbn10>1939996260</primary_isbn10><primary_isbn13>9781939996268</primary_isbn13><publisher>Denise Grover Swank</publisher><description>A woman looks into her birth mother's possible connection to a crime.</description><price>0</price><title>THIRTY-FOUR AND A HALF PREDICAMENTS</title><author>Denise Grover Swank</author><contributor>by Denise Grover Swank</contributor><contributor_note></contributor_note><book_image>https://s1.nyt.com/du/books/images/9781939996268.jpg</book_image><book_image_width>330</book_image_width><book_image_height>495</book_image_height><amazon_product_url>http://www.amazon.com/Thirty-Four-Half-Predicaments-Gardner-Mystery-ebook/dp/B00SXP1FIK?tag=NYTBS-20</amazon_product_url><age_group></age_group><book_review_link></book_review_link><first_chapter_link></first_chapter_link><sunday_review_link></sunday_review_link><article_chapter_link></article_chapter_link><isbns><isbn><isbn10>1939996260</isbn10><isbn13>9781939996268</isbn13></isbn></isbns><buy_links><buy_link><name>Local Booksellers</name><url>http://www.indiebound.org/book/9781939996268?aff=NYT</url></buy_link><buy_link><name>Barnes and Noble</name><url>http://www.anrdoezrs.net/click-7990613-11819508?url=http%3A%2F%2Fwww.barnesandnoble.com%2Fw%2F%3Fean%3D9781939996268</url></buy_link><buy_link><name>Amazon</name><url>http://www.amazon.com/Thirty-Four-Half-Predicaments-Gardner-Mystery-ebook/dp/B00SXP1FIK?tag=NYTBS-20</url></buy_link></buy_links></book><book><rank>14</rank><rank_last_week>11</rank_last_week><weeks_on_list>17</weeks_on_list><asterisk>0</asterisk><dagger>0</dagger><primary_isbn10>0440335167</primary_isbn10><primary_isbn13>9780440335160</primary_isbn13><publisher>Dell</publisher><description>Claire Randall, an English nurse, is transported back to 1743 during a second honeymoon in the Scottish Highlands. There she begins an affair with James Fraser, a redheaded soldier. Originally published in 1991.</description><price>0</price><title>OUTLANDER</title><author>Diana Gabaldon</author><contributor>by Diana Gabaldon</contributor><contributor_note></contributor_note><book_image>https://s1.nyt.com/du/books/images/9780440212560.jpg</book_image><book_image_width>301</book_image_width><book_image_height>495</book_image_height><amazon_product_url>http://www.amazon.com/Outlander-Diana-Gabaldon/dp/0440212561?tag=NYTBS-20</amazon_product_url><age_group></age_group><book_review_link></book_review_link><first_chapter_link></first_chapter_link><sunday_review_link></sunday_review_link><article_chapter_link></article_chapter_link><isbns><isbn><isbn10>0440335167</isbn10><isbn13>9780440335160</isbn13></isbn><isbn><isbn10>0440212561</isbn10><isbn13>9780440212560</isbn13></isbn><isbn><isbn10>0385319959</isbn10><isbn13>9780385319959</isbn13></isbn><isbn><isbn10>0553393693</isbn10><isbn13>9780553393699</isbn13></isbn><isbn><isbn10>0553393707</isbn10><isbn13>9780553393705</isbn13></isbn><isbn><isbn10>0440423201</isbn10><isbn13>9780440423201</isbn13></isbn><isbn><isbn10>0385302304</isbn10><isbn13>9780385302302</isbn13></isbn></isbns><buy_links><buy_link><name>Local Booksellers</name><url>http://www.indiebound.org/book/9780440335160?aff=NYT</url></buy_link><buy_link><name>Barnes and Noble</name><url>http://www.anrdoezrs.net/click-7990613-11819508?url=http%3A%2F%2Fwww.barnesandnoble.com%2Fw%2F%3Fean%3D9780440335160</url></buy_link><buy_link><name>Amazon</name><url>http://www.amazon.com/Outlander-Diana-Gabaldon/dp/0440212561?tag=NYTBS-20</url></buy_link></buy_links></book><book><rank>15</rank><rank_last_week>0</rank_last_week><weeks_on_list>1</weeks_on_list><asterisk>0</asterisk><dagger>0</dagger><primary_isbn10>0988573237</primary_isbn10><primary_isbn13>9780988573239</primary_isbn13><publisher>Rerum Industries</publisher><description>Two longtime friends embark on a tentative relationship.</description><price>0</price><title>DOUBLE DARE</title><author>R L Mathewson</author><contributor>by R. L. Mathewson</contributor><contributor_note></contributor_note><book_image>https://s1.nyt.com/du/books/images/9780988573239.jpg</book_image><book_image_width>330</book_image_width><book_image_height>495</book_image_height><amazon_product_url>http://www.amazon.com/Double-Dare-Neighbor-Hell-Book-ebook/dp/B00WOBFZ5I?tag=NYTBS-20</amazon_product_url><age_group></age_group><book_review_link></book_review_link><first_chapter_link></first_chapter_link><sunday_review_link></sunday_review_link><article_chapter_link></article_chapter_link><isbns><isbn><isbn10>0988573237</isbn10><isbn13>9780988573239</isbn13></isbn></isbns><buy_links><buy_link><name>Local Booksellers</name><url>http://www.indiebound.org/book/9780988573239?aff=NYT</url></buy_link><buy_link><name>Barnes and Noble</name><url>http://www.anrdoezrs.net/click-7990613-11819508?url=http%3A%2F%2Fwww.barnesandnoble.com%2Fw%2F%3Fean%3D9780988573239</url></buy_link><buy_link><name>Amazon</name><url>http://www.amazon.com/Double-Dare-Neighbor-Hell-Book-ebook/dp/B00WOBFZ5I?tag=NYTBS-20</url></buy_link></buy_links></book><book><rank>16</rank><rank_last_week>0</rank_last_week><weeks_on_list>0</weeks_on_list><asterisk>0</asterisk><dagger>0</dagger><primary_isbn10>0307594173</primary_isbn10><primary_isbn13>9780307594174</primary_isbn13><publisher>Knopf</publisher><description>Her mother’s rejection shapes the life of a dark-skinned woman who is successful in business but personally unhappy.</description><price>0</price><title>GOD HELP THE CHILD</title><author>Toni Morrison</author><contributor>by Toni Morrison</contributor><contributor_note></contributor_note><book_image>https://s1.nyt.com/du/books/images/9780307594174.jpg</book_image><book_image_width>330</book_image_width><book_image_height>488</book_image_height><amazon_product_url>http://www.amazon.com/God-Help-Child-A-novel/dp/0307594173?tag=NYTBS-20</amazon_product_url><age_group></age_group><book_review_link></book_review_link><first_chapter_link></first_chapter_link><sunday_review_link>https://www.nytimes.com/2015/04/19/books/review/toni-morrisons-god-help-the-child.html</sunday_review_link><article_chapter_link></article_chapter_link><isbns><isbn><isbn10>0307594173</isbn10><isbn13>9780307594174</isbn13></isbn><isbn><isbn10>0385353170</isbn10><isbn13>9780385353175</isbn13></isbn><isbn><isbn10>0307740927</isbn10><isbn13>9780307740922</isbn13></isbn></isbns><buy_links><buy_link><name>Local Booksellers</name><url>http://www.indiebound.org/book/9780307594174?aff=NYT</url></buy_link><buy_link><name>Barnes and Noble</name><url>http://www.anrdoezrs.net/click-7990613-11819508?url=http%3A%2F%2Fwww.barnesandnoble.com%2Fw%2F%3Fean%3D9780307594174</url></buy_link><buy_link><name>Amazon</name><url>http://www.amazon.com/God-Help-Child-A-novel/dp/0307594173?tag=NYTBS-20</url></buy_link></buy_links></book><book><rank>17</rank><rank_last_week>0</rank_last_week><weeks_on_list>0</weeks_on_list><asterisk>0</asterisk><dagger>0</dagger><primary_isbn10>1940285127</primary_isbn10><primary_isbn13>9781940285122</primary_isbn13><publisher>ERH Press</publisher><description></description><price>0</price><title>PROMISE OF FOREVER</title><author>Jessica Wood</author><contributor>by Jessica Wood</contributor><contributor_note></contributor_note><book_image>https://s1.nyt.com/du/books/images/9781940285122.jpg</book_image><book_image_width>309</book_image_width><book_image_height>495</book_image_height><amazon_product_url>http://www.amazon.com/Promise-Forever-Promises-Book-3-ebook/dp/B00SXUQ3VE?tag=NYTBS-20</amazon_product_url><age_group></age_group><book_review_link></book_review_link><first_chapter_link></first_chapter_link><sunday_review_link></sunday_review_link><article_chapter_link></article_chapter_link><isbns><isbn><isbn10>1940285127</isbn10><isbn13>9781940285122</isbn13></isbn></isbns><buy_links><buy_link><name>Local Booksellers</name><url>http://www.indiebound.org/book/9781940285122?aff=NYT</url></buy_link><buy_link><name>Barnes and Noble</name><url>http://www.anrdoezrs.net/click-7990613-11819508?url=http%3A%2F%2Fwww.barnesandnoble.com%2Fw%2F%3Fean%3D9781940285122</url></buy_link><buy_link><name>Amazon</name><url>http://www.amazon.com/Promise-Forever-Promises-Book-3-ebook/dp/B00SXUQ3VE?tag=NYTBS-20</url></buy_link></buy_links></book><book><rank>18</rank><rank_last_week>0</rank_last_week><weeks_on_list>0</weeks_on_list><asterisk>0</asterisk><dagger>0</dagger><primary_isbn10>None</primary_isbn10><primary_isbn13>9781466874619</primary_isbn13><publisher>St. Martin's</publisher><description>A psychiatrist becomes the target of a sociopath.</description><price>0</price><title>EVERY FIFTEEN MINUTES</title><author>Lisa Scottoline</author><contributor>by Lisa Scottoline</contributor><contributor_note></contributor_note><book_image>https://s1.nyt.com/du/books/images/9781250010117.jpg</book_image><book_image_width>330</book_image_width><book_image_height>495</book_image_height><amazon_product_url>http://www.amazon.com/Every-Fifteen-Minutes-Lisa-Scottoline/dp/125001011X?tag=NYTBS-20</amazon_product_url><age_group></age_group><book_review_link></book_review_link><first_chapter_link></first_chapter_link><sunday_review_link></sunday_review_link><article_chapter_link></article_chapter_link><isbns><isbn><isbn10>125001011X</isbn10><isbn13>9781250010117</isbn13></isbn><isbn><isbn10>1250010128</isbn10><isbn13>9781250010124</isbn13></isbn></isbns><buy_links><buy_link><name>Local Booksellers</name><url>http://www.indiebound.org/book/9781466874619?aff=NYT</url></buy_link><buy_link><name>Barnes and Noble</name><url>http://www.anrdoezrs.net/click-7990613-11819508?url=http%3A%2F%2Fwww.barnesandnoble.com%2Fw%2F%3Fean%3D9781466874619</url></buy_link><buy_link><name>Amazon</name><url>http://www.amazon.com/Every-Fifteen-Minutes-Lisa-Scottoline/dp/125001011X?tag=NYTBS-20</url></buy_link></buy_links></book><book><rank>19</rank><rank_last_week>0</rank_last_week><weeks_on_list>0</weeks_on_list><asterisk>0</asterisk><dagger>0</dagger><primary_isbn10>0804178755</primary_isbn10><primary_isbn13>9780804178754</primary_isbn13><publisher>Delacorte</publisher><description>Jack Reacher, a former military cop, helps the State Department and the C.I.A. stop a sniper who has targeted a G8 summit.</description><price>0</price><title>PERSONAL</title><author>Lee Child</author><contributor>by Lee Child</contributor><contributor_note></contributor_note><book_image>https://s1.nyt.com/du/books/images/9780804178747.jpg</book_image><book_image_width>128</book_image_width><book_image_height>194</book_image_height><amazon_product_url>http://www.amazon.com/Personal-Jack-Reacher-Lee-Child/dp/0804178747?tag=NYTBS-20</amazon_product_url><age_group></age_group><book_review_link></book_review_link><first_chapter_link></first_chapter_link><sunday_review_link></sunday_review_link><article_chapter_link></article_chapter_link><isbns><isbn><isbn10>0804178747</isbn10><isbn13>9780804178747</isbn13></isbn><isbn><isbn10>0804178763</isbn10><isbn13>9780804178761</isbn13></isbn><isbn><isbn10>1473508770</isbn10><isbn13>9781473508774</isbn13></isbn><isbn><isbn10>0804178755</isbn10><isbn13>9780804178754</isbn13></isbn></isbns><buy_links><buy_link><name>Local Booksellers</name><url>http://www.indiebound.org/book/9780804178754?aff=NYT</url></buy_link><buy_link><name>Barnes and Noble</name><url>http://www.anrdoezrs.net/click-7990613-11819508?url=http%3A%2F%2Fwww.barnesandnoble.com%2Fw%2F%3Fean%3D9780804178754</url></buy_link><buy_link><name>Amazon</name><url>http://www.amazon.com/Personal-Jack-Reacher-Lee-Child/dp/0804178747?tag=NYTBS-20</url></buy_link></buy_links></book><book><rank>20</rank><rank_last_week>0</rank_last_week><weeks_on_list>0</weeks_on_list><asterisk>0</asterisk><dagger>0</dagger><primary_isbn10>0812997891</primary_isbn10><primary_isbn13>9780812997897</primary_isbn13><publisher><![CDATA[Spiegel & Grau]]></publisher><description>In the course of a search for the Loch Ness monster, a Philadelphia socialite uncovers secrets about her husband.</description><price>0</price><title>AT THE WATER'S EDGE</title><author>Sara Gruen</author><contributor>by Sara Gruen</contributor><contributor_note></contributor_note><book_image>https://s1.nyt.com/du/books/images/9780385523233.jpg</book_image><book_image_width>326</book_image_width><book_image_height>495</book_image_height><amazon_product_url>http://www.amazon.com/At-Waters-Edge-A-Novel/dp/0385523238?tag=NYTBS-20</amazon_product_url><age_group></age_group><book_review_link></book_review_link><first_chapter_link></first_chapter_link><sunday_review_link></sunday_review_link><article_chapter_link></article_chapter_link><isbns><isbn><isbn10>0385523238</isbn10><isbn13>9780385523233</isbn13></isbn><isbn><isbn10>0812997891</isbn10><isbn13>9780812997897</isbn13></isbn><isbn><isbn10>0804194815</isbn10><isbn13>9780804194815</isbn13></isbn><isbn><isbn10>0385523246</isbn10><isbn13>9780385523240</isbn13></isbn></isbns><buy_links><buy_link><name>Local Booksellers</name><url>http://www.indiebound.org/book/9780812997897?aff=NYT</url></buy_link><buy_link><name>Barnes and Noble</name><url>http://www.anrdoezrs.net/click-7990613-11819508?url=http%3A%2F%2Fwww.barnesandnoble.com%2Fw%2F%3Fean%3D9780812997897</url></buy_link><buy_link><name>Amazon</name><url>http://www.amazon.com/At-Waters-Edge-A-Novel/dp/0385523238?tag=NYTBS-20</url></buy_link></buy_links></book></books><corrections/></results></result_set>
