<?xml version="1.0" encoding="UTF-8"?>
<result_set><status>OK</status><copyright>Copyright (c) 2018 The New York Times Company.  All Rights Reserved.</copyright><num_results>25</num_results><last_modified>2016-04-28T15:03:27-04:00</last_modified><results><list_name>Combined Print and E-Book Fiction</list_name><list_name_encoded>combined-print-and-e-book-fiction</list_name_encoded><bestsellers_date>2014-04-05</bestsellers_date><published_date>2014-04-20</published_date><published_date_description></published_date_description><next_published_date>2014-04-27</next_published_date><previous_published_date>2014-04-13</previous_published_date><display_name><![CDATA[Combined Print & E-Book Fiction]]></display_name><normal_list_ends_at>15</normal_list_ends_at><updated>WEEKLY</updated><books><book><rank>1</rank><rank_last_week>0</rank_last_week><weeks_on_list>1</weeks_on_list><asterisk>0</asterisk><dagger>0</dagger><primary_isbn10></primary_isbn10><primary_isbn13>9781101602188</primary_isbn13><publisher>New American Library</publisher><description>Book 12 of the Black Dagger Brotherhood series.</description><price>0</price><title>THE KING</title><author>J R Ward</author><contributor>by J. R. Ward</contributor><contributor_note></contributor_note><book_image>https://s1.nyt.com/du/books/images/9781101602188.jpg</book_image><book_image_width>128</book_image_width><book_image_height>190</book_image_height><amazon_product_url>http://www.amazon.com/The-King-Novel-Dagger-Brotherhood-ebook/dp/B00DGZIC24?tag=NYTBS-20</amazon_product_url><age_group></age_group><book_review_link></book_review_link><first_chapter_link></first_chapter_link><sunday_review_link></sunday_review_link><article_chapter_link></article_chapter_link><isbns><isbn><isbn10>0451417054</isbn10><isbn13>9780451417053</isbn13></isbn><isbn><isbn10>0451417062</isbn10><isbn13>9780451417060</isbn13></isbn></isbns><buy_links><buy_link><name>Local Booksellers</name><url>http://www.indiebound.org/book/9781101602188?aff=NYT</url></buy_link><buy_link><name>Barnes and Noble</name><url>http://www.anrdoezrs.net/click-7990613-11819508?url=http%3A%2F%2Fwww.barnesandnoble.com%2Fw%2F%3Fean%3D9781101602188</url></buy_link><buy_link><name>Amazon</name><url>http://www.amazon.com/The-King-Novel-Dagger-Brotherhood-ebook/dp/B00DGZIC24?tag=NYTBS-20</url></buy_link></buy_links></book><book><rank>2</rank><rank_last_week>0</rank_last_week><weeks_on_list>1</weeks_on_list><asterisk>0</asterisk><dagger>0</dagger><primary_isbn10>1476749108</primary_isbn10><primary_isbn13>9781476749105</primary_isbn13><publisher><![CDATA[Simon & Schuster]]></publisher><description>The producer of a true-crime show must contend with participants with secrets as well as her husband’s murderer.</description><price>0</price><title>I'VE GOT YOU UNDER MY SKIN</title><author>Mary Higgins Clark</author><contributor>by Mary Higgins Clark</contributor><contributor_note></contributor_note><book_image>https://s1.nyt.com/du/books/images/9781476749105.jpg</book_image><book_image_width>128</book_image_width><book_image_height>192</book_image_height><amazon_product_url>http://www.amazon.com/Ive-Got-You-Under-Skin-ebook/dp/B00DPM7SV4?tag=NYTBS-20</amazon_product_url><age_group></age_group><book_review_link></book_review_link><first_chapter_link></first_chapter_link><sunday_review_link>https://www.nytimes.com/2014/06/01/books/review/in-my-skin-by-brittney-griner.html</sunday_review_link><article_chapter_link></article_chapter_link><isbns><isbn><isbn10>147674906X</isbn10><isbn13>9781476749068</isbn13></isbn><isbn><isbn10>1476749108</isbn10><isbn13>9781476749105</isbn13></isbn><isbn><isbn10>1410466264</isbn10><isbn13>9781410466266</isbn13></isbn><isbn><isbn10>1476749086</isbn10><isbn13>9781476749082</isbn13></isbn></isbns><buy_links><buy_link><name>Local Booksellers</name><url>http://www.indiebound.org/book/9781476749105?aff=NYT</url></buy_link><buy_link><name>Barnes and Noble</name><url>http://www.anrdoezrs.net/click-7990613-11819508?url=http%3A%2F%2Fwww.barnesandnoble.com%2Fw%2F%3Fean%3D9781476749105</url></buy_link><buy_link><name>Amazon</name><url>http://www.amazon.com/Ive-Got-You-Under-Skin-ebook/dp/B00DPM7SV4?tag=NYTBS-20</url></buy_link></buy_links></book><book><rank>3</rank><rank_last_week>4</rank_last_week><weeks_on_list>3</weeks_on_list><asterisk>0</asterisk><dagger>0</dagger><primary_isbn10>0991379640</primary_isbn10><primary_isbn13>9780991379644</primary_isbn13><publisher>Laurelin Paige</publisher><description>Collects "Fixed on You," "Found in You" and "Forever With You," the story of Alayna Wither and Hudson Pierce.</description><price>0</price><title>THE FIXED TRILOGY</title><author>Laurelin Paige</author><contributor>by Laurelin Paige</contributor><contributor_note></contributor_note><book_image>https://s1.nyt.com/du/books/images/9780991379644.jpg</book_image><book_image_width>330</book_image_width><book_image_height>356</book_image_height><amazon_product_url>http://www.amazon.com/The-Fixed-Trilogy-Found-Forever-ebook/dp/B00IX9UTLU?tag=NYTBS-20</amazon_product_url><age_group></age_group><book_review_link></book_review_link><first_chapter_link></first_chapter_link><sunday_review_link></sunday_review_link><article_chapter_link></article_chapter_link><isbns><isbn><isbn10>0991379640</isbn10><isbn13>9780991379644</isbn13></isbn></isbns><buy_links><buy_link><name>Local Booksellers</name><url>http://www.indiebound.org/book/9780991379644?aff=NYT</url></buy_link><buy_link><name>Barnes and Noble</name><url>http://www.anrdoezrs.net/click-7990613-11819508?url=http%3A%2F%2Fwww.barnesandnoble.com%2Fw%2F%3Fean%3D9780991379644</url></buy_link><buy_link><name>Amazon</name><url>http://www.amazon.com/The-Fixed-Trilogy-Found-Forever-ebook/dp/B00IX9UTLU?tag=NYTBS-20</url></buy_link></buy_links></book><book><rank>4</rank><rank_last_week>1</rank_last_week><weeks_on_list>2</weeks_on_list><asterisk>0</asterisk><dagger>0</dagger><primary_isbn10>None</primary_isbn10><primary_isbn13>9780698140271</primary_isbn13><publisher>Berkley</publisher><description>In County Mayo, a falconer with an unresolved past falls for his sister’s best friend; Book 2 of the Cousins O’Dwyer trilogy.</description><price>0</price><title>SHADOW SPELL</title><author>Nora Roberts</author><contributor>by Nora Roberts</contributor><contributor_note></contributor_note><book_image>https://s1.nyt.com/du/books/images/9780698140271.jpg</book_image><book_image_width>128</book_image_width><book_image_height>189</book_image_height><amazon_product_url>http://www.amazon.com/Shadow-Spell-Cousins-ODwyer-Roberts/dp/0425259862?tag=NYTBS-20</amazon_product_url><age_group></age_group><book_review_link></book_review_link><first_chapter_link></first_chapter_link><sunday_review_link></sunday_review_link><article_chapter_link></article_chapter_link><isbns><isbn><isbn10>0425259862</isbn10><isbn13>9780425259863</isbn13></isbn></isbns><buy_links><buy_link><name>Local Booksellers</name><url>http://www.indiebound.org/book/9780698140271?aff=NYT</url></buy_link><buy_link><name>Barnes and Noble</name><url>http://www.anrdoezrs.net/click-7990613-11819508?url=http%3A%2F%2Fwww.barnesandnoble.com%2Fw%2F%3Fean%3D9780698140271</url></buy_link><buy_link><name>Amazon</name><url>http://www.amazon.com/Shadow-Spell-Cousins-ODwyer-Roberts/dp/0425259862?tag=NYTBS-20</url></buy_link></buy_links></book><book><rank>5</rank><rank_last_week>3</rank_last_week><weeks_on_list>3</weeks_on_list><asterisk>0</asterisk><dagger>0</dagger><primary_isbn10>0698148630</primary_isbn10><primary_isbn13>9780698148635</primary_isbn13><publisher>Dutton</publisher><description>Kat Donovan, an N.Y.P.D. detective, searches for the ex-fiancé who left her years before, and for her father’s murderer.</description><price>0</price><title>MISSING YOU</title><author>Harlan Coben</author><contributor>by Harlan Coben</contributor><contributor_note></contributor_note><book_image>https://s1.nyt.com/du/books/images/9780698148635.jpg</book_image><book_image_width>128</book_image_width><book_image_height>193</book_image_height><amazon_product_url>http://www.amazon.com/Missing-You-Harlan-Coben/dp/0525953493?tag=NYTBS-20</amazon_product_url><age_group></age_group><book_review_link></book_review_link><first_chapter_link></first_chapter_link><sunday_review_link></sunday_review_link><article_chapter_link></article_chapter_link><isbns><isbn><isbn10>0525953493</isbn10><isbn13>9780525953494</isbn13></isbn><isbn><isbn10>0698148630</isbn10><isbn13>9780698148635</isbn13></isbn><isbn><isbn10>1410466280</isbn10><isbn13>9781410466280</isbn13></isbn><isbn><isbn10>0451414128</isbn10><isbn13>9780451414120</isbn13></isbn></isbns><buy_links><buy_link><name>Local Booksellers</name><url>http://www.indiebound.org/book/9780698148635?aff=NYT</url></buy_link><buy_link><name>Barnes and Noble</name><url>http://www.anrdoezrs.net/click-7990613-11819508?url=http%3A%2F%2Fwww.barnesandnoble.com%2Fw%2F%3Fean%3D9780698148635</url></buy_link><buy_link><name>Amazon</name><url>http://www.amazon.com/Missing-You-Harlan-Coben/dp/0525953493?tag=NYTBS-20</url></buy_link></buy_links></book><book><rank>6</rank><rank_last_week>2</rank_last_week><weeks_on_list>2</weeks_on_list><asterisk>0</asterisk><dagger>0</dagger><primary_isbn10>0316211249</primary_isbn10><primary_isbn13>9780316211246</primary_isbn13><publisher>Little, Brown</publisher><description>Detective Zach Jordan and his partner are called when the body of a wealthy woman is discovered on the Central Park carousel; the second book in a new series.</description><price>0</price><title>NYPD RED 2</title><author>James Patterson and Marshall Karp</author><contributor>by James Patterson and Marshall Karp</contributor><contributor_note></contributor_note><book_image>https://s1.nyt.com/du/books/images/9780316211239.jpg</book_image><book_image_width>128</book_image_width><book_image_height>198</book_image_height><amazon_product_url>http://www.amazon.com/NYPD-Red-2-James-Patterson-ebook/dp/B00DTUHI2Q?tag=NYTBS-20</amazon_product_url><age_group></age_group><book_review_link></book_review_link><first_chapter_link></first_chapter_link><sunday_review_link></sunday_review_link><article_chapter_link></article_chapter_link><isbns><isbn><isbn10>0316211230</isbn10><isbn13>9780316211239</isbn13></isbn><isbn><isbn10>0316211249</isbn10><isbn13>9780316211246</isbn13></isbn><isbn><isbn10>0316324655</isbn10><isbn13>9780316324656</isbn13></isbn><isbn><isbn10>0316211265</isbn10><isbn13>9780316211260</isbn13></isbn><isbn><isbn10>1455515973</isbn10><isbn13>9781455515974</isbn13></isbn></isbns><buy_links><buy_link><name>Local Booksellers</name><url>http://www.indiebound.org/book/9780316211246?aff=NYT</url></buy_link><buy_link><name>Barnes and Noble</name><url>http://www.anrdoezrs.net/click-7990613-11819508?url=http%3A%2F%2Fwww.barnesandnoble.com%2Fw%2F%3Fean%3D9780316211246</url></buy_link><buy_link><name>Amazon</name><url>http://www.amazon.com/NYPD-Red-2-James-Patterson-ebook/dp/B00DTUHI2Q?tag=NYTBS-20</url></buy_link></buy_links></book><book><rank>7</rank><rank_last_week>7</rank_last_week><weeks_on_list>24</weeks_on_list><asterisk>0</asterisk><dagger>0</dagger><primary_isbn10></primary_isbn10><primary_isbn13>9780316248679</primary_isbn13><publisher>Little, Brown</publisher><description>A painting smuggled out of the Metropolitan Museum of Art after a bombing becomes a boy’s prize, guilt and burden.</description><price>0</price><title>THE GOLDFINCH</title><author>Donna Tartt</author><contributor>by Donna Tartt</contributor><contributor_note></contributor_note><book_image>https://s1.nyt.com/du/books/images/9780316248679.jpg</book_image><book_image_width>323</book_image_width><book_image_height>495</book_image_height><amazon_product_url>http://www.amazon.com/The-Goldfinch-Novel-Pulitzer-Fiction-ebook/dp/B00BAXFECK?tag=NYTBS-20</amazon_product_url><age_group></age_group><book_review_link>https://www.nytimes.com/2013/10/08/books/the-goldfinch-a-dickensian-novel-by-donna-tartt.html</book_review_link><first_chapter_link></first_chapter_link><sunday_review_link>https://www.nytimes.com/2013/10/13/books/review/donna-tartts-goldfinch.html</sunday_review_link><article_chapter_link></article_chapter_link><isbns><isbn><isbn10>0316055433</isbn10><isbn13>9780316055437</isbn13></isbn><isbn><isbn10>0316239879</isbn10><isbn13>9780316239875</isbn13></isbn><isbn><isbn10>0316055441</isbn10><isbn13>9780316055444</isbn13></isbn><isbn><isbn10>0349139636</isbn10><isbn13>9780349139630</isbn13></isbn></isbns><buy_links><buy_link><name>Local Booksellers</name><url>http://www.indiebound.org/book/9780316248679?aff=NYT</url></buy_link><buy_link><name>Barnes and Noble</name><url>http://www.anrdoezrs.net/click-7990613-11819508?url=http%3A%2F%2Fwww.barnesandnoble.com%2Fw%2F%3Fean%3D9780316248679</url></buy_link><buy_link><name>Amazon</name><url>http://www.amazon.com/The-Goldfinch-Novel-Pulitzer-Fiction-ebook/dp/B00BAXFECK?tag=NYTBS-20</url></buy_link></buy_links></book><book><rank>8</rank><rank_last_week>10</rank_last_week><weeks_on_list>11</weeks_on_list><asterisk>0</asterisk><dagger>0</dagger><primary_isbn10></primary_isbn10><primary_isbn13>9780062101204</primary_isbn13><publisher>Morrow/HarperCollins</publisher><description>A historical novel about orphans swept off the streets of New York and sent to the Midwest in the 1920s.</description><price>0</price><title>ORPHAN TRAIN</title><author>Christina Baker Kline</author><contributor>by Christina Baker Kline</contributor><contributor_note></contributor_note><book_image>https://s1.nyt.com/du/books/images/9780062101204.jpg</book_image><book_image_width>329</book_image_width><book_image_height>495</book_image_height><amazon_product_url>http://www.amazon.com/Orphan-Train-Christina-Baker-Kline-ebook/dp/B0089LOG02?tag=NYTBS-20</amazon_product_url><age_group></age_group><book_review_link></book_review_link><first_chapter_link></first_chapter_link><sunday_review_link></sunday_review_link><article_chapter_link></article_chapter_link><isbns><isbn><isbn10>0061950726</isbn10><isbn13>9780061950728</isbn13></isbn><isbn><isbn10>1594137374</isbn10><isbn13>9781594137372</isbn13></isbn><isbn><isbn10>0606356649</isbn10><isbn13>9780606356640</isbn13></isbn><isbn><isbn10>006195070X</isbn10><isbn13>9780061950704</isbn13></isbn></isbns><buy_links><buy_link><name>Local Booksellers</name><url>http://www.indiebound.org/book/9780062101204?aff=NYT</url></buy_link><buy_link><name>Barnes and Noble</name><url>http://www.anrdoezrs.net/click-7990613-11819508?url=http%3A%2F%2Fwww.barnesandnoble.com%2Fw%2F%3Fean%3D9780062101204</url></buy_link><buy_link><name>Amazon</name><url>http://www.amazon.com/Orphan-Train-Christina-Baker-Kline-ebook/dp/B0089LOG02?tag=NYTBS-20</url></buy_link></buy_links></book><book><rank>9</rank><rank_last_week>12</rank_last_week><weeks_on_list>33</weeks_on_list><asterisk>0</asterisk><dagger>0</dagger><primary_isbn10></primary_isbn10><primary_isbn13>9781101636237</primary_isbn13><publisher>Amy Einhorn/Putnam</publisher><description>A woman’s life is upended when she discovers a letter from her husband she was not meant to read.</description><price>0</price><title>THE HUSBAND'S SECRET</title><author>Liane Moriarty</author><contributor>by Liane Moriarty</contributor><contributor_note></contributor_note><book_image>https://s1.nyt.com/du/books/images/9781101636237.jpg</book_image><book_image_width>330</book_image_width><book_image_height>495</book_image_height><amazon_product_url>http://www.amazon.com/The-Husbands-Secret-Liane-Moriarty-ebook/dp/B00D7Z4GQY?tag=NYTBS-20</amazon_product_url><age_group></age_group><book_review_link></book_review_link><first_chapter_link></first_chapter_link><sunday_review_link></sunday_review_link><article_chapter_link></article_chapter_link><isbns><isbn><isbn10>0399159347</isbn10><isbn13>9780399159343</isbn13></isbn><isbn><isbn10>0425267725</isbn10><isbn13>9780425267721</isbn13></isbn><isbn><isbn10>1594137226</isbn10><isbn13>9781594137228</isbn13></isbn></isbns><buy_links><buy_link><name>Local Booksellers</name><url>http://www.indiebound.org/book/9781101636237?aff=NYT</url></buy_link><buy_link><name>Barnes and Noble</name><url>http://www.anrdoezrs.net/click-7990613-11819508?url=http%3A%2F%2Fwww.barnesandnoble.com%2Fw%2F%3Fean%3D9781101636237</url></buy_link><buy_link><name>Amazon</name><url>http://www.amazon.com/The-Husbands-Secret-Liane-Moriarty-ebook/dp/B00D7Z4GQY?tag=NYTBS-20</url></buy_link></buy_links></book><book><rank>10</rank><rank_last_week>6</rank_last_week><weeks_on_list>3</weeks_on_list><asterisk>0</asterisk><dagger>0</dagger><primary_isbn10>None</primary_isbn10><primary_isbn13>9780062336583</primary_isbn13><publisher>Witness Impulse/HarperCollins</publisher><description>A Northern Ireland police officer finds a little girl in the woods, her hands covered in blood.</description><price>0</price><title>LITTLE GIRL LOST</title><author>Brian McGilloway</author><contributor>by Brian McGilloway</contributor><contributor_note></contributor_note><book_image>https://s1.nyt.com/du/books/images/9780062336583.jpg</book_image><book_image_width>128</book_image_width><book_image_height>206</book_image_height><amazon_product_url>http://www.amazon.com/Little-Girl-Lost-Thriller-Thrillers-ebook/dp/B00G98B1XM?tag=NYTBS-20</amazon_product_url><age_group></age_group><book_review_link></book_review_link><first_chapter_link></first_chapter_link><sunday_review_link></sunday_review_link><article_chapter_link></article_chapter_link><isbns/><buy_links><buy_link><name>Local Booksellers</name><url>http://www.indiebound.org/book/9780062336583?aff=NYT</url></buy_link><buy_link><name>Barnes and Noble</name><url>http://www.anrdoezrs.net/click-7990613-11819508?url=http%3A%2F%2Fwww.barnesandnoble.com%2Fw%2F%3Fean%3D9780062336583</url></buy_link><buy_link><name>Amazon</name><url>http://www.amazon.com/Little-Girl-Lost-Thriller-Thrillers-ebook/dp/B00G98B1XM?tag=NYTBS-20</url></buy_link></buy_links></book><book><rank>11</rank><rank_last_week>13</rank_last_week><weeks_on_list>13</weeks_on_list><asterisk>0</asterisk><dagger>0</dagger><primary_isbn10></primary_isbn10><primary_isbn13>9780698175242</primary_isbn13><publisher>Viking</publisher><description>The relationship between a wealthy Charleston girl, Sarah Grimké, who will grow up to become a prominent abolitionist, and the slave she is given for her 11th birthday. </description><price>0</price><title>THE INVENTION OF WINGS</title><author>Sue Monk Kidd</author><contributor>by Sue Monk Kidd</contributor><contributor_note></contributor_note><book_image>https://s1.nyt.com/du/books/images/9780670024780.jpg</book_image><book_image_width>326</book_image_width><book_image_height>495</book_image_height><amazon_product_url>http://www.amazon.com/The-Invention-Wings-A-Novel/dp/0670024783?tag=NYTBS-20</amazon_product_url><age_group></age_group><book_review_link></book_review_link><first_chapter_link></first_chapter_link><sunday_review_link>https://www.nytimes.com/2014/01/26/books/review/the-invention-of-wings-by-sue-monk-kidd.html</sunday_review_link><article_chapter_link></article_chapter_link><isbns><isbn><isbn10>0670024783</isbn10><isbn13>9780670024780</isbn13></isbn><isbn><isbn10>1410465322</isbn10><isbn13>9781410465320</isbn13></isbn><isbn><isbn10>0143121707</isbn10><isbn13>9780143121701</isbn13></isbn><isbn><isbn10>1594138869</isbn10><isbn13>9781594138867</isbn13></isbn></isbns><buy_links><buy_link><name>Local Booksellers</name><url>http://www.indiebound.org/book/9780698175242?aff=NYT</url></buy_link><buy_link><name>Barnes and Noble</name><url>http://www.anrdoezrs.net/click-7990613-11819508?url=http%3A%2F%2Fwww.barnesandnoble.com%2Fw%2F%3Fean%3D9780698175242</url></buy_link><buy_link><name>Amazon</name><url>http://www.amazon.com/The-Invention-Wings-A-Novel/dp/0670024783?tag=NYTBS-20</url></buy_link></buy_links></book><book><rank>12</rank><rank_last_week>0</rank_last_week><weeks_on_list>1</weeks_on_list><asterisk>0</asterisk><dagger>0</dagger><primary_isbn10>0307460207</primary_isbn10><primary_isbn13>9780307460202</primary_isbn13><publisher>Broadway</publisher><description>A magazine writer becomes caught up in a woman’s story of her painful experiences in Germany in World War II.</description><price>0</price><title>THE BAKER'S DAUGHTER</title><author>Sarah McCoy</author><contributor>by Sarah McCoy</contributor><contributor_note></contributor_note><book_image>https://s1.nyt.com/du/books/images/9780307460202.jpg</book_image><book_image_width>128</book_image_width><book_image_height>190</book_image_height><amazon_product_url>http://www.amazon.com/The-Bakers-Daughter-A-Novel-ebook/dp/B004W3IEI6?tag=NYTBS-20</amazon_product_url><age_group></age_group><book_review_link></book_review_link><first_chapter_link></first_chapter_link><sunday_review_link></sunday_review_link><article_chapter_link></article_chapter_link><isbns><isbn><isbn10>0307460207</isbn10><isbn13>9780307460202</isbn13></isbn><isbn><isbn10>0307460193</isbn10><isbn13>9780307460196</isbn13></isbn></isbns><buy_links><buy_link><name>Local Booksellers</name><url>http://www.indiebound.org/book/9780307460202?aff=NYT</url></buy_link><buy_link><name>Barnes and Noble</name><url>http://www.anrdoezrs.net/click-7990613-11819508?url=http%3A%2F%2Fwww.barnesandnoble.com%2Fw%2F%3Fean%3D9780307460202</url></buy_link><buy_link><name>Amazon</name><url>http://www.amazon.com/The-Bakers-Daughter-A-Novel-ebook/dp/B004W3IEI6?tag=NYTBS-20</url></buy_link></buy_links></book><book><rank>13</rank><rank_last_week>0</rank_last_week><weeks_on_list>23</weeks_on_list><asterisk>0</asterisk><dagger>0</dagger><primary_isbn10>0385537921</primary_isbn10><primary_isbn13>9780385537926</primary_isbn13><publisher>Doubleday</publisher><description> A sequel, about race and inheritance, to “A Time to Kill.”</description><price>0</price><title>SYCAMORE ROW</title><author>John Grisham</author><contributor>by John Grisham</contributor><contributor_note></contributor_note><book_image>https://s1.nyt.com/du/books/images/9780385537926.jpg</book_image><book_image_width>326</book_image_width><book_image_height>495</book_image_height><amazon_product_url>http://www.amazon.com/Sycamore-Jake-Brigance-John-Grisham/dp/0385537131?tag=NYTBS-20</amazon_product_url><age_group></age_group><book_review_link>https://www.nytimes.com/2013/10/31/books/sycamore-row-by-john-grisham.html</book_review_link><first_chapter_link></first_chapter_link><sunday_review_link>https://www.nytimes.com/2013/11/10/books/review/sycamore-row-by-john-grisham.html</sunday_review_link><article_chapter_link></article_chapter_link><isbns><isbn><isbn10>0385537131</isbn10><isbn13>9780385537131</isbn13></isbn><isbn><isbn10>0385537921</isbn10><isbn13>9780385537926</isbn13></isbn><isbn><isbn10>0553393618</isbn10><isbn13>9780553393613</isbn13></isbn><isbn><isbn10>0345543246</isbn10><isbn13>9780345543240</isbn13></isbn></isbns><buy_links><buy_link><name>Local Booksellers</name><url>http://www.indiebound.org/book/9780385537926?aff=NYT</url></buy_link><buy_link><name>Barnes and Noble</name><url>http://www.anrdoezrs.net/click-7990613-11819508?url=http%3A%2F%2Fwww.barnesandnoble.com%2Fw%2F%3Fean%3D9780385537926</url></buy_link><buy_link><name>Amazon</name><url>http://www.amazon.com/Sycamore-Jake-Brigance-John-Grisham/dp/0385537131?tag=NYTBS-20</url></buy_link></buy_links></book><book><rank>14</rank><rank_last_week>0</rank_last_week><weeks_on_list>1</weeks_on_list><asterisk>0</asterisk><dagger>0</dagger><primary_isbn10>None</primary_isbn10><primary_isbn13>9781101615003</primary_isbn13><publisher>Berkley Sensation</publisher><description>Graham must defend his leadership of the wolf pack before Shiftertown is pulled into an all-out war.</description><price>0</price><title>WILD WOLF</title><author>Jennifer Ashley</author><contributor>by Jennifer Ashley</contributor><contributor_note></contributor_note><book_image>https://s1.nyt.com/du/books/images/9781101615003.jpg</book_image><book_image_width>128</book_image_width><book_image_height>206</book_image_height><amazon_product_url>http://www.amazon.com/Wild-Shifters-Unbound-Jennifer-Ashley-ebook/dp/B00COOFQOU?tag=NYTBS-20</amazon_product_url><age_group></age_group><book_review_link></book_review_link><first_chapter_link></first_chapter_link><sunday_review_link></sunday_review_link><article_chapter_link></article_chapter_link><isbns><isbn><isbn10>0425266044</isbn10><isbn13>9780425266045</isbn13></isbn></isbns><buy_links><buy_link><name>Local Booksellers</name><url>http://www.indiebound.org/book/9781101615003?aff=NYT</url></buy_link><buy_link><name>Barnes and Noble</name><url>http://www.anrdoezrs.net/click-7990613-11819508?url=http%3A%2F%2Fwww.barnesandnoble.com%2Fw%2F%3Fean%3D9781101615003</url></buy_link><buy_link><name>Amazon</name><url>http://www.amazon.com/Wild-Shifters-Unbound-Jennifer-Ashley-ebook/dp/B00COOFQOU?tag=NYTBS-20</url></buy_link></buy_links></book><book><rank>15</rank><rank_last_week>0</rank_last_week><weeks_on_list>7</weeks_on_list><asterisk>0</asterisk><dagger>0</dagger><primary_isbn10>0440246326</primary_isbn10><primary_isbn13>9780440246329</primary_isbn13><publisher>Delacorte</publisher><description>Jack Reacher is thrown into jail on trumped-up charges and must clear his name.</description><price>0</price><title>NEVER GO BACK</title><author>Lee Child</author><contributor>by Lee Child</contributor><contributor_note></contributor_note><book_image>https://s1.nyt.com/du/books/images/9780440339373.jpg</book_image><book_image_width>327</book_image_width><book_image_height>495</book_image_height><amazon_product_url>http://www.amazon.com/Never-Back-bonus-novella-High/dp/0440246326?tag=NYTBS-20</amazon_product_url><age_group></age_group><book_review_link>https://www.nytimes.com/2013/08/30/books/never-go-back-a-jack-reacher-novel-by-lee-child.html</book_review_link><first_chapter_link></first_chapter_link><sunday_review_link></sunday_review_link><article_chapter_link></article_chapter_link><isbns><isbn><isbn10>0385344341</isbn10><isbn13>9780385344340</isbn13></isbn><isbn><isbn10>0440339375</isbn10><isbn13>9780440339373</isbn13></isbn><isbn><isbn10>0804121044</isbn10><isbn13>9780804121040</isbn13></isbn><isbn><isbn10>0440246326</isbn10><isbn13>9780440246329</isbn13></isbn><isbn><isbn10>0399594973</isbn10><isbn13>9780399594977</isbn13></isbn></isbns><buy_links><buy_link><name>Local Booksellers</name><url>http://www.indiebound.org/book/9780440246329?aff=NYT</url></buy_link><buy_link><name>Barnes and Noble</name><url>http://www.anrdoezrs.net/click-7990613-11819508?url=http%3A%2F%2Fwww.barnesandnoble.com%2Fw%2F%3Fean%3D9780440246329</url></buy_link><buy_link><name>Amazon</name><url>http://www.amazon.com/Never-Back-bonus-novella-High/dp/0440246326?tag=NYTBS-20</url></buy_link></buy_links></book><book><rank>16</rank><rank_last_week>0</rank_last_week><weeks_on_list>0</weeks_on_list><asterisk>0</asterisk><dagger>0</dagger><primary_isbn10>0802192505</primary_isbn10><primary_isbn13>9780802192509</primary_isbn13><publisher>Atlantic Monthly Press</publisher><description>Commissario Guido Brunetti investigates the theft of books from a library and the murder of one of its patrons.</description><price>0</price><title>BY ITS COVER</title><author>Donna Leon</author><contributor>by Donna Leon</contributor><contributor_note></contributor_note><book_image>https://s1.nyt.com/du/books/images/9780802122643.jpg</book_image><book_image_width>128</book_image_width><book_image_height>192</book_image_height><amazon_product_url>http://www.amazon.com/By-its-Cover-Commissario-Brunetti/dp/0802122647?tag=NYTBS-20</amazon_product_url><age_group></age_group><book_review_link></book_review_link><first_chapter_link></first_chapter_link><sunday_review_link></sunday_review_link><article_chapter_link></article_chapter_link><isbns><isbn><isbn10>0802122647</isbn10><isbn13>9780802122643</isbn13></isbn><isbn><isbn10>0802192505</isbn10><isbn13>9780802192509</isbn13></isbn></isbns><buy_links><buy_link><name>Local Booksellers</name><url>http://www.indiebound.org/book/9780802192509?aff=NYT</url></buy_link><buy_link><name>Barnes and Noble</name><url>http://www.anrdoezrs.net/click-7990613-11819508?url=http%3A%2F%2Fwww.barnesandnoble.com%2Fw%2F%3Fean%3D9780802192509</url></buy_link><buy_link><name>Amazon</name><url>http://www.amazon.com/By-its-Cover-Commissario-Brunetti/dp/0802122647?tag=NYTBS-20</url></buy_link></buy_links></book><book><rank>17</rank><rank_last_week>0</rank_last_week><weeks_on_list>0</weeks_on_list><asterisk>0</asterisk><dagger>0</dagger><primary_isbn10>0062279408</primary_isbn10><primary_isbn13>9780062279408</primary_isbn13><publisher>Morrow</publisher><description>The counterspy Alex Hawke must rescue a kidnapped American scientist as the United States and China move dangerously close to nuclear war.</description><price>0</price><title>WARRIORS</title><author>Ted Bell</author><contributor>by Ted Bell</contributor><contributor_note></contributor_note><book_image>https://s1.nyt.com/du/books/images/9780062279408.jpg</book_image><book_image_width>128</book_image_width><book_image_height>193</book_image_height><amazon_product_url>http://www.amazon.com/Warriors-Alex-Hawke-Novel-Novels-ebook/dp/B00DB3A9M2?tag=NYTBS-20</amazon_product_url><age_group></age_group><book_review_link></book_review_link><first_chapter_link></first_chapter_link><sunday_review_link></sunday_review_link><article_chapter_link></article_chapter_link><isbns><isbn><isbn10>0062279386</isbn10><isbn13>9780062279385</isbn13></isbn><isbn><isbn10>0062279408</isbn10><isbn13>9780062279408</isbn13></isbn></isbns><buy_links><buy_link><name>Local Booksellers</name><url>http://www.indiebound.org/book/9780062279408?aff=NYT</url></buy_link><buy_link><name>Barnes and Noble</name><url>http://www.anrdoezrs.net/click-7990613-11819508?url=http%3A%2F%2Fwww.barnesandnoble.com%2Fw%2F%3Fean%3D9780062279408</url></buy_link><buy_link><name>Amazon</name><url>http://www.amazon.com/Warriors-Alex-Hawke-Novel-Novels-ebook/dp/B00DB3A9M2?tag=NYTBS-20</url></buy_link></buy_links></book><book><rank>18</rank><rank_last_week>0</rank_last_week><weeks_on_list>0</weeks_on_list><asterisk>0</asterisk><dagger>0</dagger><primary_isbn10>None</primary_isbn10><primary_isbn13>9780345530936</primary_isbn13><publisher>Delacorte</publisher><description>Two C.E.O.s in Northern California — a man and a woman — face very different challenges.</description><price>0</price><title>POWER PLAY</title><author>Danielle Steel</author><contributor>by Danielle Steel</contributor><contributor_note></contributor_note><book_image>https://s1.nyt.com/du/books/images/9780345530936.jpg</book_image><book_image_width>128</book_image_width><book_image_height>195</book_image_height><amazon_product_url>http://www.amazon.com/Power-Play-Novel-Danielle-Steel-ebook/dp/B00F8F3HIY?tag=NYTBS-20</amazon_product_url><age_group></age_group><book_review_link></book_review_link><first_chapter_link></first_chapter_link><sunday_review_link></sunday_review_link><article_chapter_link></article_chapter_link><isbns><isbn><isbn10>0345530918</isbn10><isbn13>9780345530912</isbn13></isbn><isbn><isbn10>0804121125</isbn10><isbn13>9780804121125</isbn13></isbn><isbn><isbn10>0345530926</isbn10><isbn13>9780345530929</isbn13></isbn></isbns><buy_links><buy_link><name>Local Booksellers</name><url>http://www.indiebound.org/book/9780345530936?aff=NYT</url></buy_link><buy_link><name>Barnes and Noble</name><url>http://www.anrdoezrs.net/click-7990613-11819508?url=http%3A%2F%2Fwww.barnesandnoble.com%2Fw%2F%3Fean%3D9780345530936</url></buy_link><buy_link><name>Amazon</name><url>http://www.amazon.com/Power-Play-Novel-Danielle-Steel-ebook/dp/B00F8F3HIY?tag=NYTBS-20</url></buy_link></buy_links></book><book><rank>19</rank><rank_last_week>0</rank_last_week><weeks_on_list>0</weeks_on_list><asterisk>0</asterisk><dagger>0</dagger><primary_isbn10>1466841680</primary_isbn10><primary_isbn13>9781466841680</primary_isbn13><publisher>Minotaur</publisher><description>The National Park Service Ranger Anna Pigeon must rescue friends who are kidnapped while camping in Minnesota.</description><price>0</price><title>DESTROYER ANGEL</title><author>Nevada Barr</author><contributor>by Nevada Barr</contributor><contributor_note></contributor_note><book_image>https://s1.nyt.com/du/books/images/9781466841680.jpg</book_image><book_image_width>128</book_image_width><book_image_height>195</book_image_height><amazon_product_url>http://www.amazon.com/Destroyer-Angel-Pigeon-Novel-Mysteries-ebook/dp/B00ERQM2XG?tag=NYTBS-20</amazon_product_url><age_group></age_group><book_review_link></book_review_link><first_chapter_link></first_chapter_link><sunday_review_link></sunday_review_link><article_chapter_link></article_chapter_link><isbns><isbn><isbn10>0312614586</isbn10><isbn13>9780312614584</isbn13></isbn><isbn><isbn10>1466841680</isbn10><isbn13>9781466841680</isbn13></isbn><isbn><isbn10>1250058473</isbn10><isbn13>9781250058478</isbn13></isbn></isbns><buy_links><buy_link><name>Local Booksellers</name><url>http://www.indiebound.org/book/9781466841680?aff=NYT</url></buy_link><buy_link><name>Barnes and Noble</name><url>http://www.anrdoezrs.net/click-7990613-11819508?url=http%3A%2F%2Fwww.barnesandnoble.com%2Fw%2F%3Fean%3D9781466841680</url></buy_link><buy_link><name>Amazon</name><url>http://www.amazon.com/Destroyer-Angel-Pigeon-Novel-Mysteries-ebook/dp/B00ERQM2XG?tag=NYTBS-20</url></buy_link></buy_links></book><book><rank>20</rank><rank_last_week>0</rank_last_week><weeks_on_list>0</weeks_on_list><asterisk>0</asterisk><dagger>0</dagger><primary_isbn10>None</primary_isbn10><primary_isbn13>9781466854239</primary_isbn13><publisher>St. Martin's Griffin</publisher><description>A woman is paid to pretend to be the girlfriend of a famous rock drummer; a Stage Dive novel.</description><price>0</price><title>PLAY</title><author>Kylie Scott</author><contributor>by Kylie Scott</contributor><contributor_note></contributor_note><book_image>https://s1.nyt.com/du/books/images/9781466854239.jpg</book_image><book_image_width>128</book_image_width><book_image_height>171</book_image_height><amazon_product_url>http://www.amazon.com/Play-A-Stage-Dive-Novel-ebook/dp/B00H0V069M?tag=NYTBS-20</amazon_product_url><age_group></age_group><book_review_link></book_review_link><first_chapter_link></first_chapter_link><sunday_review_link></sunday_review_link><article_chapter_link></article_chapter_link><isbns/><buy_links><buy_link><name>Local Booksellers</name><url>http://www.indiebound.org/book/9781466854239?aff=NYT</url></buy_link><buy_link><name>Barnes and Noble</name><url>http://www.anrdoezrs.net/click-7990613-11819508?url=http%3A%2F%2Fwww.barnesandnoble.com%2Fw%2F%3Fean%3D9781466854239</url></buy_link><buy_link><name>Amazon</name><url>http://www.amazon.com/Play-A-Stage-Dive-Novel-ebook/dp/B00H0V069M?tag=NYTBS-20</url></buy_link></buy_links></book></books><corrections/></results></result_set>
