<?xml version="1.0" encoding="UTF-8"?>
<result_set><status>OK</status><copyright>Copyright (c) 2018 The New York Times Company.  All Rights Reserved.</copyright><num_results>20</num_results><last_modified>2016-04-28T15:03:27-04:00</last_modified><results><list_name>Combined Print and E-Book Fiction</list_name><list_name_encoded>combined-print-and-e-book-fiction</list_name_encoded><bestsellers_date>2014-12-27</bestsellers_date><published_date>2015-01-11</published_date><published_date_description></published_date_description><next_published_date>2015-01-18</next_published_date><previous_published_date>2015-01-04</previous_published_date><display_name><![CDATA[Combined Print & E-Book Fiction]]></display_name><normal_list_ends_at>15</normal_list_ends_at><updated>WEEKLY</updated><books><book><rank>1</rank><rank_last_week>2</rank_last_week><weeks_on_list>109</weeks_on_list><asterisk>0</asterisk><dagger>0</dagger><primary_isbn10>0307588386</primary_isbn10><primary_isbn13>9780307588388</primary_isbn13><publisher>Crown</publisher><description>A woman disappears on the day of her fifth anniversary; is her husband a killer?</description><price>0</price><title>GONE GIRL</title><author>Gillian Flynn</author><contributor>by Gillian Flynn</contributor><contributor_note></contributor_note><book_image>https://s1.nyt.com/du/books/images/9780307588388.jpg</book_image><book_image_width>136</book_image_width><book_image_height>200</book_image_height><amazon_product_url>http://www.amazon.com/Gone-Girl-Novel-Gillian-Flynn-ebook/dp/B006LSZECO?tag=NYTBS-20</amazon_product_url><age_group></age_group><book_review_link>https://www.nytimes.com/2012/05/30/books/gone-girl-by-gillian-flynn.html</book_review_link><first_chapter_link></first_chapter_link><sunday_review_link>https://www.nytimes.com/2012/06/17/books/review/gillian-flynns-gone-girl-and-more.html</sunday_review_link><article_chapter_link></article_chapter_link><isbns><isbn><isbn10>030758836X</isbn10><isbn13>9780307588364</isbn13></isbn><isbn><isbn10>0307588386</isbn10><isbn13>9780307588388</isbn13></isbn><isbn><isbn10>1410450953</isbn10><isbn13>9781410450951</isbn13></isbn><isbn><isbn10>0297859382</isbn10><isbn13>9780297859383</isbn13></isbn><isbn><isbn10>0307588378</isbn10><isbn13>9780307588371</isbn13></isbn><isbn><isbn10>0297859390</isbn10><isbn13>9780297859390</isbn13></isbn><isbn><isbn10>159413605X</isbn10><isbn13>9781594136054</isbn13></isbn><isbn><isbn10>055341836X</isbn10><isbn13>9780553418361</isbn13></isbn><isbn><isbn10>0553418351</isbn10><isbn13>9780553418354</isbn13></isbn><isbn><isbn10>0606270175</isbn10><isbn13>9780606270175</isbn13></isbn></isbns><buy_links><buy_link><name>Local Booksellers</name><url>http://www.indiebound.org/book/9780307588388?aff=NYT</url></buy_link><buy_link><name>Barnes and Noble</name><url>http://www.anrdoezrs.net/click-7990613-11819508?url=http%3A%2F%2Fwww.barnesandnoble.com%2Fw%2F%3Fean%3D9780307588388</url></buy_link><buy_link><name>Amazon</name><url>http://www.amazon.com/Gone-Girl-Novel-Gillian-Flynn-ebook/dp/B006LSZECO?tag=NYTBS-20</url></buy_link></buy_links></book><book><rank>2</rank><rank_last_week>3</rank_last_week><weeks_on_list>15</weeks_on_list><asterisk>0</asterisk><dagger>0</dagger><primary_isbn10></primary_isbn10><primary_isbn13>9781476746609</primary_isbn13><publisher>Scribner</publisher><description>The lives of a blind French girl and a gadget-obsessed German boy before and during World War II.</description><price>0</price><title>ALL THE LIGHT WE CANNOT SEE</title><author>Anthony Doerr</author><contributor>by Anthony Doerr</contributor><contributor_note></contributor_note><book_image>https://s1.nyt.com/du/books/images/9781476746586.jpg</book_image><book_image_width>128</book_image_width><book_image_height>192</book_image_height><amazon_product_url>http://www.amazon.com/All-Light-We-Cannot-See/dp/1476746583?tag=NYTBS-20</amazon_product_url><age_group></age_group><book_review_link></book_review_link><first_chapter_link></first_chapter_link><sunday_review_link>https://www.nytimes.com/2014/05/11/books/review/all-the-light-we-cannot-see-by-anthony-doerr.html</sunday_review_link><article_chapter_link></article_chapter_link><isbns><isbn><isbn10>1476746583</isbn10><isbn13>9781476746586</isbn13></isbn><isbn><isbn10>1410470229</isbn10><isbn13>9781410470225</isbn13></isbn><isbn><isbn10>1476746591</isbn10><isbn13>9781476746593</isbn13></isbn><isbn><isbn10>1501122835</isbn10><isbn13>9781501122835</isbn13></isbn><isbn><isbn10>0007548699</isbn10><isbn13>9780007548699</isbn13></isbn><isbn><isbn10>1501173219</isbn10><isbn13>9781501173219</isbn13></isbn></isbns><buy_links><buy_link><name>Local Booksellers</name><url>http://www.indiebound.org/book/9781476746609?aff=NYT</url></buy_link><buy_link><name>Barnes and Noble</name><url>http://www.anrdoezrs.net/click-7990613-11819508?url=http%3A%2F%2Fwww.barnesandnoble.com%2Fw%2F%3Fean%3D9781476746609</url></buy_link><buy_link><name>Amazon</name><url>http://www.amazon.com/All-Light-We-Cannot-See/dp/1476746583?tag=NYTBS-20</url></buy_link></buy_links></book><book><rank>3</rank><rank_last_week>1</rank_last_week><weeks_on_list>10</weeks_on_list><asterisk>0</asterisk><dagger>0</dagger><primary_isbn10>038553714X</primary_isbn10><primary_isbn13>9780385537148</primary_isbn13><publisher>Doubleday</publisher><description>A lawyer joins a legal clinic in a small Virginia town, and becomes involved in litigation against the coal mining industry.</description><price>0</price><title>GRAY MOUNTAIN</title><author>John Grisham</author><contributor>by John Grisham</contributor><contributor_note></contributor_note><book_image>https://s1.nyt.com/du/books/images/9780385537148.jpg</book_image><book_image_width>128</book_image_width><book_image_height>194</book_image_height><amazon_product_url>http://www.amazon.com/Gray-Mountain-Novel-John-Grisham/dp/038553714X?tag=NYTBS-20</amazon_product_url><age_group></age_group><book_review_link></book_review_link><first_chapter_link></first_chapter_link><sunday_review_link></sunday_review_link><article_chapter_link></article_chapter_link><isbns><isbn><isbn10>038553714X</isbn10><isbn13>9780385537148</isbn13></isbn><isbn><isbn10>0385539169</isbn10><isbn13>9780385539166</isbn13></isbn><isbn><isbn10>0385539177</isbn10><isbn13>9780385539173</isbn13></isbn><isbn><isbn10>1101964871</isbn10><isbn13>9781101964873</isbn13></isbn><isbn><isbn10>0345543254</isbn10><isbn13>9780345543257</isbn13></isbn></isbns><buy_links><buy_link><name>Local Booksellers</name><url>http://www.indiebound.org/book/9780385537148?aff=NYT</url></buy_link><buy_link><name>Barnes and Noble</name><url>http://www.anrdoezrs.net/click-7990613-11819508?url=http%3A%2F%2Fwww.barnesandnoble.com%2Fw%2F%3Fean%3D9780385537148</url></buy_link><buy_link><name>Amazon</name><url>http://www.amazon.com/Gray-Mountain-Novel-John-Grisham/dp/038553714X?tag=NYTBS-20</url></buy_link></buy_links></book><book><rank>4</rank><rank_last_week>4</rank_last_week><weeks_on_list>5</weeks_on_list><asterisk>0</asterisk><dagger>0</dagger><primary_isbn10>031621096X</primary_isbn10><primary_isbn13>9780316210966</primary_isbn13><publisher>Little, Brown</publisher><description>Detective Alex Cross’s family is kidnapped by a madman who wants to turn Cross into a perfect killer.</description><price>0</price><title>HOPE TO DIE</title><author>James Patterson</author><contributor>by James Patterson</contributor><contributor_note></contributor_note><book_image>https://s1.nyt.com/du/books/images/9780316210942.jpg</book_image><book_image_width>128</book_image_width><book_image_height>196</book_image_height><amazon_product_url>http://www.amazon.com/Hope-Alex-Cross-James-Patterson/dp/031621096X?tag=NYTBS-20</amazon_product_url><age_group></age_group><book_review_link></book_review_link><first_chapter_link></first_chapter_link><sunday_review_link></sunday_review_link><article_chapter_link></article_chapter_link><isbns><isbn><isbn10>031621096X</isbn10><isbn13>9780316210966</isbn13></isbn><isbn><isbn10>1455515825</isbn10><isbn13>9781455515820</isbn13></isbn><isbn><isbn10>1455515833</isbn10><isbn13>9781455515837</isbn13></isbn></isbns><buy_links><buy_link><name>Local Booksellers</name><url>http://www.indiebound.org/book/9780316210966?aff=NYT</url></buy_link><buy_link><name>Barnes and Noble</name><url>http://www.anrdoezrs.net/click-7990613-11819508?url=http%3A%2F%2Fwww.barnesandnoble.com%2Fw%2F%3Fean%3D9780316210966</url></buy_link><buy_link><name>Amazon</name><url>http://www.amazon.com/Hope-Alex-Cross-James-Patterson/dp/031621096X?tag=NYTBS-20</url></buy_link></buy_links></book><book><rank>5</rank><rank_last_week>5</rank_last_week><weeks_on_list>6</weeks_on_list><asterisk>0</asterisk><dagger>0</dagger><primary_isbn10>1455521272</primary_isbn10><primary_isbn13>9781455521272</primary_isbn13><publisher>Grand Central</publisher><description>John Puller, a special agent with the Army, hunts for his brother, who was convicted of treason and has escaped from prison.</description><price>0</price><title>THE ESCAPE</title><author>David Baldacci</author><contributor>by David Baldacci</contributor><contributor_note></contributor_note><book_image>https://s1.nyt.com/du/books/images/9781455521197.jpg</book_image><book_image_width>128</book_image_width><book_image_height>193</book_image_height><amazon_product_url>http://www.amazon.com/The-Escape-John-Puller-Book-ebook/dp/B00IRISI42?tag=NYTBS-20</amazon_product_url><age_group></age_group><book_review_link></book_review_link><first_chapter_link></first_chapter_link><sunday_review_link></sunday_review_link><article_chapter_link></article_chapter_link><isbns><isbn><isbn10>1455521191</isbn10><isbn13>9781455521197</isbn13></isbn><isbn><isbn10>1455521272</isbn10><isbn13>9781455521272</isbn13></isbn><isbn><isbn10>1455530174</isbn10><isbn13>9781455530175</isbn13></isbn><isbn><isbn10>1455521167</isbn10><isbn13>9781455521166</isbn13></isbn><isbn><isbn10>1455521256</isbn10><isbn13>9781455521258</isbn13></isbn></isbns><buy_links><buy_link><name>Local Booksellers</name><url>http://www.indiebound.org/book/9781455521272?aff=NYT</url></buy_link><buy_link><name>Barnes and Noble</name><url>http://www.anrdoezrs.net/click-7990613-11819508?url=http%3A%2F%2Fwww.barnesandnoble.com%2Fw%2F%3Fean%3D9781455521272</url></buy_link><buy_link><name>Amazon</name><url>http://www.amazon.com/The-Escape-John-Puller-Book-ebook/dp/B00IRISI42?tag=NYTBS-20</url></buy_link></buy_links></book><book><rank>6</rank><rank_last_week>9</rank_last_week><weeks_on_list>16</weeks_on_list><asterisk>0</asterisk><dagger>0</dagger><primary_isbn10>0698138635</primary_isbn10><primary_isbn13>9780698138636</primary_isbn13><publisher>Amy Einhorn/Putnam</publisher><description>Who will end up dead, and how, when three mothers with children in the same school become friends?</description><price>0</price><title>BIG LITTLE LIES</title><author>Liane Moriarty</author><contributor>by Liane Moriarty</contributor><contributor_note></contributor_note><book_image>https://s1.nyt.com/du/books/images/9780698138636.jpg</book_image><book_image_width>128</book_image_width><book_image_height>193</book_image_height><amazon_product_url>http://www.amazon.com/Big-Little-Lies-Liane-Moriarty-ebook/dp/B00HDMMISA?tag=NYTBS-20</amazon_product_url><age_group></age_group><book_review_link>https://www.nytimes.com/2014/07/25/books/in-big-little-lies-liane-moriarty-finds-new-complications.html</book_review_link><first_chapter_link></first_chapter_link><sunday_review_link></sunday_review_link><article_chapter_link></article_chapter_link><isbns><isbn><isbn10>0399167064</isbn10><isbn13>9780399167065</isbn13></isbn><isbn><isbn10>0698138635</isbn10><isbn13>9780698138636</isbn13></isbn><isbn><isbn10>1410472035</isbn10><isbn13>9781410472038</isbn13></isbn><isbn><isbn10>0425274861</isbn10><isbn13>9780425274866</isbn13></isbn><isbn><isbn10>1594139067</isbn10><isbn13>9781594139062</isbn13></isbn><isbn><isbn10>0399587195</isbn10><isbn13>9780399587191</isbn13></isbn><isbn><isbn10>0399587209</isbn10><isbn13>9780399587207</isbn13></isbn><isbn><isbn10>1312731796</isbn10><isbn13>9781312731790</isbn13></isbn></isbns><buy_links><buy_link><name>Local Booksellers</name><url>http://www.indiebound.org/book/9780698138636?aff=NYT</url></buy_link><buy_link><name>Barnes and Noble</name><url>http://www.anrdoezrs.net/click-7990613-11819508?url=http%3A%2F%2Fwww.barnesandnoble.com%2Fw%2F%3Fean%3D9780698138636</url></buy_link><buy_link><name>Amazon</name><url>http://www.amazon.com/Big-Little-Lies-Liane-Moriarty-ebook/dp/B00HDMMISA?tag=NYTBS-20</url></buy_link></buy_links></book><book><rank>7</rank><rank_last_week>6</rank_last_week><weeks_on_list>7</weeks_on_list><asterisk>0</asterisk><dagger>0</dagger><primary_isbn10>1476770387</primary_isbn10><primary_isbn13>9781476770383</primary_isbn13><publisher>Scribner</publisher><description>The continuing relationship over five decades between a disgraced clergyman and a drug-addicted musician whom he mentored as a boy.</description><price>0</price><title>REVIVAL</title><author>Stephen King</author><contributor>by Stephen King</contributor><contributor_note></contributor_note><book_image>https://s1.nyt.com/du/books/images/9781476770406.jpg</book_image><book_image_width>128</book_image_width><book_image_height>198</book_image_height><amazon_product_url>http://www.amazon.com/Revival-A-Novel-Stephen-King-ebook/dp/B00ILHW6AG?tag=NYTBS-20</amazon_product_url><age_group></age_group><book_review_link>https://www.nytimes.com/2014/11/14/books/stephen-kings-revival.html</book_review_link><first_chapter_link></first_chapter_link><sunday_review_link>https://www.nytimes.com/2014/11/23/books/review/stephen-kings-revival.html</sunday_review_link><article_chapter_link></article_chapter_link><isbns><isbn><isbn10>1476770387</isbn10><isbn13>9781476770383</isbn13></isbn><isbn><isbn10>1476770409</isbn10><isbn13>9781476770406</isbn13></isbn><isbn><isbn10>141047383X</isbn10><isbn13>9781410473837</isbn13></isbn><isbn><isbn10>1476770395</isbn10><isbn13>9781476770390</isbn13></isbn></isbns><buy_links><buy_link><name>Local Booksellers</name><url>http://www.indiebound.org/book/9781476770383?aff=NYT</url></buy_link><buy_link><name>Barnes and Noble</name><url>http://www.anrdoezrs.net/click-7990613-11819508?url=http%3A%2F%2Fwww.barnesandnoble.com%2Fw%2F%3Fean%3D9781476770383</url></buy_link><buy_link><name>Amazon</name><url>http://www.amazon.com/Revival-A-Novel-Stephen-King-ebook/dp/B00ILHW6AG?tag=NYTBS-20</url></buy_link></buy_links></book><book><rank>8</rank><rank_last_week>7</rank_last_week><weeks_on_list>8</weeks_on_list><asterisk>0</asterisk><dagger>0</dagger><primary_isbn10>0316225924</primary_isbn10><primary_isbn13>9780316225922</primary_isbn13><publisher>Little, Brown</publisher><description>The Los Angeles detective Harry Bosch and his new partner investigate two long-unsolved cases.</description><price>0</price><title>THE BURNING ROOM</title><author>Michael Connelly</author><contributor>by Michael Connelly</contributor><contributor_note></contributor_note><book_image>https://s1.nyt.com/du/books/images/9780316225939.jpg</book_image><book_image_width>128</book_image_width><book_image_height>199</book_image_height><amazon_product_url>http://www.amazon.com/Burning-Room-Harry-Bosch-Novel/dp/0316225932?tag=NYTBS-20</amazon_product_url><age_group></age_group><book_review_link></book_review_link><first_chapter_link></first_chapter_link><sunday_review_link></sunday_review_link><article_chapter_link></article_chapter_link><isbns><isbn><isbn10>0316225932</isbn10><isbn13>9780316225939</isbn13></isbn><isbn><isbn10>0316297070</isbn10><isbn13>9780316297073</isbn13></isbn><isbn><isbn10>0316225924</isbn10><isbn13>9780316225922</isbn13></isbn><isbn><isbn10>0316410705</isbn10><isbn13>9780316410700</isbn13></isbn><isbn><isbn10>1455524190</isbn10><isbn13>9781455524198</isbn13></isbn><isbn><isbn10>1455524182</isbn10><isbn13>9781455524181</isbn13></isbn></isbns><buy_links><buy_link><name>Local Booksellers</name><url>http://www.indiebound.org/book/9780316225922?aff=NYT</url></buy_link><buy_link><name>Barnes and Noble</name><url>http://www.anrdoezrs.net/click-7990613-11819508?url=http%3A%2F%2Fwww.barnesandnoble.com%2Fw%2F%3Fean%3D9780316225922</url></buy_link><buy_link><name>Amazon</name><url>http://www.amazon.com/Burning-Room-Harry-Bosch-Novel/dp/0316225932?tag=NYTBS-20</url></buy_link></buy_links></book><book><rank>9</rank><rank_last_week>8</rank_last_week><weeks_on_list>4</weeks_on_list><asterisk>0</asterisk><dagger>0</dagger><primary_isbn10>0399173358</primary_isbn10><primary_isbn13>9780399173356</primary_isbn13><publisher>Putnam</publisher><description>A discovery of mineral deposits has changed North Korea’s fortunes and made the country even more of a threat for President Jack Ryan.</description><price>0</price><title>TOM CLANCY FULL FORCE AND EFFECT</title><author>Mark Greaney</author><contributor>by Mark Greaney</contributor><contributor_note></contributor_note><book_image>https://s1.nyt.com/du/books/images/9780698185364.jpg</book_image><book_image_width>128</book_image_width><book_image_height>193</book_image_height><amazon_product_url>http://www.amazon.com/Clancy-Full-Force-Effect-Novel/dp/0399173358?tag=NYTBS-20</amazon_product_url><age_group></age_group><book_review_link></book_review_link><first_chapter_link></first_chapter_link><sunday_review_link></sunday_review_link><article_chapter_link></article_chapter_link><isbns><isbn><isbn10>0399173358</isbn10><isbn13>9780399173356</isbn13></isbn><isbn><isbn10>1410474909</isbn10><isbn13>9781410474902</isbn13></isbn><isbn><isbn10>0425279774</isbn10><isbn13>9780425279779</isbn13></isbn></isbns><buy_links><buy_link><name>Local Booksellers</name><url>http://www.indiebound.org/book/9780399173356?aff=NYT</url></buy_link><buy_link><name>Barnes and Noble</name><url>http://www.anrdoezrs.net/click-7990613-11819508?url=http%3A%2F%2Fwww.barnesandnoble.com%2Fw%2F%3Fean%3D9780399173356</url></buy_link><buy_link><name>Amazon</name><url>http://www.amazon.com/Clancy-Full-Force-Effect-Novel/dp/0399173358?tag=NYTBS-20</url></buy_link></buy_links></book><book><rank>10</rank><rank_last_week>12</rank_last_week><weeks_on_list>2</weeks_on_list><asterisk>0</asterisk><dagger>0</dagger><primary_isbn10>None</primary_isbn10><primary_isbn13>9780804139038</primary_isbn13><publisher>Crown</publisher><description>Abandoned by his crew, an astronaut embarks on a dogged quest to stay alive.</description><price>0</price><title>THE MARTIAN</title><author>Andy Weir</author><contributor>by Andy Weir</contributor><contributor_note></contributor_note><book_image>https://s1.nyt.com/du/books/images/9780804139038.jpg</book_image><book_image_width>128</book_image_width><book_image_height>194</book_image_height><amazon_product_url>http://www.amazon.com/The-Martian-Novel-Andy-Weir-ebook/dp/B00EMXBDMA?tag=NYTBS-20</amazon_product_url><age_group></age_group><book_review_link></book_review_link><first_chapter_link></first_chapter_link><sunday_review_link></sunday_review_link><article_chapter_link></article_chapter_link><isbns><isbn><isbn10>0804139024</isbn10><isbn13>9780804139021</isbn13></isbn><isbn><isbn10>0553418025</isbn10><isbn13>9780553418026</isbn13></isbn><isbn><isbn10>0091956145</isbn10><isbn13>9780091956141</isbn13></isbn><isbn><isbn10>1594138540</isbn10><isbn13>9781594138546</isbn13></isbn><isbn><isbn10>1101903589</isbn10><isbn13>9781101903582</isbn13></isbn><isbn><isbn10>110190500X</isbn10><isbn13>9781101905005</isbn13></isbn></isbns><buy_links><buy_link><name>Local Booksellers</name><url>http://www.indiebound.org/book/9780804139038?aff=NYT</url></buy_link><buy_link><name>Barnes and Noble</name><url>http://www.anrdoezrs.net/click-7990613-11819508?url=http%3A%2F%2Fwww.barnesandnoble.com%2Fw%2F%3Fean%3D9780804139038</url></buy_link><buy_link><name>Amazon</name><url>http://www.amazon.com/The-Martian-Novel-Andy-Weir-ebook/dp/B00EMXBDMA?tag=NYTBS-20</url></buy_link></buy_links></book><book><rank>11</rank><rank_last_week>14</rank_last_week><weeks_on_list>8</weeks_on_list><asterisk>0</asterisk><dagger>0</dagger><primary_isbn10>0307459926</primary_isbn10><primary_isbn13>9780307459923</primary_isbn13><publisher>Broadway</publisher><description>A woman who was spared when her mother and sisters were murdered begins to reinvestigate the case against her imprisoned brother.</description><price>0</price><title>DARK PLACES</title><author>Gillian Flynn</author><contributor>by Gillian Flynn</contributor><contributor_note></contributor_note><book_image>https://s1.nyt.com/du/books/images/9780307341570.jpg</book_image><book_image_width>302</book_image_width><book_image_height>495</book_image_height><amazon_product_url>http://www.amazon.com/Dark-Places-Novel-Gillian-Flynn/dp/0307341577?tag=NYTBS-20</amazon_product_url><age_group></age_group><book_review_link></book_review_link><first_chapter_link></first_chapter_link><sunday_review_link></sunday_review_link><article_chapter_link></article_chapter_link><isbns><isbn><isbn10>0307459926</isbn10><isbn13>9780307459923</isbn13></isbn><isbn><isbn10>0307341577</isbn10><isbn13>9780307341570</isbn13></isbn><isbn><isbn10>1101902884</isbn10><isbn13>9781101902882</isbn13></isbn><isbn><isbn10>0553418483</isbn10><isbn13>9780553418484</isbn13></isbn></isbns><buy_links><buy_link><name>Local Booksellers</name><url>http://www.indiebound.org/book/9780307459923?aff=NYT</url></buy_link><buy_link><name>Barnes and Noble</name><url>http://www.anrdoezrs.net/click-7990613-11819508?url=http%3A%2F%2Fwww.barnesandnoble.com%2Fw%2F%3Fean%3D9780307459923</url></buy_link><buy_link><name>Amazon</name><url>http://www.amazon.com/Dark-Places-Novel-Gillian-Flynn/dp/0307341577?tag=NYTBS-20</url></buy_link></buy_links></book><book><rank>12</rank><rank_last_week>10</rank_last_week><weeks_on_list>11</weeks_on_list><asterisk>0</asterisk><dagger>0</dagger><primary_isbn10>0345544927</primary_isbn10><primary_isbn13>9780345544926</primary_isbn13><publisher>Ballantine</publisher><description>After searching for her mother, who has disappeared, for more than 10 years, a woman employs a psychic and a private detective.</description><price>0</price><title>LEAVING TIME</title><author>Jodi Picoult</author><contributor>by Jodi Picoult</contributor><contributor_note></contributor_note><book_image>https://s1.nyt.com/du/books/images/9780345544933.jpg</book_image><book_image_width>128</book_image_width><book_image_height>192</book_image_height><amazon_product_url>http://www.amazon.com/Leaving-Time-Novel-Jodi-Picoult-ebook/dp/B00HXYKYIE?tag=NYTBS-20</amazon_product_url><age_group></age_group><book_review_link></book_review_link><first_chapter_link></first_chapter_link><sunday_review_link></sunday_review_link><article_chapter_link></article_chapter_link><isbns><isbn><isbn10>0345544927</isbn10><isbn13>9780345544926</isbn13></isbn><isbn><isbn10>0345544935</isbn10><isbn13>9780345544933</isbn13></isbn><isbn><isbn10>1410463737</isbn10><isbn13>9781410463739</isbn13></isbn><isbn><isbn10>0345544943</isbn10><isbn13>9780345544940</isbn13></isbn><isbn><isbn10>1594138761</isbn10><isbn13>9781594138768</isbn13></isbn></isbns><buy_links><buy_link><name>Local Booksellers</name><url>http://www.indiebound.org/book/9780345544926?aff=NYT</url></buy_link><buy_link><name>Barnes and Noble</name><url>http://www.anrdoezrs.net/click-7990613-11819508?url=http%3A%2F%2Fwww.barnesandnoble.com%2Fw%2F%3Fean%3D9780345544926</url></buy_link><buy_link><name>Amazon</name><url>http://www.amazon.com/Leaving-Time-Novel-Jodi-Picoult-ebook/dp/B00HXYKYIE?tag=NYTBS-20</url></buy_link></buy_links></book><book><rank>13</rank><rank_last_week>0</rank_last_week><weeks_on_list>1</weeks_on_list><asterisk>0</asterisk><dagger>0</dagger><primary_isbn10>None</primary_isbn10><primary_isbn13>9781926440125</primary_isbn13><publisher>Deborah Bladon</publisher><description>Lilly and Clive's tumultuous relationship continues.</description><price>0</price><title>GONE - PART TWO</title><author>Deborah Bladon</author><contributor>by Deborah Bladon</contributor><contributor_note></contributor_note><book_image>https://s1.nyt.com/du/books/images/9781926440125.jpg</book_image><book_image_width>330</book_image_width><book_image_height>495</book_image_height><amazon_product_url>http://www.amazon.com/GONE-Part-Two-Series-Book-ebook/dp/B00RAKQB3S?tag=NYTBS-20</amazon_product_url><age_group></age_group><book_review_link></book_review_link><first_chapter_link></first_chapter_link><sunday_review_link></sunday_review_link><article_chapter_link></article_chapter_link><isbns/><buy_links><buy_link><name>Local Booksellers</name><url>http://www.indiebound.org/book/9781926440125?aff=NYT</url></buy_link><buy_link><name>Barnes and Noble</name><url>http://www.anrdoezrs.net/click-7990613-11819508?url=http%3A%2F%2Fwww.barnesandnoble.com%2Fw%2F%3Fean%3D9781926440125</url></buy_link><buy_link><name>Amazon</name><url>http://www.amazon.com/GONE-Part-Two-Series-Book-ebook/dp/B00RAKQB3S?tag=NYTBS-20</url></buy_link></buy_links></book><book><rank>14</rank><rank_last_week>0</rank_last_week><weeks_on_list>17</weeks_on_list><asterisk>0</asterisk><dagger>0</dagger><primary_isbn10>1455520667</primary_isbn10><primary_isbn13>9781455520664</primary_isbn13><publisher>Grand Central</publisher><description>The lives of two couples converge unexpectedly.</description><price>0</price><title>THE LONGEST RIDE</title><author>Nicholas Sparks</author><contributor>by Nicholas Sparks</contributor><contributor_note></contributor_note><book_image>https://s1.nyt.com/du/books/images/9781455520640.jpg</book_image><book_image_width>327</book_image_width><book_image_height>495</book_image_height><amazon_product_url>http://www.amazon.com/The-Longest-Ride-Nicholas-Sparks/dp/1455520640?tag=NYTBS-20</amazon_product_url><age_group></age_group><book_review_link></book_review_link><first_chapter_link></first_chapter_link><sunday_review_link></sunday_review_link><article_chapter_link></article_chapter_link><isbns><isbn><isbn10>1455520659</isbn10><isbn13>9781455520657</isbn13></isbn><isbn><isbn10>1455576018</isbn10><isbn13>9781455576012</isbn13></isbn><isbn><isbn10>1455520667</isbn10><isbn13>9781455520664</isbn13></isbn><isbn><isbn10>1455520640</isbn10><isbn13>9781455520640</isbn13></isbn><isbn><isbn10>1455520632</isbn10><isbn13>9781455520633</isbn13></isbn><isbn><isbn10>1455584738</isbn10><isbn13>9781455584734</isbn13></isbn><isbn><isbn10>145558472X</isbn10><isbn13>9781455584727</isbn13></isbn></isbns><buy_links><buy_link><name>Local Booksellers</name><url>http://www.indiebound.org/book/9781455520664?aff=NYT</url></buy_link><buy_link><name>Barnes and Noble</name><url>http://www.anrdoezrs.net/click-7990613-11819508?url=http%3A%2F%2Fwww.barnesandnoble.com%2Fw%2F%3Fean%3D9781455520664</url></buy_link><buy_link><name>Amazon</name><url>http://www.amazon.com/The-Longest-Ride-Nicholas-Sparks/dp/1455520640?tag=NYTBS-20</url></buy_link></buy_links></book><book><rank>15</rank><rank_last_week>0</rank_last_week><weeks_on_list>5</weeks_on_list><asterisk>0</asterisk><dagger>0</dagger><primary_isbn10>0061122416</primary_isbn10><primary_isbn13>9780061122415</primary_isbn13><publisher>HarperCollins</publisher><description>In this fable, a Spanish shepherd boy ventures to Egypt in search of treasure and his destiny. First  published in 1993.</description><price>0</price><title>THE ALCHEMIST</title><author>Paulo Coelho</author><contributor>by Paulo Coelho</contributor><contributor_note></contributor_note><book_image>https://s1.nyt.com/du/books/images/9780061122415.jpg</book_image><book_image_width>328</book_image_width><book_image_height>495</book_image_height><amazon_product_url>http://www.amazon.com/Alchemist-Paulo-Coelho/dp/0062315005?tag=NYTBS-20</amazon_product_url><age_group></age_group><book_review_link></book_review_link><first_chapter_link></first_chapter_link><sunday_review_link></sunday_review_link><article_chapter_link></article_chapter_link><isbns><isbn><isbn10>0061122416</isbn10><isbn13>9780061122415</isbn13></isbn><isbn><isbn10>0062502182</isbn10><isbn13>9780062502186</isbn13></isbn><isbn><isbn10>0062502174</isbn10><isbn13>9780062502179</isbn13></isbn><isbn><isbn10>0060887966</isbn10><isbn13>9780060887964</isbn13></isbn><isbn><isbn10>0060834838</isbn10><isbn13>9780060834838</isbn13></isbn><isbn><isbn10>0061741248</isbn10><isbn13>9780061741241</isbn13></isbn><isbn><isbn10>0062315005</isbn10><isbn13>9780062315007</isbn13></isbn><isbn><isbn10>0062326775</isbn10><isbn13>9780062326775</isbn13></isbn><isbn><isbn10>0062416219</isbn10><isbn13>9780062416216</isbn13></isbn></isbns><buy_links><buy_link><name>Local Booksellers</name><url>http://www.indiebound.org/book/9780061122415?aff=NYT</url></buy_link><buy_link><name>Barnes and Noble</name><url>http://www.anrdoezrs.net/click-7990613-11819508?url=http%3A%2F%2Fwww.barnesandnoble.com%2Fw%2F%3Fean%3D9780061122415</url></buy_link><buy_link><name>Amazon</name><url>http://www.amazon.com/Alchemist-Paulo-Coelho/dp/0062315005?tag=NYTBS-20</url></buy_link></buy_links></book><book><rank>16</rank><rank_last_week>0</rank_last_week><weeks_on_list>0</weeks_on_list><asterisk>0</asterisk><dagger>0</dagger><primary_isbn10>None</primary_isbn10><primary_isbn13>9780062325365</primary_isbn13><publisher>Morrow/HarperCollins</publisher><description>Kay Scarpetta finds herself in pursuit of a serial sniper in the series's 22nd installment.</description><price>0</price><title>FLESH AND BLOOD</title><author>Patricia Cornwell</author><contributor>by Patricia Cornwell</contributor><contributor_note></contributor_note><book_image>https://s1.nyt.com/du/books/images/9780062325365.jpg</book_image><book_image_width>128</book_image_width><book_image_height>183</book_image_height><amazon_product_url>http://www.amazon.com/Flesh-Blood-Scarpetta-Novel-Novels-ebook/dp/B00ICN2Z78?tag=NYTBS-20</amazon_product_url><age_group></age_group><book_review_link></book_review_link><first_chapter_link></first_chapter_link><sunday_review_link></sunday_review_link><article_chapter_link></article_chapter_link><isbns><isbn><isbn10>0062325345</isbn10><isbn13>9780062325341</isbn13></isbn><isbn><isbn10>006232537X</isbn10><isbn13>9780062325372</isbn13></isbn><isbn><isbn10>1410471284</isbn10><isbn13>9781410471284</isbn13></isbn><isbn><isbn10>0062325353</isbn10><isbn13>9780062325358</isbn13></isbn><isbn><isbn10>0062379712</isbn10><isbn13>9780062379719</isbn13></isbn></isbns><buy_links><buy_link><name>Local Booksellers</name><url>http://www.indiebound.org/book/9780062325365?aff=NYT</url></buy_link><buy_link><name>Barnes and Noble</name><url>http://www.anrdoezrs.net/click-7990613-11819508?url=http%3A%2F%2Fwww.barnesandnoble.com%2Fw%2F%3Fean%3D9780062325365</url></buy_link><buy_link><name>Amazon</name><url>http://www.amazon.com/Flesh-Blood-Scarpetta-Novel-Novels-ebook/dp/B00ICN2Z78?tag=NYTBS-20</url></buy_link></buy_links></book><book><rank>17</rank><rank_last_week>0</rank_last_week><weeks_on_list>0</weeks_on_list><asterisk>0</asterisk><dagger>0</dagger><primary_isbn10>None</primary_isbn10><primary_isbn13>9780698153462</primary_isbn13><publisher>Berkley</publisher><description>Eva and Gideon's love is threatened by old wounds; a Crossfire novel.</description><price>0</price><title>CAPTIVATED BY YOU</title><author>Sylvia Day</author><contributor>by Sylvia Day</contributor><contributor_note></contributor_note><book_image>https://s1.nyt.com/du/books/images/9780698153462.jpg</book_image><book_image_width>330</book_image_width><book_image_height>495</book_image_height><amazon_product_url>http://www.amazon.com/Captivated-By-You-Crossfire-Novel/dp/0425273865?tag=NYTBS-20</amazon_product_url><age_group></age_group><book_review_link></book_review_link><first_chapter_link></first_chapter_link><sunday_review_link></sunday_review_link><article_chapter_link></article_chapter_link><isbns><isbn><isbn10>0425273865</isbn10><isbn13>9780425273869</isbn13></isbn></isbns><buy_links><buy_link><name>Local Booksellers</name><url>http://www.indiebound.org/book/9780698153462?aff=NYT</url></buy_link><buy_link><name>Barnes and Noble</name><url>http://www.anrdoezrs.net/click-7990613-11819508?url=http%3A%2F%2Fwww.barnesandnoble.com%2Fw%2F%3Fean%3D9780698153462</url></buy_link><buy_link><name>Amazon</name><url>http://www.amazon.com/Captivated-By-You-Crossfire-Novel/dp/0425273865?tag=NYTBS-20</url></buy_link></buy_links></book><book><rank>18</rank><rank_last_week>0</rank_last_week><weeks_on_list>0</weeks_on_list><asterisk>0</asterisk><dagger>0</dagger><primary_isbn10>None</primary_isbn10><primary_isbn13>9781612130293</primary_isbn13><publisher>Vintage</publisher><description>An inexperienced college student falls in love with a tortured man who has particular sexual tastes; the first book in a trilogy.</description><price>0</price><title>FIFTY SHADES OF GREY</title><author>E L James</author><contributor>by E. L. James</contributor><contributor_note></contributor_note><book_image>https://s1.nyt.com/du/books/images/9780345803481.jpg</book_image><book_image_width>125</book_image_width><book_image_height>193</book_image_height><amazon_product_url>http://www.amazon.com/Fifty-Shades-Grey-Book-Trilogy/dp/0345803485?tag=NYTBS-20</amazon_product_url><age_group></age_group><book_review_link></book_review_link><first_chapter_link></first_chapter_link><sunday_review_link></sunday_review_link><article_chapter_link></article_chapter_link><isbns><isbn><isbn10>1612130283</isbn10><isbn13>9781612130286</isbn13></isbn><isbn><isbn10>0345803485</isbn10><isbn13>9780345803481</isbn13></isbn><isbn><isbn10>0099579936</isbn10><isbn13>9780099579939</isbn13></isbn><isbn><isbn10>0385363125</isbn10><isbn13>9780385363129</isbn13></isbn><isbn><isbn10>0385537670</isbn10><isbn13>9780385537674</isbn13></isbn><isbn><isbn10>0345806751</isbn10><isbn13>9780345806758</isbn13></isbn><isbn><isbn10>0804172072</isbn10><isbn13>9780804172073</isbn13></isbn><isbn><isbn10>0345805151</isbn10><isbn13>9780345805157</isbn13></isbn></isbns><buy_links><buy_link><name>Local Booksellers</name><url>http://www.indiebound.org/book/9781612130293?aff=NYT</url></buy_link><buy_link><name>Barnes and Noble</name><url>http://www.anrdoezrs.net/click-7990613-11819508?url=http%3A%2F%2Fwww.barnesandnoble.com%2Fw%2F%3Fean%3D9781612130293</url></buy_link><buy_link><name>Amazon</name><url>http://www.amazon.com/Fifty-Shades-Grey-Book-Trilogy/dp/0345803485?tag=NYTBS-20</url></buy_link></buy_links></book><book><rank>19</rank><rank_last_week>0</rank_last_week><weeks_on_list>0</weeks_on_list><asterisk>0</asterisk><dagger>0</dagger><primary_isbn10>0061950726</primary_isbn10><primary_isbn13>9780061950728</primary_isbn13><publisher>Morrow/HarperCollins</publisher><description>A historical novel about orphans swept off the streets of New York and sent to the Midwest in the 1920s.</description><price>0</price><title>ORPHAN TRAIN</title><author>Christina Baker Kline</author><contributor>by Christina Baker Kline</contributor><contributor_note></contributor_note><book_image>https://s1.nyt.com/du/books/images/9780062101204.jpg</book_image><book_image_width>329</book_image_width><book_image_height>495</book_image_height><amazon_product_url>http://www.amazon.com/Orphan-Train-Christina-Baker-Kline-ebook/dp/B0089LOG02?tag=NYTBS-20</amazon_product_url><age_group></age_group><book_review_link></book_review_link><first_chapter_link></first_chapter_link><sunday_review_link></sunday_review_link><article_chapter_link></article_chapter_link><isbns><isbn><isbn10>0061950726</isbn10><isbn13>9780061950728</isbn13></isbn><isbn><isbn10>1594137374</isbn10><isbn13>9781594137372</isbn13></isbn><isbn><isbn10>0606356649</isbn10><isbn13>9780606356640</isbn13></isbn><isbn><isbn10>006195070X</isbn10><isbn13>9780061950704</isbn13></isbn></isbns><buy_links><buy_link><name>Local Booksellers</name><url>http://www.indiebound.org/book/9780061950728?aff=NYT</url></buy_link><buy_link><name>Barnes and Noble</name><url>http://www.anrdoezrs.net/click-7990613-11819508?url=http%3A%2F%2Fwww.barnesandnoble.com%2Fw%2F%3Fean%3D9780061950728</url></buy_link><buy_link><name>Amazon</name><url>http://www.amazon.com/Orphan-Train-Christina-Baker-Kline-ebook/dp/B0089LOG02?tag=NYTBS-20</url></buy_link></buy_links></book><book><rank>20</rank><rank_last_week>0</rank_last_week><weeks_on_list>0</weeks_on_list><asterisk>0</asterisk><dagger>0</dagger><primary_isbn10>0307341550</primary_isbn10><primary_isbn13>9780307341556</primary_isbn13><publisher>Broadway</publisher><description>A newspaper reporter reluctantly returns to her hometown to cover the murders of two girls. 9 hours, 34 minutes unabridged. Read by Ann Marie Lee.</description><price>0</price><title>SHARP OBJECTS</title><author>Gillian Flynn</author><contributor>by Gillian Flynn</contributor><contributor_note></contributor_note><book_image>https://s1.nyt.com/du/books/images/9780307341556.jpg</book_image><book_image_width>325</book_image_width><book_image_height>495</book_image_height><amazon_product_url>http://www.amazon.com/Sharp-Objects-Novel-Gillian-Flynn/dp/0307341550?tag=NYTBS-20</amazon_product_url><age_group></age_group><book_review_link></book_review_link><first_chapter_link></first_chapter_link><sunday_review_link></sunday_review_link><article_chapter_link></article_chapter_link><isbns><isbn><isbn10>0307341550</isbn10><isbn13>9780307341556</isbn13></isbn><isbn><isbn10>0307351483</isbn10><isbn13>9780307351487</isbn13></isbn><isbn><isbn10>1101902876</isbn10><isbn13>9781101902875</isbn13></isbn><isbn><isbn10>0525575758</isbn10><isbn13>9780525575757</isbn13></isbn><isbn><isbn10>0804164231</isbn10><isbn13>9780804164238</isbn13></isbn></isbns><buy_links><buy_link><name>Local Booksellers</name><url>http://www.indiebound.org/book/9780307341556?aff=NYT</url></buy_link><buy_link><name>Barnes and Noble</name><url>http://www.anrdoezrs.net/click-7990613-11819508?url=http%3A%2F%2Fwww.barnesandnoble.com%2Fw%2F%3Fean%3D9780307341556</url></buy_link><buy_link><name>Amazon</name><url>http://www.amazon.com/Sharp-Objects-Novel-Gillian-Flynn/dp/0307341550?tag=NYTBS-20</url></buy_link></buy_links></book></books><corrections/></results></result_set>
