<?xml version="1.0" encoding="UTF-8"?>
<result_set><status>OK</status><copyright>Copyright (c) 2018 The New York Times Company.  All Rights Reserved.</copyright><num_results>35</num_results><last_modified>2016-04-28T15:03:27-04:00</last_modified><results><list_name>Combined Print and E-Book Fiction</list_name><list_name_encoded>combined-print-and-e-book-fiction</list_name_encoded><bestsellers_date>2012-04-07</bestsellers_date><published_date>2012-04-22</published_date><published_date_description></published_date_description><next_published_date>2012-04-29</next_published_date><previous_published_date>2012-04-15</previous_published_date><display_name><![CDATA[Combined Print & E-Book Fiction]]></display_name><normal_list_ends_at>15</normal_list_ends_at><updated>WEEKLY</updated><books><book><rank>1</rank><rank_last_week>1</rank_last_week><weeks_on_list>6</weeks_on_list><asterisk>0</asterisk><dagger>0</dagger><primary_isbn10>None</primary_isbn10><primary_isbn13>9781612130293</primary_isbn13><publisher>Knopf Doubleday Publishing</publisher><description>An inexperienced college student falls in love with a tortured man who has particular sexual tastes; the first book in a trilogy.</description><price>0</price><title>FIFTY SHADES OF GREY</title><author>E L James</author><contributor>by E. L. James</contributor><contributor_note></contributor_note><book_image>https://s1.nyt.com/du/books/images/9780345803481.jpg</book_image><book_image_width>125</book_image_width><book_image_height>193</book_image_height><amazon_product_url>http://www.amazon.com/Fifty-Shades-Grey-Book-Trilogy/dp/0345803485?tag=NYTBS-20</amazon_product_url><age_group></age_group><book_review_link></book_review_link><first_chapter_link></first_chapter_link><sunday_review_link></sunday_review_link><article_chapter_link></article_chapter_link><isbns><isbn><isbn10>1612130283</isbn10><isbn13>9781612130286</isbn13></isbn><isbn><isbn10>0345803485</isbn10><isbn13>9780345803481</isbn13></isbn><isbn><isbn10>0099579936</isbn10><isbn13>9780099579939</isbn13></isbn><isbn><isbn10>0385363125</isbn10><isbn13>9780385363129</isbn13></isbn><isbn><isbn10>0385537670</isbn10><isbn13>9780385537674</isbn13></isbn><isbn><isbn10>0345806751</isbn10><isbn13>9780345806758</isbn13></isbn><isbn><isbn10>0804172072</isbn10><isbn13>9780804172073</isbn13></isbn><isbn><isbn10>0345805151</isbn10><isbn13>9780345805157</isbn13></isbn></isbns><buy_links><buy_link><name>Local Booksellers</name><url>http://www.indiebound.org/book/9781612130293?aff=NYT</url></buy_link><buy_link><name>Barnes and Noble</name><url>http://www.anrdoezrs.net/click-7990613-11819508?url=http%3A%2F%2Fwww.barnesandnoble.com%2Fw%2F%3Fean%3D9781612130293</url></buy_link><buy_link><name>Amazon</name><url>http://www.amazon.com/Fifty-Shades-Grey-Book-Trilogy/dp/0345803485?tag=NYTBS-20</url></buy_link></buy_links></book><book><rank>2</rank><rank_last_week>2</rank_last_week><weeks_on_list>6</weeks_on_list><asterisk>0</asterisk><dagger>0</dagger><primary_isbn10>1612130593</primary_isbn10><primary_isbn13>9781612130590</primary_isbn13><publisher>Knopf Doubleday Publishing</publisher><description>Ana Steele learns more about Christian Grey’s troubled past; the second book in a trilogy.</description><price>0</price><title>FIFTY SHADES DARKER</title><author>E L James</author><contributor>by E. L. James</contributor><contributor_note></contributor_note><book_image>https://s1.nyt.com/du/books/images/9780345803498.jpg</book_image><book_image_width>328</book_image_width><book_image_height>495</book_image_height><amazon_product_url>http://www.amazon.com/Fifty-Shades-Darker-E-James/dp/0345803493?tag=NYTBS-20</amazon_product_url><age_group></age_group><book_review_link></book_review_link><first_chapter_link></first_chapter_link><sunday_review_link></sunday_review_link><article_chapter_link></article_chapter_link><isbns><isbn><isbn10>1612130593</isbn10><isbn13>9781612130590</isbn13></isbn><isbn><isbn10>1612130585</isbn10><isbn13>9781612130583</isbn13></isbn><isbn><isbn10>0345803493</isbn10><isbn13>9780345803498</isbn13></isbn><isbn><isbn10>1448149460</isbn10><isbn13>9781448149469</isbn13></isbn><isbn><isbn10>0385363133</isbn10><isbn13>9780385363136</isbn13></isbn><isbn><isbn10>0099579928</isbn10><isbn13>9780099579922</isbn13></isbn><isbn><isbn10>0385537689</isbn10><isbn13>9780385537681</isbn13></isbn><isbn><isbn10>0606264485</isbn10><isbn13>9780606264488</isbn13></isbn><isbn><isbn10>0525431888</isbn10><isbn13>9780525431886</isbn13></isbn><isbn><isbn10>0525434860</isbn10><isbn13>9780525434863</isbn13></isbn></isbns><buy_links><buy_link><name>Local Booksellers</name><url>http://www.indiebound.org/book/9781612130590?aff=NYT</url></buy_link><buy_link><name>Barnes and Noble</name><url>http://www.anrdoezrs.net/click-7990613-11819508?url=http%3A%2F%2Fwww.barnesandnoble.com%2Fw%2F%3Fean%3D9781612130590</url></buy_link><buy_link><name>Amazon</name><url>http://www.amazon.com/Fifty-Shades-Darker-E-James/dp/0345803493?tag=NYTBS-20</url></buy_link></buy_links></book><book><rank>3</rank><rank_last_week>5</rank_last_week><weeks_on_list>5</weeks_on_list><asterisk>0</asterisk><dagger>0</dagger><primary_isbn10>1612130615</primary_isbn10><primary_isbn13>9781612130613</primary_isbn13><publisher>Knopf Doubleday Publishing</publisher><description>The final book in an erotic trilogy.</description><price>0</price><title>FIFTY SHADES FREED</title><author>E L James</author><contributor>by E. L. James</contributor><contributor_note></contributor_note><book_image>https://s1.nyt.com/du/books/images/9781612130606.jpg</book_image><book_image_width>330</book_image_width><book_image_height>495</book_image_height><amazon_product_url>http://www.amazon.com/Fifty-Shades-Freed-Three-Trilogy/dp/0345803507?tag=NYTBS-20</amazon_product_url><age_group></age_group><book_review_link></book_review_link><first_chapter_link></first_chapter_link><sunday_review_link></sunday_review_link><article_chapter_link></article_chapter_link><isbns><isbn><isbn10>1612130615</isbn10><isbn13>9781612130613</isbn13></isbn><isbn><isbn10>1612130607</isbn10><isbn13>9781612130606</isbn13></isbn><isbn><isbn10>0345803507</isbn10><isbn13>9780345803504</isbn13></isbn><isbn><isbn10>0385537697</isbn10><isbn13>9780385537698</isbn13></isbn></isbns><buy_links><buy_link><name>Local Booksellers</name><url>http://www.indiebound.org/book/9781612130613?aff=NYT</url></buy_link><buy_link><name>Barnes and Noble</name><url>http://www.anrdoezrs.net/click-7990613-11819508?url=http%3A%2F%2Fwww.barnesandnoble.com%2Fw%2F%3Fean%3D9781612130613</url></buy_link><buy_link><name>Amazon</name><url>http://www.amazon.com/Fifty-Shades-Freed-Three-Trilogy/dp/0345803507?tag=NYTBS-20</url></buy_link></buy_links></book><book><rank>4</rank><rank_last_week>6</rank_last_week><weeks_on_list>8</weeks_on_list><asterisk>0</asterisk><dagger>0</dagger><primary_isbn10>0446542180</primary_isbn10><primary_isbn13>9780446542180</primary_isbn13><publisher>Grand Central Publishing</publisher><description>A Marine returning home sets out to track down the woman whose photo he found in Iraq.</description><price>0</price><title>THE LUCKY ONE</title><author>Nicholas Sparks</author><contributor>by Nicholas Sparks</contributor><contributor_note></contributor_note><book_image>https://s1.nyt.com/du/books/images/9780446542180.jpg</book_image><book_image_width>330</book_image_width><book_image_height>440</book_image_height><amazon_product_url>http://www.amazon.com/The-Lucky-One-Nicholas-Sparks-ebook/dp/B0018QQQK8?tag=NYTBS-20</amazon_product_url><age_group></age_group><book_review_link></book_review_link><first_chapter_link></first_chapter_link><sunday_review_link></sunday_review_link><article_chapter_link></article_chapter_link><isbns><isbn><isbn10>0446618322</isbn10><isbn13>9780446618328</isbn13></isbn><isbn><isbn10>0446698342</isbn10><isbn13>9780446698344</isbn13></isbn><isbn><isbn10>0446542180</isbn10><isbn13>9780446542180</isbn13></isbn><isbn><isbn10>1455508969</isbn10><isbn13>9781455508969</isbn13></isbn><isbn><isbn10>1455508977</isbn10><isbn13>9781455508976</isbn13></isbn><isbn><isbn10>0446579939</isbn10><isbn13>9780446579933</isbn13></isbn></isbns><buy_links><buy_link><name>Local Booksellers</name><url>http://www.indiebound.org/book/9780446542180?aff=NYT</url></buy_link><buy_link><name>Barnes and Noble</name><url>http://www.anrdoezrs.net/click-7990613-11819508?url=http%3A%2F%2Fwww.barnesandnoble.com%2Fw%2F%3Fean%3D9780446542180</url></buy_link><buy_link><name>Amazon</name><url>http://www.amazon.com/The-Lucky-One-Nicholas-Sparks-ebook/dp/B0018QQQK8?tag=NYTBS-20</url></buy_link></buy_links></book><book><rank>5</rank><rank_last_week>0</rank_last_week><weeks_on_list>1</weeks_on_list><asterisk>0</asterisk><dagger>0</dagger><primary_isbn10>1451668937</primary_isbn10><primary_isbn13>9781451668933</primary_isbn13><publisher><![CDATA[Simon & Schuster]]></publisher><description>When a biblical scholar who made an amazing discovery is murdered, his daughter hunts for the killer.</description><price>0</price><title>THE LOST YEARS</title><author>Mary Higgins Clark</author><contributor>by Mary Higgins Clark</contributor><contributor_note></contributor_note><book_image>https://s1.nyt.com/du/books/images/9781451668865.jpg</book_image><book_image_width>128</book_image_width><book_image_height>193</book_image_height><amazon_product_url>http://www.amazon.com/Lost-Years-Mary-Higgins-Clark-ebook/dp/B005IGYXFE?tag=NYTBS-20</amazon_product_url><age_group></age_group><book_review_link></book_review_link><first_chapter_link></first_chapter_link><sunday_review_link></sunday_review_link><article_chapter_link></article_chapter_link><isbns><isbn><isbn10>1451668864</isbn10><isbn13>9781451668865</isbn13></isbn><isbn><isbn10>1451668937</isbn10><isbn13>9781451668933</isbn13></isbn><isbn><isbn10>1410445909</isbn10><isbn13>9781410445902</isbn13></isbn><isbn><isbn10>1451668929</isbn10><isbn13>9781451668926</isbn13></isbn></isbns><buy_links><buy_link><name>Local Booksellers</name><url>http://www.indiebound.org/book/9781451668933?aff=NYT</url></buy_link><buy_link><name>Barnes and Noble</name><url>http://www.anrdoezrs.net/click-7990613-11819508?url=http%3A%2F%2Fwww.barnesandnoble.com%2Fw%2F%3Fean%3D9781451668933</url></buy_link><buy_link><name>Amazon</name><url>http://www.amazon.com/Lost-Years-Mary-Higgins-Clark-ebook/dp/B005IGYXFE?tag=NYTBS-20</url></buy_link></buy_links></book><book><rank>6</rank><rank_last_week>3</rank_last_week><weeks_on_list>2</weeks_on_list><asterisk>0</asterisk><dagger>0</dagger><primary_isbn10>0316097578</primary_isbn10><primary_isbn13>9780316097574</primary_isbn13><publisher><![CDATA[Little, Brown & Company]]></publisher><description>Four friends in Monte Carlo for a luxurious girls’ vacation find themselves in prison.</description><price>0</price><title>GUILTY WIVES</title><author>James Patterson and David Ellis</author><contributor>by James Patterson and David Ellis</contributor><contributor_note></contributor_note><book_image>https://s1.nyt.com/du/books/images/9780316097574.jpg</book_image><book_image_width>276</book_image_width><book_image_height>495</book_image_height><amazon_product_url>http://www.amazon.com/Guilty-Wives-James-Patterson-ebook/dp/B004QX07EQ?tag=NYTBS-20</amazon_product_url><age_group></age_group><book_review_link></book_review_link><first_chapter_link></first_chapter_link><sunday_review_link></sunday_review_link><article_chapter_link></article_chapter_link><isbns><isbn><isbn10>031609756X</isbn10><isbn13>9780316097567</isbn13></isbn><isbn><isbn10>0316189278</isbn10><isbn13>9780316189279</isbn13></isbn><isbn><isbn10>0316097578</isbn10><isbn13>9780316097574</isbn13></isbn><isbn><isbn10>1455506664</isbn10><isbn13>9781455506668</isbn13></isbn><isbn><isbn10>0446571881</isbn10><isbn13>9780446571883</isbn13></isbn></isbns><buy_links><buy_link><name>Local Booksellers</name><url>http://www.indiebound.org/book/9780316097574?aff=NYT</url></buy_link><buy_link><name>Barnes and Noble</name><url>http://www.anrdoezrs.net/click-7990613-11819508?url=http%3A%2F%2Fwww.barnesandnoble.com%2Fw%2F%3Fean%3D9780316097574</url></buy_link><buy_link><name>Amazon</name><url>http://www.amazon.com/Guilty-Wives-James-Patterson-ebook/dp/B004QX07EQ?tag=NYTBS-20</url></buy_link></buy_links></book><book><rank>7</rank><rank_last_week>12</rank_last_week><weeks_on_list>26</weeks_on_list><asterisk>0</asterisk><dagger>0</dagger><primary_isbn10>0553897845</primary_isbn10><primary_isbn13>9780553897845</primary_isbn13><publisher>Random House Publishing</publisher><description>In the frozen wastes to the north of Winterfell, sinister and supernatural forces are mustering.</description><price>0</price><title>A GAME OF THRONES</title><author>George R R Martin</author><contributor>by George R. R. Martin</contributor><contributor_note></contributor_note><book_image>https://s1.nyt.com/du/books/images/9780553897845.jpg</book_image><book_image_width>301</book_image_width><book_image_height>495</book_image_height><amazon_product_url>http://www.amazon.com/Game-Thrones-Song-Fire-Book-ebook/dp/B000QCS8TW?tag=NYTBS-20</amazon_product_url><age_group></age_group><book_review_link></book_review_link><first_chapter_link></first_chapter_link><sunday_review_link></sunday_review_link><article_chapter_link>https://www.nytimes.com/2011/04/10/arts/television/game-of-thrones-on-hbo-from-george-r-r-martin-novels.html</article_chapter_link><isbns><isbn><isbn10>0553573403</isbn10><isbn13>9780553573404</isbn13></isbn><isbn><isbn10>0553386794</isbn10><isbn13>9780553386790</isbn13></isbn><isbn><isbn10>0553381687</isbn10><isbn13>9780553381689</isbn13></isbn><isbn><isbn10>0553593714</isbn10><isbn13>9780553593716</isbn13></isbn><isbn><isbn10>0553897845</isbn10><isbn13>9780553897845</isbn13></isbn><isbn><isbn10>0553103547</isbn10><isbn13>9780553103540</isbn13></isbn><isbn><isbn10>044042321X</isbn10><isbn13>9780440423218</isbn13></isbn><isbn><isbn10>0553588486</isbn10><isbn13>9780553588484</isbn13></isbn><isbn><isbn10>0345535537</isbn10><isbn13>9780345535535</isbn13></isbn></isbns><buy_links><buy_link><name>Local Booksellers</name><url>http://www.indiebound.org/book/9780553897845?aff=NYT</url></buy_link><buy_link><name>Barnes and Noble</name><url>http://www.anrdoezrs.net/click-7990613-11819508?url=http%3A%2F%2Fwww.barnesandnoble.com%2Fw%2F%3Fean%3D9780553897845</url></buy_link><buy_link><name>Amazon</name><url>http://www.amazon.com/Game-Thrones-Song-Fire-Book-ebook/dp/B000QCS8TW?tag=NYTBS-20</url></buy_link></buy_links></book><book><rank>8</rank><rank_last_week>0</rank_last_week><weeks_on_list>1</weeks_on_list><asterisk>0</asterisk><dagger>0</dagger><primary_isbn10>0061779741</primary_isbn10><primary_isbn13>9780061779749</primary_isbn13><publisher>HarperCollins Publishers</publisher><description>Did Vincent van Gogh really kill himself? His friends in the 19th-century Parisian art world set out to discover the truth.</description><price>0</price><title>SACRÉ BLEU</title><author>Christopher Moore</author><contributor>by Christopher Moore</contributor><contributor_note></contributor_note><book_image>https://s1.nyt.com/du/books/images/9780061779749.jpg</book_image><book_image_width>311</book_image_width><book_image_height>495</book_image_height><amazon_product_url>http://www.amazon.com/Sacre-Bleu-A-Comedy-dArt-ebook/dp/B005UD1GQY?tag=NYTBS-20</amazon_product_url><age_group></age_group><book_review_link></book_review_link><first_chapter_link></first_chapter_link><sunday_review_link></sunday_review_link><article_chapter_link></article_chapter_link><isbns><isbn><isbn10>0061779741</isbn10><isbn13>9780061779749</isbn13></isbn><isbn><isbn10>0062101242</isbn10><isbn13>9780062101242</isbn13></isbn></isbns><buy_links><buy_link><name>Local Booksellers</name><url>http://www.indiebound.org/book/9780061779749?aff=NYT</url></buy_link><buy_link><name>Barnes and Noble</name><url>http://www.anrdoezrs.net/click-7990613-11819508?url=http%3A%2F%2Fwww.barnesandnoble.com%2Fw%2F%3Fean%3D9780061779749</url></buy_link><buy_link><name>Amazon</name><url>http://www.amazon.com/Sacre-Bleu-A-Comedy-dArt-ebook/dp/B005UD1GQY?tag=NYTBS-20</url></buy_link></buy_links></book><book><rank>9</rank><rank_last_week>0</rank_last_week><weeks_on_list>1</weeks_on_list><asterisk>0</asterisk><dagger>0</dagger><primary_isbn10>0307378403</primary_isbn10><primary_isbn13>9780307378408</primary_isbn13><publisher>Knopf Doubleday Publishing</publisher><description>The 13th novel in the No. 1 Ladies’ Detective Agency series.</description><price>0</price><title>THE LIMPOPO ACADEMY OF PRIVATE DETECTION</title><author>Alexander McCall Smith</author><contributor>by Alexander McCall Smith</contributor><contributor_note></contributor_note><book_image>https://s1.nyt.com/du/books/images/9780307907158.jpg</book_image><book_image_width>328</book_image_width><book_image_height>495</book_image_height><amazon_product_url>http://www.amazon.com/The-Limpopo-Academy-Private-Detection-ebook/dp/B005PRJQ2G?tag=NYTBS-20</amazon_product_url><age_group></age_group><book_review_link></book_review_link><first_chapter_link></first_chapter_link><sunday_review_link></sunday_review_link><article_chapter_link></article_chapter_link><isbns><isbn><isbn10>0307378403</isbn10><isbn13>9780307378408</isbn13></isbn><isbn><isbn10>0307907155</isbn10><isbn13>9780307907158</isbn13></isbn><isbn><isbn10>030747299X</isbn10><isbn13>9780307472991</isbn13></isbn></isbns><buy_links><buy_link><name>Local Booksellers</name><url>http://www.indiebound.org/book/9780307378408?aff=NYT</url></buy_link><buy_link><name>Barnes and Noble</name><url>http://www.anrdoezrs.net/click-7990613-11819508?url=http%3A%2F%2Fwww.barnesandnoble.com%2Fw%2F%3Fean%3D9780307378408</url></buy_link><buy_link><name>Amazon</name><url>http://www.amazon.com/The-Limpopo-Academy-Private-Detection-ebook/dp/B005PRJQ2G?tag=NYTBS-20</url></buy_link></buy_links></book><book><rank>10</rank><rank_last_week>10</rank_last_week><weeks_on_list>33</weeks_on_list><asterisk>0</asterisk><dagger>0</dagger><primary_isbn10>0307593673</primary_isbn10><primary_isbn13>9780307593672</primary_isbn13><publisher>Knopf Doubleday Publishing</publisher><description>Volume 3 of the Millennium trilogy, about a Swedish hacker and a journalist.</description><price>0</price><title>THE GIRL WHO KICKED THE HORNET’S NEST</title><author>Stieg Larsson</author><contributor>by Stieg Larsson</contributor><contributor_note></contributor_note><book_image>https://s1.nyt.com/du/books/images/9780307593672.jpg</book_image><book_image_width>330</book_image_width><book_image_height>485</book_image_height><amazon_product_url>http://www.amazon.com/Girl-Kicked-Hornets-Millennium-Trilogy/dp/030726999X?tag=NYTBS-20</amazon_product_url><age_group></age_group><book_review_link>https://www.nytimes.com/2010/05/21/books/21book.html</book_review_link><first_chapter_link></first_chapter_link><sunday_review_link>https://www.nytimes.com/2010/05/30/books/review/Kamp-t.html</sunday_review_link><article_chapter_link></article_chapter_link><isbns><isbn><isbn10>030726999X</isbn10><isbn13>9780307269997</isbn13></isbn><isbn><isbn10>0307593673</isbn10><isbn13>9780307593672</isbn13></isbn><isbn><isbn10>073937771X</isbn10><isbn13>9780739377710</isbn13></isbn><isbn><isbn10>0307454568</isbn10><isbn13>9780307454560</isbn13></isbn><isbn><isbn10>0307742539</isbn10><isbn13>9780307742537</isbn13></isbn><isbn><isbn10>1849162743</isbn10><isbn13>9781849162746</isbn13></isbn></isbns><buy_links><buy_link><name>Local Booksellers</name><url>http://www.indiebound.org/book/9780307593672?aff=NYT</url></buy_link><buy_link><name>Barnes and Noble</name><url>http://www.anrdoezrs.net/click-7990613-11819508?url=http%3A%2F%2Fwww.barnesandnoble.com%2Fw%2F%3Fean%3D9780307593672</url></buy_link><buy_link><name>Amazon</name><url>http://www.amazon.com/Girl-Kicked-Hornets-Millennium-Trilogy/dp/030726999X?tag=NYTBS-20</url></buy_link></buy_links></book><book><rank>11</rank><rank_last_week>0</rank_last_week><weeks_on_list>1</weeks_on_list><asterisk>0</asterisk><dagger>0</dagger><primary_isbn10>0062098063</primary_isbn10><primary_isbn13>9780062098061</primary_isbn13><publisher>HarperCollins Publishers</publisher><description>Childhood sweethearts in turn-of-the-20th-century Italy meet again in America.</description><price>0</price><title>THE SHOEMAKER’S WIFE</title><author>Adriana Trigiani</author><contributor>by Adriana Trigiani</contributor><contributor_note></contributor_note><book_image>https://s1.nyt.com/du/books/images/9780061257094.jpg</book_image><book_image_width>327</book_image_width><book_image_height>495</book_image_height><amazon_product_url>http://www.amazon.com/The-Shoemakers-Wife-A-Novel/dp/0061257109?tag=NYTBS-20</amazon_product_url><age_group></age_group><book_review_link></book_review_link><first_chapter_link></first_chapter_link><sunday_review_link></sunday_review_link><article_chapter_link></article_chapter_link><isbns><isbn><isbn10>0061257095</isbn10><isbn13>9780061257094</isbn13></isbn><isbn><isbn10>0062098063</isbn10><isbn13>9780062098061</isbn13></isbn><isbn><isbn10>0062107224</isbn10><isbn13>9780062107220</isbn13></isbn><isbn><isbn10>0061257109</isbn10><isbn13>9780061257100</isbn13></isbn></isbns><buy_links><buy_link><name>Local Booksellers</name><url>http://www.indiebound.org/book/9780062098061?aff=NYT</url></buy_link><buy_link><name>Barnes and Noble</name><url>http://www.anrdoezrs.net/click-7990613-11819508?url=http%3A%2F%2Fwww.barnesandnoble.com%2Fw%2F%3Fean%3D9780062098061</url></buy_link><buy_link><name>Amazon</name><url>http://www.amazon.com/The-Shoemakers-Wife-A-Novel/dp/0061257109?tag=NYTBS-20</url></buy_link></buy_links></book><book><rank>12</rank><rank_last_week>9</rank_last_week><weeks_on_list>3</weeks_on_list><asterisk>0</asterisk><dagger>0</dagger><primary_isbn10>None</primary_isbn10><primary_isbn13>9781101561171</primary_isbn13><publisher>Penguin Group</publisher><description>A disappearance in Atlantic City brings together three frustrated people whose lives were once connected.</description><price>0</price><title>STAY CLOSE</title><author>Harlan Coben</author><contributor>by Harlan Coben</contributor><contributor_note></contributor_note><book_image>https://s1.nyt.com/du/books/images/9781101561171.jpg</book_image><book_image_width>328</book_image_width><book_image_height>495</book_image_height><amazon_product_url>http://www.amazon.com/Stay-Close-Harlan-Coben/dp/0451233964?tag=NYTBS-20</amazon_product_url><age_group></age_group><book_review_link></book_review_link><first_chapter_link></first_chapter_link><sunday_review_link></sunday_review_link><article_chapter_link></article_chapter_link><isbns><isbn><isbn10>0525952276</isbn10><isbn13>9780525952275</isbn13></isbn><isbn><isbn10>0451233964</isbn10><isbn13>9780451233967</isbn13></isbn></isbns><buy_links><buy_link><name>Local Booksellers</name><url>http://www.indiebound.org/book/9781101561171?aff=NYT</url></buy_link><buy_link><name>Barnes and Noble</name><url>http://www.anrdoezrs.net/click-7990613-11819508?url=http%3A%2F%2Fwww.barnesandnoble.com%2Fw%2F%3Fean%3D9781101561171</url></buy_link><buy_link><name>Amazon</name><url>http://www.amazon.com/Stay-Close-Harlan-Coben/dp/0451233964?tag=NYTBS-20</url></buy_link></buy_links></book><book><rank>13</rank><rank_last_week>8</rank_last_week><weeks_on_list>2</weeks_on_list><asterisk>0</asterisk><dagger>0</dagger><primary_isbn10>0345532341</primary_isbn10><primary_isbn13>9780345532343</primary_isbn13><publisher>Random House Publishing</publisher><description>A happy and successful Hollywood director discovers that someone is embezzling large sums of her money.</description><price>0</price><title>BETRAYAL</title><author>Danielle Steel</author><contributor>by Danielle Steel</contributor><contributor_note></contributor_note><book_image>https://s1.nyt.com/du/books/images/9780440245223.jpg</book_image><book_image_width>302</book_image_width><book_image_height>495</book_image_height><amazon_product_url>http://www.amazon.com/Betrayal-A-Novel-Danielle-Steel-ebook/dp/B005BUG6TI?tag=NYTBS-20</amazon_product_url><age_group></age_group><book_review_link></book_review_link><first_chapter_link></first_chapter_link><sunday_review_link></sunday_review_link><article_chapter_link></article_chapter_link><isbns><isbn><isbn10>0385343191</isbn10><isbn13>9780385343190</isbn13></isbn><isbn><isbn10>0345532341</isbn10><isbn13>9780345532343</isbn13></isbn><isbn><isbn10>0739378457</isbn10><isbn13>9780739378458</isbn13></isbn><isbn><isbn10>0440245222</isbn10><isbn13>9780440245223</isbn13></isbn></isbns><buy_links><buy_link><name>Local Booksellers</name><url>http://www.indiebound.org/book/9780345532343?aff=NYT</url></buy_link><buy_link><name>Barnes and Noble</name><url>http://www.anrdoezrs.net/click-7990613-11819508?url=http%3A%2F%2Fwww.barnesandnoble.com%2Fw%2F%3Fean%3D9780345532343</url></buy_link><buy_link><name>Amazon</name><url>http://www.amazon.com/Betrayal-A-Novel-Danielle-Steel-ebook/dp/B005BUG6TI?tag=NYTBS-20</url></buy_link></buy_links></book><book><rank>14</rank><rank_last_week>11</rank_last_week><weeks_on_list>10</weeks_on_list><asterisk>0</asterisk><dagger>0</dagger><primary_isbn10>0345527593</primary_isbn10><primary_isbn13>9780345527592</primary_isbn13><publisher>Delacorte Press</publisher><description>An assistant district attorney’s life is shaken when his 14-year-old son is accused of murder.</description><price>0</price><title>DEFENDING JACOB</title><author>William Landay</author><contributor>by William Landay</contributor><contributor_note></contributor_note><book_image>https://s1.nyt.com/du/books/images/9780345527592.jpg</book_image><book_image_width>300</book_image_width><book_image_height>495</book_image_height><amazon_product_url>http://www.amazon.com/Defending-Jacob-Novel-William-Landay/dp/0385344228?tag=NYTBS-20</amazon_product_url><age_group></age_group><book_review_link>https://www.nytimes.com/2012/02/13/books/defending-jacob-by-william-landay.html</book_review_link><first_chapter_link></first_chapter_link><sunday_review_link></sunday_review_link><article_chapter_link></article_chapter_link><isbns><isbn><isbn10>0385344228</isbn10><isbn13>9780385344227</isbn13></isbn><isbn><isbn10>0345527593</isbn10><isbn13>9780345527592</isbn13></isbn><isbn><isbn10>1410446948</isbn10><isbn13>9781410446947</isbn13></isbn><isbn><isbn10>044024613X</isbn10><isbn13>9780440246138</isbn13></isbn><isbn><isbn10>0345533666</isbn10><isbn13>9780345533661</isbn13></isbn></isbns><buy_links><buy_link><name>Local Booksellers</name><url>http://www.indiebound.org/book/9780345527592?aff=NYT</url></buy_link><buy_link><name>Barnes and Noble</name><url>http://www.anrdoezrs.net/click-7990613-11819508?url=http%3A%2F%2Fwww.barnesandnoble.com%2Fw%2F%3Fean%3D9780345527592</url></buy_link><buy_link><name>Amazon</name><url>http://www.amazon.com/Defending-Jacob-Novel-William-Landay/dp/0385344228?tag=NYTBS-20</url></buy_link></buy_links></book><book><rank>15</rank><rank_last_week>0</rank_last_week><weeks_on_list>1</weeks_on_list><asterisk>0</asterisk><dagger>0</dagger><primary_isbn10>None</primary_isbn10><primary_isbn13>A00B00790TI0W</primary_isbn13><publisher>Jennifer Probst</publisher><description>A billionaire who needs a wife offers a one-year marriage in name only to a bookstore owner who must save her family home, but complications ensue.</description><price>0</price><title>THE MARRIAGE BARGAIN</title><author>Jennifer Probst</author><contributor>by Jennifer Probst</contributor><contributor_note></contributor_note><book_image>https://s1.nyt.com/du/books/images/9781620612798.jpg</book_image><book_image_width>128</book_image_width><book_image_height>203</book_image_height><amazon_product_url>http://www.amazon.com/The-Marriage-Bargain-Billionaire/dp/1620612798?tag=NYTBS-20</amazon_product_url><age_group></age_group><book_review_link></book_review_link><first_chapter_link></first_chapter_link><sunday_review_link></sunday_review_link><article_chapter_link></article_chapter_link><isbns><isbn><isbn10>1937044963</isbn10><isbn13>9781937044961</isbn13></isbn><isbn><isbn10>1622669037</isbn10><isbn13>9781622669035</isbn13></isbn><isbn><isbn10>1620612798</isbn10><isbn13>9781620612798</isbn13></isbn><isbn><isbn10>1620612844</isbn10><isbn13>9781620612842</isbn13></isbn></isbns><buy_links><buy_link><name>Local Booksellers</name><url><![CDATA[http://www.indiebound.org/search/book?searchfor=THE+MARRIAGE+BARGAIN+Jennifer+Probst&aff=NYT]]></url></buy_link><buy_link><name>Barnes and Noble</name><url>http://www.anrdoezrs.net/click-7990613-11819508?url=http%3A%2F%2Fwww.barnesandnoble.com%2Fs%2FTHE+MARRIAGE+BARGAIN+Jennifer+Probst</url></buy_link><buy_link><name>Amazon</name><url>http://www.amazon.com/The-Marriage-Bargain-Billionaire/dp/1620612798?tag=NYTBS-20</url></buy_link></buy_links></book><book><rank>16</rank><rank_last_week>0</rank_last_week><weeks_on_list>0</weeks_on_list><asterisk>0</asterisk><dagger>0</dagger><primary_isbn10>0307272117</primary_isbn10><primary_isbn13>9780307272119</primary_isbn13><publisher>Knopf Doubleday Publishing</publisher><description>A hacker and a journalist investigate the 40-year-old disappearance of a Swedish heiress.</description><price>0</price><title>THE GIRL WITH THE DRAGON TATTOO</title><author>Stieg Larsson</author><contributor>by Stieg Larsson</contributor><contributor_note></contributor_note><book_image>https://s1.nyt.com/du/books/images/9780307949486.jpg</book_image><book_image_width>277</book_image_width><book_image_height>495</book_image_height><amazon_product_url>http://www.amazon.com/Girl-Dragon-Tattoo-Stieg-Larsson/dp/0307269752?tag=NYTBS-20</amazon_product_url><age_group></age_group><book_review_link>https://www.nytimes.com/2008/09/30/books/30kaku.html</book_review_link><first_chapter_link></first_chapter_link><sunday_review_link>https://www.nytimes.com/2008/09/14/books/review/Berenson-t.html</sunday_review_link><article_chapter_link></article_chapter_link><isbns><isbn><isbn10>0307454541</isbn10><isbn13>9780307454546</isbn13></isbn><isbn><isbn10>0307473473</isbn10><isbn13>9780307473479</isbn13></isbn><isbn><isbn10>0307272117</isbn10><isbn13>9780307272119</isbn13></isbn><isbn><isbn10>0739384155</isbn10><isbn13>9780739384152</isbn13></isbn><isbn><isbn10>0307269752</isbn10><isbn13>9780307269751</isbn13></isbn><isbn><isbn10>0307949494</isbn10><isbn13>9780307949493</isbn13></isbn><isbn><isbn10>0307949486</isbn10><isbn13>9780307949486</isbn13></isbn></isbns><buy_links><buy_link><name>Local Booksellers</name><url>http://www.indiebound.org/book/9780307272119?aff=NYT</url></buy_link><buy_link><name>Barnes and Noble</name><url>http://www.anrdoezrs.net/click-7990613-11819508?url=http%3A%2F%2Fwww.barnesandnoble.com%2Fw%2F%3Fean%3D9780307272119</url></buy_link><buy_link><name>Amazon</name><url>http://www.amazon.com/Girl-Dragon-Tattoo-Stieg-Larsson/dp/0307269752?tag=NYTBS-20</url></buy_link></buy_links></book><book><rank>17</rank><rank_last_week>0</rank_last_week><weeks_on_list>0</weeks_on_list><asterisk>0</asterisk><dagger>0</dagger><primary_isbn10>0307272303</primary_isbn10><primary_isbn13>9780307272300</primary_isbn13><publisher>Knopf Doubleday Publishing</publisher><description>In the second volume of the Millennium trilogy, the Swedish hacker Lisbeth Salander becomes a murder suspect.</description><price>0</price><title>THE GIRL WHO PLAYED WITH FIRE</title><author>Stieg Larsson</author><contributor>by Stieg Larsson</contributor><contributor_note></contributor_note><book_image>https://s1.nyt.com/du/books/images/9780307476159.jpg</book_image><book_image_width>302</book_image_width><book_image_height>495</book_image_height><amazon_product_url>http://www.amazon.com/Girl-Played-Fire-Millennium-Trilogy/dp/0307476154?tag=NYTBS-20</amazon_product_url><age_group></age_group><book_review_link>https://www.nytimes.com/2009/07/17/books/17book.html</book_review_link><first_chapter_link>https://www.nytimes.com/2009/07/17/books/excerpt-girl-who-played-with-fire.html</first_chapter_link><sunday_review_link>https://www.nytimes.com/2009/08/16/books/review/Crime-t.html</sunday_review_link><article_chapter_link></article_chapter_link><isbns><isbn><isbn10>030745455X</isbn10><isbn13>9780307454553</isbn13></isbn><isbn><isbn10>0307476154</isbn10><isbn13>9780307476159</isbn13></isbn><isbn><isbn10>0307272303</isbn10><isbn13>9780307272300</isbn13></isbn><isbn><isbn10>0739384163</isbn10><isbn13>9780739384169</isbn13></isbn><isbn><isbn10>0307269981</isbn10><isbn13>9780307269980</isbn13></isbn><isbn><isbn10>0307949508</isbn10><isbn13>9780307949509</isbn13></isbn></isbns><buy_links><buy_link><name>Local Booksellers</name><url>http://www.indiebound.org/book/9780307272300?aff=NYT</url></buy_link><buy_link><name>Barnes and Noble</name><url>http://www.anrdoezrs.net/click-7990613-11819508?url=http%3A%2F%2Fwww.barnesandnoble.com%2Fw%2F%3Fean%3D9780307272300</url></buy_link><buy_link><name>Amazon</name><url>http://www.amazon.com/Girl-Played-Fire-Millennium-Trilogy/dp/0307476154?tag=NYTBS-20</url></buy_link></buy_links></book><book><rank>18</rank><rank_last_week>0</rank_last_week><weeks_on_list>0</weeks_on_list><asterisk>0</asterisk><dagger>0</dagger><primary_isbn10>1455510181</primary_isbn10><primary_isbn13>9781455510184</primary_isbn13><publisher>Grand Central Publishing</publisher><description>A journal reveals Lincoln’s fight against the undead; by the author of “Pride and Prejudice and Zombies."</description><price>0</price><title>ABRAHAM LINCOLN: VAMPIRE HUNTER</title><author>Seth Grahame-Smith</author><contributor>by Seth Grahame-Smith</contributor><contributor_note></contributor_note><book_image>https://s1.nyt.com/du/books/images/9780446563086.jpg</book_image><book_image_width>185</book_image_width><book_image_height>279</book_image_height><amazon_product_url>http://www.amazon.com/Abraham-Lincoln-Vampire-Seth-Grahame-Smith/dp/0446563072?tag=NYTBS-20</amazon_product_url><age_group></age_group><book_review_link></book_review_link><first_chapter_link></first_chapter_link><sunday_review_link></sunday_review_link><article_chapter_link></article_chapter_link><isbns><isbn><isbn10>0446563080</isbn10><isbn13>9780446563086</isbn13></isbn><isbn><isbn10>0446563072</isbn10><isbn13>9780446563079</isbn13></isbn><isbn><isbn10>1455510173</isbn10><isbn13>9781455510177</isbn13></isbn><isbn><isbn10>1455510181</isbn10><isbn13>9781455510184</isbn13></isbn><isbn><isbn10>0446571857</isbn10><isbn13>9780446571852</isbn13></isbn><isbn><isbn10>1849014779</isbn10><isbn13>9781849014779</isbn13></isbn></isbns><buy_links><buy_link><name>Local Booksellers</name><url>http://www.indiebound.org/book/9781455510184?aff=NYT</url></buy_link><buy_link><name>Barnes and Noble</name><url>http://www.anrdoezrs.net/click-7990613-11819508?url=http%3A%2F%2Fwww.barnesandnoble.com%2Fw%2F%3Fean%3D9781455510184</url></buy_link><buy_link><name>Amazon</name><url>http://www.amazon.com/Abraham-Lincoln-Vampire-Seth-Grahame-Smith/dp/0446563072?tag=NYTBS-20</url></buy_link></buy_links></book><book><rank>19</rank><rank_last_week>0</rank_last_week><weeks_on_list>0</weeks_on_list><asterisk>0</asterisk><dagger>0</dagger><primary_isbn10>None</primary_isbn10><primary_isbn13>9781101576977</primary_isbn13><publisher>New American Library</publisher><description>As war with the Lessening Society rages and a new vampire clan vies for the Blind King’s throne, the heartbroken Tohr struggles between an unforgettable past and a passion-filled future.</description><price>0</price><title>LOVER REBORN</title><author>J R Ward</author><contributor>by J. R. Ward</contributor><contributor_note></contributor_note><book_image>https://s1.nyt.com/du/books/images/9780451238283.jpg</book_image><book_image_width>128</book_image_width><book_image_height>194</book_image_height><amazon_product_url>http://www.amazon.com/Lover-Reborn-Novel-Dagger-Brotherhood-ebook/dp/B006LU0GYS?tag=NYTBS-20</amazon_product_url><age_group></age_group><book_review_link></book_review_link><first_chapter_link></first_chapter_link><sunday_review_link></sunday_review_link><article_chapter_link></article_chapter_link><isbns><isbn><isbn10>0451235843</isbn10><isbn13>9780451235848</isbn13></isbn><isbn><isbn10>0451238281</isbn10><isbn13>9780451238283</isbn13></isbn></isbns><buy_links><buy_link><name>Local Booksellers</name><url>http://www.indiebound.org/book/9781101576977?aff=NYT</url></buy_link><buy_link><name>Barnes and Noble</name><url>http://www.anrdoezrs.net/click-7990613-11819508?url=http%3A%2F%2Fwww.barnesandnoble.com%2Fw%2F%3Fean%3D9781101576977</url></buy_link><buy_link><name>Amazon</name><url>http://www.amazon.com/Lover-Reborn-Novel-Dagger-Brotherhood-ebook/dp/B006LU0GYS?tag=NYTBS-20</url></buy_link></buy_links></book><book><rank>20</rank><rank_last_week>0</rank_last_week><weeks_on_list>0</weeks_on_list><asterisk>0</asterisk><dagger>0</dagger><primary_isbn10>044024630X</primary_isbn10><primary_isbn13>9780440246305</primary_isbn13><publisher>Delacorte</publisher><description>For Jack Reacher, an elite military police officer, it all started in 1997. A lonely railroad track. A crime scene. A cover-up.</description><price>0</price><title>THE AFFAIR</title><author>Lee Child</author><contributor>by Lee Child</contributor><contributor_note></contributor_note><book_image>https://s1.nyt.com/du/books/images/9780440339359.jpg</book_image><book_image_width>325</book_image_width><book_image_height>495</book_image_height><amazon_product_url>http://www.amazon.com/Affair-bonus-short-story-Second-ebook/dp/B004P8JPS6?tag=NYTBS-20</amazon_product_url><age_group></age_group><book_review_link>https://www.nytimes.com/2011/09/20/books/the-affair-by-lee-child-gives-reacher-a-back-story.html</book_review_link><first_chapter_link></first_chapter_link><sunday_review_link></sunday_review_link><article_chapter_link></article_chapter_link><isbns><isbn><isbn10>0385344325</isbn10><isbn13>9780385344326</isbn13></isbn><isbn><isbn10>0440339359</isbn10><isbn13>9780440339359</isbn13></isbn><isbn><isbn10>044024630X</isbn10><isbn13>9780440246305</isbn13></isbn></isbns><buy_links><buy_link><name>Local Booksellers</name><url>http://www.indiebound.org/book/9780440246305?aff=NYT</url></buy_link><buy_link><name>Barnes and Noble</name><url>http://www.anrdoezrs.net/click-7990613-11819508?url=http%3A%2F%2Fwww.barnesandnoble.com%2Fw%2F%3Fean%3D9780440246305</url></buy_link><buy_link><name>Amazon</name><url>http://www.amazon.com/Affair-bonus-short-story-Second-ebook/dp/B004P8JPS6?tag=NYTBS-20</url></buy_link></buy_links></book></books><corrections/></results></result_set>
