<?xml version="1.0" encoding="UTF-8"?>
<result_set><status>OK</status><copyright>Copyright (c) 2018 The New York Times Company.  All Rights Reserved.</copyright><num_results>35</num_results><last_modified>2016-04-28T15:03:27-04:00</last_modified><results><list_name>Combined Print and E-Book Fiction</list_name><list_name_encoded>combined-print-and-e-book-fiction</list_name_encoded><bestsellers_date>2012-05-12</bestsellers_date><published_date>2012-05-27</published_date><published_date_description></published_date_description><next_published_date>2012-06-03</next_published_date><previous_published_date>2012-05-20</previous_published_date><display_name><![CDATA[Combined Print & E-Book Fiction]]></display_name><normal_list_ends_at>15</normal_list_ends_at><updated>WEEKLY</updated><books><book><rank>1</rank><rank_last_week>1</rank_last_week><weeks_on_list>11</weeks_on_list><asterisk>0</asterisk><dagger>0</dagger><primary_isbn10>0345803485</primary_isbn10><primary_isbn13>9780345803481</primary_isbn13><publisher>Knopf Doubleday Publishing</publisher><description>An inexperienced college student falls in love with a tortured man who has particular sexual tastes; the first book in a trilogy.</description><price>0</price><title>FIFTY SHADES OF GREY</title><author>E L James</author><contributor>by E. L. James</contributor><contributor_note></contributor_note><book_image>https://s1.nyt.com/du/books/images/9780345803481.jpg</book_image><book_image_width>125</book_image_width><book_image_height>193</book_image_height><amazon_product_url>http://www.amazon.com/Fifty-Shades-Grey-Book-Trilogy/dp/0345803485?tag=NYTBS-20</amazon_product_url><age_group></age_group><book_review_link></book_review_link><first_chapter_link></first_chapter_link><sunday_review_link></sunday_review_link><article_chapter_link></article_chapter_link><isbns><isbn><isbn10>1612130283</isbn10><isbn13>9781612130286</isbn13></isbn><isbn><isbn10>0345803485</isbn10><isbn13>9780345803481</isbn13></isbn><isbn><isbn10>0099579936</isbn10><isbn13>9780099579939</isbn13></isbn><isbn><isbn10>0385363125</isbn10><isbn13>9780385363129</isbn13></isbn><isbn><isbn10>0385537670</isbn10><isbn13>9780385537674</isbn13></isbn><isbn><isbn10>0345806751</isbn10><isbn13>9780345806758</isbn13></isbn><isbn><isbn10>0804172072</isbn10><isbn13>9780804172073</isbn13></isbn><isbn><isbn10>0345805151</isbn10><isbn13>9780345805157</isbn13></isbn></isbns><buy_links><buy_link><name>Local Booksellers</name><url>http://www.indiebound.org/book/9780345803481?aff=NYT</url></buy_link><buy_link><name>Barnes and Noble</name><url>http://www.anrdoezrs.net/click-7990613-11819508?url=http%3A%2F%2Fwww.barnesandnoble.com%2Fw%2F%3Fean%3D9780345803481</url></buy_link><buy_link><name>Amazon</name><url>http://www.amazon.com/Fifty-Shades-Grey-Book-Trilogy/dp/0345803485?tag=NYTBS-20</url></buy_link></buy_links></book><book><rank>2</rank><rank_last_week>2</rank_last_week><weeks_on_list>11</weeks_on_list><asterisk>0</asterisk><dagger>0</dagger><primary_isbn10>1612130593</primary_isbn10><primary_isbn13>9781612130590</primary_isbn13><publisher>Knopf Doubleday Publishing</publisher><description>Ana Steele learns more about Christian Grey’s troubled past; the second book in a trilogy.</description><price>0</price><title>FIFTY SHADES DARKER</title><author>E L James</author><contributor>by E. L. James</contributor><contributor_note></contributor_note><book_image>https://s1.nyt.com/du/books/images/9780345803498.jpg</book_image><book_image_width>328</book_image_width><book_image_height>495</book_image_height><amazon_product_url>http://www.amazon.com/Fifty-Shades-Darker-E-James/dp/0345803493?tag=NYTBS-20</amazon_product_url><age_group></age_group><book_review_link></book_review_link><first_chapter_link></first_chapter_link><sunday_review_link></sunday_review_link><article_chapter_link></article_chapter_link><isbns><isbn><isbn10>1612130593</isbn10><isbn13>9781612130590</isbn13></isbn><isbn><isbn10>1612130585</isbn10><isbn13>9781612130583</isbn13></isbn><isbn><isbn10>0345803493</isbn10><isbn13>9780345803498</isbn13></isbn><isbn><isbn10>1448149460</isbn10><isbn13>9781448149469</isbn13></isbn><isbn><isbn10>0385363133</isbn10><isbn13>9780385363136</isbn13></isbn><isbn><isbn10>0099579928</isbn10><isbn13>9780099579922</isbn13></isbn><isbn><isbn10>0385537689</isbn10><isbn13>9780385537681</isbn13></isbn><isbn><isbn10>0606264485</isbn10><isbn13>9780606264488</isbn13></isbn><isbn><isbn10>0525431888</isbn10><isbn13>9780525431886</isbn13></isbn><isbn><isbn10>0525434860</isbn10><isbn13>9780525434863</isbn13></isbn></isbns><buy_links><buy_link><name>Local Booksellers</name><url>http://www.indiebound.org/book/9781612130590?aff=NYT</url></buy_link><buy_link><name>Barnes and Noble</name><url>http://www.anrdoezrs.net/click-7990613-11819508?url=http%3A%2F%2Fwww.barnesandnoble.com%2Fw%2F%3Fean%3D9781612130590</url></buy_link><buy_link><name>Amazon</name><url>http://www.amazon.com/Fifty-Shades-Darker-E-James/dp/0345803493?tag=NYTBS-20</url></buy_link></buy_links></book><book><rank>3</rank><rank_last_week>3</rank_last_week><weeks_on_list>10</weeks_on_list><asterisk>0</asterisk><dagger>0</dagger><primary_isbn10>1612130615</primary_isbn10><primary_isbn13>9781612130613</primary_isbn13><publisher>Knopf Doubleday Publishing</publisher><description>The final book in an erotic trilogy.</description><price>0</price><title>FIFTY SHADES FREED</title><author>E L James</author><contributor>by E. L. James</contributor><contributor_note></contributor_note><book_image>https://s1.nyt.com/du/books/images/9781612130606.jpg</book_image><book_image_width>330</book_image_width><book_image_height>495</book_image_height><amazon_product_url>http://www.amazon.com/Fifty-Shades-Freed-Three-Trilogy/dp/0345803507?tag=NYTBS-20</amazon_product_url><age_group></age_group><book_review_link></book_review_link><first_chapter_link></first_chapter_link><sunday_review_link></sunday_review_link><article_chapter_link></article_chapter_link><isbns><isbn><isbn10>1612130615</isbn10><isbn13>9781612130613</isbn13></isbn><isbn><isbn10>1612130607</isbn10><isbn13>9781612130606</isbn13></isbn><isbn><isbn10>0345803507</isbn10><isbn13>9780345803504</isbn13></isbn><isbn><isbn10>0385537697</isbn10><isbn13>9780385537698</isbn13></isbn></isbns><buy_links><buy_link><name>Local Booksellers</name><url>http://www.indiebound.org/book/9781612130613?aff=NYT</url></buy_link><buy_link><name>Barnes and Noble</name><url>http://www.anrdoezrs.net/click-7990613-11819508?url=http%3A%2F%2Fwww.barnesandnoble.com%2Fw%2F%3Fean%3D9781612130613</url></buy_link><buy_link><name>Amazon</name><url>http://www.amazon.com/Fifty-Shades-Freed-Three-Trilogy/dp/0345803507?tag=NYTBS-20</url></buy_link></buy_links></book><book><rank>4</rank><rank_last_week>0</rank_last_week><weeks_on_list>1</weeks_on_list><asterisk>0</asterisk><dagger>0</dagger><primary_isbn10>0316097489</primary_isbn10><primary_isbn13>9780316097482</primary_isbn13><publisher><![CDATA[Little, Brown & Company]]></publisher><description>Detective Lindsay Boxer and the Women’s Murder Club investigate a possible serial killer.</description><price>0</price><title>11TH HOUR</title><author>James Patterson and Maxine Paetro</author><contributor>by James Patterson and Maxine Paetro</contributor><contributor_note></contributor_note><book_image>https://s1.nyt.com/du/books/images/9780446571821.jpg</book_image><book_image_width>322</book_image_width><book_image_height>495</book_image_height><amazon_product_url>http://www.amazon.com/11th-Hour-Womens-Murder-Club/dp/0446571830?tag=NYTBS-20</amazon_product_url><age_group></age_group><book_review_link></book_review_link><first_chapter_link></first_chapter_link><sunday_review_link></sunday_review_link><article_chapter_link></article_chapter_link><isbns><isbn><isbn10>0316097497</isbn10><isbn13>9780316097499</isbn13></isbn><isbn><isbn10>0316208086</isbn10><isbn13>9780316208086</isbn13></isbn><isbn><isbn10>0316097489</isbn10><isbn13>9780316097482</isbn13></isbn><isbn><isbn10>0446571822</isbn10><isbn13>9780446571821</isbn13></isbn><isbn><isbn10>0446571830</isbn10><isbn13>9780446571838</isbn13></isbn></isbns><buy_links><buy_link><name>Local Booksellers</name><url>http://www.indiebound.org/book/9780316097482?aff=NYT</url></buy_link><buy_link><name>Barnes and Noble</name><url>http://www.anrdoezrs.net/click-7990613-11819508?url=http%3A%2F%2Fwww.barnesandnoble.com%2Fw%2F%3Fean%3D9780316097482</url></buy_link><buy_link><name>Amazon</name><url>http://www.amazon.com/11th-Hour-Womens-Murder-Club/dp/0446571830?tag=NYTBS-20</url></buy_link></buy_links></book><book><rank>5</rank><rank_last_week>4</rank_last_week><weeks_on_list>2</weeks_on_list><asterisk>0</asterisk><dagger>0</dagger><primary_isbn10>None</primary_isbn10><primary_isbn13>9781101580776</primary_isbn13><publisher>Berkley</publisher><description>As the Montgomery brothers renovate their historic inn in Boonsboro, Md., Owen Montgomery reconnects with his first girlfriend.</description><price>0</price><title>THE LAST BOYFRIEND</title><author>Nora Roberts</author><contributor>by Nora Roberts</contributor><contributor_note></contributor_note><book_image>https://s1.nyt.com/du/books/images/9780515151480.jpg</book_image><book_image_width>307</book_image_width><book_image_height>495</book_image_height><amazon_product_url>http://www.amazon.com/The-Last-Boyfriend-BoonsBoro-Trilogy/dp/0515151483?tag=NYTBS-20</amazon_product_url><age_group></age_group><book_review_link></book_review_link><first_chapter_link></first_chapter_link><sunday_review_link></sunday_review_link><article_chapter_link></article_chapter_link><isbns><isbn><isbn10>0425246035</isbn10><isbn13>9780425246030</isbn13></isbn><isbn><isbn10>1594135355</isbn10><isbn13>9781594135354</isbn13></isbn><isbn><isbn10>0515151483</isbn10><isbn13>9780515151480</isbn13></isbn></isbns><buy_links><buy_link><name>Local Booksellers</name><url>http://www.indiebound.org/book/9781101580776?aff=NYT</url></buy_link><buy_link><name>Barnes and Noble</name><url>http://www.anrdoezrs.net/click-7990613-11819508?url=http%3A%2F%2Fwww.barnesandnoble.com%2Fw%2F%3Fean%3D9781101580776</url></buy_link><buy_link><name>Amazon</name><url>http://www.amazon.com/The-Last-Boyfriend-BoonsBoro-Trilogy/dp/0515151483?tag=NYTBS-20</url></buy_link></buy_links></book><book><rank>6</rank><rank_last_week>5</rank_last_week><weeks_on_list>2</weeks_on_list><asterisk>0</asterisk><dagger>0</dagger><primary_isbn10>None</primary_isbn10><primary_isbn13>9781101580714</primary_isbn13><publisher>Penguin Group</publisher><description>The telepathic waitress Sookie Stackhouse investigates a murder that has more to do with her than she imagines.</description><price>0</price><title>DEADLOCKED</title><author>Charlaine Harris</author><contributor>by Charlaine Harris</contributor><contributor_note></contributor_note><book_image>https://s1.nyt.com/du/books/images/9781937007447.jpg</book_image><book_image_width>328</book_image_width><book_image_height>495</book_image_height><amazon_product_url>http://www.amazon.com/Deadlocked-Sookie-Stackhouse-Novel-Blood-ebook/dp/B0072NZZGM?tag=NYTBS-20</amazon_product_url><age_group></age_group><book_review_link></book_review_link><first_chapter_link></first_chapter_link><sunday_review_link></sunday_review_link><article_chapter_link></article_chapter_link><isbns><isbn><isbn10>1937007448</isbn10><isbn13>9781937007447</isbn13></isbn><isbn><isbn10>0575096608</isbn10><isbn13>9780575096608</isbn13></isbn><isbn><isbn10>0425256383</isbn10><isbn13>9780425256381</isbn13></isbn></isbns><buy_links><buy_link><name>Local Booksellers</name><url>http://www.indiebound.org/book/9781101580714?aff=NYT</url></buy_link><buy_link><name>Barnes and Noble</name><url>http://www.anrdoezrs.net/click-7990613-11819508?url=http%3A%2F%2Fwww.barnesandnoble.com%2Fw%2F%3Fean%3D9781101580714</url></buy_link><buy_link><name>Amazon</name><url>http://www.amazon.com/Deadlocked-Sookie-Stackhouse-Novel-Blood-ebook/dp/B0072NZZGM?tag=NYTBS-20</url></buy_link></buy_links></book><book><rank>7</rank><rank_last_week>8</rank_last_week><weeks_on_list>4</weeks_on_list><asterisk>0</asterisk><dagger>0</dagger><primary_isbn10>0345803574</primary_isbn10><primary_isbn13>9780345803573</primary_isbn13><publisher>Knopf Doubleday Publishing</publisher><description>The three “Fifty Shades” novels in one bundle.</description><price>0</price><title>FIFTY SHADES TRILOGY</title><author>E L James</author><contributor>by E. L. James</contributor><contributor_note></contributor_note><book_image>https://s1.nyt.com/du/books/images/9780345803573.jpg</book_image><book_image_width>128</book_image_width><book_image_height>197</book_image_height><amazon_product_url>http://www.amazon.com/Fifty-Shades-Trilogy-Bundle-Vintage-ebook/dp/B007SGM084?tag=NYTBS-20</amazon_product_url><age_group></age_group><book_review_link></book_review_link><first_chapter_link></first_chapter_link><sunday_review_link></sunday_review_link><article_chapter_link></article_chapter_link><isbns><isbn><isbn10>0345803574</isbn10><isbn13>9780345803573</isbn13></isbn><isbn><isbn10>1448150620</isbn10><isbn13>9781448150625</isbn13></isbn></isbns><buy_links><buy_link><name>Local Booksellers</name><url>http://www.indiebound.org/book/9780345803573?aff=NYT</url></buy_link><buy_link><name>Barnes and Noble</name><url>http://www.anrdoezrs.net/click-7990613-11819508?url=http%3A%2F%2Fwww.barnesandnoble.com%2Fw%2F%3Fean%3D9780345803573</url></buy_link><buy_link><name>Amazon</name><url>http://www.amazon.com/Fifty-Shades-Trilogy-Bundle-Vintage-ebook/dp/B007SGM084?tag=NYTBS-20</url></buy_link></buy_links></book><book><rank>8</rank><rank_last_week>6</rank_last_week><weeks_on_list>4</weeks_on_list><asterisk>0</asterisk><dagger>0</dagger><primary_isbn10>0446573000</primary_isbn10><primary_isbn13>9780446573009</primary_isbn13><publisher>Grand Central Publishing</publisher><description>A hitman who has become a target of the government rescues a teenage girl whose parents have been murdered.</description><price>0</price><title>THE INNOCENT</title><author>David Baldacci</author><contributor>by David Baldacci</contributor><contributor_note></contributor_note><book_image>https://s1.nyt.com/du/books/images/9780446573009.jpg</book_image><book_image_width>321</book_image_width><book_image_height>495</book_image_height><amazon_product_url>http://www.amazon.com/The-Innocent-David-Baldacci-ebook/dp/B006VFLIYK?tag=NYTBS-20</amazon_product_url><age_group></age_group><book_review_link></book_review_link><first_chapter_link></first_chapter_link><sunday_review_link></sunday_review_link><article_chapter_link></article_chapter_link><isbns><isbn><isbn10>0446572993</isbn10><isbn13>9780446572996</isbn13></isbn><isbn><isbn10>0446573000</isbn10><isbn13>9780446573009</isbn13></isbn><isbn><isbn10>1455513369</isbn10><isbn13>9781455513369</isbn13></isbn><isbn><isbn10>1447213521</isbn10><isbn13>9781447213529</isbn13></isbn><isbn><isbn10>1455519006</isbn10><isbn13>9781455519002</isbn13></isbn><isbn><isbn10>0446572985</isbn10><isbn13>9780446572989</isbn13></isbn></isbns><buy_links><buy_link><name>Local Booksellers</name><url>http://www.indiebound.org/book/9780446573009?aff=NYT</url></buy_link><buy_link><name>Barnes and Noble</name><url>http://www.anrdoezrs.net/click-7990613-11819508?url=http%3A%2F%2Fwww.barnesandnoble.com%2Fw%2F%3Fean%3D9780446573009</url></buy_link><buy_link><name>Amazon</name><url>http://www.amazon.com/The-Innocent-David-Baldacci-ebook/dp/B006VFLIYK?tag=NYTBS-20</url></buy_link></buy_links></book><book><rank>9</rank><rank_last_week>7</rank_last_week><weeks_on_list>13</weeks_on_list><asterisk>0</asterisk><dagger>0</dagger><primary_isbn10>0446542180</primary_isbn10><primary_isbn13>9780446542180</primary_isbn13><publisher>Grand Central Publishing</publisher><description>A Marine returning home sets out to track down the woman whose photo he found in Iraq.</description><price>0</price><title>THE LUCKY ONE</title><author>Nicholas Sparks</author><contributor>by Nicholas Sparks</contributor><contributor_note></contributor_note><book_image>https://s1.nyt.com/du/books/images/9780446542180.jpg</book_image><book_image_width>330</book_image_width><book_image_height>440</book_image_height><amazon_product_url>http://www.amazon.com/The-Lucky-One-Nicholas-Sparks-ebook/dp/B0018QQQK8?tag=NYTBS-20</amazon_product_url><age_group></age_group><book_review_link></book_review_link><first_chapter_link></first_chapter_link><sunday_review_link></sunday_review_link><article_chapter_link></article_chapter_link><isbns><isbn><isbn10>0446618322</isbn10><isbn13>9780446618328</isbn13></isbn><isbn><isbn10>0446698342</isbn10><isbn13>9780446698344</isbn13></isbn><isbn><isbn10>0446542180</isbn10><isbn13>9780446542180</isbn13></isbn><isbn><isbn10>1455508969</isbn10><isbn13>9781455508969</isbn13></isbn><isbn><isbn10>1455508977</isbn10><isbn13>9781455508976</isbn13></isbn><isbn><isbn10>0446579939</isbn10><isbn13>9780446579933</isbn13></isbn></isbns><buy_links><buy_link><name>Local Booksellers</name><url>http://www.indiebound.org/book/9780446542180?aff=NYT</url></buy_link><buy_link><name>Barnes and Noble</name><url>http://www.anrdoezrs.net/click-7990613-11819508?url=http%3A%2F%2Fwww.barnesandnoble.com%2Fw%2F%3Fean%3D9780446542180</url></buy_link><buy_link><name>Amazon</name><url>http://www.amazon.com/The-Lucky-One-Nicholas-Sparks-ebook/dp/B0018QQQK8?tag=NYTBS-20</url></buy_link></buy_links></book><book><rank>10</rank><rank_last_week>9</rank_last_week><weeks_on_list>4</weeks_on_list><asterisk>0</asterisk><dagger>0</dagger><primary_isbn10>None</primary_isbn10><primary_isbn13>9781101580363</primary_isbn13><publisher>Putnam</publisher><description>A programmer hides from the Russian mob in the Ozarks.</description><price>0</price><title>THE WITNESS</title><author>Nora Roberts</author><contributor>by Nora Roberts</contributor><contributor_note></contributor_note><book_image>https://s1.nyt.com/du/books/images/9781101580363.jpg</book_image><book_image_width>330</book_image_width><book_image_height>487</book_image_height><amazon_product_url>http://www.amazon.com/The-Witness-Nora-Roberts-ebook/dp/B0074VTHBQ?tag=NYTBS-20</amazon_product_url><age_group></age_group><book_review_link></book_review_link><first_chapter_link></first_chapter_link><sunday_review_link></sunday_review_link><article_chapter_link></article_chapter_link><isbns><isbn><isbn10>0399159126</isbn10><isbn13>9780399159121</isbn13></isbn><isbn><isbn10>0399159371</isbn10><isbn13>9780399159374</isbn13></isbn><isbn><isbn10>0748125817</isbn10><isbn13>9780748125814</isbn13></isbn><isbn><isbn10>0425264769</isbn10><isbn13>9780425264768</isbn13></isbn><isbn><isbn10>0515151335</isbn10><isbn13>9780515151336</isbn13></isbn></isbns><buy_links><buy_link><name>Local Booksellers</name><url>http://www.indiebound.org/book/9781101580363?aff=NYT</url></buy_link><buy_link><name>Barnes and Noble</name><url>http://www.anrdoezrs.net/click-7990613-11819508?url=http%3A%2F%2Fwww.barnesandnoble.com%2Fw%2F%3Fean%3D9781101580363</url></buy_link><buy_link><name>Amazon</name><url>http://www.amazon.com/The-Witness-Nora-Roberts-ebook/dp/B0074VTHBQ?tag=NYTBS-20</url></buy_link></buy_links></book><book><rank>11</rank><rank_last_week>0</rank_last_week><weeks_on_list>1</weeks_on_list><asterisk>0</asterisk><dagger>0</dagger><primary_isbn10>0805090037</primary_isbn10><primary_isbn13>9780805090031</primary_isbn13><publisher><![CDATA[Henry Holt & Company]]></publisher><description>In this sequel to “Wolf Hall,” Thomas Cromwell conspires against Anne Boleyn.</description><price>0</price><title>BRING UP THE BODIES</title><author>Hilary Mantel</author><contributor>by Hilary Mantel</contributor><contributor_note></contributor_note><book_image>https://s1.nyt.com/du/books/images/9781429947657.jpg</book_image><book_image_width>328</book_image_width><book_image_height>495</book_image_height><amazon_product_url>http://www.amazon.com/Bring-Bodies-Wolf-Hall-Book/dp/125002417X?tag=NYTBS-20</amazon_product_url><age_group></age_group><book_review_link>https://www.nytimes.com/2012/05/02/books/bring-up-the-bodies-a-wolf-hall-sequel-by-hilary-mantel.html</book_review_link><first_chapter_link></first_chapter_link><sunday_review_link></sunday_review_link><article_chapter_link></article_chapter_link><isbns><isbn><isbn10>0805090037</isbn10><isbn13>9780805090031</isbn13></isbn><isbn><isbn10>1429947659</isbn10><isbn13>9781429947657</isbn13></isbn><isbn><isbn10>000747735X</isbn10><isbn13>9780007477357</isbn13></isbn><isbn><isbn10>125002417X</isbn10><isbn13>9781250024176</isbn13></isbn><isbn><isbn10>1250077605</isbn10><isbn13>9781250077608</isbn13></isbn><isbn><isbn10>0007315104</isbn10><isbn13>9780007315109</isbn13></isbn></isbns><buy_links><buy_link><name>Local Booksellers</name><url>http://www.indiebound.org/book/9780805090031?aff=NYT</url></buy_link><buy_link><name>Barnes and Noble</name><url>http://www.anrdoezrs.net/click-7990613-11819508?url=http%3A%2F%2Fwww.barnesandnoble.com%2Fw%2F%3Fean%3D9780805090031</url></buy_link><buy_link><name>Amazon</name><url>http://www.amazon.com/Bring-Bodies-Wolf-Hall-Book/dp/125002417X?tag=NYTBS-20</url></buy_link></buy_links></book><book><rank>12</rank><rank_last_week>0</rank_last_week><weeks_on_list>1</weeks_on_list><asterisk>0</asterisk><dagger>0</dagger><primary_isbn10>145166415X</primary_isbn10><primary_isbn13>9781451664157</primary_isbn13><publisher><![CDATA[Simon & Schuster]]></publisher><description>An aspiring writer struggles with his sexuality.</description><price>0</price><title>IN ONE PERSON</title><author>John Irving</author><contributor>by John Irving</contributor><contributor_note></contributor_note><book_image>https://s1.nyt.com/du/books/images/9781451664133.jpg</book_image><book_image_width>300</book_image_width><book_image_height>455</book_image_height><amazon_product_url>http://www.amazon.com/In-One-Person-A-Novel-ebook/dp/B005LJEVK0?tag=NYTBS-20</amazon_product_url><age_group></age_group><book_review_link>https://www.nytimes.com/2012/05/10/books/in-one-person-john-irvings-new-novel.html</book_review_link><first_chapter_link></first_chapter_link><sunday_review_link>https://www.nytimes.com/2012/05/13/books/review/in-one-person-by-john-irving.html</sunday_review_link><article_chapter_link></article_chapter_link><isbns><isbn><isbn10>1451664125</isbn10><isbn13>9781451664126</isbn13></isbn><isbn><isbn10>145166415X</isbn10><isbn13>9781451664157</isbn13></isbn><isbn><isbn10>1451664133</isbn10><isbn13>9781451664133</isbn13></isbn></isbns><buy_links><buy_link><name>Local Booksellers</name><url>http://www.indiebound.org/book/9781451664157?aff=NYT</url></buy_link><buy_link><name>Barnes and Noble</name><url>http://www.anrdoezrs.net/click-7990613-11819508?url=http%3A%2F%2Fwww.barnesandnoble.com%2Fw%2F%3Fean%3D9781451664157</url></buy_link><buy_link><name>Amazon</name><url>http://www.amazon.com/In-One-Person-A-Novel-ebook/dp/B005LJEVK0?tag=NYTBS-20</url></buy_link></buy_links></book><book><rank>13</rank><rank_last_week>11</rank_last_week><weeks_on_list>5</weeks_on_list><asterisk>0</asterisk><dagger>0</dagger><primary_isbn10>None</primary_isbn10><primary_isbn13>A00B005L9B5YU</primary_isbn13><publisher>Tracey Garvis-Graves</publisher><description>An English teacher and the teenage boy she has agreed to tutor are stranded on an island in the Indian Ocean.</description><price>0</price><title>ON THE ISLAND</title><author>Tracey Garvis-Graves</author><contributor>by Tracey Garvis-Graves</contributor><contributor_note></contributor_note><book_image></book_image><book_image_width></book_image_width><book_image_height></book_image_height><amazon_product_url></amazon_product_url><age_group></age_group><book_review_link></book_review_link><first_chapter_link></first_chapter_link><sunday_review_link></sunday_review_link><article_chapter_link></article_chapter_link><isbns><isbn><isbn10>1465853944</isbn10><isbn13>9781465853943</isbn13></isbn></isbns><buy_links><buy_link><name>Local Booksellers</name><url><![CDATA[http://www.indiebound.org/search/book?searchfor=ON+THE+ISLAND+Tracey+Garvis-Graves&aff=NYT]]></url></buy_link><buy_link><name>Barnes and Noble</name><url>http://www.anrdoezrs.net/click-7990613-11819508?url=http%3A%2F%2Fwww.barnesandnoble.com%2Fs%2FON+THE+ISLAND+Tracey+Garvis-Graves</url></buy_link><buy_link><name>Amazon</name><url><![CDATA[https://www.amazon.com/gp/search?index=books&tag=NYTBS-20&field-keywords=ON+THE+ISLAND+Tracey+Garvis-Graves]]></url></buy_link></buy_links></book><book><rank>14</rank><rank_last_week>12</rank_last_week><weeks_on_list>6</weeks_on_list><asterisk>0</asterisk><dagger>0</dagger><primary_isbn10>None</primary_isbn10><primary_isbn13>A00B00790TI0W</primary_isbn13><publisher>Entangled Publishing</publisher><description>A billionaire who needs a wife offers a one-year marriage in name only to a bookstore owner.</description><price>0</price><title>THE MARRIAGE BARGAIN</title><author>Jennifer Probst</author><contributor>by Jennifer Probst</contributor><contributor_note></contributor_note><book_image>https://s1.nyt.com/du/books/images/9781620612798.jpg</book_image><book_image_width>128</book_image_width><book_image_height>203</book_image_height><amazon_product_url>http://www.amazon.com/The-Marriage-Bargain-Billionaire/dp/1620612798?tag=NYTBS-20</amazon_product_url><age_group></age_group><book_review_link></book_review_link><first_chapter_link></first_chapter_link><sunday_review_link></sunday_review_link><article_chapter_link></article_chapter_link><isbns><isbn><isbn10>1937044963</isbn10><isbn13>9781937044961</isbn13></isbn><isbn><isbn10>1622669037</isbn10><isbn13>9781622669035</isbn13></isbn><isbn><isbn10>1620612798</isbn10><isbn13>9781620612798</isbn13></isbn><isbn><isbn10>1620612844</isbn10><isbn13>9781620612842</isbn13></isbn></isbns><buy_links><buy_link><name>Local Booksellers</name><url><![CDATA[http://www.indiebound.org/search/book?searchfor=THE+MARRIAGE+BARGAIN+Jennifer+Probst&aff=NYT]]></url></buy_link><buy_link><name>Barnes and Noble</name><url>http://www.anrdoezrs.net/click-7990613-11819508?url=http%3A%2F%2Fwww.barnesandnoble.com%2Fs%2FTHE+MARRIAGE+BARGAIN+Jennifer+Probst</url></buy_link><buy_link><name>Amazon</name><url>http://www.amazon.com/The-Marriage-Bargain-Billionaire/dp/1620612798?tag=NYTBS-20</url></buy_link></buy_links></book><book><rank>15</rank><rank_last_week>0</rank_last_week><weeks_on_list>1</weeks_on_list><asterisk>0</asterisk><dagger>0</dagger><primary_isbn10>1451628188</primary_isbn10><primary_isbn13>9781451628180</primary_isbn13><publisher><![CDATA[Simon & Schuster]]></publisher><description>The continuing story of an ad executive who loses everything and embarks on a walk from Seattle to Key West; a sequel to “The Walk” and “Miles to Go.”</description><price>0</price><title>THE ROAD TO GRACE</title><author>Richard Paul Evans</author><contributor>by Richard Paul Evans</contributor><contributor_note></contributor_note><book_image>https://s1.nyt.com/du/books/images/9781451628333.jpg</book_image><book_image_width>128</book_image_width><book_image_height>195</book_image_height><amazon_product_url>http://www.amazon.com/The-Road-Grace-Walk-ebook/dp/B005GG0MI8?tag=NYTBS-20</amazon_product_url><age_group></age_group><book_review_link></book_review_link><first_chapter_link></first_chapter_link><sunday_review_link></sunday_review_link><article_chapter_link></article_chapter_link><isbns><isbn><isbn10>1451628188</isbn10><isbn13>9781451628180</isbn13></isbn><isbn><isbn10>1451628331</isbn10><isbn13>9781451628333</isbn13></isbn></isbns><buy_links><buy_link><name>Local Booksellers</name><url>http://www.indiebound.org/book/9781451628180?aff=NYT</url></buy_link><buy_link><name>Barnes and Noble</name><url>http://www.anrdoezrs.net/click-7990613-11819508?url=http%3A%2F%2Fwww.barnesandnoble.com%2Fw%2F%3Fean%3D9781451628180</url></buy_link><buy_link><name>Amazon</name><url>http://www.amazon.com/The-Road-Grace-Walk-ebook/dp/B005GG0MI8?tag=NYTBS-20</url></buy_link></buy_links></book><book><rank>16</rank><rank_last_week>0</rank_last_week><weeks_on_list>0</weeks_on_list><asterisk>0</asterisk><dagger>0</dagger><primary_isbn10>1429949031</primary_isbn10><primary_isbn13>9781429949033</primary_isbn13><publisher>St. Martin's Press</publisher><description>In the second volume of the Clifton Chronicles, it’s 1939 and Harry Clifton seizes a chance to bury his past. </description><price>0</price><title>THE SINS OF THE FATHER</title><author>Jeffrey Archer</author><contributor>by Jeffrey Archer</contributor><contributor_note></contributor_note><book_image>https://s1.nyt.com/du/books/images/9781250000972.jpg</book_image><book_image_width>327</book_image_width><book_image_height>495</book_image_height><amazon_product_url>http://www.amazon.com/The-Sins-Father-Clifton-Chronicles/dp/1250010403?tag=NYTBS-20</amazon_product_url><age_group></age_group><book_review_link></book_review_link><first_chapter_link></first_chapter_link><sunday_review_link></sunday_review_link><article_chapter_link></article_chapter_link><isbns><isbn><isbn10>1250000971</isbn10><isbn13>9781250000972</isbn13></isbn><isbn><isbn10>1429949031</isbn10><isbn13>9781429949033</isbn13></isbn><isbn><isbn10>1250010403</isbn10><isbn13>9781250010407</isbn13></isbn></isbns><buy_links><buy_link><name>Local Booksellers</name><url>http://www.indiebound.org/book/9781429949033?aff=NYT</url></buy_link><buy_link><name>Barnes and Noble</name><url>http://www.anrdoezrs.net/click-7990613-11819508?url=http%3A%2F%2Fwww.barnesandnoble.com%2Fw%2F%3Fean%3D9781429949033</url></buy_link><buy_link><name>Amazon</name><url>http://www.amazon.com/The-Sins-Father-Clifton-Chronicles/dp/1250010403?tag=NYTBS-20</url></buy_link></buy_links></book><book><rank>17</rank><rank_last_week>0</rank_last_week><weeks_on_list>0</weeks_on_list><asterisk>0</asterisk><dagger>0</dagger><primary_isbn10>0385536089</primary_isbn10><primary_isbn13>9780385536080</primary_isbn13><publisher>Knopf Doubleday Publishing</publisher><description>In the summer of 1973, a fateful baseball play unites Joe Castle, a dazzling rookie; Warren Tracey, a hard-partying and hard-throwing pitcher, and Tracey’s young son, Paul.</description><price>0</price><title>CALICO JOE</title><author>John Grisham</author><contributor>by John Grisham</contributor><contributor_note></contributor_note><book_image>https://s1.nyt.com/du/books/images/9780385536080.jpg</book_image><book_image_width>277</book_image_width><book_image_height>495</book_image_height><amazon_product_url>http://www.amazon.com/Calico-Joe-Novel-John-Grisham/dp/0345541332?tag=NYTBS-20</amazon_product_url><age_group></age_group><book_review_link></book_review_link><first_chapter_link></first_chapter_link><sunday_review_link></sunday_review_link><article_chapter_link></article_chapter_link><isbns><isbn><isbn10>0385536070</isbn10><isbn13>9780385536073</isbn13></isbn><isbn><isbn10>0385536089</isbn10><isbn13>9780385536080</isbn13></isbn><isbn><isbn10>0307990745</isbn10><isbn13>9780307990747</isbn13></isbn><isbn><isbn10>0385536097</isbn10><isbn13>9780385536097</isbn13></isbn><isbn><isbn10>0345536649</isbn10><isbn13>9780345536648</isbn13></isbn><isbn><isbn10>0345541332</isbn10><isbn13>9780345541338</isbn13></isbn></isbns><buy_links><buy_link><name>Local Booksellers</name><url>http://www.indiebound.org/book/9780385536080?aff=NYT</url></buy_link><buy_link><name>Barnes and Noble</name><url>http://www.anrdoezrs.net/click-7990613-11819508?url=http%3A%2F%2Fwww.barnesandnoble.com%2Fw%2F%3Fean%3D9780385536080</url></buy_link><buy_link><name>Amazon</name><url>http://www.amazon.com/Calico-Joe-Novel-John-Grisham/dp/0345541332?tag=NYTBS-20</url></buy_link></buy_links></book><book><rank>18</rank><rank_last_week>0</rank_last_week><weeks_on_list>0</weeks_on_list><asterisk>0</asterisk><dagger>0</dagger><primary_isbn10>0553897845</primary_isbn10><primary_isbn13>9780553897845</primary_isbn13><publisher>Random House Publishing</publisher><description>In the frozen wastes to the north of Winterfell, sinister and supernatural forces are mustering. Basis of the HBO series.</description><price>0</price><title>A GAME OF THRONES</title><author>George R R Martin</author><contributor>by George R. R. Martin</contributor><contributor_note></contributor_note><book_image>https://s1.nyt.com/du/books/images/9780553897845.jpg</book_image><book_image_width>301</book_image_width><book_image_height>495</book_image_height><amazon_product_url>http://www.amazon.com/Game-Thrones-Song-Fire-Book-ebook/dp/B000QCS8TW?tag=NYTBS-20</amazon_product_url><age_group></age_group><book_review_link></book_review_link><first_chapter_link></first_chapter_link><sunday_review_link></sunday_review_link><article_chapter_link>https://www.nytimes.com/2011/04/10/arts/television/game-of-thrones-on-hbo-from-george-r-r-martin-novels.html</article_chapter_link><isbns><isbn><isbn10>0553573403</isbn10><isbn13>9780553573404</isbn13></isbn><isbn><isbn10>0553386794</isbn10><isbn13>9780553386790</isbn13></isbn><isbn><isbn10>0553381687</isbn10><isbn13>9780553381689</isbn13></isbn><isbn><isbn10>0553593714</isbn10><isbn13>9780553593716</isbn13></isbn><isbn><isbn10>0553897845</isbn10><isbn13>9780553897845</isbn13></isbn><isbn><isbn10>0553103547</isbn10><isbn13>9780553103540</isbn13></isbn><isbn><isbn10>044042321X</isbn10><isbn13>9780440423218</isbn13></isbn><isbn><isbn10>0553588486</isbn10><isbn13>9780553588484</isbn13></isbn><isbn><isbn10>0345535537</isbn10><isbn13>9780345535535</isbn13></isbn></isbns><buy_links><buy_link><name>Local Booksellers</name><url>http://www.indiebound.org/book/9780553897845?aff=NYT</url></buy_link><buy_link><name>Barnes and Noble</name><url>http://www.anrdoezrs.net/click-7990613-11819508?url=http%3A%2F%2Fwww.barnesandnoble.com%2Fw%2F%3Fean%3D9780553897845</url></buy_link><buy_link><name>Amazon</name><url>http://www.amazon.com/Game-Thrones-Song-Fire-Book-ebook/dp/B000QCS8TW?tag=NYTBS-20</url></buy_link></buy_links></book><book><rank>19</rank><rank_last_week>0</rank_last_week><weeks_on_list>0</weeks_on_list><asterisk>0</asterisk><dagger>0</dagger><primary_isbn10>1401394760</primary_isbn10><primary_isbn13>9781401394769</primary_isbn13><publisher>Hyperion Press</publisher><description>A journalist tags along with Detective Nikki Heat as she investigates the death of a New York real estate tycoon.</description><price>0</price><title>HEAT WAVE</title><author>Richard Castle</author><contributor>by Richard Castle</contributor><contributor_note></contributor_note><book_image>https://s1.nyt.com/du/books/images/9781401310400.jpg</book_image><book_image_width>174</book_image_width><book_image_height>280</book_image_height><amazon_product_url>http://www.amazon.com/Heat-Wave-Nikki-Book-ebook/dp/B002PEP4SC?tag=NYTBS-20</amazon_product_url><age_group></age_group><book_review_link></book_review_link><first_chapter_link></first_chapter_link><sunday_review_link></sunday_review_link><article_chapter_link></article_chapter_link><isbns><isbn><isbn10>1401310400</isbn10><isbn13>9781401310400</isbn13></isbn><isbn><isbn10>1401323820</isbn10><isbn13>9781401323820</isbn13></isbn><isbn><isbn10>1401394760</isbn10><isbn13>9781401394769</isbn13></isbn><isbn><isbn10>0786891416</isbn10><isbn13>9780786891412</isbn13></isbn></isbns><buy_links><buy_link><name>Local Booksellers</name><url>http://www.indiebound.org/book/9781401394769?aff=NYT</url></buy_link><buy_link><name>Barnes and Noble</name><url>http://www.anrdoezrs.net/click-7990613-11819508?url=http%3A%2F%2Fwww.barnesandnoble.com%2Fw%2F%3Fean%3D9781401394769</url></buy_link><buy_link><name>Amazon</name><url>http://www.amazon.com/Heat-Wave-Nikki-Book-ebook/dp/B002PEP4SC?tag=NYTBS-20</url></buy_link></buy_links></book><book><rank>20</rank><rank_last_week>0</rank_last_week><weeks_on_list>0</weeks_on_list><asterisk>0</asterisk><dagger>0</dagger><primary_isbn10>0316097578</primary_isbn10><primary_isbn13>9780316097574</primary_isbn13><publisher><![CDATA[Little, Brown & Company]]></publisher><description>Four friends in Monte Carlo for a luxurious girls’ vacation find themselves in prison, accused of an unthinkable crime. </description><price>0</price><title>GUILTY WIVES</title><author>James Patterson and David Ellis</author><contributor>by James Patterson and David Ellis</contributor><contributor_note></contributor_note><book_image>https://s1.nyt.com/du/books/images/9780316097574.jpg</book_image><book_image_width>276</book_image_width><book_image_height>495</book_image_height><amazon_product_url>http://www.amazon.com/Guilty-Wives-James-Patterson-ebook/dp/B004QX07EQ?tag=NYTBS-20</amazon_product_url><age_group></age_group><book_review_link></book_review_link><first_chapter_link></first_chapter_link><sunday_review_link></sunday_review_link><article_chapter_link></article_chapter_link><isbns><isbn><isbn10>031609756X</isbn10><isbn13>9780316097567</isbn13></isbn><isbn><isbn10>0316189278</isbn10><isbn13>9780316189279</isbn13></isbn><isbn><isbn10>0316097578</isbn10><isbn13>9780316097574</isbn13></isbn><isbn><isbn10>1455506664</isbn10><isbn13>9781455506668</isbn13></isbn><isbn><isbn10>0446571881</isbn10><isbn13>9780446571883</isbn13></isbn></isbns><buy_links><buy_link><name>Local Booksellers</name><url>http://www.indiebound.org/book/9780316097574?aff=NYT</url></buy_link><buy_link><name>Barnes and Noble</name><url>http://www.anrdoezrs.net/click-7990613-11819508?url=http%3A%2F%2Fwww.barnesandnoble.com%2Fw%2F%3Fean%3D9780316097574</url></buy_link><buy_link><name>Amazon</name><url>http://www.amazon.com/Guilty-Wives-James-Patterson-ebook/dp/B004QX07EQ?tag=NYTBS-20</url></buy_link></buy_links></book></books><corrections/></results></result_set>
