<?xml version="1.0" encoding="UTF-8"?>
<result_set><status>OK</status><copyright>Copyright (c) 2018 The New York Times Company.  All Rights Reserved.</copyright><num_results>25</num_results><last_modified>2017-03-21T13:38:01-04:00</last_modified><results><list_name>Combined Print and E-Book Fiction</list_name><list_name_encoded>combined-print-and-e-book-fiction</list_name_encoded><bestsellers_date>2013-09-21</bestsellers_date><published_date>2013-10-06</published_date><published_date_description></published_date_description><next_published_date>2013-10-13</next_published_date><previous_published_date>2013-09-29</previous_published_date><display_name><![CDATA[Combined Print & E-Book Fiction]]></display_name><normal_list_ends_at>15</normal_list_ends_at><updated>WEEKLY</updated><books><book><rank>1</rank><rank_last_week>0</rank_last_week><weeks_on_list>1</weeks_on_list><asterisk>0</asterisk><dagger>0</dagger><primary_isbn10>1455520667</primary_isbn10><primary_isbn13>9781455520664</primary_isbn13><publisher>Grand Central</publisher><description>The lives of two couples converge unexpectedly.</description><price>0</price><title>THE LONGEST RIDE</title><author>Nicholas Sparks</author><contributor>by Nicholas Sparks</contributor><contributor_note></contributor_note><book_image>https://s1.nyt.com/du/books/images/9781455520640.jpg</book_image><book_image_width>327</book_image_width><book_image_height>495</book_image_height><amazon_product_url>http://www.amazon.com/The-Longest-Ride-Nicholas-Sparks/dp/1455520640?tag=NYTBS-20</amazon_product_url><age_group></age_group><book_review_link></book_review_link><first_chapter_link></first_chapter_link><sunday_review_link></sunday_review_link><article_chapter_link></article_chapter_link><isbns><isbn><isbn10>1455520659</isbn10><isbn13>9781455520657</isbn13></isbn><isbn><isbn10>1455576018</isbn10><isbn13>9781455576012</isbn13></isbn><isbn><isbn10>1455520667</isbn10><isbn13>9781455520664</isbn13></isbn><isbn><isbn10>1455520640</isbn10><isbn13>9781455520640</isbn13></isbn><isbn><isbn10>1455520632</isbn10><isbn13>9781455520633</isbn13></isbn><isbn><isbn10>1455584738</isbn10><isbn13>9781455584734</isbn13></isbn><isbn><isbn10>145558472X</isbn10><isbn13>9781455584727</isbn13></isbn></isbns><buy_links><buy_link><name>Local Booksellers</name><url>http://www.indiebound.org/book/9781455520664?aff=NYT</url></buy_link><buy_link><name>Barnes and Noble</name><url>http://www.anrdoezrs.net/click-7990613-11819508?url=http%3A%2F%2Fwww.barnesandnoble.com%2Fw%2F%3Fean%3D9781455520664</url></buy_link><buy_link><name>Amazon</name><url>http://www.amazon.com/The-Longest-Ride-Nicholas-Sparks/dp/1455520640?tag=NYTBS-20</url></buy_link></buy_links></book><book><rank>2</rank><rank_last_week>0</rank_last_week><weeks_on_list>1</weeks_on_list><asterisk>0</asterisk><dagger>0</dagger><primary_isbn10>None</primary_isbn10><primary_isbn13>9781101617250</primary_isbn13><publisher>Putnam</publisher><description>Lt. Eve Dallas searches for a young man who murdered his parents; by Nora Roberts, writing pseudonymously.</description><price>0</price><title>THANKLESS IN DEATH</title><author>J D Robb</author><contributor>by J. D. Robb</contributor><contributor_note></contributor_note><book_image>https://s1.nyt.com/du/books/images/9781101617250.jpg</book_image><book_image_width>328</book_image_width><book_image_height>495</book_image_height><amazon_product_url>http://www.amazon.com/Thankless-Death-J-D-Robb-ebook/dp/B00C5R7GIA?tag=NYTBS-20</amazon_product_url><age_group></age_group><book_review_link></book_review_link><first_chapter_link></first_chapter_link><sunday_review_link></sunday_review_link><article_chapter_link></article_chapter_link><isbns><isbn><isbn10>0399164421</isbn10><isbn13>9780399164422</isbn13></isbn><isbn><isbn10>1410461459</isbn10><isbn13>9781410461452</isbn13></isbn><isbn><isbn10>051515413X</isbn10><isbn13>9780515154139</isbn13></isbn></isbns><buy_links><buy_link><name>Local Booksellers</name><url>http://www.indiebound.org/book/9781101617250?aff=NYT</url></buy_link><buy_link><name>Barnes and Noble</name><url>http://www.anrdoezrs.net/click-7990613-11819508?url=http%3A%2F%2Fwww.barnesandnoble.com%2Fw%2F%3Fean%3D9781101617250</url></buy_link><buy_link><name>Amazon</name><url>http://www.amazon.com/Thankless-Death-J-D-Robb-ebook/dp/B00C5R7GIA?tag=NYTBS-20</url></buy_link></buy_links></book><book><rank>3</rank><rank_last_week>0</rank_last_week><weeks_on_list>1</weeks_on_list><asterisk>0</asterisk><dagger>0</dagger><primary_isbn10></primary_isbn10><primary_isbn13>9781101618493</primary_isbn13><publisher>Putnam</publisher><description>A Scotland Yard chief inspector teams up with two special agents from the F.B.I. to hunt for an international jewel thief.</description><price>0</price><title>THE FINAL CUT</title><author>Catherine Coulter and JT Ellison</author><contributor>by Catherine Coulter and J.T. Ellison</contributor><contributor_note></contributor_note><book_image>https://s1.nyt.com/du/books/images/9780399164736.jpg</book_image><book_image_width>300</book_image_width><book_image_height>400</book_image_height><amazon_product_url>http://www.amazon.com/The-Final-Cut-Brit-FBI-ebook/dp/B00C5R7H70?tag=NYTBS-20</amazon_product_url><age_group></age_group><book_review_link></book_review_link><first_chapter_link></first_chapter_link><sunday_review_link></sunday_review_link><article_chapter_link></article_chapter_link><isbns><isbn><isbn10>0399164731</isbn10><isbn13>9780399164736</isbn13></isbn><isbn><isbn10>0515154520</isbn10><isbn13>9780515154528</isbn13></isbn></isbns><buy_links><buy_link><name>Local Booksellers</name><url>http://www.indiebound.org/book/9781101618493?aff=NYT</url></buy_link><buy_link><name>Barnes and Noble</name><url>http://www.anrdoezrs.net/click-7990613-11819508?url=http%3A%2F%2Fwww.barnesandnoble.com%2Fw%2F%3Fean%3D9781101618493</url></buy_link><buy_link><name>Amazon</name><url>http://www.amazon.com/The-Final-Cut-Brit-FBI-ebook/dp/B00C5R7H70?tag=NYTBS-20</url></buy_link></buy_links></book><book><rank>4</rank><rank_last_week>0</rank_last_week><weeks_on_list>1</weeks_on_list><asterisk>0</asterisk><dagger>0</dagger><primary_isbn10>None</primary_isbn10><primary_isbn13>9781455549603</primary_isbn13><publisher>Center Street</publisher><description>An elderly priest, recently escaped from an Ethiopian jail, is joined by two journalists in a search for a holy relic.</description><price>0</price><title>THE QUEST</title><author>Nelson DeMille</author><contributor>by Nelson DeMille</contributor><contributor_note></contributor_note><book_image>https://s1.nyt.com/du/books/images/9781455576425.jpg</book_image><book_image_width>330</book_image_width><book_image_height>495</book_image_height><amazon_product_url>http://www.amazon.com/The-Quest-Novel-Nelson-DeMille/dp/1455576425?tag=NYTBS-20</amazon_product_url><age_group></age_group><book_review_link></book_review_link><first_chapter_link></first_chapter_link><sunday_review_link></sunday_review_link><article_chapter_link></article_chapter_link><isbns><isbn><isbn10>1455576425</isbn10><isbn13>9781455576425</isbn13></isbn><isbn><isbn10>1455549657</isbn10><isbn13>9781455549658</isbn13></isbn><isbn><isbn10>1455503169</isbn10><isbn13>9781455503162</isbn13></isbn><isbn><isbn10>1455503150</isbn10><isbn13>9781455503155</isbn13></isbn></isbns><buy_links><buy_link><name>Local Booksellers</name><url>http://www.indiebound.org/book/9781455549603?aff=NYT</url></buy_link><buy_link><name>Barnes and Noble</name><url>http://www.anrdoezrs.net/click-7990613-11819508?url=http%3A%2F%2Fwww.barnesandnoble.com%2Fw%2F%3Fean%3D9781455549603</url></buy_link><buy_link><name>Amazon</name><url>http://www.amazon.com/The-Quest-Novel-Nelson-DeMille/dp/1455576425?tag=NYTBS-20</url></buy_link></buy_links></book><book><rank>5</rank><rank_last_week>2</rank_last_week><weeks_on_list>3</weeks_on_list><asterisk>0</asterisk><dagger>0</dagger><primary_isbn10>0440339375</primary_isbn10><primary_isbn13>9780440339373</primary_isbn13><publisher>Delacorte</publisher><description>Jack Reacher is thrown into jail on trumped-up charges and must clear his name.</description><price>0</price><title>NEVER GO BACK</title><author>Lee Child</author><contributor>by Lee Child</contributor><contributor_note></contributor_note><book_image>https://s1.nyt.com/du/books/images/9780440339373.jpg</book_image><book_image_width>327</book_image_width><book_image_height>495</book_image_height><amazon_product_url>http://www.amazon.com/Never-Back-bonus-novella-High/dp/0440246326?tag=NYTBS-20</amazon_product_url><age_group></age_group><book_review_link>https://www.nytimes.com/2013/08/30/books/never-go-back-a-jack-reacher-novel-by-lee-child.html</book_review_link><first_chapter_link></first_chapter_link><sunday_review_link></sunday_review_link><article_chapter_link></article_chapter_link><isbns><isbn><isbn10>0385344341</isbn10><isbn13>9780385344340</isbn13></isbn><isbn><isbn10>0440339375</isbn10><isbn13>9780440339373</isbn13></isbn><isbn><isbn10>0804121044</isbn10><isbn13>9780804121040</isbn13></isbn><isbn><isbn10>0440246326</isbn10><isbn13>9780440246329</isbn13></isbn><isbn><isbn10>0399594973</isbn10><isbn13>9780399594977</isbn13></isbn></isbns><buy_links><buy_link><name>Local Booksellers</name><url>http://www.indiebound.org/book/9780440339373?aff=NYT</url></buy_link><buy_link><name>Barnes and Noble</name><url>http://www.anrdoezrs.net/click-7990613-11819508?url=http%3A%2F%2Fwww.barnesandnoble.com%2Fw%2F%3Fean%3D9780440339373</url></buy_link><buy_link><name>Amazon</name><url>http://www.amazon.com/Never-Back-bonus-novella-High/dp/0440246326?tag=NYTBS-20</url></buy_link></buy_links></book><book><rank>6</rank><rank_last_week>3</rank_last_week><weeks_on_list>7</weeks_on_list><asterisk>0</asterisk><dagger>0</dagger><primary_isbn10></primary_isbn10><primary_isbn13>9781101636237</primary_isbn13><publisher>Amy Einhorn/Putnam</publisher><description>A woman’s life is upended when she discovers a letter from her husband she was not meant to read until after his death.</description><price>0</price><title>THE HUSBAND'S SECRET</title><author>Liane Moriarty</author><contributor>by Liane Moriarty</contributor><contributor_note></contributor_note><book_image>https://s1.nyt.com/du/books/images/9781101636237.jpg</book_image><book_image_width>330</book_image_width><book_image_height>495</book_image_height><amazon_product_url>http://www.amazon.com/The-Husbands-Secret-Liane-Moriarty-ebook/dp/B00D7Z4GQY?tag=NYTBS-20</amazon_product_url><age_group></age_group><book_review_link></book_review_link><first_chapter_link></first_chapter_link><sunday_review_link></sunday_review_link><article_chapter_link></article_chapter_link><isbns><isbn><isbn10>0399159347</isbn10><isbn13>9780399159343</isbn13></isbn><isbn><isbn10>0425267725</isbn10><isbn13>9780425267721</isbn13></isbn><isbn><isbn10>1594137226</isbn10><isbn13>9781594137228</isbn13></isbn></isbns><buy_links><buy_link><name>Local Booksellers</name><url>http://www.indiebound.org/book/9781101636237?aff=NYT</url></buy_link><buy_link><name>Barnes and Noble</name><url>http://www.anrdoezrs.net/click-7990613-11819508?url=http%3A%2F%2Fwww.barnesandnoble.com%2Fw%2F%3Fean%3D9781101636237</url></buy_link><buy_link><name>Amazon</name><url>http://www.amazon.com/The-Husbands-Secret-Liane-Moriarty-ebook/dp/B00D7Z4GQY?tag=NYTBS-20</url></buy_link></buy_links></book><book><rank>7</rank><rank_last_week>1</rank_last_week><weeks_on_list>2</weeks_on_list><asterisk>0</asterisk><dagger>0</dagger><primary_isbn10>1101636459</primary_isbn10><primary_isbn13>9781101636459</primary_isbn13><publisher>Marian Wood/Putnam</publisher><description>A homeless man inexplicably leaves $600,000 to Kinsey Millhone.</description><price>0</price><title>W IS FOR WASTED</title><author>Sue Grafton</author><contributor>by Sue Grafton</contributor><contributor_note></contributor_note><book_image>https://s1.nyt.com/du/books/images/9780399158988.jpg</book_image><book_image_width>328</book_image_width><book_image_height>495</book_image_height><amazon_product_url>http://www.amazon.com/W-Wasted-Kinsey-Millhone-Mystery/dp/0399158987?tag=NYTBS-20</amazon_product_url><age_group></age_group><book_review_link></book_review_link><first_chapter_link></first_chapter_link><sunday_review_link></sunday_review_link><article_chapter_link></article_chapter_link><isbns><isbn><isbn10>0399158987</isbn10><isbn13>9780399158988</isbn13></isbn><isbn><isbn10>1101636459</isbn10><isbn13>9781101636459</isbn13></isbn><isbn><isbn10>141046217X</isbn10><isbn13>9781410462176</isbn13></isbn><isbn><isbn10>0425271579</isbn10><isbn13>9780425271575</isbn13></isbn></isbns><buy_links><buy_link><name>Local Booksellers</name><url>http://www.indiebound.org/book/9781101636459?aff=NYT</url></buy_link><buy_link><name>Barnes and Noble</name><url>http://www.anrdoezrs.net/click-7990613-11819508?url=http%3A%2F%2Fwww.barnesandnoble.com%2Fw%2F%3Fean%3D9781101636459</url></buy_link><buy_link><name>Amazon</name><url>http://www.amazon.com/W-Wasted-Kinsey-Millhone-Mystery/dp/0399158987?tag=NYTBS-20</url></buy_link></buy_links></book><book><rank>8</rank><rank_last_week>0</rank_last_week><weeks_on_list>1</weeks_on_list><asterisk>0</asterisk><dagger>0</dagger><primary_isbn10>140130592X</primary_isbn10><primary_isbn13>9781401305925</primary_isbn13><publisher>Hyperion</publisher><description>The N.Y.P.D. homicide detective Nikki Heat and the journalist Jameson Rook search for the former C.I.A. station chief who ordered her mother’s execution.</description><price>0</price><title>DEADLY HEAT</title><author>Richard Castle</author><contributor>by Richard Castle</contributor><contributor_note></contributor_note><book_image>https://s1.nyt.com/du/books/images/9781401305925.jpg</book_image><book_image_width>329</book_image_width><book_image_height>495</book_image_height><amazon_product_url>http://www.amazon.com/Deadly-Heat-Nikki-Richard-Castle/dp/1401324800?tag=NYTBS-20</amazon_product_url><age_group></age_group><book_review_link></book_review_link><first_chapter_link></first_chapter_link><sunday_review_link></sunday_review_link><article_chapter_link></article_chapter_link><isbns><isbn><isbn10>1401324800</isbn10><isbn13>9781401324803</isbn13></isbn><isbn><isbn10>140130592X</isbn10><isbn13>9781401305925</isbn13></isbn></isbns><buy_links><buy_link><name>Local Booksellers</name><url>http://www.indiebound.org/book/9781401305925?aff=NYT</url></buy_link><buy_link><name>Barnes and Noble</name><url>http://www.anrdoezrs.net/click-7990613-11819508?url=http%3A%2F%2Fwww.barnesandnoble.com%2Fw%2F%3Fean%3D9781401305925</url></buy_link><buy_link><name>Amazon</name><url>http://www.amazon.com/Deadly-Heat-Nikki-Richard-Castle/dp/1401324800?tag=NYTBS-20</url></buy_link></buy_links></book><book><rank>9</rank><rank_last_week>7</rank_last_week><weeks_on_list>18</weeks_on_list><asterisk>0</asterisk><dagger>0</dagger><primary_isbn10>0345530578</primary_isbn10><primary_isbn13>9780345530578</primary_isbn13><publisher>Doubleday</publisher><description>An imprisoned ex-lawyer schemes to exchange information about who murdered a judge for his freedom.</description><price>0</price><title>THE RACKETEER</title><author>John Grisham</author><contributor>by John Grisham</contributor><contributor_note></contributor_note><book_image>https://s1.nyt.com/du/books/images/9780385536882.jpg</book_image><book_image_width>128</book_image_width><book_image_height>194</book_image_height><amazon_product_url>http://www.amazon.com/The-Racketeer-Novel-John-Grisham/dp/0345545338?tag=NYTBS-20</amazon_product_url><age_group></age_group><book_review_link>https://www.nytimes.com/2012/10/18/books/the-racketeer-by-john-grisham.html</book_review_link><first_chapter_link></first_chapter_link><sunday_review_link></sunday_review_link><article_chapter_link></article_chapter_link><isbns><isbn><isbn10>0385535147</isbn10><isbn13>9780385535144</isbn13></isbn><isbn><isbn10>0385536887</isbn10><isbn13>9780385536882</isbn13></isbn><isbn><isbn10>0385536895</isbn10><isbn13>9780385536899</isbn13></isbn><isbn><isbn10>0345545338</isbn10><isbn13>9780345545336</isbn13></isbn><isbn><isbn10>0345530578</isbn10><isbn13>9780345530578</isbn13></isbn></isbns><buy_links><buy_link><name>Local Booksellers</name><url>http://www.indiebound.org/book/9780345530578?aff=NYT</url></buy_link><buy_link><name>Barnes and Noble</name><url>http://www.anrdoezrs.net/click-7990613-11819508?url=http%3A%2F%2Fwww.barnesandnoble.com%2Fw%2F%3Fean%3D9780345530578</url></buy_link><buy_link><name>Amazon</name><url>http://www.amazon.com/The-Racketeer-Novel-John-Grisham/dp/0345545338?tag=NYTBS-20</url></buy_link></buy_links></book><book><rank>10</rank><rank_last_week>0</rank_last_week><weeks_on_list>1</weeks_on_list><asterisk>0</asterisk><dagger>0</dagger><primary_isbn10>None</primary_isbn10><primary_isbn13>9780989668408</primary_isbn13><publisher>Jen McLaughlin</publisher><description>A young woman meets a Marine at her first college party, and her life is turned upside down.</description><price>0</price><title>OUT OF LINE</title><author>Jen McLaughlin</author><contributor>by Jen McLaughlin</contributor><contributor_note></contributor_note><book_image>https://s1.nyt.com/du/books/images/9780989668408.jpg</book_image><book_image_width>326</book_image_width><book_image_height>495</book_image_height><amazon_product_url>http://www.amazon.com/Out-Of-Line-Jen-McLaughlin/dp/0989668401?tag=NYTBS-20</amazon_product_url><age_group></age_group><book_review_link></book_review_link><first_chapter_link></first_chapter_link><sunday_review_link></sunday_review_link><article_chapter_link></article_chapter_link><isbns/><buy_links><buy_link><name>Local Booksellers</name><url>http://www.indiebound.org/book/9780989668408?aff=NYT</url></buy_link><buy_link><name>Barnes and Noble</name><url>http://www.anrdoezrs.net/click-7990613-11819508?url=http%3A%2F%2Fwww.barnesandnoble.com%2Fw%2F%3Fean%3D9780989668408</url></buy_link><buy_link><name>Amazon</name><url>http://www.amazon.com/Out-Of-Line-Jen-McLaughlin/dp/0989668401?tag=NYTBS-20</url></buy_link></buy_links></book><book><rank>11</rank><rank_last_week>4</rank_last_week><weeks_on_list>10</weeks_on_list><asterisk>0</asterisk><dagger>0</dagger><primary_isbn10>0316206865</primary_isbn10><primary_isbn13>9780316206860</primary_isbn13><publisher>Mulholland/Little, Brown</publisher><description>A detective investigates a supermodel’s suicide; by J.K. Rowling, writing pseudonymously.</description><price>0</price><title>THE CUCKOO'S CALLING</title><author>Robert Galbraith</author><contributor>by Robert Galbraith</contributor><contributor_note></contributor_note><book_image>https://s1.nyt.com/du/books/images/9780316206860.jpg</book_image><book_image_width>330</book_image_width><book_image_height>495</book_image_height><amazon_product_url>http://www.amazon.com/The-Cuckoos-Calling-Robert-Galbraith-ebook/dp/B00AA20E5Y?tag=NYTBS-20</amazon_product_url><age_group></age_group><book_review_link>https://www.nytimes.com/2013/07/18/books/in-j-k-rowlings-cuckoos-calling-model-dies-but-why.html</book_review_link><first_chapter_link></first_chapter_link><sunday_review_link></sunday_review_link><article_chapter_link></article_chapter_link><isbns><isbn><isbn10>0316206849</isbn10><isbn13>9780316206846</isbn13></isbn><isbn><isbn10>0316206865</isbn10><isbn13>9780316206860</isbn13></isbn><isbn><isbn10>0316330167</isbn10><isbn13>9780316330169</isbn13></isbn><isbn><isbn10>0316206857</isbn10><isbn13>9780316206853</isbn13></isbn><isbn><isbn10>1611134935</isbn10><isbn13>9781611134933</isbn13></isbn></isbns><buy_links><buy_link><name>Local Booksellers</name><url>http://www.indiebound.org/book/9780316206860?aff=NYT</url></buy_link><buy_link><name>Barnes and Noble</name><url>http://www.anrdoezrs.net/click-7990613-11819508?url=http%3A%2F%2Fwww.barnesandnoble.com%2Fw%2F%3Fean%3D9780316206860</url></buy_link><buy_link><name>Amazon</name><url>http://www.amazon.com/The-Cuckoos-Calling-Robert-Galbraith-ebook/dp/B00AA20E5Y?tag=NYTBS-20</url></buy_link></buy_links></book><book><rank>12</rank><rank_last_week>6</rank_last_week><weeks_on_list>61</weeks_on_list><asterisk>0</asterisk><dagger>0</dagger><primary_isbn10>None</primary_isbn10><primary_isbn13>9781612130293</primary_isbn13><publisher>Vintage</publisher><description>An innocent college student falls in love with a tortured man with particular sexual tastes; the first of a trilogy.</description><price>0</price><title>FIFTY SHADES OF GREY</title><author>E L James</author><contributor>by E. L. James</contributor><contributor_note></contributor_note><book_image>https://s1.nyt.com/du/books/images/9780345803481.jpg</book_image><book_image_width>125</book_image_width><book_image_height>193</book_image_height><amazon_product_url>http://www.amazon.com/Fifty-Shades-Grey-Book-Trilogy/dp/0345803485?tag=NYTBS-20</amazon_product_url><age_group></age_group><book_review_link></book_review_link><first_chapter_link></first_chapter_link><sunday_review_link></sunday_review_link><article_chapter_link></article_chapter_link><isbns><isbn><isbn10>1612130283</isbn10><isbn13>9781612130286</isbn13></isbn><isbn><isbn10>0345803485</isbn10><isbn13>9780345803481</isbn13></isbn><isbn><isbn10>0099579936</isbn10><isbn13>9780099579939</isbn13></isbn><isbn><isbn10>0385363125</isbn10><isbn13>9780385363129</isbn13></isbn><isbn><isbn10>0385537670</isbn10><isbn13>9780385537674</isbn13></isbn><isbn><isbn10>0345806751</isbn10><isbn13>9780345806758</isbn13></isbn><isbn><isbn10>0804172072</isbn10><isbn13>9780804172073</isbn13></isbn><isbn><isbn10>0345805151</isbn10><isbn13>9780345805157</isbn13></isbn></isbns><buy_links><buy_link><name>Local Booksellers</name><url>http://www.indiebound.org/book/9781612130293?aff=NYT</url></buy_link><buy_link><name>Barnes and Noble</name><url>http://www.anrdoezrs.net/click-7990613-11819508?url=http%3A%2F%2Fwww.barnesandnoble.com%2Fw%2F%3Fean%3D9781612130293</url></buy_link><buy_link><name>Amazon</name><url>http://www.amazon.com/Fifty-Shades-Grey-Book-Trilogy/dp/0345803485?tag=NYTBS-20</url></buy_link></buy_links></book><book><rank>13</rank><rank_last_week>0</rank_last_week><weeks_on_list>1</weeks_on_list><asterisk>0</asterisk><dagger>0</dagger><primary_isbn10>1594204233</primary_isbn10><primary_isbn13>9781594204234</primary_isbn13><publisher>Penguin Press</publisher><description>In 2001, a fraud investigator and Upper West Side mom looks into a suspicious computer security company.</description><price>0</price><title>BLEEDING EDGE</title><author>Thomas Pynchon</author><contributor>by Thomas Pynchon</contributor><contributor_note></contributor_note><book_image>https://s1.nyt.com/du/books/images/9781594204234.jpg</book_image><book_image_width>326</book_image_width><book_image_height>495</book_image_height><amazon_product_url>http://www.amazon.com/Bleeding-Edge-Thomas-Pynchon/dp/1594204233?tag=NYTBS-20</amazon_product_url><age_group></age_group><book_review_link>https://www.nytimes.com/2013/09/11/books/bleeding-edge-a-9-11-novel-by-thomas-pynchon.html</book_review_link><first_chapter_link></first_chapter_link><sunday_review_link>https://www.nytimes.com/2013/09/15/books/review/bleeding-edge-by-thomas-pynchon.html</sunday_review_link><article_chapter_link></article_chapter_link><isbns><isbn><isbn10>1594204233</isbn10><isbn13>9781594204234</isbn13></isbn></isbns><buy_links><buy_link><name>Local Booksellers</name><url>http://www.indiebound.org/book/9781594204234?aff=NYT</url></buy_link><buy_link><name>Barnes and Noble</name><url>http://www.anrdoezrs.net/click-7990613-11819508?url=http%3A%2F%2Fwww.barnesandnoble.com%2Fw%2F%3Fean%3D9781594204234</url></buy_link><buy_link><name>Amazon</name><url>http://www.amazon.com/Bleeding-Edge-Thomas-Pynchon/dp/1594204233?tag=NYTBS-20</url></buy_link></buy_links></book><book><rank>14</rank><rank_last_week>9</rank_last_week><weeks_on_list>19</weeks_on_list><asterisk>0</asterisk><dagger>0</dagger><primary_isbn10>0385537867</primary_isbn10><primary_isbn13>9780385537865</primary_isbn13><publisher>Doubleday</publisher><description>The symbologist Robert Langdon, on the run in Florence, must decipher a series of codes created by a Dante-loving scientist.</description><price>0</price><title>INFERNO</title><author>Dan Brown</author><contributor>by Dan Brown</contributor><contributor_note></contributor_note><book_image>https://s1.nyt.com/du/books/images/9781400079155.jpg</book_image><book_image_width>276</book_image_width><book_image_height>495</book_image_height><amazon_product_url>http://www.amazon.com/Inferno-Robert-Langdon-Dan-Brown/dp/1400079152?tag=NYTBS-20</amazon_product_url><age_group></age_group><book_review_link>https://www.nytimes.com/2013/05/13/books/inferno-by-dan-brown.html</book_review_link><first_chapter_link></first_chapter_link><sunday_review_link></sunday_review_link><article_chapter_link></article_chapter_link><isbns><isbn><isbn10>0385537859</isbn10><isbn13>9780385537858</isbn13></isbn><isbn><isbn10>0345806484</isbn10><isbn13>9780345806482</isbn13></isbn><isbn><isbn10>0385537867</isbn10><isbn13>9780385537865</isbn13></isbn><isbn><isbn10>0804172269</isbn10><isbn13>9780804172264</isbn13></isbn><isbn><isbn10>0345806492</isbn10><isbn13>9780345806499</isbn13></isbn><isbn><isbn10>1400079152</isbn10><isbn13>9781400079155</isbn13></isbn><isbn><isbn10>1101972971</isbn10><isbn13>9781101972977</isbn13></isbn><isbn><isbn10>1101974117</isbn10><isbn13>9781101974117</isbn13></isbn><isbn><isbn10>0385539924</isbn10><isbn13>9780385539920</isbn13></isbn></isbns><buy_links><buy_link><name>Local Booksellers</name><url>http://www.indiebound.org/book/9780385537865?aff=NYT</url></buy_link><buy_link><name>Barnes and Noble</name><url>http://www.anrdoezrs.net/click-7990613-11819508?url=http%3A%2F%2Fwww.barnesandnoble.com%2Fw%2F%3Fean%3D9780385537865</url></buy_link><buy_link><name>Amazon</name><url>http://www.amazon.com/Inferno-Robert-Langdon-Dan-Brown/dp/1400079152?tag=NYTBS-20</url></buy_link></buy_links></book><book><rank>15</rank><rank_last_week>0</rank_last_week><weeks_on_list>63</weeks_on_list><asterisk>0</asterisk><dagger>0</dagger><primary_isbn10>0307588386</primary_isbn10><primary_isbn13>9780307588388</primary_isbn13><publisher>Crown</publisher><description>A woman disappears on the day of her fifth anniversary; is her husband a killer?</description><price>0</price><title>GONE GIRL</title><author>Gillian Flynn</author><contributor>by Gillian Flynn</contributor><contributor_note></contributor_note><book_image>https://s1.nyt.com/du/books/images/9780307588388.jpg</book_image><book_image_width>136</book_image_width><book_image_height>200</book_image_height><amazon_product_url>http://www.amazon.com/Gone-Girl-Novel-Gillian-Flynn-ebook/dp/B006LSZECO?tag=NYTBS-20</amazon_product_url><age_group></age_group><book_review_link>https://www.nytimes.com/2012/05/30/books/gone-girl-by-gillian-flynn.html</book_review_link><first_chapter_link></first_chapter_link><sunday_review_link>https://www.nytimes.com/2012/06/17/books/review/gillian-flynns-gone-girl-and-more.html</sunday_review_link><article_chapter_link></article_chapter_link><isbns><isbn><isbn10>030758836X</isbn10><isbn13>9780307588364</isbn13></isbn><isbn><isbn10>0307588386</isbn10><isbn13>9780307588388</isbn13></isbn><isbn><isbn10>1410450953</isbn10><isbn13>9781410450951</isbn13></isbn><isbn><isbn10>0297859382</isbn10><isbn13>9780297859383</isbn13></isbn><isbn><isbn10>0307588378</isbn10><isbn13>9780307588371</isbn13></isbn><isbn><isbn10>0297859390</isbn10><isbn13>9780297859390</isbn13></isbn><isbn><isbn10>159413605X</isbn10><isbn13>9781594136054</isbn13></isbn><isbn><isbn10>055341836X</isbn10><isbn13>9780553418361</isbn13></isbn><isbn><isbn10>0553418351</isbn10><isbn13>9780553418354</isbn13></isbn><isbn><isbn10>0606270175</isbn10><isbn13>9780606270175</isbn13></isbn></isbns><buy_links><buy_link><name>Local Booksellers</name><url>http://www.indiebound.org/book/9780307588388?aff=NYT</url></buy_link><buy_link><name>Barnes and Noble</name><url>http://www.anrdoezrs.net/click-7990613-11819508?url=http%3A%2F%2Fwww.barnesandnoble.com%2Fw%2F%3Fean%3D9780307588388</url></buy_link><buy_link><name>Amazon</name><url>http://www.amazon.com/Gone-Girl-Novel-Gillian-Flynn-ebook/dp/B006LSZECO?tag=NYTBS-20</url></buy_link></buy_links></book><book><rank>16</rank><rank_last_week>0</rank_last_week><weeks_on_list>0</weeks_on_list><asterisk>0</asterisk><dagger>0</dagger><primary_isbn10>1612130593</primary_isbn10><primary_isbn13>9781612130590</primary_isbn13><publisher>Vintage</publisher><description>Daunted by Christian’s dark secrets, Anastasia ends their relationship — but desire still dominates her every thought.</description><price>0</price><title>FIFTY SHADES DARKER</title><author>E L James</author><contributor>by E. L. James</contributor><contributor_note></contributor_note><book_image>https://s1.nyt.com/du/books/images/9780345803498.jpg</book_image><book_image_width>328</book_image_width><book_image_height>495</book_image_height><amazon_product_url>http://www.amazon.com/Fifty-Shades-Darker-E-James/dp/0345803493?tag=NYTBS-20</amazon_product_url><age_group></age_group><book_review_link></book_review_link><first_chapter_link></first_chapter_link><sunday_review_link></sunday_review_link><article_chapter_link></article_chapter_link><isbns><isbn><isbn10>1612130593</isbn10><isbn13>9781612130590</isbn13></isbn><isbn><isbn10>1612130585</isbn10><isbn13>9781612130583</isbn13></isbn><isbn><isbn10>0345803493</isbn10><isbn13>9780345803498</isbn13></isbn><isbn><isbn10>1448149460</isbn10><isbn13>9781448149469</isbn13></isbn><isbn><isbn10>0385363133</isbn10><isbn13>9780385363136</isbn13></isbn><isbn><isbn10>0099579928</isbn10><isbn13>9780099579922</isbn13></isbn><isbn><isbn10>0385537689</isbn10><isbn13>9780385537681</isbn13></isbn><isbn><isbn10>0606264485</isbn10><isbn13>9780606264488</isbn13></isbn><isbn><isbn10>0525431888</isbn10><isbn13>9780525431886</isbn13></isbn><isbn><isbn10>0525434860</isbn10><isbn13>9780525434863</isbn13></isbn></isbns><buy_links><buy_link><name>Local Booksellers</name><url>http://www.indiebound.org/book/9781612130590?aff=NYT</url></buy_link><buy_link><name>Barnes and Noble</name><url>http://www.anrdoezrs.net/click-7990613-11819508?url=http%3A%2F%2Fwww.barnesandnoble.com%2Fw%2F%3Fean%3D9781612130590</url></buy_link><buy_link><name>Amazon</name><url>http://www.amazon.com/Fifty-Shades-Darker-E-James/dp/0345803493?tag=NYTBS-20</url></buy_link></buy_links></book><book><rank>17</rank><rank_last_week>0</rank_last_week><weeks_on_list>0</weeks_on_list><asterisk>0</asterisk><dagger>0</dagger><primary_isbn10>142996393X</primary_isbn10><primary_isbn13>9781429963930</primary_isbn13><publisher>Tor/Tom Doherty</publisher><description>To develop a secure defense against a hostile alien race's next attack, government agencies breed child geniuses and train them as soldiers.</description><price>0</price><title>ENDER'S GAME</title><author>Orson Scott Card</author><contributor>by Orson Scott Card</contributor><contributor_note></contributor_note><book_image>https://s1.nyt.com/du/books/images/9780812550702.jpg</book_image><book_image_width>291</book_image_width><book_image_height>475</book_image_height><amazon_product_url>http://www.amazon.com/Enders-Game-The-Ender-Quintet/dp/0812550706?tag=NYTBS-20</amazon_product_url><age_group></age_group><book_review_link></book_review_link><first_chapter_link></first_chapter_link><sunday_review_link></sunday_review_link><article_chapter_link></article_chapter_link><isbns><isbn><isbn10>0812550706</isbn10><isbn13>9780812550702</isbn13></isbn><isbn><isbn10>0765342294</isbn10><isbn13>9780765342294</isbn13></isbn><isbn><isbn10>142996393X</isbn10><isbn13>9781429963930</isbn13></isbn><isbn><isbn10>0765337541</isbn10><isbn13>9780765337542</isbn13></isbn><isbn><isbn10>0312853238</isbn10><isbn13>9780312853235</isbn13></isbn><isbn><isbn10>0765317389</isbn10><isbn13>9780765317384</isbn13></isbn><isbn><isbn10>0312932081</isbn10><isbn13>9780312932084</isbn13></isbn><isbn><isbn10>0765338149</isbn10><isbn13>9780765338143</isbn13></isbn><isbn><isbn10>076537062X</isbn10><isbn13>9780765370624</isbn13></isbn><isbn><isbn10>0765337320</isbn10><isbn13>9780765337320</isbn13></isbn><isbn><isbn10>0765374811</isbn10><isbn13>9780765374813</isbn13></isbn><isbn><isbn10>0765374722</isbn10><isbn13>9780765374721</isbn13></isbn><isbn><isbn10>0765338211</isbn10><isbn13>9780765338211</isbn13></isbn><isbn><isbn10>0812532538</isbn10><isbn13>9780812532531</isbn13></isbn></isbns><buy_links><buy_link><name>Local Booksellers</name><url>http://www.indiebound.org/book/9781429963930?aff=NYT</url></buy_link><buy_link><name>Barnes and Noble</name><url>http://www.anrdoezrs.net/click-7990613-11819508?url=http%3A%2F%2Fwww.barnesandnoble.com%2Fw%2F%3Fean%3D9781429963930</url></buy_link><buy_link><name>Amazon</name><url>http://www.amazon.com/Enders-Game-The-Ender-Quintet/dp/0812550706?tag=NYTBS-20</url></buy_link></buy_links></book><book><rank>18</rank><rank_last_week>0</rank_last_week><weeks_on_list>0</weeks_on_list><asterisk>0</asterisk><dagger>0</dagger><primary_isbn10>1612130615</primary_isbn10><primary_isbn13>9781612130613</primary_isbn13><publisher>Vintage</publisher><description>Reunited, Anastasia and Christian face a world of possibilities, and unexpected challenges; the final volume in a trilogy.</description><price>0</price><title>FIFTY SHADES FREED</title><author>E L James</author><contributor>by E. L. James</contributor><contributor_note></contributor_note><book_image>https://s1.nyt.com/du/books/images/9781612130606.jpg</book_image><book_image_width>330</book_image_width><book_image_height>495</book_image_height><amazon_product_url>http://www.amazon.com/Fifty-Shades-Freed-Three-Trilogy/dp/0345803507?tag=NYTBS-20</amazon_product_url><age_group></age_group><book_review_link></book_review_link><first_chapter_link></first_chapter_link><sunday_review_link></sunday_review_link><article_chapter_link></article_chapter_link><isbns><isbn><isbn10>1612130615</isbn10><isbn13>9781612130613</isbn13></isbn><isbn><isbn10>1612130607</isbn10><isbn13>9781612130606</isbn13></isbn><isbn><isbn10>0345803507</isbn10><isbn13>9780345803504</isbn13></isbn><isbn><isbn10>0385537697</isbn10><isbn13>9780385537698</isbn13></isbn></isbns><buy_links><buy_link><name>Local Booksellers</name><url>http://www.indiebound.org/book/9781612130613?aff=NYT</url></buy_link><buy_link><name>Barnes and Noble</name><url>http://www.anrdoezrs.net/click-7990613-11819508?url=http%3A%2F%2Fwww.barnesandnoble.com%2Fw%2F%3Fean%3D9781612130613</url></buy_link><buy_link><name>Amazon</name><url>http://www.amazon.com/Fifty-Shades-Freed-Three-Trilogy/dp/0345803507?tag=NYTBS-20</url></buy_link></buy_links></book><book><rank>19</rank><rank_last_week>0</rank_last_week><weeks_on_list>0</weeks_on_list><asterisk>0</asterisk><dagger>0</dagger><primary_isbn10>None</primary_isbn10><primary_isbn13>9781101626276</primary_isbn13><publisher>Riverhead</publisher><description>A multigenerational family saga, by the author of “The Kite Runner,” centering on a brother and sister from a remote, impoverished village in Afghanistan.</description><price>0</price><title>AND THE MOUNTAINS ECHOED</title><author>Khaled Hosseini</author><contributor>by Khaled Hosseini</contributor><contributor_note></contributor_note><book_image>https://s1.nyt.com/du/books/images/9781594632389.jpg</book_image><book_image_width>317</book_image_width><book_image_height>495</book_image_height><amazon_product_url>http://www.amazon.com/And-Mountains-Echoed-Khaled-Hosseini/dp/1594632383?tag=NYTBS-20</amazon_product_url><age_group></age_group><book_review_link>https://www.nytimes.com/2013/05/21/books/and-the-mountains-echoed-by-khaled-hosseini.html</book_review_link><first_chapter_link></first_chapter_link><sunday_review_link></sunday_review_link><article_chapter_link></article_chapter_link><isbns><isbn><isbn10>159463176X</isbn10><isbn13>9781594631764</isbn13></isbn><isbn><isbn10>159463209X</isbn10><isbn13>9781594632099</isbn13></isbn><isbn><isbn10>1410458792</isbn10><isbn13>9781410458797</isbn13></isbn><isbn><isbn10>1408842440</isbn10><isbn13>9781408842447</isbn13></isbn><isbn><isbn10>1594632383</isbn10><isbn13>9781594632389</isbn13></isbn></isbns><buy_links><buy_link><name>Local Booksellers</name><url>http://www.indiebound.org/book/9781101626276?aff=NYT</url></buy_link><buy_link><name>Barnes and Noble</name><url>http://www.anrdoezrs.net/click-7990613-11819508?url=http%3A%2F%2Fwww.barnesandnoble.com%2Fw%2F%3Fean%3D9781101626276</url></buy_link><buy_link><name>Amazon</name><url>http://www.amazon.com/And-Mountains-Echoed-Khaled-Hosseini/dp/1594632383?tag=NYTBS-20</url></buy_link></buy_links></book><book><rank>20</rank><rank_last_week>0</rank_last_week><weeks_on_list>0</weeks_on_list><asterisk>0</asterisk><dagger>0</dagger><primary_isbn10></primary_isbn10><primary_isbn13>9781101600542</primary_isbn13><publisher>Putnam</publisher><description>In Mexico the treasure hunters Sam and Remi Fargo discover a Mayan codex.</description><price>0</price><title>THE MAYAN SECRETS</title><author>Clive Cussler and Thomas Perry</author><contributor>by Clive Cussler and Thomas Perry</contributor><contributor_note></contributor_note><book_image>https://s1.nyt.com/du/books/images/9780399162497.jpg</book_image><book_image_width>324</book_image_width><book_image_height>495</book_image_height><amazon_product_url>http://www.amazon.com/The-Mayan-Secrets-Fargo-Adventure-ebook/dp/B00C5R75JA?tag=NYTBS-20</amazon_product_url><age_group></age_group><book_review_link></book_review_link><first_chapter_link></first_chapter_link><sunday_review_link></sunday_review_link><article_chapter_link></article_chapter_link><isbns><isbn><isbn10>0399162496</isbn10><isbn13>9780399162497</isbn13></isbn><isbn><isbn10>0425270165</isbn10><isbn13>9780425270165</isbn13></isbn></isbns><buy_links><buy_link><name>Local Booksellers</name><url>http://www.indiebound.org/book/9781101600542?aff=NYT</url></buy_link><buy_link><name>Barnes and Noble</name><url>http://www.anrdoezrs.net/click-7990613-11819508?url=http%3A%2F%2Fwww.barnesandnoble.com%2Fw%2F%3Fean%3D9781101600542</url></buy_link><buy_link><name>Amazon</name><url>http://www.amazon.com/The-Mayan-Secrets-Fargo-Adventure-ebook/dp/B00C5R75JA?tag=NYTBS-20</url></buy_link></buy_links></book></books><corrections/></results></result_set>
