<?xml version="1.0" encoding="UTF-8"?>
<result_set><status>OK</status><copyright>Copyright (c) 2018 The New York Times Company.  All Rights Reserved.</copyright><num_results>20</num_results><last_modified>2016-04-28T15:03:27-04:00</last_modified><results><list_name>Combined Print and E-Book Fiction</list_name><list_name_encoded>combined-print-and-e-book-fiction</list_name_encoded><bestsellers_date>2015-01-03</bestsellers_date><published_date>2015-01-18</published_date><published_date_description></published_date_description><next_published_date>2015-01-25</next_published_date><previous_published_date>2015-01-11</previous_published_date><display_name><![CDATA[Combined Print & E-Book Fiction]]></display_name><normal_list_ends_at>15</normal_list_ends_at><updated>WEEKLY</updated><books><book><rank>1</rank><rank_last_week>2</rank_last_week><weeks_on_list>16</weeks_on_list><asterisk>0</asterisk><dagger>0</dagger><primary_isbn10></primary_isbn10><primary_isbn13>9781476746609</primary_isbn13><publisher>Scribner</publisher><description>The lives of a blind French girl and a gadget-obsessed German boy before and during World War II.</description><price>0</price><title>ALL THE LIGHT WE CANNOT SEE</title><author>Anthony Doerr</author><contributor>by Anthony Doerr</contributor><contributor_note></contributor_note><book_image>https://s1.nyt.com/du/books/images/9781476746586.jpg</book_image><book_image_width>128</book_image_width><book_image_height>192</book_image_height><amazon_product_url>http://www.amazon.com/All-Light-We-Cannot-See/dp/1476746583?tag=NYTBS-20</amazon_product_url><age_group></age_group><book_review_link></book_review_link><first_chapter_link></first_chapter_link><sunday_review_link>https://www.nytimes.com/2014/05/11/books/review/all-the-light-we-cannot-see-by-anthony-doerr.html</sunday_review_link><article_chapter_link></article_chapter_link><isbns><isbn><isbn10>1476746583</isbn10><isbn13>9781476746586</isbn13></isbn><isbn><isbn10>1410470229</isbn10><isbn13>9781410470225</isbn13></isbn><isbn><isbn10>1476746591</isbn10><isbn13>9781476746593</isbn13></isbn><isbn><isbn10>1501122835</isbn10><isbn13>9781501122835</isbn13></isbn><isbn><isbn10>0007548699</isbn10><isbn13>9780007548699</isbn13></isbn><isbn><isbn10>1501173219</isbn10><isbn13>9781501173219</isbn13></isbn></isbns><buy_links><buy_link><name>Local Booksellers</name><url>http://www.indiebound.org/book/9781476746609?aff=NYT</url></buy_link><buy_link><name>Barnes and Noble</name><url>http://www.anrdoezrs.net/click-7990613-11819508?url=http%3A%2F%2Fwww.barnesandnoble.com%2Fw%2F%3Fean%3D9781476746609</url></buy_link><buy_link><name>Amazon</name><url>http://www.amazon.com/All-Light-We-Cannot-See/dp/1476746583?tag=NYTBS-20</url></buy_link></buy_links></book><book><rank>2</rank><rank_last_week>1</rank_last_week><weeks_on_list>110</weeks_on_list><asterisk>0</asterisk><dagger>0</dagger><primary_isbn10>0307588386</primary_isbn10><primary_isbn13>9780307588388</primary_isbn13><publisher>Crown</publisher><description>A woman disappears on the day of her fifth anniversary; is her husband a killer?</description><price>0</price><title>GONE GIRL</title><author>Gillian Flynn</author><contributor>by Gillian Flynn</contributor><contributor_note></contributor_note><book_image>https://s1.nyt.com/du/books/images/9780307588388.jpg</book_image><book_image_width>136</book_image_width><book_image_height>200</book_image_height><amazon_product_url>http://www.amazon.com/Gone-Girl-Novel-Gillian-Flynn-ebook/dp/B006LSZECO?tag=NYTBS-20</amazon_product_url><age_group></age_group><book_review_link>https://www.nytimes.com/2012/05/30/books/gone-girl-by-gillian-flynn.html</book_review_link><first_chapter_link></first_chapter_link><sunday_review_link>https://www.nytimes.com/2012/06/17/books/review/gillian-flynns-gone-girl-and-more.html</sunday_review_link><article_chapter_link></article_chapter_link><isbns><isbn><isbn10>030758836X</isbn10><isbn13>9780307588364</isbn13></isbn><isbn><isbn10>0307588386</isbn10><isbn13>9780307588388</isbn13></isbn><isbn><isbn10>1410450953</isbn10><isbn13>9781410450951</isbn13></isbn><isbn><isbn10>0297859382</isbn10><isbn13>9780297859383</isbn13></isbn><isbn><isbn10>0307588378</isbn10><isbn13>9780307588371</isbn13></isbn><isbn><isbn10>0297859390</isbn10><isbn13>9780297859390</isbn13></isbn><isbn><isbn10>159413605X</isbn10><isbn13>9781594136054</isbn13></isbn><isbn><isbn10>055341836X</isbn10><isbn13>9780553418361</isbn13></isbn><isbn><isbn10>0553418351</isbn10><isbn13>9780553418354</isbn13></isbn><isbn><isbn10>0606270175</isbn10><isbn13>9780606270175</isbn13></isbn></isbns><buy_links><buy_link><name>Local Booksellers</name><url>http://www.indiebound.org/book/9780307588388?aff=NYT</url></buy_link><buy_link><name>Barnes and Noble</name><url>http://www.anrdoezrs.net/click-7990613-11819508?url=http%3A%2F%2Fwww.barnesandnoble.com%2Fw%2F%3Fean%3D9780307588388</url></buy_link><buy_link><name>Amazon</name><url>http://www.amazon.com/Gone-Girl-Novel-Gillian-Flynn-ebook/dp/B006LSZECO?tag=NYTBS-20</url></buy_link></buy_links></book><book><rank>3</rank><rank_last_week>6</rank_last_week><weeks_on_list>17</weeks_on_list><asterisk>0</asterisk><dagger>0</dagger><primary_isbn10>0698138635</primary_isbn10><primary_isbn13>9780698138636</primary_isbn13><publisher>Amy Einhorn/Putnam</publisher><description>Who will end up dead, and how, when three mothers with children in the same school become friends?</description><price>0</price><title>BIG LITTLE LIES</title><author>Liane Moriarty</author><contributor>by Liane Moriarty</contributor><contributor_note></contributor_note><book_image>https://s1.nyt.com/du/books/images/9780698138636.jpg</book_image><book_image_width>128</book_image_width><book_image_height>193</book_image_height><amazon_product_url>http://www.amazon.com/Big-Little-Lies-Liane-Moriarty-ebook/dp/B00HDMMISA?tag=NYTBS-20</amazon_product_url><age_group></age_group><book_review_link>https://www.nytimes.com/2014/07/25/books/in-big-little-lies-liane-moriarty-finds-new-complications.html</book_review_link><first_chapter_link></first_chapter_link><sunday_review_link></sunday_review_link><article_chapter_link></article_chapter_link><isbns><isbn><isbn10>0399167064</isbn10><isbn13>9780399167065</isbn13></isbn><isbn><isbn10>0698138635</isbn10><isbn13>9780698138636</isbn13></isbn><isbn><isbn10>1410472035</isbn10><isbn13>9781410472038</isbn13></isbn><isbn><isbn10>0425274861</isbn10><isbn13>9780425274866</isbn13></isbn><isbn><isbn10>1594139067</isbn10><isbn13>9781594139062</isbn13></isbn><isbn><isbn10>0399587195</isbn10><isbn13>9780399587191</isbn13></isbn><isbn><isbn10>0399587209</isbn10><isbn13>9780399587207</isbn13></isbn><isbn><isbn10>1312731796</isbn10><isbn13>9781312731790</isbn13></isbn></isbns><buy_links><buy_link><name>Local Booksellers</name><url>http://www.indiebound.org/book/9780698138636?aff=NYT</url></buy_link><buy_link><name>Barnes and Noble</name><url>http://www.anrdoezrs.net/click-7990613-11819508?url=http%3A%2F%2Fwww.barnesandnoble.com%2Fw%2F%3Fean%3D9780698138636</url></buy_link><buy_link><name>Amazon</name><url>http://www.amazon.com/Big-Little-Lies-Liane-Moriarty-ebook/dp/B00HDMMISA?tag=NYTBS-20</url></buy_link></buy_links></book><book><rank>4</rank><rank_last_week>0</rank_last_week><weeks_on_list>1</weeks_on_list><asterisk>0</asterisk><dagger>0</dagger><primary_isbn10>0345543866</primary_isbn10><primary_isbn13>9780345543868</primary_isbn13><publisher>Ballantine</publisher><description>The hunt for a killer takes Detective Jane Rizzoli and medical examiner Maura Isles from Boston to Botswana.</description><price>0</price><title>DIE AGAIN</title><author>Tess Gerritsen</author><contributor>by Tess Gerritsen</contributor><contributor_note></contributor_note><book_image>https://s1.nyt.com/du/books/images/9780345543868.jpg</book_image><book_image_width>128</book_image_width><book_image_height>194</book_image_height><amazon_product_url>http://www.amazon.com/Die-Again-Rizzoli-Isles-Novel/dp/0345543858?tag=NYTBS-20</amazon_product_url><age_group></age_group><book_review_link></book_review_link><first_chapter_link></first_chapter_link><sunday_review_link></sunday_review_link><article_chapter_link></article_chapter_link><isbns><isbn><isbn10>0345543858</isbn10><isbn13>9780345543851</isbn13></isbn><isbn><isbn10>0345543866</isbn10><isbn13>9780345543868</isbn13></isbn><isbn><isbn10>0345543874</isbn10><isbn13>9780345543875</isbn13></isbn></isbns><buy_links><buy_link><name>Local Booksellers</name><url>http://www.indiebound.org/book/9780345543868?aff=NYT</url></buy_link><buy_link><name>Barnes and Noble</name><url>http://www.anrdoezrs.net/click-7990613-11819508?url=http%3A%2F%2Fwww.barnesandnoble.com%2Fw%2F%3Fean%3D9780345543868</url></buy_link><buy_link><name>Amazon</name><url>http://www.amazon.com/Die-Again-Rizzoli-Isles-Novel/dp/0345543858?tag=NYTBS-20</url></buy_link></buy_links></book><book><rank>5</rank><rank_last_week>3</rank_last_week><weeks_on_list>11</weeks_on_list><asterisk>0</asterisk><dagger>0</dagger><primary_isbn10>0385539169</primary_isbn10><primary_isbn13>9780385539166</primary_isbn13><publisher>Doubleday</publisher><description>A lawyer joins a legal clinic in a small Virginia town, and becomes involved in litigation against the coal mining industry.</description><price>0</price><title>GRAY MOUNTAIN</title><author>John Grisham</author><contributor>by John Grisham</contributor><contributor_note></contributor_note><book_image>https://s1.nyt.com/du/books/images/9780385537148.jpg</book_image><book_image_width>128</book_image_width><book_image_height>194</book_image_height><amazon_product_url>http://www.amazon.com/Gray-Mountain-Novel-John-Grisham/dp/038553714X?tag=NYTBS-20</amazon_product_url><age_group></age_group><book_review_link></book_review_link><first_chapter_link></first_chapter_link><sunday_review_link></sunday_review_link><article_chapter_link></article_chapter_link><isbns><isbn><isbn10>038553714X</isbn10><isbn13>9780385537148</isbn13></isbn><isbn><isbn10>0385539169</isbn10><isbn13>9780385539166</isbn13></isbn><isbn><isbn10>0385539177</isbn10><isbn13>9780385539173</isbn13></isbn><isbn><isbn10>1101964871</isbn10><isbn13>9781101964873</isbn13></isbn><isbn><isbn10>0345543254</isbn10><isbn13>9780345543257</isbn13></isbn></isbns><buy_links><buy_link><name>Local Booksellers</name><url>http://www.indiebound.org/book/9780385539166?aff=NYT</url></buy_link><buy_link><name>Barnes and Noble</name><url>http://www.anrdoezrs.net/click-7990613-11819508?url=http%3A%2F%2Fwww.barnesandnoble.com%2Fw%2F%3Fean%3D9780385539166</url></buy_link><buy_link><name>Amazon</name><url>http://www.amazon.com/Gray-Mountain-Novel-John-Grisham/dp/038553714X?tag=NYTBS-20</url></buy_link></buy_links></book><book><rank>6</rank><rank_last_week>5</rank_last_week><weeks_on_list>7</weeks_on_list><asterisk>0</asterisk><dagger>0</dagger><primary_isbn10>1455521272</primary_isbn10><primary_isbn13>9781455521272</primary_isbn13><publisher>Grand Central</publisher><description>John Puller, a special agent with the Army, hunts for his brother, who was convicted of treason and has escaped from prison.</description><price>0</price><title>THE ESCAPE</title><author>David Baldacci</author><contributor>by David Baldacci</contributor><contributor_note></contributor_note><book_image>https://s1.nyt.com/du/books/images/9781455521197.jpg</book_image><book_image_width>128</book_image_width><book_image_height>193</book_image_height><amazon_product_url>http://www.amazon.com/The-Escape-John-Puller-Book-ebook/dp/B00IRISI42?tag=NYTBS-20</amazon_product_url><age_group></age_group><book_review_link></book_review_link><first_chapter_link></first_chapter_link><sunday_review_link></sunday_review_link><article_chapter_link></article_chapter_link><isbns><isbn><isbn10>1455521191</isbn10><isbn13>9781455521197</isbn13></isbn><isbn><isbn10>1455521272</isbn10><isbn13>9781455521272</isbn13></isbn><isbn><isbn10>1455530174</isbn10><isbn13>9781455530175</isbn13></isbn><isbn><isbn10>1455521167</isbn10><isbn13>9781455521166</isbn13></isbn><isbn><isbn10>1455521256</isbn10><isbn13>9781455521258</isbn13></isbn></isbns><buy_links><buy_link><name>Local Booksellers</name><url>http://www.indiebound.org/book/9781455521272?aff=NYT</url></buy_link><buy_link><name>Barnes and Noble</name><url>http://www.anrdoezrs.net/click-7990613-11819508?url=http%3A%2F%2Fwww.barnesandnoble.com%2Fw%2F%3Fean%3D9781455521272</url></buy_link><buy_link><name>Amazon</name><url>http://www.amazon.com/The-Escape-John-Puller-Book-ebook/dp/B00IRISI42?tag=NYTBS-20</url></buy_link></buy_links></book><book><rank>7</rank><rank_last_week>8</rank_last_week><weeks_on_list>9</weeks_on_list><asterisk>0</asterisk><dagger>0</dagger><primary_isbn10>0316225924</primary_isbn10><primary_isbn13>9780316225922</primary_isbn13><publisher>Little, Brown</publisher><description>The Los Angeles detective Harry Bosch and his new partner investigate two long-unsolved cases.</description><price>0</price><title>THE BURNING ROOM</title><author>Michael Connelly</author><contributor>by Michael Connelly</contributor><contributor_note></contributor_note><book_image>https://s1.nyt.com/du/books/images/9780316225939.jpg</book_image><book_image_width>128</book_image_width><book_image_height>199</book_image_height><amazon_product_url>http://www.amazon.com/Burning-Room-Harry-Bosch-Novel/dp/0316225932?tag=NYTBS-20</amazon_product_url><age_group></age_group><book_review_link></book_review_link><first_chapter_link></first_chapter_link><sunday_review_link></sunday_review_link><article_chapter_link></article_chapter_link><isbns><isbn><isbn10>0316225932</isbn10><isbn13>9780316225939</isbn13></isbn><isbn><isbn10>0316297070</isbn10><isbn13>9780316297073</isbn13></isbn><isbn><isbn10>0316225924</isbn10><isbn13>9780316225922</isbn13></isbn><isbn><isbn10>0316410705</isbn10><isbn13>9780316410700</isbn13></isbn><isbn><isbn10>1455524190</isbn10><isbn13>9781455524198</isbn13></isbn><isbn><isbn10>1455524182</isbn10><isbn13>9781455524181</isbn13></isbn></isbns><buy_links><buy_link><name>Local Booksellers</name><url>http://www.indiebound.org/book/9780316225922?aff=NYT</url></buy_link><buy_link><name>Barnes and Noble</name><url>http://www.anrdoezrs.net/click-7990613-11819508?url=http%3A%2F%2Fwww.barnesandnoble.com%2Fw%2F%3Fean%3D9780316225922</url></buy_link><buy_link><name>Amazon</name><url>http://www.amazon.com/Burning-Room-Harry-Bosch-Novel/dp/0316225932?tag=NYTBS-20</url></buy_link></buy_links></book><book><rank>8</rank><rank_last_week>4</rank_last_week><weeks_on_list>6</weeks_on_list><asterisk>0</asterisk><dagger>0</dagger><primary_isbn10>None</primary_isbn10><primary_isbn13>9780316210942</primary_isbn13><publisher>Little, Brown</publisher><description>Detective Alex Cross’s family is kidnapped by a madman who wants to turn Cross into a perfect killer.</description><price>0</price><title>HOPE TO DIE</title><author>James Patterson</author><contributor>by James Patterson</contributor><contributor_note></contributor_note><book_image>https://s1.nyt.com/du/books/images/9780316210942.jpg</book_image><book_image_width>128</book_image_width><book_image_height>196</book_image_height><amazon_product_url>http://www.amazon.com/Hope-Alex-Cross-James-Patterson/dp/031621096X?tag=NYTBS-20</amazon_product_url><age_group></age_group><book_review_link></book_review_link><first_chapter_link></first_chapter_link><sunday_review_link></sunday_review_link><article_chapter_link></article_chapter_link><isbns><isbn><isbn10>031621096X</isbn10><isbn13>9780316210966</isbn13></isbn><isbn><isbn10>1455515825</isbn10><isbn13>9781455515820</isbn13></isbn><isbn><isbn10>1455515833</isbn10><isbn13>9781455515837</isbn13></isbn></isbns><buy_links><buy_link><name>Local Booksellers</name><url>http://www.indiebound.org/book/9780316210942?aff=NYT</url></buy_link><buy_link><name>Barnes and Noble</name><url>http://www.anrdoezrs.net/click-7990613-11819508?url=http%3A%2F%2Fwww.barnesandnoble.com%2Fw%2F%3Fean%3D9780316210942</url></buy_link><buy_link><name>Amazon</name><url>http://www.amazon.com/Hope-Alex-Cross-James-Patterson/dp/031621096X?tag=NYTBS-20</url></buy_link></buy_links></book><book><rank>9</rank><rank_last_week>0</rank_last_week><weeks_on_list>1</weeks_on_list><asterisk>0</asterisk><dagger>0</dagger><primary_isbn10>None</primary_isbn10><primary_isbn13>9781311179036</primary_isbn13><publisher>Metal Blonde</publisher><description>Years ago, Steph and Linden made a promise to each other. Now it's time to test their commitment.</description><price>0</price><title>THE PACT</title><author>Karina Halle</author><contributor>by Karina Halle</contributor><contributor_note></contributor_note><book_image>https://s1.nyt.com/du/books/images/9781311179036.jpg</book_image><book_image_width>330</book_image_width><book_image_height>495</book_image_height><amazon_product_url>http://www.amazon.com/The-Pact-Karina-Halle-ebook/dp/B00RJD8LOS?tag=NYTBS-20</amazon_product_url><age_group></age_group><book_review_link></book_review_link><first_chapter_link></first_chapter_link><sunday_review_link></sunday_review_link><article_chapter_link></article_chapter_link><isbns/><buy_links><buy_link><name>Local Booksellers</name><url>http://www.indiebound.org/book/9781311179036?aff=NYT</url></buy_link><buy_link><name>Barnes and Noble</name><url>http://www.anrdoezrs.net/click-7990613-11819508?url=http%3A%2F%2Fwww.barnesandnoble.com%2Fw%2F%3Fean%3D9781311179036</url></buy_link><buy_link><name>Amazon</name><url>http://www.amazon.com/The-Pact-Karina-Halle-ebook/dp/B00RJD8LOS?tag=NYTBS-20</url></buy_link></buy_links></book><book><rank>10</rank><rank_last_week>0</rank_last_week><weeks_on_list>1</weeks_on_list><asterisk>0</asterisk><dagger>0</dagger><primary_isbn10>None</primary_isbn10><primary_isbn13>9781420135947</primary_isbn13><publisher>Zebra/Kensington</publisher><description>When a powerful family tries to reclaim twins who were legally given up at birth, their loving but poor adoptive parents turn to Myra Rutledge and her formidable Sisterhood for help.</description><price>0</price><title>EYES ONLY</title><author>Fern Michaels</author><contributor>by Fern Michaels</contributor><contributor_note></contributor_note><book_image>https://s1.nyt.com/du/books/images/9781420135947.jpg</book_image><book_image_width>128</book_image_width><book_image_height>166</book_image_height><amazon_product_url>http://www.amazon.com/Eyes-Only-SisterHood-Book-24-ebook/dp/B00L3KV2QM?tag=NYTBS-20</amazon_product_url><age_group></age_group><book_review_link></book_review_link><first_chapter_link></first_chapter_link><sunday_review_link></sunday_review_link><article_chapter_link></article_chapter_link><isbns><isbn><isbn10>1420135910</isbn10><isbn13>9781420135916</isbn13></isbn></isbns><buy_links><buy_link><name>Local Booksellers</name><url>http://www.indiebound.org/book/9781420135947?aff=NYT</url></buy_link><buy_link><name>Barnes and Noble</name><url>http://www.anrdoezrs.net/click-7990613-11819508?url=http%3A%2F%2Fwww.barnesandnoble.com%2Fw%2F%3Fean%3D9781420135947</url></buy_link><buy_link><name>Amazon</name><url>http://www.amazon.com/Eyes-Only-SisterHood-Book-24-ebook/dp/B00L3KV2QM?tag=NYTBS-20</url></buy_link></buy_links></book><book><rank>11</rank><rank_last_week>11</rank_last_week><weeks_on_list>9</weeks_on_list><asterisk>0</asterisk><dagger>0</dagger><primary_isbn10>0307459926</primary_isbn10><primary_isbn13>9780307459923</primary_isbn13><publisher>Broadway</publisher><description>A woman who was spared when her mother and sisters were murdered begins to reinvestigate the case against her imprisoned brother.</description><price>0</price><title>DARK PLACES</title><author>Gillian Flynn</author><contributor>by Gillian Flynn</contributor><contributor_note></contributor_note><book_image>https://s1.nyt.com/du/books/images/9780307341570.jpg</book_image><book_image_width>302</book_image_width><book_image_height>495</book_image_height><amazon_product_url>http://www.amazon.com/Dark-Places-Novel-Gillian-Flynn/dp/0307341577?tag=NYTBS-20</amazon_product_url><age_group></age_group><book_review_link></book_review_link><first_chapter_link></first_chapter_link><sunday_review_link></sunday_review_link><article_chapter_link></article_chapter_link><isbns><isbn><isbn10>0307459926</isbn10><isbn13>9780307459923</isbn13></isbn><isbn><isbn10>0307341577</isbn10><isbn13>9780307341570</isbn13></isbn><isbn><isbn10>1101902884</isbn10><isbn13>9781101902882</isbn13></isbn><isbn><isbn10>0553418483</isbn10><isbn13>9780553418484</isbn13></isbn></isbns><buy_links><buy_link><name>Local Booksellers</name><url>http://www.indiebound.org/book/9780307459923?aff=NYT</url></buy_link><buy_link><name>Barnes and Noble</name><url>http://www.anrdoezrs.net/click-7990613-11819508?url=http%3A%2F%2Fwww.barnesandnoble.com%2Fw%2F%3Fean%3D9780307459923</url></buy_link><buy_link><name>Amazon</name><url>http://www.amazon.com/Dark-Places-Novel-Gillian-Flynn/dp/0307341577?tag=NYTBS-20</url></buy_link></buy_links></book><book><rank>12</rank><rank_last_week>0</rank_last_week><weeks_on_list>1</weeks_on_list><asterisk>0</asterisk><dagger>0</dagger><primary_isbn10></primary_isbn10><primary_isbn13>9780698186057</primary_isbn13><publisher>Dutton</publisher><description>Pike Logan and his partner, Jennifer Cahill, members of a secret counterterrorist unit called the Taskforce, contend with a well-coordinated hostage seizure.</description><price>0</price><title>NO FORTUNATE SON</title><author>Brad Taylor</author><contributor>by Brad Taylor</contributor><contributor_note></contributor_note><book_image>https://s1.nyt.com/du/books/images/9780698186057.jpg</book_image><book_image_width>128</book_image_width><book_image_height>193</book_image_height><amazon_product_url>http://www.amazon.com/No-Fortunate-Son-Logan-Thriller/dp/052595399X?tag=NYTBS-20</amazon_product_url><age_group></age_group><book_review_link></book_review_link><first_chapter_link></first_chapter_link><sunday_review_link></sunday_review_link><article_chapter_link></article_chapter_link><isbns><isbn><isbn10>052595399X</isbn10><isbn13>9780525953999</isbn13></isbn></isbns><buy_links><buy_link><name>Local Booksellers</name><url>http://www.indiebound.org/book/9780698186057?aff=NYT</url></buy_link><buy_link><name>Barnes and Noble</name><url>http://www.anrdoezrs.net/click-7990613-11819508?url=http%3A%2F%2Fwww.barnesandnoble.com%2Fw%2F%3Fean%3D9780698186057</url></buy_link><buy_link><name>Amazon</name><url>http://www.amazon.com/No-Fortunate-Son-Logan-Thriller/dp/052595399X?tag=NYTBS-20</url></buy_link></buy_links></book><book><rank>13</rank><rank_last_week>0</rank_last_week><weeks_on_list>1</weeks_on_list><asterisk>0</asterisk><dagger>0</dagger><primary_isbn10></primary_isbn10><primary_isbn13>9780698164635</primary_isbn13><publisher>Putnam</publisher><description>The second novel in a new series about the Cold War and the early C.I.A.</description><price>0</price><title>THE ASSASSINATION OPTION</title><author>W E B Griffin and William E Butterworth IV</author><contributor>by W. E. B. Griffin and William E. Butterworth IV</contributor><contributor_note></contributor_note><book_image>https://s1.nyt.com/du/books/images/9780698164635.jpg</book_image><book_image_width>128</book_image_width><book_image_height>193</book_image_height><amazon_product_url>http://www.amazon.com/Assassination-Option-Clandestine-Operations-Novel/dp/039917124X?tag=NYTBS-20</amazon_product_url><age_group></age_group><book_review_link></book_review_link><first_chapter_link></first_chapter_link><sunday_review_link></sunday_review_link><article_chapter_link></article_chapter_link><isbns><isbn><isbn10>039917124X</isbn10><isbn13>9780399171246</isbn13></isbn></isbns><buy_links><buy_link><name>Local Booksellers</name><url>http://www.indiebound.org/book/9780698164635?aff=NYT</url></buy_link><buy_link><name>Barnes and Noble</name><url>http://www.anrdoezrs.net/click-7990613-11819508?url=http%3A%2F%2Fwww.barnesandnoble.com%2Fw%2F%3Fean%3D9780698164635</url></buy_link><buy_link><name>Amazon</name><url>http://www.amazon.com/Assassination-Option-Clandestine-Operations-Novel/dp/039917124X?tag=NYTBS-20</url></buy_link></buy_links></book><book><rank>14</rank><rank_last_week>0</rank_last_week><weeks_on_list>1</weeks_on_list><asterisk>0</asterisk><dagger>0</dagger><primary_isbn10>1460345797</primary_isbn10><primary_isbn13>9781460345795</primary_isbn13><publisher>Mira</publisher><description>When Aidan Mitchell, a former football player, takes a high school coaching job in Chesapeake Shores, he's embraced by the town — especially the O'Briens. But Aidan has a secret that could alter their lives.</description><price>0</price><title>DOGWOOD HILL</title><author>Sherryl Woods</author><contributor>by Sherryl Woods</contributor><contributor_note></contributor_note><book_image>https://s1.nyt.com/du/books/images/9781460345795.jpg</book_image><book_image_width>128</book_image_width><book_image_height>202</book_image_height><amazon_product_url>http://www.amazon.com/Dogwood-Hill-Chesapeake-Shores-Novel-ebook/dp/B00LZCTGPW?tag=NYTBS-20</amazon_product_url><age_group></age_group><book_review_link></book_review_link><first_chapter_link></first_chapter_link><sunday_review_link></sunday_review_link><article_chapter_link></article_chapter_link><isbns><isbn><isbn10>0778317323</isbn10><isbn13>9780778317326</isbn13></isbn><isbn><isbn10>1460345797</isbn10><isbn13>9781460345795</isbn13></isbn><isbn><isbn10>0778318230</isbn10><isbn13>9780778318231</isbn13></isbn></isbns><buy_links><buy_link><name>Local Booksellers</name><url>http://www.indiebound.org/book/9781460345795?aff=NYT</url></buy_link><buy_link><name>Barnes and Noble</name><url>http://www.anrdoezrs.net/click-7990613-11819508?url=http%3A%2F%2Fwww.barnesandnoble.com%2Fw%2F%3Fean%3D9781460345795</url></buy_link><buy_link><name>Amazon</name><url>http://www.amazon.com/Dogwood-Hill-Chesapeake-Shores-Novel-ebook/dp/B00LZCTGPW?tag=NYTBS-20</url></buy_link></buy_links></book><book><rank>15</rank><rank_last_week>0</rank_last_week><weeks_on_list>71</weeks_on_list><asterisk>0</asterisk><dagger>0</dagger><primary_isbn10>None</primary_isbn10><primary_isbn13>9781612130293</primary_isbn13><publisher>Vintage</publisher><description>An innocent college student falls in love with a tortured man with particular sexual tastes; the first of a trilogy.</description><price>0</price><title>FIFTY SHADES OF GREY</title><author>E L James</author><contributor>by E. L. James</contributor><contributor_note></contributor_note><book_image>https://s1.nyt.com/du/books/images/9780345803481.jpg</book_image><book_image_width>125</book_image_width><book_image_height>193</book_image_height><amazon_product_url>http://www.amazon.com/Fifty-Shades-Grey-Book-Trilogy/dp/0345803485?tag=NYTBS-20</amazon_product_url><age_group></age_group><book_review_link></book_review_link><first_chapter_link></first_chapter_link><sunday_review_link></sunday_review_link><article_chapter_link></article_chapter_link><isbns><isbn><isbn10>1612130283</isbn10><isbn13>9781612130286</isbn13></isbn><isbn><isbn10>0345803485</isbn10><isbn13>9780345803481</isbn13></isbn><isbn><isbn10>0099579936</isbn10><isbn13>9780099579939</isbn13></isbn><isbn><isbn10>0385363125</isbn10><isbn13>9780385363129</isbn13></isbn><isbn><isbn10>0385537670</isbn10><isbn13>9780385537674</isbn13></isbn><isbn><isbn10>0345806751</isbn10><isbn13>9780345806758</isbn13></isbn><isbn><isbn10>0804172072</isbn10><isbn13>9780804172073</isbn13></isbn><isbn><isbn10>0345805151</isbn10><isbn13>9780345805157</isbn13></isbn></isbns><buy_links><buy_link><name>Local Booksellers</name><url>http://www.indiebound.org/book/9781612130293?aff=NYT</url></buy_link><buy_link><name>Barnes and Noble</name><url>http://www.anrdoezrs.net/click-7990613-11819508?url=http%3A%2F%2Fwww.barnesandnoble.com%2Fw%2F%3Fean%3D9781612130293</url></buy_link><buy_link><name>Amazon</name><url>http://www.amazon.com/Fifty-Shades-Grey-Book-Trilogy/dp/0345803485?tag=NYTBS-20</url></buy_link></buy_links></book><book><rank>16</rank><rank_last_week>0</rank_last_week><weeks_on_list>0</weeks_on_list><asterisk>0</asterisk><dagger>0</dagger><primary_isbn10>None</primary_isbn10><primary_isbn13>9781926440132</primary_isbn13><publisher>Deborah Bladon</publisher><description></description><price>0</price><title>GONE - PART THREE</title><author>Deborah Bladon</author><contributor>by Deborah Bladon</contributor><contributor_note></contributor_note><book_image>https://s1.nyt.com/du/books/images/9781926440132.jpg</book_image><book_image_width>330</book_image_width><book_image_height>495</book_image_height><amazon_product_url>http://www.amazon.com/GONE-Part-Three-Series-Book-ebook/dp/B00RE16H5A?tag=NYTBS-20</amazon_product_url><age_group></age_group><book_review_link></book_review_link><first_chapter_link></first_chapter_link><sunday_review_link></sunday_review_link><article_chapter_link></article_chapter_link><isbns/><buy_links><buy_link><name>Local Booksellers</name><url>http://www.indiebound.org/book/9781926440132?aff=NYT</url></buy_link><buy_link><name>Barnes and Noble</name><url>http://www.anrdoezrs.net/click-7990613-11819508?url=http%3A%2F%2Fwww.barnesandnoble.com%2Fw%2F%3Fean%3D9781926440132</url></buy_link><buy_link><name>Amazon</name><url>http://www.amazon.com/GONE-Part-Three-Series-Book-ebook/dp/B00RE16H5A?tag=NYTBS-20</url></buy_link></buy_links></book><book><rank>17</rank><rank_last_week>0</rank_last_week><weeks_on_list>0</weeks_on_list><asterisk>0</asterisk><dagger>0</dagger><primary_isbn10>None</primary_isbn10><primary_isbn13>9780698153462</primary_isbn13><publisher>Berkley</publisher><description>Eva and Gideon's love is threatened by old wounds; a Crossfire novel.</description><price>0</price><title>CAPTIVATED BY YOU</title><author>Sylvia Day</author><contributor>by Sylvia Day</contributor><contributor_note></contributor_note><book_image>https://s1.nyt.com/du/books/images/9780698153462.jpg</book_image><book_image_width>330</book_image_width><book_image_height>495</book_image_height><amazon_product_url>http://www.amazon.com/Captivated-By-You-Crossfire-Novel/dp/0425273865?tag=NYTBS-20</amazon_product_url><age_group></age_group><book_review_link></book_review_link><first_chapter_link></first_chapter_link><sunday_review_link></sunday_review_link><article_chapter_link></article_chapter_link><isbns><isbn><isbn10>0425273865</isbn10><isbn13>9780425273869</isbn13></isbn></isbns><buy_links><buy_link><name>Local Booksellers</name><url>http://www.indiebound.org/book/9780698153462?aff=NYT</url></buy_link><buy_link><name>Barnes and Noble</name><url>http://www.anrdoezrs.net/click-7990613-11819508?url=http%3A%2F%2Fwww.barnesandnoble.com%2Fw%2F%3Fean%3D9780698153462</url></buy_link><buy_link><name>Amazon</name><url>http://www.amazon.com/Captivated-By-You-Crossfire-Novel/dp/0425273865?tag=NYTBS-20</url></buy_link></buy_links></book><book><rank>18</rank><rank_last_week>0</rank_last_week><weeks_on_list>0</weeks_on_list><asterisk>0</asterisk><dagger>0</dagger><primary_isbn10>None</primary_isbn10><primary_isbn13>9781926440125</primary_isbn13><publisher>Deborah Bladon</publisher><description>Lilly and Clive's tumultuous relationship continues.</description><price>0</price><title>GONE - PART TWO</title><author>Deborah Bladon</author><contributor>by Deborah Bladon</contributor><contributor_note></contributor_note><book_image>https://s1.nyt.com/du/books/images/9781926440125.jpg</book_image><book_image_width>330</book_image_width><book_image_height>495</book_image_height><amazon_product_url>http://www.amazon.com/GONE-Part-Two-Series-Book-ebook/dp/B00RAKQB3S?tag=NYTBS-20</amazon_product_url><age_group></age_group><book_review_link></book_review_link><first_chapter_link></first_chapter_link><sunday_review_link></sunday_review_link><article_chapter_link></article_chapter_link><isbns/><buy_links><buy_link><name>Local Booksellers</name><url>http://www.indiebound.org/book/9781926440125?aff=NYT</url></buy_link><buy_link><name>Barnes and Noble</name><url>http://www.anrdoezrs.net/click-7990613-11819508?url=http%3A%2F%2Fwww.barnesandnoble.com%2Fw%2F%3Fean%3D9781926440125</url></buy_link><buy_link><name>Amazon</name><url>http://www.amazon.com/GONE-Part-Two-Series-Book-ebook/dp/B00RAKQB3S?tag=NYTBS-20</url></buy_link></buy_links></book><book><rank>19</rank><rank_last_week>0</rank_last_week><weeks_on_list>0</weeks_on_list><asterisk>0</asterisk><dagger>0</dagger><primary_isbn10>None</primary_isbn10><primary_isbn13>9780698173064</primary_isbn13><publisher>Putnam</publisher><description>The black ops specialists Sean Dillon and Sara Gideon investigate a Chechen attempt to kill a former president on Nantucket.</description><price>0</price><title>RAIN ON THE DEAD</title><author>Jack Higgins</author><contributor>by Jack Higgins</contributor><contributor_note></contributor_note><book_image>https://s1.nyt.com/du/books/images/9780698173064.jpg</book_image><book_image_width>128</book_image_width><book_image_height>193</book_image_height><amazon_product_url>http://www.amazon.com/Rain-Dead-Jack-Higgins-ebook/dp/B00INIXJ8G?tag=NYTBS-20</amazon_product_url><age_group></age_group><book_review_link></book_review_link><first_chapter_link></first_chapter_link><sunday_review_link></sunday_review_link><article_chapter_link></article_chapter_link><isbns><isbn><isbn10>0399171940</isbn10><isbn13>9780399171949</isbn13></isbn></isbns><buy_links><buy_link><name>Local Booksellers</name><url>http://www.indiebound.org/book/9780698173064?aff=NYT</url></buy_link><buy_link><name>Barnes and Noble</name><url>http://www.anrdoezrs.net/click-7990613-11819508?url=http%3A%2F%2Fwww.barnesandnoble.com%2Fw%2F%3Fean%3D9780698173064</url></buy_link><buy_link><name>Amazon</name><url>http://www.amazon.com/Rain-Dead-Jack-Higgins-ebook/dp/B00INIXJ8G?tag=NYTBS-20</url></buy_link></buy_links></book><book><rank>20</rank><rank_last_week>0</rank_last_week><weeks_on_list>0</weeks_on_list><asterisk>0</asterisk><dagger>0</dagger><primary_isbn10>None</primary_isbn10><primary_isbn13>9780804139038</primary_isbn13><publisher>Crown</publisher><description>Separated from his crew, an astronaut embarks on a quest to stay alive on Mars. The basis of the movie.</description><price>0</price><title>THE MARTIAN</title><author>Andy Weir</author><contributor>by Andy Weir</contributor><contributor_note></contributor_note><book_image>https://s1.nyt.com/du/books/images/9780804139038.jpg</book_image><book_image_width>128</book_image_width><book_image_height>194</book_image_height><amazon_product_url>http://www.amazon.com/The-Martian-Novel-Andy-Weir-ebook/dp/B00EMXBDMA?tag=NYTBS-20</amazon_product_url><age_group></age_group><book_review_link></book_review_link><first_chapter_link></first_chapter_link><sunday_review_link></sunday_review_link><article_chapter_link></article_chapter_link><isbns><isbn><isbn10>0804139024</isbn10><isbn13>9780804139021</isbn13></isbn><isbn><isbn10>0553418025</isbn10><isbn13>9780553418026</isbn13></isbn><isbn><isbn10>0091956145</isbn10><isbn13>9780091956141</isbn13></isbn><isbn><isbn10>1594138540</isbn10><isbn13>9781594138546</isbn13></isbn><isbn><isbn10>1101903589</isbn10><isbn13>9781101903582</isbn13></isbn><isbn><isbn10>110190500X</isbn10><isbn13>9781101905005</isbn13></isbn></isbns><buy_links><buy_link><name>Local Booksellers</name><url>http://www.indiebound.org/book/9780804139038?aff=NYT</url></buy_link><buy_link><name>Barnes and Noble</name><url>http://www.anrdoezrs.net/click-7990613-11819508?url=http%3A%2F%2Fwww.barnesandnoble.com%2Fw%2F%3Fean%3D9780804139038</url></buy_link><buy_link><name>Amazon</name><url>http://www.amazon.com/The-Martian-Novel-Andy-Weir-ebook/dp/B00EMXBDMA?tag=NYTBS-20</url></buy_link></buy_links></book></books><corrections/></results></result_set>
