<?xml version="1.0" encoding="UTF-8"?>
<result_set><status>OK</status><copyright>Copyright (c) 2018 The New York Times Company.  All Rights Reserved.</copyright><num_results>25</num_results><last_modified>2017-03-21T13:38:01-04:00</last_modified><results><list_name>Combined Print and E-Book Fiction</list_name><list_name_encoded>combined-print-and-e-book-fiction</list_name_encoded><bestsellers_date>2013-08-24</bestsellers_date><published_date>2013-09-08</published_date><published_date_description></published_date_description><next_published_date>2013-09-15</next_published_date><previous_published_date>2013-09-01</previous_published_date><display_name><![CDATA[Combined Print & E-Book Fiction]]></display_name><normal_list_ends_at>15</normal_list_ends_at><updated>WEEKLY</updated><books><book><rank>1</rank><rank_last_week>1</rank_last_week><weeks_on_list>6</weeks_on_list><asterisk>0</asterisk><dagger>0</dagger><primary_isbn10>0316206865</primary_isbn10><primary_isbn13>9780316206860</primary_isbn13><publisher>Mulholland/Little, Brown</publisher><description>The struggling detective Cormoran Strike investigates a supermodel’s suicide; by J.K. Rowling, writing pseudonymously.</description><price>0</price><title>THE CUCKOO'S CALLING</title><author>Robert Galbraith</author><contributor>by Robert Galbraith</contributor><contributor_note></contributor_note><book_image>https://s1.nyt.com/du/books/images/9780316206860.jpg</book_image><book_image_width>330</book_image_width><book_image_height>495</book_image_height><amazon_product_url>http://www.amazon.com/The-Cuckoos-Calling-Robert-Galbraith-ebook/dp/B00AA20E5Y?tag=NYTBS-20</amazon_product_url><age_group></age_group><book_review_link>https://www.nytimes.com/2013/07/18/books/in-j-k-rowlings-cuckoos-calling-model-dies-but-why.html</book_review_link><first_chapter_link></first_chapter_link><sunday_review_link></sunday_review_link><article_chapter_link></article_chapter_link><isbns><isbn><isbn10>0316206849</isbn10><isbn13>9780316206846</isbn13></isbn><isbn><isbn10>0316206865</isbn10><isbn13>9780316206860</isbn13></isbn><isbn><isbn10>0316330167</isbn10><isbn13>9780316330169</isbn13></isbn><isbn><isbn10>0316206857</isbn10><isbn13>9780316206853</isbn13></isbn><isbn><isbn10>1611134935</isbn10><isbn13>9781611134933</isbn13></isbn></isbns><buy_links><buy_link><name>Local Booksellers</name><url>http://www.indiebound.org/book/9780316206860?aff=NYT</url></buy_link><buy_link><name>Barnes and Noble</name><url>http://www.anrdoezrs.net/click-7990613-11819508?url=http%3A%2F%2Fwww.barnesandnoble.com%2Fw%2F%3Fean%3D9780316206860</url></buy_link><buy_link><name>Amazon</name><url>http://www.amazon.com/The-Cuckoos-Calling-Robert-Galbraith-ebook/dp/B00AA20E5Y?tag=NYTBS-20</url></buy_link></buy_links></book><book><rank>2</rank><rank_last_week>4</rank_last_week><weeks_on_list>3</weeks_on_list><asterisk>0</asterisk><dagger>0</dagger><primary_isbn10></primary_isbn10><primary_isbn13>9781101636237</primary_isbn13><publisher>Amy Einhorn/Putnam</publisher><description>A woman’s life is upended when she discovers a letter from her husband she was not meant to read.</description><price>0</price><title>THE HUSBAND'S SECRET</title><author>Liane Moriarty</author><contributor>by Liane Moriarty</contributor><contributor_note></contributor_note><book_image>https://s1.nyt.com/du/books/images/9781101636237.jpg</book_image><book_image_width>330</book_image_width><book_image_height>495</book_image_height><amazon_product_url>http://www.amazon.com/The-Husbands-Secret-Liane-Moriarty-ebook/dp/B00D7Z4GQY?tag=NYTBS-20</amazon_product_url><age_group></age_group><book_review_link></book_review_link><first_chapter_link></first_chapter_link><sunday_review_link></sunday_review_link><article_chapter_link></article_chapter_link><isbns><isbn><isbn10>0399159347</isbn10><isbn13>9780399159343</isbn13></isbn><isbn><isbn10>0425267725</isbn10><isbn13>9780425267721</isbn13></isbn><isbn><isbn10>1594137226</isbn10><isbn13>9781594137228</isbn13></isbn></isbns><buy_links><buy_link><name>Local Booksellers</name><url>http://www.indiebound.org/book/9781101636237?aff=NYT</url></buy_link><buy_link><name>Barnes and Noble</name><url>http://www.anrdoezrs.net/click-7990613-11819508?url=http%3A%2F%2Fwww.barnesandnoble.com%2Fw%2F%3Fean%3D9781101636237</url></buy_link><buy_link><name>Amazon</name><url>http://www.amazon.com/The-Husbands-Secret-Liane-Moriarty-ebook/dp/B00D7Z4GQY?tag=NYTBS-20</url></buy_link></buy_links></book><book><rank>3</rank><rank_last_week>0</rank_last_week><weeks_on_list>1</weeks_on_list><asterisk>0</asterisk><dagger>0</dagger><primary_isbn10>0988986221</primary_isbn10><primary_isbn13>9780988986220</primary_isbn13><publisher>Indie Six</publisher><description>Six stories of first loves and first times.</description><price>0</price><title>WICKED FIRSTS</title><author>Elisabeth Naughton and others</author><contributor>by Elisabeth Naughton and others</contributor><contributor_note></contributor_note><book_image>https://s1.nyt.com/du/books/images/9780988986220.jpg</book_image><book_image_width>330</book_image_width><book_image_height>495</book_image_height><amazon_product_url>http://www.amazon.com/Wicked-Firsts-Elisabeth-Naughton-ebook/dp/B00E7TQCLQ?tag=NYTBS-20</amazon_product_url><age_group></age_group><book_review_link></book_review_link><first_chapter_link></first_chapter_link><sunday_review_link></sunday_review_link><article_chapter_link></article_chapter_link><isbns><isbn><isbn10>0988986221</isbn10><isbn13>9780988986220</isbn13></isbn></isbns><buy_links><buy_link><name>Local Booksellers</name><url>http://www.indiebound.org/book/9780988986220?aff=NYT</url></buy_link><buy_link><name>Barnes and Noble</name><url>http://www.anrdoezrs.net/click-7990613-11819508?url=http%3A%2F%2Fwww.barnesandnoble.com%2Fw%2F%3Fean%3D9780988986220</url></buy_link><buy_link><name>Amazon</name><url>http://www.amazon.com/Wicked-Firsts-Elisabeth-Naughton-ebook/dp/B00E7TQCLQ?tag=NYTBS-20</url></buy_link></buy_links></book><book><rank>4</rank><rank_last_week>3</rank_last_week><weeks_on_list>3</weeks_on_list><asterisk>0</asterisk><dagger>0</dagger><primary_isbn10>0316211060</primary_isbn10><primary_isbn13>9780316211062</primary_isbn13><publisher>Little, Brown</publisher><description>When he begins to investigate a friend’s mysterious death, a man discovers she was leading a double life.</description><price>0</price><title>MISTRESS</title><author>James Patterson and David Ellis</author><contributor>by James Patterson and David Ellis</contributor><contributor_note></contributor_note><book_image>https://s1.nyt.com/du/books/images/9780316211079.jpg</book_image><book_image_width>326</book_image_width><book_image_height>495</book_image_height><amazon_product_url>http://www.amazon.com/Mistress-James-Patterson/dp/1455515892?tag=NYTBS-20</amazon_product_url><age_group></age_group><book_review_link></book_review_link><first_chapter_link></first_chapter_link><sunday_review_link></sunday_review_link><article_chapter_link></article_chapter_link><isbns><isbn><isbn10>0316211079</isbn10><isbn13>9780316211079</isbn13></isbn><isbn><isbn10>0316211060</isbn10><isbn13>9780316211062</isbn13></isbn><isbn><isbn10>0316211052</isbn10><isbn13>9780316211055</isbn13></isbn><isbn><isbn10>1455515892</isbn10><isbn13>9781455515899</isbn13></isbn><isbn><isbn10>1455515884</isbn10><isbn13>9781455515882</isbn13></isbn></isbns><buy_links><buy_link><name>Local Booksellers</name><url>http://www.indiebound.org/book/9780316211062?aff=NYT</url></buy_link><buy_link><name>Barnes and Noble</name><url>http://www.anrdoezrs.net/click-7990613-11819508?url=http%3A%2F%2Fwww.barnesandnoble.com%2Fw%2F%3Fean%3D9780316211062</url></buy_link><buy_link><name>Amazon</name><url>http://www.amazon.com/Mistress-James-Patterson/dp/1455515892?tag=NYTBS-20</url></buy_link></buy_links></book><book><rank>5</rank><rank_last_week>5</rank_last_week><weeks_on_list>3</weeks_on_list><asterisk>0</asterisk><dagger>0</dagger><primary_isbn10>None</primary_isbn10><primary_isbn13>9780345546647</primary_isbn13><publisher>Delacorte</publisher><description>With New York City blacked out, a 16-year-old Jack Reacher helps a woman with a problem; a Jack Reacher novella.</description><price>0</price><title>HIGH HEAT</title><author>Lee Child</author><contributor>by Lee Child</contributor><contributor_note></contributor_note><book_image>https://s1.nyt.com/du/books/images/9780345546647.jpg</book_image><book_image_width>330</book_image_width><book_image_height>438</book_image_height><amazon_product_url>http://www.amazon.com/High-Heat-Reacher-Novella-Kindle-ebook/dp/B00DFIE80W?tag=NYTBS-20</amazon_product_url><age_group></age_group><book_review_link></book_review_link><first_chapter_link></first_chapter_link><sunday_review_link></sunday_review_link><article_chapter_link></article_chapter_link><isbns/><buy_links><buy_link><name>Local Booksellers</name><url>http://www.indiebound.org/book/9780345546647?aff=NYT</url></buy_link><buy_link><name>Barnes and Noble</name><url>http://www.anrdoezrs.net/click-7990613-11819508?url=http%3A%2F%2Fwww.barnesandnoble.com%2Fw%2F%3Fean%3D9780345546647</url></buy_link><buy_link><name>Amazon</name><url>http://www.amazon.com/High-Heat-Reacher-Novella-Kindle-ebook/dp/B00DFIE80W?tag=NYTBS-20</url></buy_link></buy_links></book><book><rank>6</rank><rank_last_week>10</rank_last_week><weeks_on_list>5</weeks_on_list><asterisk>0</asterisk><dagger>0</dagger><primary_isbn10></primary_isbn10><primary_isbn13>9781101608067</primary_isbn13><publisher>Penguin</publisher><description>A chilling portrait of a marriage gone terribly awry is presented in alternating voices.</description><price>0</price><title>THE SILENT WIFE</title><author>A S A Harrison</author><contributor>by A. S. A. Harrison</contributor><contributor_note></contributor_note><book_image>https://s1.nyt.com/du/books/images/9781101608067.jpg</book_image><book_image_width>324</book_image_width><book_image_height>495</book_image_height><amazon_product_url>http://www.amazon.com/The-Silent-Wife-A-Novel-ebook/dp/B00AEDDSZW?tag=NYTBS-20</amazon_product_url><age_group></age_group><book_review_link></book_review_link><first_chapter_link></first_chapter_link><sunday_review_link></sunday_review_link><article_chapter_link></article_chapter_link><isbns><isbn><isbn10>0143123238</isbn10><isbn13>9780143123231</isbn13></isbn></isbns><buy_links><buy_link><name>Local Booksellers</name><url>http://www.indiebound.org/book/9781101608067?aff=NYT</url></buy_link><buy_link><name>Barnes and Noble</name><url>http://www.anrdoezrs.net/click-7990613-11819508?url=http%3A%2F%2Fwww.barnesandnoble.com%2Fw%2F%3Fean%3D9781101608067</url></buy_link><buy_link><name>Amazon</name><url>http://www.amazon.com/The-Silent-Wife-A-Novel-ebook/dp/B00AEDDSZW?tag=NYTBS-20</url></buy_link></buy_links></book><book><rank>7</rank><rank_last_week>9</rank_last_week><weeks_on_list>15</weeks_on_list><asterisk>0</asterisk><dagger>0</dagger><primary_isbn10>0385537867</primary_isbn10><primary_isbn13>9780385537865</primary_isbn13><publisher>Doubleday</publisher><description>The symbologist Robert Langdon, on the run in Florence, must decipher a series of codes created by a Dante-loving scientist.</description><price>0</price><title>INFERNO</title><author>Dan Brown</author><contributor>by Dan Brown</contributor><contributor_note></contributor_note><book_image>https://s1.nyt.com/du/books/images/9781400079155.jpg</book_image><book_image_width>276</book_image_width><book_image_height>495</book_image_height><amazon_product_url>http://www.amazon.com/Inferno-Robert-Langdon-Dan-Brown/dp/1400079152?tag=NYTBS-20</amazon_product_url><age_group></age_group><book_review_link>https://www.nytimes.com/2013/05/13/books/inferno-by-dan-brown.html</book_review_link><first_chapter_link></first_chapter_link><sunday_review_link></sunday_review_link><article_chapter_link></article_chapter_link><isbns><isbn><isbn10>0385537859</isbn10><isbn13>9780385537858</isbn13></isbn><isbn><isbn10>0345806484</isbn10><isbn13>9780345806482</isbn13></isbn><isbn><isbn10>0385537867</isbn10><isbn13>9780385537865</isbn13></isbn><isbn><isbn10>0804172269</isbn10><isbn13>9780804172264</isbn13></isbn><isbn><isbn10>0345806492</isbn10><isbn13>9780345806499</isbn13></isbn><isbn><isbn10>1400079152</isbn10><isbn13>9781400079155</isbn13></isbn><isbn><isbn10>1101972971</isbn10><isbn13>9781101972977</isbn13></isbn><isbn><isbn10>1101974117</isbn10><isbn13>9781101974117</isbn13></isbn><isbn><isbn10>0385539924</isbn10><isbn13>9780385539920</isbn13></isbn></isbns><buy_links><buy_link><name>Local Booksellers</name><url>http://www.indiebound.org/book/9780385537865?aff=NYT</url></buy_link><buy_link><name>Barnes and Noble</name><url>http://www.anrdoezrs.net/click-7990613-11819508?url=http%3A%2F%2Fwww.barnesandnoble.com%2Fw%2F%3Fean%3D9780385537865</url></buy_link><buy_link><name>Amazon</name><url>http://www.amazon.com/Inferno-Robert-Langdon-Dan-Brown/dp/1400079152?tag=NYTBS-20</url></buy_link></buy_links></book><book><rank>8</rank><rank_last_week>0</rank_last_week><weeks_on_list>1</weeks_on_list><asterisk>0</asterisk><dagger>0</dagger><primary_isbn10>0679643915</primary_isbn10><primary_isbn13>9780679643913</primary_isbn13><publisher>Random House</publisher><description>Investigators pursue a master horror film auteur after his daughter is found dead.</description><price>0</price><title>NIGHT FILM</title><author>Marisha Pessl</author><contributor>by Marisha Pessl</contributor><contributor_note></contributor_note><book_image>https://s1.nyt.com/du/books/images/9781400067886.jpg</book_image><book_image_width>330</book_image_width><book_image_height>493</book_image_height><amazon_product_url>http://www.amazon.com/Night-Film-Novel-Marisha-Pessl-ebook/dp/B004J4WL2I?tag=NYTBS-20</amazon_product_url><age_group></age_group><book_review_link></book_review_link><first_chapter_link></first_chapter_link><sunday_review_link></sunday_review_link><article_chapter_link></article_chapter_link><isbns><isbn><isbn10>140006788X</isbn10><isbn13>9781400067886</isbn13></isbn><isbn><isbn10>0679643915</isbn10><isbn13>9780679643913</isbn13></isbn></isbns><buy_links><buy_link><name>Local Booksellers</name><url>http://www.indiebound.org/book/9780679643913?aff=NYT</url></buy_link><buy_link><name>Barnes and Noble</name><url>http://www.anrdoezrs.net/click-7990613-11819508?url=http%3A%2F%2Fwww.barnesandnoble.com%2Fw%2F%3Fean%3D9780679643913</url></buy_link><buy_link><name>Amazon</name><url>http://www.amazon.com/Night-Film-Novel-Marisha-Pessl-ebook/dp/B004J4WL2I?tag=NYTBS-20</url></buy_link></buy_links></book><book><rank>9</rank><rank_last_week>0</rank_last_week><weeks_on_list>1</weeks_on_list><asterisk>0</asterisk><dagger>0</dagger><primary_isbn10>1620401401</primary_isbn10><primary_isbn13>9781620401408</primary_isbn13><publisher>Bloomsbury</publisher><description>A young clairvoyant discovers her powers in a dystopian England in 2059; the first pick of the “Today” show book club.</description><price>0</price><title>THE BONE SEASON</title><author>Samantha Shannon</author><contributor>by Samantha Shannon</contributor><contributor_note></contributor_note><book_image>https://s1.nyt.com/du/books/images/9781620401408.jpg</book_image><book_image_width>324</book_image_width><book_image_height>495</book_image_height><amazon_product_url>http://www.amazon.com/The-Bone-Season-A-Novel-ebook/dp/B00B73NYDO?tag=NYTBS-20</amazon_product_url><age_group></age_group><book_review_link></book_review_link><first_chapter_link></first_chapter_link><sunday_review_link></sunday_review_link><article_chapter_link></article_chapter_link><isbns><isbn><isbn10>1620401398</isbn10><isbn13>9781620401392</isbn13></isbn><isbn><isbn10>1620401401</isbn10><isbn13>9781620401408</isbn13></isbn></isbns><buy_links><buy_link><name>Local Booksellers</name><url>http://www.indiebound.org/book/9781620401408?aff=NYT</url></buy_link><buy_link><name>Barnes and Noble</name><url>http://www.anrdoezrs.net/click-7990613-11819508?url=http%3A%2F%2Fwww.barnesandnoble.com%2Fw%2F%3Fean%3D9781620401408</url></buy_link><buy_link><name>Amazon</name><url>http://www.amazon.com/The-Bone-Season-A-Novel-ebook/dp/B00B73NYDO?tag=NYTBS-20</url></buy_link></buy_links></book><book><rank>10</rank><rank_last_week>0</rank_last_week><weeks_on_list>1</weeks_on_list><asterisk>0</asterisk><dagger>0</dagger><primary_isbn10>None</primary_isbn10><primary_isbn13>2940148592525</primary_isbn13><publisher>Maya Cross</publisher><description>The conclusion of the Alpha Group trilogy.</description><price>0</price><title>UNLOCKED</title><author>Maya Cross</author><contributor>by Maya Cross</contributor><contributor_note></contributor_note><book_image></book_image><book_image_width></book_image_width><book_image_height></book_image_height><amazon_product_url></amazon_product_url><age_group></age_group><book_review_link></book_review_link><first_chapter_link></first_chapter_link><sunday_review_link></sunday_review_link><article_chapter_link></article_chapter_link><isbns/><buy_links><buy_link><name>Local Booksellers</name><url>http://www.indiebound.org/book/2940148592525?aff=NYT</url></buy_link><buy_link><name>Barnes and Noble</name><url>http://www.anrdoezrs.net/click-7990613-11819508?url=http%3A%2F%2Fwww.barnesandnoble.com%2Fw%2F%3Fean%3D2940148592525</url></buy_link><buy_link><name>Amazon</name><url><![CDATA[https://www.amazon.com/gp/search?index=books&tag=NYTBS-20&field-keywords=UNLOCKED+Maya+Cross]]></url></buy_link></buy_links></book><book><rank>11</rank><rank_last_week>0</rank_last_week><weeks_on_list>1</weeks_on_list><asterisk>0</asterisk><dagger>0</dagger><primary_isbn10>1466826274</primary_isbn10><primary_isbn13>9781466826274</primary_isbn13><publisher>Tor/Tom Doherty</publisher><description>A sequel to “The Omen Machine.”</description><price>0</price><title>THE THIRD KINGDOM</title><author>Terry Goodkind</author><contributor>by Terry Goodkind</contributor><contributor_note></contributor_note><book_image>https://s1.nyt.com/du/books/images/9781466826274.jpg</book_image><book_image_width>327</book_image_width><book_image_height>495</book_image_height><amazon_product_url>http://www.amazon.com/The-Third-Kingdom-Richard-Kahlan-ebook/dp/B00DA6XNBE?tag=NYTBS-20</amazon_product_url><age_group></age_group><book_review_link></book_review_link><first_chapter_link></first_chapter_link><sunday_review_link></sunday_review_link><article_chapter_link></article_chapter_link><isbns><isbn><isbn10>0765335999</isbn10><isbn13>9780765335999</isbn13></isbn><isbn><isbn10>1466826274</isbn10><isbn13>9781466826274</isbn13></isbn></isbns><buy_links><buy_link><name>Local Booksellers</name><url>http://www.indiebound.org/book/9781466826274?aff=NYT</url></buy_link><buy_link><name>Barnes and Noble</name><url>http://www.anrdoezrs.net/click-7990613-11819508?url=http%3A%2F%2Fwww.barnesandnoble.com%2Fw%2F%3Fean%3D9781466826274</url></buy_link><buy_link><name>Amazon</name><url>http://www.amazon.com/The-Third-Kingdom-Richard-Kahlan-ebook/dp/B00DA6XNBE?tag=NYTBS-20</url></buy_link></buy_links></book><book><rank>12</rank><rank_last_week>11</rank_last_week><weeks_on_list>14</weeks_on_list><asterisk>0</asterisk><dagger>0</dagger><primary_isbn10>None</primary_isbn10><primary_isbn13>9781101626276</primary_isbn13><publisher>Riverhead</publisher><description>A multigenerational family saga centers on a brother and sister born in Afghanistan; by the author of "The Kite Runner."</description><price>0</price><title>AND THE MOUNTAINS ECHOED</title><author>Khaled Hosseini</author><contributor>by Khaled Hosseini</contributor><contributor_note></contributor_note><book_image>https://s1.nyt.com/du/books/images/9781594632389.jpg</book_image><book_image_width>317</book_image_width><book_image_height>495</book_image_height><amazon_product_url>http://www.amazon.com/And-Mountains-Echoed-Khaled-Hosseini/dp/1594632383?tag=NYTBS-20</amazon_product_url><age_group></age_group><book_review_link>https://www.nytimes.com/2013/05/21/books/and-the-mountains-echoed-by-khaled-hosseini.html</book_review_link><first_chapter_link></first_chapter_link><sunday_review_link></sunday_review_link><article_chapter_link></article_chapter_link><isbns><isbn><isbn10>159463176X</isbn10><isbn13>9781594631764</isbn13></isbn><isbn><isbn10>159463209X</isbn10><isbn13>9781594632099</isbn13></isbn><isbn><isbn10>1410458792</isbn10><isbn13>9781410458797</isbn13></isbn><isbn><isbn10>1408842440</isbn10><isbn13>9781408842447</isbn13></isbn><isbn><isbn10>1594632383</isbn10><isbn13>9781594632389</isbn13></isbn></isbns><buy_links><buy_link><name>Local Booksellers</name><url>http://www.indiebound.org/book/9781101626276?aff=NYT</url></buy_link><buy_link><name>Barnes and Noble</name><url>http://www.anrdoezrs.net/click-7990613-11819508?url=http%3A%2F%2Fwww.barnesandnoble.com%2Fw%2F%3Fean%3D9781101626276</url></buy_link><buy_link><name>Amazon</name><url>http://www.amazon.com/And-Mountains-Echoed-Khaled-Hosseini/dp/1594632383?tag=NYTBS-20</url></buy_link></buy_links></book><book><rank>13</rank><rank_last_week>14</rank_last_week><weeks_on_list>62</weeks_on_list><asterisk>0</asterisk><dagger>0</dagger><primary_isbn10>0307588386</primary_isbn10><primary_isbn13>9780307588388</primary_isbn13><publisher>Crown</publisher><description>A woman disappears on the day of her fifth anniversary; is her husband a killer?</description><price>0</price><title>GONE GIRL</title><author>Gillian Flynn</author><contributor>by Gillian Flynn</contributor><contributor_note></contributor_note><book_image>https://s1.nyt.com/du/books/images/9780307588388.jpg</book_image><book_image_width>136</book_image_width><book_image_height>200</book_image_height><amazon_product_url>http://www.amazon.com/Gone-Girl-Novel-Gillian-Flynn-ebook/dp/B006LSZECO?tag=NYTBS-20</amazon_product_url><age_group></age_group><book_review_link>https://www.nytimes.com/2012/05/30/books/gone-girl-by-gillian-flynn.html</book_review_link><first_chapter_link></first_chapter_link><sunday_review_link>https://www.nytimes.com/2012/06/17/books/review/gillian-flynns-gone-girl-and-more.html</sunday_review_link><article_chapter_link></article_chapter_link><isbns><isbn><isbn10>030758836X</isbn10><isbn13>9780307588364</isbn13></isbn><isbn><isbn10>0307588386</isbn10><isbn13>9780307588388</isbn13></isbn><isbn><isbn10>1410450953</isbn10><isbn13>9781410450951</isbn13></isbn><isbn><isbn10>0297859382</isbn10><isbn13>9780297859383</isbn13></isbn><isbn><isbn10>0307588378</isbn10><isbn13>9780307588371</isbn13></isbn><isbn><isbn10>0297859390</isbn10><isbn13>9780297859390</isbn13></isbn><isbn><isbn10>159413605X</isbn10><isbn13>9781594136054</isbn13></isbn><isbn><isbn10>055341836X</isbn10><isbn13>9780553418361</isbn13></isbn><isbn><isbn10>0553418351</isbn10><isbn13>9780553418354</isbn13></isbn><isbn><isbn10>0606270175</isbn10><isbn13>9780606270175</isbn13></isbn></isbns><buy_links><buy_link><name>Local Booksellers</name><url>http://www.indiebound.org/book/9780307588388?aff=NYT</url></buy_link><buy_link><name>Barnes and Noble</name><url>http://www.anrdoezrs.net/click-7990613-11819508?url=http%3A%2F%2Fwww.barnesandnoble.com%2Fw%2F%3Fean%3D9780307588388</url></buy_link><buy_link><name>Amazon</name><url>http://www.amazon.com/Gone-Girl-Novel-Gillian-Flynn-ebook/dp/B006LSZECO?tag=NYTBS-20</url></buy_link></buy_links></book><book><rank>14</rank><rank_last_week>13</rank_last_week><weeks_on_list>9</weeks_on_list><asterisk>0</asterisk><dagger>0</dagger><primary_isbn10>142996393X</primary_isbn10><primary_isbn13>9781429963930</primary_isbn13><publisher>Tor/Tom Doherty</publisher><description>Government agencies breed child geniuses and train them as soldiers. Originally published in 1985.</description><price>0</price><title>ENDER'S GAME</title><author>Orson Scott Card</author><contributor>by Orson Scott Card</contributor><contributor_note></contributor_note><book_image>https://s1.nyt.com/du/books/images/9780812550702.jpg</book_image><book_image_width>291</book_image_width><book_image_height>475</book_image_height><amazon_product_url>http://www.amazon.com/Enders-Game-The-Ender-Quintet/dp/0812550706?tag=NYTBS-20</amazon_product_url><age_group></age_group><book_review_link></book_review_link><first_chapter_link></first_chapter_link><sunday_review_link></sunday_review_link><article_chapter_link></article_chapter_link><isbns><isbn><isbn10>0812550706</isbn10><isbn13>9780812550702</isbn13></isbn><isbn><isbn10>0765342294</isbn10><isbn13>9780765342294</isbn13></isbn><isbn><isbn10>142996393X</isbn10><isbn13>9781429963930</isbn13></isbn><isbn><isbn10>0765337541</isbn10><isbn13>9780765337542</isbn13></isbn><isbn><isbn10>0312853238</isbn10><isbn13>9780312853235</isbn13></isbn><isbn><isbn10>0765317389</isbn10><isbn13>9780765317384</isbn13></isbn><isbn><isbn10>0312932081</isbn10><isbn13>9780312932084</isbn13></isbn><isbn><isbn10>0765338149</isbn10><isbn13>9780765338143</isbn13></isbn><isbn><isbn10>076537062X</isbn10><isbn13>9780765370624</isbn13></isbn><isbn><isbn10>0765337320</isbn10><isbn13>9780765337320</isbn13></isbn><isbn><isbn10>0765374811</isbn10><isbn13>9780765374813</isbn13></isbn><isbn><isbn10>0765374722</isbn10><isbn13>9780765374721</isbn13></isbn><isbn><isbn10>0765338211</isbn10><isbn13>9780765338211</isbn13></isbn><isbn><isbn10>0812532538</isbn10><isbn13>9780812532531</isbn13></isbn></isbns><buy_links><buy_link><name>Local Booksellers</name><url>http://www.indiebound.org/book/9781429963930?aff=NYT</url></buy_link><buy_link><name>Barnes and Noble</name><url>http://www.anrdoezrs.net/click-7990613-11819508?url=http%3A%2F%2Fwww.barnesandnoble.com%2Fw%2F%3Fean%3D9781429963930</url></buy_link><buy_link><name>Amazon</name><url>http://www.amazon.com/Enders-Game-The-Ender-Quintet/dp/0812550706?tag=NYTBS-20</url></buy_link></buy_links></book><book><rank>15</rank><rank_last_week>6</rank_last_week><weeks_on_list>4</weeks_on_list><asterisk>0</asterisk><dagger>0</dagger><primary_isbn10>1569479828</primary_isbn10><primary_isbn13>9781569479827</primary_isbn13><publisher>Soho Press</publisher><description>A nurse makes a shocking discovery: a naked and drugged boy hidden in a locker at the Copenhagen train station.</description><price>0</price><title>THE BOY IN THE SUITCASE</title><author>Lene Kaaberbol</author><contributor>by Lene Kaaberbol</contributor><contributor_note></contributor_note><book_image>https://s1.nyt.com/du/books/images/9781569479827.jpg</book_image><book_image_width>128</book_image_width><book_image_height>193</book_image_height><amazon_product_url>http://www.amazon.com/The-Boy-Suitcase-Nina-Borg-ebook/dp/B004NNUXXE?tag=NYTBS-20</amazon_product_url><age_group></age_group><book_review_link></book_review_link><first_chapter_link></first_chapter_link><sunday_review_link>https://www.nytimes.com/2011/11/20/books/review/sue-graftons-v-is-for-vengeance-and-other-crime-books.html</sunday_review_link><article_chapter_link></article_chapter_link><isbns><isbn><isbn10>156947981X</isbn10><isbn13>9781569479810</isbn13></isbn><isbn><isbn10>1569479828</isbn10><isbn13>9781569479827</isbn13></isbn><isbn><isbn10>1616951699</isbn10><isbn13>9781616951696</isbn13></isbn></isbns><buy_links><buy_link><name>Local Booksellers</name><url>http://www.indiebound.org/book/9781569479827?aff=NYT</url></buy_link><buy_link><name>Barnes and Noble</name><url>http://www.anrdoezrs.net/click-7990613-11819508?url=http%3A%2F%2Fwww.barnesandnoble.com%2Fw%2F%3Fean%3D9781569479827</url></buy_link><buy_link><name>Amazon</name><url>http://www.amazon.com/The-Boy-Suitcase-Nina-Borg-ebook/dp/B004NNUXXE?tag=NYTBS-20</url></buy_link></buy_links></book><book><rank>16</rank><rank_last_week>0</rank_last_week><weeks_on_list>0</weeks_on_list><asterisk>0</asterisk><dagger>0</dagger><primary_isbn10>0062073206</primary_isbn10><primary_isbn13>9780062073204</primary_isbn13><publisher>Harper</publisher><description>Gabriel Allon, an art restorer and occasional spy for the Israeli secret service, steps in to help the British prime minister when a beautiful young Englishwoman vanishes on the island of Corsica.</description><price>0</price><title>THE ENGLISH GIRL</title><author>Daniel Silva</author><contributor>by Daniel Silva</contributor><contributor_note></contributor_note><book_image>https://s1.nyt.com/du/books/images/9780062073204.jpg</book_image><book_image_width>330</book_image_width><book_image_height>495</book_image_height><amazon_product_url>http://www.amazon.com/The-English-Girl-Novel-Gabriel-ebook/dp/B009NFBUIY?tag=NYTBS-20</amazon_product_url><age_group></age_group><book_review_link></book_review_link><first_chapter_link></first_chapter_link><sunday_review_link></sunday_review_link><article_chapter_link></article_chapter_link><isbns><isbn><isbn10>0062073168</isbn10><isbn13>9780062073167</isbn13></isbn><isbn><isbn10>0062073206</isbn10><isbn13>9780062073204</isbn13></isbn><isbn><isbn10>0062253816</isbn10><isbn13>9780062253811</isbn13></isbn><isbn><isbn10>0062073184</isbn10><isbn13>9780062073181</isbn13></isbn></isbns><buy_links><buy_link><name>Local Booksellers</name><url>http://www.indiebound.org/book/9780062073204?aff=NYT</url></buy_link><buy_link><name>Barnes and Noble</name><url>http://www.anrdoezrs.net/click-7990613-11819508?url=http%3A%2F%2Fwww.barnesandnoble.com%2Fw%2F%3Fean%3D9780062073204</url></buy_link><buy_link><name>Amazon</name><url>http://www.amazon.com/The-English-Girl-Novel-Gabriel-ebook/dp/B009NFBUIY?tag=NYTBS-20</url></buy_link></buy_links></book><book><rank>17</rank><rank_last_week>0</rank_last_week><weeks_on_list>0</weeks_on_list><asterisk>0</asterisk><dagger>0</dagger><primary_isbn10>None</primary_isbn10><primary_isbn13>9780989078375</primary_isbn13><publisher>Rachel Van Dyken</publisher><description>Two troubled people come together.</description><price>0</price><title>RUIN</title><author>Rachel Van Dyken</author><contributor>by Rachel Van Dyken</contributor><contributor_note></contributor_note><book_image>https://s1.nyt.com/du/books/images/9780989078375.jpg</book_image><book_image_width>330</book_image_width><book_image_height>495</book_image_height><amazon_product_url>http://www.amazon.com/Ruin-Rachel-Van-Dyken-ebook/dp/B00EH3EIFO?tag=NYTBS-20</amazon_product_url><age_group></age_group><book_review_link></book_review_link><first_chapter_link></first_chapter_link><sunday_review_link></sunday_review_link><article_chapter_link></article_chapter_link><isbns/><buy_links><buy_link><name>Local Booksellers</name><url>http://www.indiebound.org/book/9780989078375?aff=NYT</url></buy_link><buy_link><name>Barnes and Noble</name><url>http://www.anrdoezrs.net/click-7990613-11819508?url=http%3A%2F%2Fwww.barnesandnoble.com%2Fw%2F%3Fean%3D9780989078375</url></buy_link><buy_link><name>Amazon</name><url>http://www.amazon.com/Ruin-Rachel-Van-Dyken-ebook/dp/B00EH3EIFO?tag=NYTBS-20</url></buy_link></buy_links></book><book><rank>18</rank><rank_last_week>0</rank_last_week><weeks_on_list>0</weeks_on_list><asterisk>0</asterisk><dagger>0</dagger><primary_isbn10></primary_isbn10><primary_isbn13>9781101621745</primary_isbn13><publisher>Putnam</publisher><description>A former Marine known as the Tracker and a teenage computer genius pursue a terrorist who radicalizes young Muslims living abroad.</description><price>0</price><title>THE KILL LIST</title><author>Frederick Forsyth</author><contributor>by Frederick Forsyth</contributor><contributor_note></contributor_note><book_image>https://s1.nyt.com/du/books/images/9781101621745.jpg</book_image><book_image_width>327</book_image_width><book_image_height>495</book_image_height><amazon_product_url>http://www.amazon.com/The-Kill-List-Frederick-Forsyth/dp/0399165274?tag=NYTBS-20</amazon_product_url><age_group></age_group><book_review_link></book_review_link><first_chapter_link></first_chapter_link><sunday_review_link></sunday_review_link><article_chapter_link></article_chapter_link><isbns><isbn><isbn10>0399165274</isbn10><isbn13>9780399165276</isbn13></isbn><isbn><isbn10>0451467639</isbn10><isbn13>9780451467638</isbn13></isbn></isbns><buy_links><buy_link><name>Local Booksellers</name><url>http://www.indiebound.org/book/9781101621745?aff=NYT</url></buy_link><buy_link><name>Barnes and Noble</name><url>http://www.anrdoezrs.net/click-7990613-11819508?url=http%3A%2F%2Fwww.barnesandnoble.com%2Fw%2F%3Fean%3D9781101621745</url></buy_link><buy_link><name>Amazon</name><url>http://www.amazon.com/The-Kill-List-Frederick-Forsyth/dp/0399165274?tag=NYTBS-20</url></buy_link></buy_links></book><book><rank>19</rank><rank_last_week>0</rank_last_week><weeks_on_list>0</weeks_on_list><asterisk>0</asterisk><dagger>0</dagger><primary_isbn10></primary_isbn10><primary_isbn13>A00B00CYNGPTG</primary_isbn13><publisher>Hugh Howey</publisher><description>The conclusion to the Silo Saga, a series about survival in a dystopian world that began with Wool.</description><price>0</price><title>DUST</title><author>Hugh Howey</author><contributor>by Hugh Howey</contributor><contributor_note></contributor_note><book_image>https://s1.nyt.com/du/books/images/9781490904382.jpg</book_image><book_image_width>128</book_image_width><book_image_height>196</book_image_height><amazon_product_url>http://www.amazon.com/Dust-Silo-Book-Hugh-Howey-ebook/dp/B00CYNGPTG?tag=NYTBS-20</amazon_product_url><age_group></age_group><book_review_link></book_review_link><first_chapter_link></first_chapter_link><sunday_review_link></sunday_review_link><article_chapter_link></article_chapter_link><isbns><isbn><isbn10>1490904387</isbn10><isbn13>9781490904382</isbn13></isbn></isbns><buy_links><buy_link><name>Local Booksellers</name><url><![CDATA[http://www.indiebound.org/search/book?searchfor=DUST+Hugh+Howey&aff=NYT]]></url></buy_link><buy_link><name>Barnes and Noble</name><url>http://www.anrdoezrs.net/click-7990613-11819508?url=http%3A%2F%2Fwww.barnesandnoble.com%2Fs%2FDUST+Hugh+Howey</url></buy_link><buy_link><name>Amazon</name><url>http://www.amazon.com/Dust-Silo-Book-Hugh-Howey-ebook/dp/B00CYNGPTG?tag=NYTBS-20</url></buy_link></buy_links></book><book><rank>20</rank><rank_last_week>0</rank_last_week><weeks_on_list>0</weeks_on_list><asterisk>0</asterisk><dagger>0</dagger><primary_isbn10>None</primary_isbn10><primary_isbn13>9781612130293</primary_isbn13><publisher>Vintage</publisher><description>An inexperienced college student falls in love with a tortured man who has particular sexual tastes; the first book in a trilogy.</description><price>0</price><title>FIFTY SHADES OF GREY</title><author>E L James</author><contributor>by E. L. James</contributor><contributor_note></contributor_note><book_image>https://s1.nyt.com/du/books/images/9780345803481.jpg</book_image><book_image_width>125</book_image_width><book_image_height>193</book_image_height><amazon_product_url>http://www.amazon.com/Fifty-Shades-Grey-Book-Trilogy/dp/0345803485?tag=NYTBS-20</amazon_product_url><age_group></age_group><book_review_link></book_review_link><first_chapter_link></first_chapter_link><sunday_review_link></sunday_review_link><article_chapter_link></article_chapter_link><isbns><isbn><isbn10>1612130283</isbn10><isbn13>9781612130286</isbn13></isbn><isbn><isbn10>0345803485</isbn10><isbn13>9780345803481</isbn13></isbn><isbn><isbn10>0099579936</isbn10><isbn13>9780099579939</isbn13></isbn><isbn><isbn10>0385363125</isbn10><isbn13>9780385363129</isbn13></isbn><isbn><isbn10>0385537670</isbn10><isbn13>9780385537674</isbn13></isbn><isbn><isbn10>0345806751</isbn10><isbn13>9780345806758</isbn13></isbn><isbn><isbn10>0804172072</isbn10><isbn13>9780804172073</isbn13></isbn><isbn><isbn10>0345805151</isbn10><isbn13>9780345805157</isbn13></isbn></isbns><buy_links><buy_link><name>Local Booksellers</name><url>http://www.indiebound.org/book/9781612130293?aff=NYT</url></buy_link><buy_link><name>Barnes and Noble</name><url>http://www.anrdoezrs.net/click-7990613-11819508?url=http%3A%2F%2Fwww.barnesandnoble.com%2Fw%2F%3Fean%3D9781612130293</url></buy_link><buy_link><name>Amazon</name><url>http://www.amazon.com/Fifty-Shades-Grey-Book-Trilogy/dp/0345803485?tag=NYTBS-20</url></buy_link></buy_links></book></books><corrections/></results></result_set>
