<?xml version="1.0" encoding="UTF-8"?>
<result_set><status>OK</status><copyright>Copyright (c) 2018 The New York Times Company.  All Rights Reserved.</copyright><num_results>35</num_results><last_modified>2016-04-28T15:03:27-04:00</last_modified><results><list_name>Combined Print and E-Book Fiction</list_name><list_name_encoded>combined-print-and-e-book-fiction</list_name_encoded><bestsellers_date>2012-04-28</bestsellers_date><published_date>2012-05-13</published_date><published_date_description></published_date_description><next_published_date>2012-05-20</next_published_date><previous_published_date>2012-05-06</previous_published_date><display_name><![CDATA[Combined Print & E-Book Fiction]]></display_name><normal_list_ends_at>15</normal_list_ends_at><updated>WEEKLY</updated><books><book><rank>1</rank><rank_last_week>1</rank_last_week><weeks_on_list>9</weeks_on_list><asterisk>0</asterisk><dagger>0</dagger><primary_isbn10>None</primary_isbn10><primary_isbn13>9781612130293</primary_isbn13><publisher>Knopf Doubleday Publishing</publisher><description>An inexperienced college student falls in love with a tortured man who has particular sexual tastes; the first book in a trilogy.</description><price>0</price><title>FIFTY SHADES OF GREY</title><author>E L James</author><contributor>by E. L. James</contributor><contributor_note></contributor_note><book_image>https://s1.nyt.com/du/books/images/9780345803481.jpg</book_image><book_image_width>125</book_image_width><book_image_height>193</book_image_height><amazon_product_url>http://www.amazon.com/Fifty-Shades-Grey-Book-Trilogy/dp/0345803485?tag=NYTBS-20</amazon_product_url><age_group></age_group><book_review_link></book_review_link><first_chapter_link></first_chapter_link><sunday_review_link></sunday_review_link><article_chapter_link></article_chapter_link><isbns><isbn><isbn10>1612130283</isbn10><isbn13>9781612130286</isbn13></isbn><isbn><isbn10>0345803485</isbn10><isbn13>9780345803481</isbn13></isbn><isbn><isbn10>0099579936</isbn10><isbn13>9780099579939</isbn13></isbn><isbn><isbn10>0385363125</isbn10><isbn13>9780385363129</isbn13></isbn><isbn><isbn10>0385537670</isbn10><isbn13>9780385537674</isbn13></isbn><isbn><isbn10>0345806751</isbn10><isbn13>9780345806758</isbn13></isbn><isbn><isbn10>0804172072</isbn10><isbn13>9780804172073</isbn13></isbn><isbn><isbn10>0345805151</isbn10><isbn13>9780345805157</isbn13></isbn></isbns><buy_links><buy_link><name>Local Booksellers</name><url>http://www.indiebound.org/book/9781612130293?aff=NYT</url></buy_link><buy_link><name>Barnes and Noble</name><url>http://www.anrdoezrs.net/click-7990613-11819508?url=http%3A%2F%2Fwww.barnesandnoble.com%2Fw%2F%3Fean%3D9781612130293</url></buy_link><buy_link><name>Amazon</name><url>http://www.amazon.com/Fifty-Shades-Grey-Book-Trilogy/dp/0345803485?tag=NYTBS-20</url></buy_link></buy_links></book><book><rank>2</rank><rank_last_week>2</rank_last_week><weeks_on_list>9</weeks_on_list><asterisk>0</asterisk><dagger>0</dagger><primary_isbn10>1612130593</primary_isbn10><primary_isbn13>9781612130590</primary_isbn13><publisher>Knopf Doubleday Publishing</publisher><description>Ana Steele learns more about Christian Grey’s troubled past; the second book in a trilogy.</description><price>0</price><title>FIFTY SHADES DARKER</title><author>E L James</author><contributor>by E. L. James</contributor><contributor_note></contributor_note><book_image>https://s1.nyt.com/du/books/images/9780345803498.jpg</book_image><book_image_width>328</book_image_width><book_image_height>495</book_image_height><amazon_product_url>http://www.amazon.com/Fifty-Shades-Darker-E-James/dp/0345803493?tag=NYTBS-20</amazon_product_url><age_group></age_group><book_review_link></book_review_link><first_chapter_link></first_chapter_link><sunday_review_link></sunday_review_link><article_chapter_link></article_chapter_link><isbns><isbn><isbn10>1612130593</isbn10><isbn13>9781612130590</isbn13></isbn><isbn><isbn10>1612130585</isbn10><isbn13>9781612130583</isbn13></isbn><isbn><isbn10>0345803493</isbn10><isbn13>9780345803498</isbn13></isbn><isbn><isbn10>1448149460</isbn10><isbn13>9781448149469</isbn13></isbn><isbn><isbn10>0385363133</isbn10><isbn13>9780385363136</isbn13></isbn><isbn><isbn10>0099579928</isbn10><isbn13>9780099579922</isbn13></isbn><isbn><isbn10>0385537689</isbn10><isbn13>9780385537681</isbn13></isbn><isbn><isbn10>0606264485</isbn10><isbn13>9780606264488</isbn13></isbn><isbn><isbn10>0525431888</isbn10><isbn13>9780525431886</isbn13></isbn><isbn><isbn10>0525434860</isbn10><isbn13>9780525434863</isbn13></isbn></isbns><buy_links><buy_link><name>Local Booksellers</name><url>http://www.indiebound.org/book/9781612130590?aff=NYT</url></buy_link><buy_link><name>Barnes and Noble</name><url>http://www.anrdoezrs.net/click-7990613-11819508?url=http%3A%2F%2Fwww.barnesandnoble.com%2Fw%2F%3Fean%3D9781612130590</url></buy_link><buy_link><name>Amazon</name><url>http://www.amazon.com/Fifty-Shades-Darker-E-James/dp/0345803493?tag=NYTBS-20</url></buy_link></buy_links></book><book><rank>3</rank><rank_last_week>3</rank_last_week><weeks_on_list>8</weeks_on_list><asterisk>0</asterisk><dagger>0</dagger><primary_isbn10>1612130615</primary_isbn10><primary_isbn13>9781612130613</primary_isbn13><publisher>Knopf Doubleday Publishing</publisher><description>The final book in an erotic trilogy.</description><price>0</price><title>FIFTY SHADES FREED</title><author>E L James</author><contributor>by E. L. James</contributor><contributor_note></contributor_note><book_image>https://s1.nyt.com/du/books/images/9781612130606.jpg</book_image><book_image_width>330</book_image_width><book_image_height>495</book_image_height><amazon_product_url>http://www.amazon.com/Fifty-Shades-Freed-Three-Trilogy/dp/0345803507?tag=NYTBS-20</amazon_product_url><age_group></age_group><book_review_link></book_review_link><first_chapter_link></first_chapter_link><sunday_review_link></sunday_review_link><article_chapter_link></article_chapter_link><isbns><isbn><isbn10>1612130615</isbn10><isbn13>9781612130613</isbn13></isbn><isbn><isbn10>1612130607</isbn10><isbn13>9781612130606</isbn13></isbn><isbn><isbn10>0345803507</isbn10><isbn13>9780345803504</isbn13></isbn><isbn><isbn10>0385537697</isbn10><isbn13>9780385537698</isbn13></isbn></isbns><buy_links><buy_link><name>Local Booksellers</name><url>http://www.indiebound.org/book/9781612130613?aff=NYT</url></buy_link><buy_link><name>Barnes and Noble</name><url>http://www.anrdoezrs.net/click-7990613-11819508?url=http%3A%2F%2Fwww.barnesandnoble.com%2Fw%2F%3Fean%3D9781612130613</url></buy_link><buy_link><name>Amazon</name><url>http://www.amazon.com/Fifty-Shades-Freed-Three-Trilogy/dp/0345803507?tag=NYTBS-20</url></buy_link></buy_links></book><book><rank>4</rank><rank_last_week>0</rank_last_week><weeks_on_list>1</weeks_on_list><asterisk>0</asterisk><dagger>0</dagger><primary_isbn10>1451658907</primary_isbn10><primary_isbn13>9781451658903</primary_isbn13><publisher>Scribner</publisher><description>A new entry in the Dark Tower epic western-fantasy series; this novel, King says, is “Dark Tower 4.5.”</description><price>0</price><title>THE WIND THROUGH THE KEYHOLE</title><author>Stephen King</author><contributor>by Stephen King</contributor><contributor_note></contributor_note><book_image>https://s1.nyt.com/du/books/images/9781451658927.jpg</book_image><book_image_width>128</book_image_width><book_image_height>207</book_image_height><amazon_product_url>http://www.amazon.com/The-Wind-Through-Keyhole-Tower-ebook/dp/B005GG0MTC?tag=NYTBS-20</amazon_product_url><age_group></age_group><book_review_link></book_review_link><first_chapter_link></first_chapter_link><sunday_review_link></sunday_review_link><article_chapter_link></article_chapter_link><isbns><isbn><isbn10>1451658907</isbn10><isbn13>9781451658903</isbn13></isbn><isbn><isbn10>1451658923</isbn10><isbn13>9781451658927</isbn13></isbn><isbn><isbn10>1451658915</isbn10><isbn13>9781451658910</isbn13></isbn><isbn><isbn10>1451658095</isbn10><isbn13>9781451658095</isbn13></isbn></isbns><buy_links><buy_link><name>Local Booksellers</name><url>http://www.indiebound.org/book/9781451658903?aff=NYT</url></buy_link><buy_link><name>Barnes and Noble</name><url>http://www.anrdoezrs.net/click-7990613-11819508?url=http%3A%2F%2Fwww.barnesandnoble.com%2Fw%2F%3Fean%3D9781451658903</url></buy_link><buy_link><name>Amazon</name><url>http://www.amazon.com/The-Wind-Through-Keyhole-Tower-ebook/dp/B005GG0MTC?tag=NYTBS-20</url></buy_link></buy_links></book><book><rank>5</rank><rank_last_week>6</rank_last_week><weeks_on_list>11</weeks_on_list><asterisk>0</asterisk><dagger>0</dagger><primary_isbn10>0446542180</primary_isbn10><primary_isbn13>9780446542180</primary_isbn13><publisher>Grand Central Publishing</publisher><description>A Marine returning home sets out to track down the woman whose photo he found in Iraq.</description><price>0</price><title>THE LUCKY ONE</title><author>Nicholas Sparks</author><contributor>by Nicholas Sparks</contributor><contributor_note></contributor_note><book_image>https://s1.nyt.com/du/books/images/9780446542180.jpg</book_image><book_image_width>330</book_image_width><book_image_height>440</book_image_height><amazon_product_url>http://www.amazon.com/The-Lucky-One-Nicholas-Sparks-ebook/dp/B0018QQQK8?tag=NYTBS-20</amazon_product_url><age_group></age_group><book_review_link></book_review_link><first_chapter_link></first_chapter_link><sunday_review_link></sunday_review_link><article_chapter_link></article_chapter_link><isbns><isbn><isbn10>0446618322</isbn10><isbn13>9780446618328</isbn13></isbn><isbn><isbn10>0446698342</isbn10><isbn13>9780446698344</isbn13></isbn><isbn><isbn10>0446542180</isbn10><isbn13>9780446542180</isbn13></isbn><isbn><isbn10>1455508969</isbn10><isbn13>9781455508969</isbn13></isbn><isbn><isbn10>1455508977</isbn10><isbn13>9781455508976</isbn13></isbn><isbn><isbn10>0446579939</isbn10><isbn13>9780446579933</isbn13></isbn></isbns><buy_links><buy_link><name>Local Booksellers</name><url>http://www.indiebound.org/book/9780446542180?aff=NYT</url></buy_link><buy_link><name>Barnes and Noble</name><url>http://www.anrdoezrs.net/click-7990613-11819508?url=http%3A%2F%2Fwww.barnesandnoble.com%2Fw%2F%3Fean%3D9780446542180</url></buy_link><buy_link><name>Amazon</name><url>http://www.amazon.com/The-Lucky-One-Nicholas-Sparks-ebook/dp/B0018QQQK8?tag=NYTBS-20</url></buy_link></buy_links></book><book><rank>6</rank><rank_last_week>0</rank_last_week><weeks_on_list>1</weeks_on_list><asterisk>0</asterisk><dagger>0</dagger><primary_isbn10>None</primary_isbn10><primary_isbn13>9781459226920</primary_isbn13><publisher>Harlequin</publisher><description>A Marine returns to Virgin River and falls for a striking single mother who is nothing like the wife he imagined.</description><price>0</price><title>SUNRISE POINT</title><author>Ron Carr</author><contributor>by Robyn Carr</contributor><contributor_note></contributor_note><book_image>https://s1.nyt.com/du/books/images/9780778313175.jpg</book_image><book_image_width>313</book_image_width><book_image_height>495</book_image_height><amazon_product_url>http://www.amazon.com/Sunrise-Point-Virgin-River-Novel/dp/0778313174?tag=NYTBS-20</amazon_product_url><age_group></age_group><book_review_link></book_review_link><first_chapter_link></first_chapter_link><sunday_review_link></sunday_review_link><article_chapter_link></article_chapter_link><isbns><isbn><isbn10>0778313174</isbn10><isbn13>9780778313175</isbn13></isbn></isbns><buy_links><buy_link><name>Local Booksellers</name><url>http://www.indiebound.org/book/9781459226920?aff=NYT</url></buy_link><buy_link><name>Barnes and Noble</name><url>http://www.anrdoezrs.net/click-7990613-11819508?url=http%3A%2F%2Fwww.barnesandnoble.com%2Fw%2F%3Fean%3D9781459226920</url></buy_link><buy_link><name>Amazon</name><url>http://www.amazon.com/Sunrise-Point-Virgin-River-Novel/dp/0778313174?tag=NYTBS-20</url></buy_link></buy_links></book><book><rank>7</rank><rank_last_week>4</rank_last_week><weeks_on_list>2</weeks_on_list><asterisk>0</asterisk><dagger>0</dagger><primary_isbn10>0446573000</primary_isbn10><primary_isbn13>9780446573009</primary_isbn13><publisher>Grand Central Publishing</publisher><description>A hitman who has become a target of the government rescues a teenage girl whose parents have been murdered and who may be at the center of a dangerous conspiracy.</description><price>0</price><title>THE INNOCENT</title><author>David Baldacci</author><contributor>by David Baldacci</contributor><contributor_note></contributor_note><book_image>https://s1.nyt.com/du/books/images/9780446573009.jpg</book_image><book_image_width>321</book_image_width><book_image_height>495</book_image_height><amazon_product_url>http://www.amazon.com/The-Innocent-David-Baldacci-ebook/dp/B006VFLIYK?tag=NYTBS-20</amazon_product_url><age_group></age_group><book_review_link></book_review_link><first_chapter_link></first_chapter_link><sunday_review_link></sunday_review_link><article_chapter_link></article_chapter_link><isbns><isbn><isbn10>0446572993</isbn10><isbn13>9780446572996</isbn13></isbn><isbn><isbn10>0446573000</isbn10><isbn13>9780446573009</isbn13></isbn><isbn><isbn10>1455513369</isbn10><isbn13>9781455513369</isbn13></isbn><isbn><isbn10>1447213521</isbn10><isbn13>9781447213529</isbn13></isbn><isbn><isbn10>1455519006</isbn10><isbn13>9781455519002</isbn13></isbn><isbn><isbn10>0446572985</isbn10><isbn13>9780446572989</isbn13></isbn></isbns><buy_links><buy_link><name>Local Booksellers</name><url>http://www.indiebound.org/book/9780446573009?aff=NYT</url></buy_link><buy_link><name>Barnes and Noble</name><url>http://www.anrdoezrs.net/click-7990613-11819508?url=http%3A%2F%2Fwww.barnesandnoble.com%2Fw%2F%3Fean%3D9780446573009</url></buy_link><buy_link><name>Amazon</name><url>http://www.amazon.com/The-Innocent-David-Baldacci-ebook/dp/B006VFLIYK?tag=NYTBS-20</url></buy_link></buy_links></book><book><rank>8</rank><rank_last_week>5</rank_last_week><weeks_on_list>2</weeks_on_list><asterisk>0</asterisk><dagger>0</dagger><primary_isbn10>None</primary_isbn10><primary_isbn13>9781101580363</primary_isbn13><publisher>Putnam</publisher><description>A programmer hides from the Russian mob in the Ozarks.</description><price>0</price><title>THE WITNESS</title><author>Nora Roberts</author><contributor>by Nora Roberts</contributor><contributor_note></contributor_note><book_image>https://s1.nyt.com/du/books/images/9781101580363.jpg</book_image><book_image_width>330</book_image_width><book_image_height>487</book_image_height><amazon_product_url>http://www.amazon.com/The-Witness-Nora-Roberts-ebook/dp/B0074VTHBQ?tag=NYTBS-20</amazon_product_url><age_group></age_group><book_review_link></book_review_link><first_chapter_link></first_chapter_link><sunday_review_link></sunday_review_link><article_chapter_link></article_chapter_link><isbns><isbn><isbn10>0399159126</isbn10><isbn13>9780399159121</isbn13></isbn><isbn><isbn10>0399159371</isbn10><isbn13>9780399159374</isbn13></isbn><isbn><isbn10>0748125817</isbn10><isbn13>9780748125814</isbn13></isbn><isbn><isbn10>0425264769</isbn10><isbn13>9780425264768</isbn13></isbn><isbn><isbn10>0515151335</isbn10><isbn13>9780515151336</isbn13></isbn></isbns><buy_links><buy_link><name>Local Booksellers</name><url>http://www.indiebound.org/book/9781101580363?aff=NYT</url></buy_link><buy_link><name>Barnes and Noble</name><url>http://www.anrdoezrs.net/click-7990613-11819508?url=http%3A%2F%2Fwww.barnesandnoble.com%2Fw%2F%3Fean%3D9781101580363</url></buy_link><buy_link><name>Amazon</name><url>http://www.amazon.com/The-Witness-Nora-Roberts-ebook/dp/B0074VTHBQ?tag=NYTBS-20</url></buy_link></buy_links></book><book><rank>9</rank><rank_last_week>12</rank_last_week><weeks_on_list>2</weeks_on_list><asterisk>0</asterisk><dagger>0</dagger><primary_isbn10>0345803574</primary_isbn10><primary_isbn13>9780345803573</primary_isbn13><publisher>Knopf Doubleday Publishing</publisher><description>The three “Fifty Shades” novels in one bundle.</description><price>0</price><title>FIFTY SHADES TRILOGY</title><author>E L James</author><contributor>by E. L. James</contributor><contributor_note></contributor_note><book_image>https://s1.nyt.com/du/books/images/9780345803573.jpg</book_image><book_image_width>128</book_image_width><book_image_height>197</book_image_height><amazon_product_url>http://www.amazon.com/Fifty-Shades-Trilogy-Bundle-Vintage-ebook/dp/B007SGM084?tag=NYTBS-20</amazon_product_url><age_group></age_group><book_review_link></book_review_link><first_chapter_link></first_chapter_link><sunday_review_link></sunday_review_link><article_chapter_link></article_chapter_link><isbns><isbn><isbn10>0345803574</isbn10><isbn13>9780345803573</isbn13></isbn><isbn><isbn10>1448150620</isbn10><isbn13>9781448150625</isbn13></isbn></isbns><buy_links><buy_link><name>Local Booksellers</name><url>http://www.indiebound.org/book/9780345803573?aff=NYT</url></buy_link><buy_link><name>Barnes and Noble</name><url>http://www.anrdoezrs.net/click-7990613-11819508?url=http%3A%2F%2Fwww.barnesandnoble.com%2Fw%2F%3Fean%3D9780345803573</url></buy_link><buy_link><name>Amazon</name><url>http://www.amazon.com/Fifty-Shades-Trilogy-Bundle-Vintage-ebook/dp/B007SGM084?tag=NYTBS-20</url></buy_link></buy_links></book><book><rank>10</rank><rank_last_week>7</rank_last_week><weeks_on_list>3</weeks_on_list><asterisk>0</asterisk><dagger>0</dagger><primary_isbn10>0385536089</primary_isbn10><primary_isbn13>9780385536080</primary_isbn13><publisher>Knopf Doubleday Publishing</publisher><description>A pitcher beans a promising rookie, ending both careers; years later, the pitcher’s son brings them together.</description><price>0</price><title>CALICO JOE</title><author>John Grisham</author><contributor>by John Grisham</contributor><contributor_note></contributor_note><book_image>https://s1.nyt.com/du/books/images/9780385536080.jpg</book_image><book_image_width>277</book_image_width><book_image_height>495</book_image_height><amazon_product_url>http://www.amazon.com/Calico-Joe-Novel-John-Grisham/dp/0345541332?tag=NYTBS-20</amazon_product_url><age_group></age_group><book_review_link></book_review_link><first_chapter_link></first_chapter_link><sunday_review_link></sunday_review_link><article_chapter_link></article_chapter_link><isbns><isbn><isbn10>0385536070</isbn10><isbn13>9780385536073</isbn13></isbn><isbn><isbn10>0385536089</isbn10><isbn13>9780385536080</isbn13></isbn><isbn><isbn10>0307990745</isbn10><isbn13>9780307990747</isbn13></isbn><isbn><isbn10>0385536097</isbn10><isbn13>9780385536097</isbn13></isbn><isbn><isbn10>0345536649</isbn10><isbn13>9780345536648</isbn13></isbn><isbn><isbn10>0345541332</isbn10><isbn13>9780345541338</isbn13></isbn></isbns><buy_links><buy_link><name>Local Booksellers</name><url>http://www.indiebound.org/book/9780385536080?aff=NYT</url></buy_link><buy_link><name>Barnes and Noble</name><url>http://www.anrdoezrs.net/click-7990613-11819508?url=http%3A%2F%2Fwww.barnesandnoble.com%2Fw%2F%3Fean%3D9780385536080</url></buy_link><buy_link><name>Amazon</name><url>http://www.amazon.com/Calico-Joe-Novel-John-Grisham/dp/0345541332?tag=NYTBS-20</url></buy_link></buy_links></book><book><rank>11</rank><rank_last_week>11</rank_last_week><weeks_on_list>3</weeks_on_list><asterisk>0</asterisk><dagger>0</dagger><primary_isbn10>None</primary_isbn10><primary_isbn13>A00B005L9B5YU</primary_isbn13><publisher>Tracey Garvis-Graves</publisher><description>An English teacher and the teenage boy she has agreed to tutor are stranded on an island when the seaplane taking them to join his family in the Maldives crashes in the Indian Ocean.</description><price>0</price><title>ON THE ISLAND</title><author>Tracey Garvis-Graves</author><contributor>by Tracey Garvis-Graves</contributor><contributor_note></contributor_note><book_image></book_image><book_image_width></book_image_width><book_image_height></book_image_height><amazon_product_url></amazon_product_url><age_group></age_group><book_review_link></book_review_link><first_chapter_link></first_chapter_link><sunday_review_link></sunday_review_link><article_chapter_link></article_chapter_link><isbns><isbn><isbn10>1465853944</isbn10><isbn13>9781465853943</isbn13></isbn></isbns><buy_links><buy_link><name>Local Booksellers</name><url><![CDATA[http://www.indiebound.org/search/book?searchfor=ON+THE+ISLAND+Tracey+Garvis-Graves&aff=NYT]]></url></buy_link><buy_link><name>Barnes and Noble</name><url>http://www.anrdoezrs.net/click-7990613-11819508?url=http%3A%2F%2Fwww.barnesandnoble.com%2Fs%2FON+THE+ISLAND+Tracey+Garvis-Graves</url></buy_link><buy_link><name>Amazon</name><url><![CDATA[https://www.amazon.com/gp/search?index=books&tag=NYTBS-20&field-keywords=ON+THE+ISLAND+Tracey+Garvis-Graves]]></url></buy_link></buy_links></book><book><rank>12</rank><rank_last_week>0</rank_last_week><weeks_on_list>1</weeks_on_list><asterisk>0</asterisk><dagger>0</dagger><primary_isbn10>None</primary_isbn10><primary_isbn13>9781101580424</primary_isbn13><publisher>Putnam</publisher><description>In the first book of a new Victorian series, Ladies of Lantern Street, a paranormal investigator is stalked by an assassin; by Jayne Ann Krentz, writing pseudonymously.</description><price>0</price><title>CRYSTAL GARDENS</title><author>Amanda Quick</author><contributor>by Amanda Quick</contributor><contributor_note></contributor_note><book_image>https://s1.nyt.com/du/books/images/9780399159084.jpg</book_image><book_image_width>140</book_image_width><book_image_height>212</book_image_height><amazon_product_url>http://www.amazon.com/Crystal-Gardens-Ladies-Lantern-Street-ebook/dp/B0072NWK0Q?tag=NYTBS-20</amazon_product_url><age_group></age_group><book_review_link></book_review_link><first_chapter_link></first_chapter_link><sunday_review_link></sunday_review_link><article_chapter_link></article_chapter_link><isbns><isbn><isbn10>0399159088</isbn10><isbn13>9780399159084</isbn13></isbn><isbn><isbn10>0515152994</isbn10><isbn13>9780515152999</isbn13></isbn></isbns><buy_links><buy_link><name>Local Booksellers</name><url>http://www.indiebound.org/book/9781101580424?aff=NYT</url></buy_link><buy_link><name>Barnes and Noble</name><url>http://www.anrdoezrs.net/click-7990613-11819508?url=http%3A%2F%2Fwww.barnesandnoble.com%2Fw%2F%3Fean%3D9781101580424</url></buy_link><buy_link><name>Amazon</name><url>http://www.amazon.com/Crystal-Gardens-Ladies-Lantern-Street-ebook/dp/B0072NWK0Q?tag=NYTBS-20</url></buy_link></buy_links></book><book><rank>13</rank><rank_last_week>9</rank_last_week><weeks_on_list>5</weeks_on_list><asterisk>0</asterisk><dagger>0</dagger><primary_isbn10>0316097578</primary_isbn10><primary_isbn13>9780316097574</primary_isbn13><publisher><![CDATA[Little, Brown & Company]]></publisher><description>Four friends in Monte Carlo for a luxurious girls’ vacation find themselves in prison.</description><price>0</price><title>GUILTY WIVES</title><author>James Patterson and David Ellis</author><contributor>by James Patterson and David Ellis</contributor><contributor_note></contributor_note><book_image>https://s1.nyt.com/du/books/images/9780316097574.jpg</book_image><book_image_width>276</book_image_width><book_image_height>495</book_image_height><amazon_product_url>http://www.amazon.com/Guilty-Wives-James-Patterson-ebook/dp/B004QX07EQ?tag=NYTBS-20</amazon_product_url><age_group></age_group><book_review_link></book_review_link><first_chapter_link></first_chapter_link><sunday_review_link></sunday_review_link><article_chapter_link></article_chapter_link><isbns><isbn><isbn10>031609756X</isbn10><isbn13>9780316097567</isbn13></isbn><isbn><isbn10>0316189278</isbn10><isbn13>9780316189279</isbn13></isbn><isbn><isbn10>0316097578</isbn10><isbn13>9780316097574</isbn13></isbn><isbn><isbn10>1455506664</isbn10><isbn13>9781455506668</isbn13></isbn><isbn><isbn10>0446571881</isbn10><isbn13>9780446571883</isbn13></isbn></isbns><buy_links><buy_link><name>Local Booksellers</name><url>http://www.indiebound.org/book/9780316097574?aff=NYT</url></buy_link><buy_link><name>Barnes and Noble</name><url>http://www.anrdoezrs.net/click-7990613-11819508?url=http%3A%2F%2Fwww.barnesandnoble.com%2Fw%2F%3Fean%3D9780316097574</url></buy_link><buy_link><name>Amazon</name><url>http://www.amazon.com/Guilty-Wives-James-Patterson-ebook/dp/B004QX07EQ?tag=NYTBS-20</url></buy_link></buy_links></book><book><rank>14</rank><rank_last_week>0</rank_last_week><weeks_on_list>1</weeks_on_list><asterisk>0</asterisk><dagger>0</dagger><primary_isbn10>0062119370</primary_isbn10><primary_isbn13>9780062119377</primary_isbn13><publisher>HarperCollins Publishers</publisher><description>Escaping a horrible marriage, Carolyn has no desire to think about men while on vacation in St. Lucia — until she meets Christian, an immortal.</description><price>0</price><title>UNDER A VAMPIRE MOON</title><author>Lynsay Sands</author><contributor>by Lynsay Sands</contributor><contributor_note></contributor_note><book_image>https://s1.nyt.com/du/books/images/9780062119377.jpg</book_image><book_image_width>308</book_image_width><book_image_height>495</book_image_height><amazon_product_url>http://www.amazon.com/Under-Vampire-Moon-Argeneau-Novel-ebook/dp/B00A9V3GTM?tag=NYTBS-20</amazon_product_url><age_group></age_group><book_review_link></book_review_link><first_chapter_link></first_chapter_link><sunday_review_link></sunday_review_link><article_chapter_link></article_chapter_link><isbns><isbn><isbn10>0062100203</isbn10><isbn13>9780062100207</isbn13></isbn><isbn><isbn10>0062119370</isbn10><isbn13>9780062119377</isbn13></isbn></isbns><buy_links><buy_link><name>Local Booksellers</name><url>http://www.indiebound.org/book/9780062119377?aff=NYT</url></buy_link><buy_link><name>Barnes and Noble</name><url>http://www.anrdoezrs.net/click-7990613-11819508?url=http%3A%2F%2Fwww.barnesandnoble.com%2Fw%2F%3Fean%3D9780062119377</url></buy_link><buy_link><name>Amazon</name><url>http://www.amazon.com/Under-Vampire-Moon-Argeneau-Novel-ebook/dp/B00A9V3GTM?tag=NYTBS-20</url></buy_link></buy_links></book><book><rank>15</rank><rank_last_week>13</rank_last_week><weeks_on_list>4</weeks_on_list><asterisk>0</asterisk><dagger>0</dagger><primary_isbn10>None</primary_isbn10><primary_isbn13>A00B00790TI0W</primary_isbn13><publisher>Entangled Publishing</publisher><description>A billionaire who needs a wife offers a one-year marriage in name only to a bookstore owner.</description><price>0</price><title>THE MARRIAGE BARGAIN</title><author>Jennifer Probst</author><contributor>by Jennifer Probst</contributor><contributor_note></contributor_note><book_image>https://s1.nyt.com/du/books/images/9781620612798.jpg</book_image><book_image_width>128</book_image_width><book_image_height>203</book_image_height><amazon_product_url>http://www.amazon.com/The-Marriage-Bargain-Billionaire/dp/1620612798?tag=NYTBS-20</amazon_product_url><age_group></age_group><book_review_link></book_review_link><first_chapter_link></first_chapter_link><sunday_review_link></sunday_review_link><article_chapter_link></article_chapter_link><isbns><isbn><isbn10>1937044963</isbn10><isbn13>9781937044961</isbn13></isbn><isbn><isbn10>1622669037</isbn10><isbn13>9781622669035</isbn13></isbn><isbn><isbn10>1620612798</isbn10><isbn13>9781620612798</isbn13></isbn><isbn><isbn10>1620612844</isbn10><isbn13>9781620612842</isbn13></isbn></isbns><buy_links><buy_link><name>Local Booksellers</name><url><![CDATA[http://www.indiebound.org/search/book?searchfor=THE+MARRIAGE+BARGAIN+Jennifer+Probst&aff=NYT]]></url></buy_link><buy_link><name>Barnes and Noble</name><url>http://www.anrdoezrs.net/click-7990613-11819508?url=http%3A%2F%2Fwww.barnesandnoble.com%2Fs%2FTHE+MARRIAGE+BARGAIN+Jennifer+Probst</url></buy_link><buy_link><name>Amazon</name><url>http://www.amazon.com/The-Marriage-Bargain-Billionaire/dp/1620612798?tag=NYTBS-20</url></buy_link></buy_links></book><book><rank>16</rank><rank_last_week>0</rank_last_week><weeks_on_list>0</weeks_on_list><asterisk>0</asterisk><dagger>0</dagger><primary_isbn10>0553897845</primary_isbn10><primary_isbn13>9780553897845</primary_isbn13><publisher>Random House Publishing</publisher><description>In the frozen wastes to the north of Winterfell, sinister and supernatural forces are mustering. Basis of the HBO series.</description><price>0</price><title>A GAME OF THRONES</title><author>George R R Martin</author><contributor>by George R. R. Martin</contributor><contributor_note></contributor_note><book_image>https://s1.nyt.com/du/books/images/9780553897845.jpg</book_image><book_image_width>301</book_image_width><book_image_height>495</book_image_height><amazon_product_url>http://www.amazon.com/Game-Thrones-Song-Fire-Book-ebook/dp/B000QCS8TW?tag=NYTBS-20</amazon_product_url><age_group></age_group><book_review_link></book_review_link><first_chapter_link></first_chapter_link><sunday_review_link></sunday_review_link><article_chapter_link>https://www.nytimes.com/2011/04/10/arts/television/game-of-thrones-on-hbo-from-george-r-r-martin-novels.html</article_chapter_link><isbns><isbn><isbn10>0553573403</isbn10><isbn13>9780553573404</isbn13></isbn><isbn><isbn10>0553386794</isbn10><isbn13>9780553386790</isbn13></isbn><isbn><isbn10>0553381687</isbn10><isbn13>9780553381689</isbn13></isbn><isbn><isbn10>0553593714</isbn10><isbn13>9780553593716</isbn13></isbn><isbn><isbn10>0553897845</isbn10><isbn13>9780553897845</isbn13></isbn><isbn><isbn10>0553103547</isbn10><isbn13>9780553103540</isbn13></isbn><isbn><isbn10>044042321X</isbn10><isbn13>9780440423218</isbn13></isbn><isbn><isbn10>0553588486</isbn10><isbn13>9780553588484</isbn13></isbn><isbn><isbn10>0345535537</isbn10><isbn13>9780345535535</isbn13></isbn></isbns><buy_links><buy_link><name>Local Booksellers</name><url>http://www.indiebound.org/book/9780553897845?aff=NYT</url></buy_link><buy_link><name>Barnes and Noble</name><url>http://www.anrdoezrs.net/click-7990613-11819508?url=http%3A%2F%2Fwww.barnesandnoble.com%2Fw%2F%3Fean%3D9780553897845</url></buy_link><buy_link><name>Amazon</name><url>http://www.amazon.com/Game-Thrones-Song-Fire-Book-ebook/dp/B000QCS8TW?tag=NYTBS-20</url></buy_link></buy_links></book><book><rank>17</rank><rank_last_week>0</rank_last_week><weeks_on_list>0</weeks_on_list><asterisk>0</asterisk><dagger>0</dagger><primary_isbn10>0307593673</primary_isbn10><primary_isbn13>9780307593672</primary_isbn13><publisher>Knopf Doubleday Publishing</publisher><description>In the last volume of the Millennium trilogy, Mikael Blomkvist and Lisbeth Salander are threatened by an adversary from deep within the government.</description><price>0</price><title>THE GIRL WHO KICKED THE HORNET’S NEST</title><author>Stieg Larsson</author><contributor>by Stieg Larsson</contributor><contributor_note></contributor_note><book_image>https://s1.nyt.com/du/books/images/9780307593672.jpg</book_image><book_image_width>330</book_image_width><book_image_height>485</book_image_height><amazon_product_url>http://www.amazon.com/Girl-Kicked-Hornets-Millennium-Trilogy/dp/030726999X?tag=NYTBS-20</amazon_product_url><age_group></age_group><book_review_link>https://www.nytimes.com/2010/05/21/books/21book.html</book_review_link><first_chapter_link></first_chapter_link><sunday_review_link>https://www.nytimes.com/2010/05/30/books/review/Kamp-t.html</sunday_review_link><article_chapter_link></article_chapter_link><isbns><isbn><isbn10>030726999X</isbn10><isbn13>9780307269997</isbn13></isbn><isbn><isbn10>0307593673</isbn10><isbn13>9780307593672</isbn13></isbn><isbn><isbn10>073937771X</isbn10><isbn13>9780739377710</isbn13></isbn><isbn><isbn10>0307454568</isbn10><isbn13>9780307454560</isbn13></isbn><isbn><isbn10>0307742539</isbn10><isbn13>9780307742537</isbn13></isbn><isbn><isbn10>1849162743</isbn10><isbn13>9781849162746</isbn13></isbn></isbns><buy_links><buy_link><name>Local Booksellers</name><url>http://www.indiebound.org/book/9780307593672?aff=NYT</url></buy_link><buy_link><name>Barnes and Noble</name><url>http://www.anrdoezrs.net/click-7990613-11819508?url=http%3A%2F%2Fwww.barnesandnoble.com%2Fw%2F%3Fean%3D9780307593672</url></buy_link><buy_link><name>Amazon</name><url>http://www.amazon.com/Girl-Kicked-Hornets-Millennium-Trilogy/dp/030726999X?tag=NYTBS-20</url></buy_link></buy_links></book><book><rank>18</rank><rank_last_week>0</rank_last_week><weeks_on_list>0</weeks_on_list><asterisk>0</asterisk><dagger>0</dagger><primary_isbn10>0345534638</primary_isbn10><primary_isbn13>9780345534637</primary_isbn13><publisher>Random House Publishing</publisher><description>Atticus O’Sullivan, who hasn’t stayed alive for 2,000 years without a fair bit of Celtic cunning, is duped by the Navajo trickster god into battling bloodthirsty desert shape-shifters; Book 4 of the Iron Druid Chronicles.</description><price>0</price><title>TRICKED</title><author>Kevin Hearne</author><contributor>by Kevin Hearne</contributor><contributor_note></contributor_note><book_image>https://s1.nyt.com/du/books/images/9780345533623.jpg</book_image><book_image_width>295</book_image_width><book_image_height>495</book_image_height><amazon_product_url>http://www.amazon.com/Tricked-Iron-Druid-Chronicles-Book-ebook/dp/B005O1BGIA?tag=NYTBS-20</amazon_product_url><age_group></age_group><book_review_link></book_review_link><first_chapter_link></first_chapter_link><sunday_review_link></sunday_review_link><article_chapter_link></article_chapter_link><isbns><isbn><isbn10>0345533623</isbn10><isbn13>9780345533623</isbn13></isbn><isbn><isbn10>0345534638</isbn10><isbn13>9780345534637</isbn13></isbn></isbns><buy_links><buy_link><name>Local Booksellers</name><url>http://www.indiebound.org/book/9780345534637?aff=NYT</url></buy_link><buy_link><name>Barnes and Noble</name><url>http://www.anrdoezrs.net/click-7990613-11819508?url=http%3A%2F%2Fwww.barnesandnoble.com%2Fw%2F%3Fean%3D9780345534637</url></buy_link><buy_link><name>Amazon</name><url>http://www.amazon.com/Tricked-Iron-Druid-Chronicles-Book-ebook/dp/B005O1BGIA?tag=NYTBS-20</url></buy_link></buy_links></book><book><rank>19</rank><rank_last_week>0</rank_last_week><weeks_on_list>0</weeks_on_list><asterisk>0</asterisk><dagger>0</dagger><primary_isbn10>0345527593</primary_isbn10><primary_isbn13>9780345527592</primary_isbn13><publisher>Delacorte Press</publisher><description>An assistant district attorney’s life is shaken when his shy 14-year-old son is accused of murder. </description><price>0</price><title>DEFENDING JACOB</title><author>William Landay</author><contributor>by William Landay</contributor><contributor_note></contributor_note><book_image>https://s1.nyt.com/du/books/images/9780345527592.jpg</book_image><book_image_width>300</book_image_width><book_image_height>495</book_image_height><amazon_product_url>http://www.amazon.com/Defending-Jacob-Novel-William-Landay/dp/0385344228?tag=NYTBS-20</amazon_product_url><age_group></age_group><book_review_link>https://www.nytimes.com/2012/02/13/books/defending-jacob-by-william-landay.html</book_review_link><first_chapter_link></first_chapter_link><sunday_review_link></sunday_review_link><article_chapter_link></article_chapter_link><isbns><isbn><isbn10>0385344228</isbn10><isbn13>9780385344227</isbn13></isbn><isbn><isbn10>0345527593</isbn10><isbn13>9780345527592</isbn13></isbn><isbn><isbn10>1410446948</isbn10><isbn13>9781410446947</isbn13></isbn><isbn><isbn10>044024613X</isbn10><isbn13>9780440246138</isbn13></isbn><isbn><isbn10>0345533666</isbn10><isbn13>9780345533661</isbn13></isbn></isbns><buy_links><buy_link><name>Local Booksellers</name><url>http://www.indiebound.org/book/9780345527592?aff=NYT</url></buy_link><buy_link><name>Barnes and Noble</name><url>http://www.anrdoezrs.net/click-7990613-11819508?url=http%3A%2F%2Fwww.barnesandnoble.com%2Fw%2F%3Fean%3D9780345527592</url></buy_link><buy_link><name>Amazon</name><url>http://www.amazon.com/Defending-Jacob-Novel-William-Landay/dp/0385344228?tag=NYTBS-20</url></buy_link></buy_links></book><book><rank>20</rank><rank_last_week>0</rank_last_week><weeks_on_list>0</weeks_on_list><asterisk>0</asterisk><dagger>0</dagger><primary_isbn10>1455510181</primary_isbn10><primary_isbn13>9781455510184</primary_isbn13><publisher>Grand Central Publishing</publisher><description>A journal reveals Lincoln’s fight against the undead; by the author of “Pride and Prejudice and Zombies."</description><price>0</price><title>ABRAHAM LINCOLN: VAMPIRE HUNTER</title><author>Seth Grahame-Smith</author><contributor>by Seth Grahame-Smith</contributor><contributor_note></contributor_note><book_image>https://s1.nyt.com/du/books/images/9780446563086.jpg</book_image><book_image_width>185</book_image_width><book_image_height>279</book_image_height><amazon_product_url>http://www.amazon.com/Abraham-Lincoln-Vampire-Seth-Grahame-Smith/dp/0446563072?tag=NYTBS-20</amazon_product_url><age_group></age_group><book_review_link></book_review_link><first_chapter_link></first_chapter_link><sunday_review_link></sunday_review_link><article_chapter_link></article_chapter_link><isbns><isbn><isbn10>0446563080</isbn10><isbn13>9780446563086</isbn13></isbn><isbn><isbn10>0446563072</isbn10><isbn13>9780446563079</isbn13></isbn><isbn><isbn10>1455510173</isbn10><isbn13>9781455510177</isbn13></isbn><isbn><isbn10>1455510181</isbn10><isbn13>9781455510184</isbn13></isbn><isbn><isbn10>0446571857</isbn10><isbn13>9780446571852</isbn13></isbn><isbn><isbn10>1849014779</isbn10><isbn13>9781849014779</isbn13></isbn></isbns><buy_links><buy_link><name>Local Booksellers</name><url>http://www.indiebound.org/book/9781455510184?aff=NYT</url></buy_link><buy_link><name>Barnes and Noble</name><url>http://www.anrdoezrs.net/click-7990613-11819508?url=http%3A%2F%2Fwww.barnesandnoble.com%2Fw%2F%3Fean%3D9781455510184</url></buy_link><buy_link><name>Amazon</name><url>http://www.amazon.com/Abraham-Lincoln-Vampire-Seth-Grahame-Smith/dp/0446563072?tag=NYTBS-20</url></buy_link></buy_links></book></books><corrections/></results></result_set>
