<?xml version="1.0" encoding="UTF-8"?>
<result_set><status>OK</status><copyright>Copyright (c) 2018 The New York Times Company.  All Rights Reserved.</copyright><num_results>20</num_results><last_modified>2017-03-21T13:38:01-04:00</last_modified><results><list_name>Combined Print and E-Book Fiction</list_name><list_name_encoded>combined-print-and-e-book-fiction</list_name_encoded><bestsellers_date>2015-07-18</bestsellers_date><published_date>2015-08-02</published_date><published_date_description></published_date_description><next_published_date>2015-08-09</next_published_date><previous_published_date>2015-07-26</previous_published_date><display_name><![CDATA[Combined Print & E-Book Fiction]]></display_name><normal_list_ends_at>15</normal_list_ends_at><updated>WEEKLY</updated><books><book><rank>1</rank><rank_last_week>0</rank_last_week><weeks_on_list>1</weeks_on_list><asterisk>0</asterisk><dagger>0</dagger><primary_isbn10>0062409859</primary_isbn10><primary_isbn13>9780062409850</primary_isbn13><publisher>Harper</publisher><description>In the mid-1950s, a grown-up Jean Louise Finch returns to Maycomb and realizes that her adored father is a racist.</description><price>0</price><title>GO SET A WATCHMAN</title><author>Harper Lee</author><contributor>by Harper Lee</contributor><contributor_note></contributor_note><book_image>https://s1.nyt.com/du/books/images/9780062409850.jpg</book_image><book_image_width>328</book_image_width><book_image_height>495</book_image_height><amazon_product_url>http://www.amazon.com/Go-Set-Watchman-A-Novel/dp/0062409859?tag=NYTBS-20</amazon_product_url><age_group></age_group><book_review_link>https://www.nytimes.com/2015/07/11/books/review-harper-lees-go-set-a-watchman-gives-atticus-finch-a-dark-side.html</book_review_link><first_chapter_link></first_chapter_link><sunday_review_link>https://www.nytimes.com/2015/07/14/books/review/harper-lees-go-set-a-watchman.html</sunday_review_link><article_chapter_link></article_chapter_link><isbns><isbn><isbn10>0062409859</isbn10><isbn13>9780062409850</isbn13></isbn><isbn><isbn10>0062409883</isbn10><isbn13>9780062409881</isbn13></isbn><isbn><isbn10>0062409875</isbn10><isbn13>9780062409874</isbn13></isbn><isbn><isbn10>1473535409</isbn10><isbn13>9781473535404</isbn13></isbn><isbn><isbn10>0062454811</isbn10><isbn13>9780062454812</isbn13></isbn><isbn><isbn10>0062409867</isbn10><isbn13>9780062409867</isbn13></isbn><isbn><isbn10>0062561022</isbn10><isbn13>9780062561022</isbn13></isbn></isbns><buy_links><buy_link><name>Local Booksellers</name><url>http://www.indiebound.org/book/9780062409850?aff=NYT</url></buy_link><buy_link><name>Barnes and Noble</name><url>http://www.anrdoezrs.net/click-7990613-11819508?url=http%3A%2F%2Fwww.barnesandnoble.com%2Fw%2F%3Fean%3D9780062409850</url></buy_link><buy_link><name>Amazon</name><url>http://www.amazon.com/Go-Set-Watchman-A-Novel/dp/0062409859?tag=NYTBS-20</url></buy_link></buy_links></book><book><rank>2</rank><rank_last_week>1</rank_last_week><weeks_on_list>5</weeks_on_list><asterisk>0</asterisk><dagger>0</dagger><primary_isbn10>1101946350</primary_isbn10><primary_isbn13>9781101946350</primary_isbn13><publisher>Vintage</publisher><description>A sequel told from Christian's point of view.</description><price>0</price><title>GREY</title><author>E L James</author><contributor>by E. L. James</contributor><contributor_note></contributor_note><book_image>https://s1.nyt.com/du/books/images/9781101946350.jpg</book_image><book_image_width>322</book_image_width><book_image_height>495</book_image_height><amazon_product_url>http://www.amazon.com/Grey-Fifty-Shades-Told-Christian-ebook/dp/B00Y6QF0PE?tag=NYTBS-20</amazon_product_url><age_group></age_group><book_review_link></book_review_link><first_chapter_link></first_chapter_link><sunday_review_link></sunday_review_link><article_chapter_link></article_chapter_link><isbns><isbn><isbn10>1101946342</isbn10><isbn13>9781101946343</isbn13></isbn><isbn><isbn10>1784753254</isbn10><isbn13>9781784753252</isbn13></isbn><isbn><isbn10>1101946350</isbn10><isbn13>9781101946350</isbn13></isbn><isbn><isbn10>1101971541</isbn10><isbn13>9781101971543</isbn13></isbn><isbn><isbn10>1473535956</isbn10><isbn13>9781473535954</isbn13></isbn></isbns><buy_links><buy_link><name>Local Booksellers</name><url>http://www.indiebound.org/book/9781101946350?aff=NYT</url></buy_link><buy_link><name>Barnes and Noble</name><url>http://www.anrdoezrs.net/click-7990613-11819508?url=http%3A%2F%2Fwww.barnesandnoble.com%2Fw%2F%3Fean%3D9781101946350</url></buy_link><buy_link><name>Amazon</name><url>http://www.amazon.com/Grey-Fifty-Shades-Told-Christian-ebook/dp/B00Y6QF0PE?tag=NYTBS-20</url></buy_link></buy_links></book><book><rank>3</rank><rank_last_week>2</rank_last_week><weeks_on_list>27</weeks_on_list><asterisk>0</asterisk><dagger>0</dagger><primary_isbn10>0698185390</primary_isbn10><primary_isbn13>9780698185395</primary_isbn13><publisher>Riverhead</publisher><description>A psychological thriller set in the environs of London is full of complications and betrayals.</description><price>0</price><title>THE GIRL ON THE TRAIN</title><author>Paula Hawkins</author><contributor>by Paula Hawkins</contributor><contributor_note></contributor_note><book_image>https://s1.nyt.com/du/books/images/9781594633669.jpg</book_image><book_image_width>312</book_image_width><book_image_height>495</book_image_height><amazon_product_url>http://www.amazon.com/The-Girl-Train-A-Novel-ebook/dp/B00L9B7IKE?tag=NYTBS-20</amazon_product_url><age_group></age_group><book_review_link>https://www.nytimes.com/2015/01/05/books/the-girl-on-the-train-by-paula-hawkins.html</book_review_link><first_chapter_link></first_chapter_link><sunday_review_link>https://www.nytimes.com/2015/02/01/books/review/the-girl-on-the-train-by-paula-hawkins.html</sunday_review_link><article_chapter_link></article_chapter_link><isbns><isbn><isbn10>1594633665</isbn10><isbn13>9781594633669</isbn13></isbn><isbn><isbn10>0698185390</isbn10><isbn13>9780698185395</isbn13></isbn><isbn><isbn10>1410477762</isbn10><isbn13>9781410477767</isbn13></isbn><isbn><isbn10>0857522329</isbn10><isbn13>9780857522320</isbn13></isbn><isbn><isbn10>1448171687</isbn10><isbn13>9781448171682</isbn13></isbn><isbn><isbn10>1594634122</isbn10><isbn13>9781594634123</isbn13></isbn><isbn><isbn10>038568231X</isbn10><isbn13>9780385682312</isbn13></isbn><isbn><isbn10>1594634025</isbn10><isbn13>9781594634024</isbn13></isbn><isbn><isbn10>0735212155</isbn10><isbn13>9780735212152</isbn13></isbn><isbn><isbn10>0735212163</isbn10><isbn13>9780735212169</isbn13></isbn><isbn><isbn10>1432834355</isbn10><isbn13>9781432834357</isbn13></isbn></isbns><buy_links><buy_link><name>Local Booksellers</name><url>http://www.indiebound.org/book/9780698185395?aff=NYT</url></buy_link><buy_link><name>Barnes and Noble</name><url>http://www.anrdoezrs.net/click-7990613-11819508?url=http%3A%2F%2Fwww.barnesandnoble.com%2Fw%2F%3Fean%3D9780698185395</url></buy_link><buy_link><name>Amazon</name><url>http://www.amazon.com/The-Girl-Train-A-Novel-ebook/dp/B00L9B7IKE?tag=NYTBS-20</url></buy_link></buy_links></book><book><rank>4</rank><rank_last_week>0</rank_last_week><weeks_on_list>1</weeks_on_list><asterisk>0</asterisk><dagger>0</dagger><primary_isbn10>0804137250</primary_isbn10><primary_isbn13>9780804137256</primary_isbn13><publisher>Crown</publisher><description>A teenage gamer helps save the Earth from an alien invasion.</description><price>0</price><title>ARMADA</title><author>Ernest Cline</author><contributor>by Ernest Cline</contributor><contributor_note></contributor_note><book_image>https://s1.nyt.com/du/books/images/9780804137263.jpg</book_image><book_image_width>326</book_image_width><book_image_height>495</book_image_height><amazon_product_url>http://www.amazon.com/Armada-A-Novel-Ernest-Cline/dp/0804137250?tag=NYTBS-20</amazon_product_url><age_group></age_group><book_review_link></book_review_link><first_chapter_link></first_chapter_link><sunday_review_link></sunday_review_link><article_chapter_link></article_chapter_link><isbns><isbn><isbn10>0804137250</isbn10><isbn13>9780804137256</isbn13></isbn><isbn><isbn10>0804137269</isbn10><isbn13>9780804137263</isbn13></isbn></isbns><buy_links><buy_link><name>Local Booksellers</name><url>http://www.indiebound.org/book/9780804137256?aff=NYT</url></buy_link><buy_link><name>Barnes and Noble</name><url>http://www.anrdoezrs.net/click-7990613-11819508?url=http%3A%2F%2Fwww.barnesandnoble.com%2Fw%2F%3Fean%3D9780804137256</url></buy_link><buy_link><name>Amazon</name><url>http://www.amazon.com/Armada-A-Novel-Ernest-Cline/dp/0804137250?tag=NYTBS-20</url></buy_link></buy_links></book><book><rank>5</rank><rank_last_week>7</rank_last_week><weeks_on_list>44</weeks_on_list><asterisk>0</asterisk><dagger>0</dagger><primary_isbn10>1476746583</primary_isbn10><primary_isbn13>9781476746586</primary_isbn13><publisher>Scribner</publisher><description>The lives of a blind French girl and a gadget-obsessed German boy before and during World War II; the winner of the 2015 Pulitzer Prize.</description><price>0</price><title>ALL THE LIGHT WE CANNOT SEE</title><author>Anthony Doerr</author><contributor>by Anthony Doerr</contributor><contributor_note></contributor_note><book_image>https://s1.nyt.com/du/books/images/9781476746586.jpg</book_image><book_image_width>128</book_image_width><book_image_height>192</book_image_height><amazon_product_url>http://www.amazon.com/All-Light-We-Cannot-See/dp/1476746583?tag=NYTBS-20</amazon_product_url><age_group></age_group><book_review_link></book_review_link><first_chapter_link></first_chapter_link><sunday_review_link>https://www.nytimes.com/2014/05/11/books/review/all-the-light-we-cannot-see-by-anthony-doerr.html</sunday_review_link><article_chapter_link></article_chapter_link><isbns><isbn><isbn10>1476746583</isbn10><isbn13>9781476746586</isbn13></isbn><isbn><isbn10>1410470229</isbn10><isbn13>9781410470225</isbn13></isbn><isbn><isbn10>1476746591</isbn10><isbn13>9781476746593</isbn13></isbn><isbn><isbn10>1501122835</isbn10><isbn13>9781501122835</isbn13></isbn><isbn><isbn10>0007548699</isbn10><isbn13>9780007548699</isbn13></isbn><isbn><isbn10>1501173219</isbn10><isbn13>9781501173219</isbn13></isbn></isbns><buy_links><buy_link><name>Local Booksellers</name><url>http://www.indiebound.org/book/9781476746586?aff=NYT</url></buy_link><buy_link><name>Barnes and Noble</name><url>http://www.anrdoezrs.net/click-7990613-11819508?url=http%3A%2F%2Fwww.barnesandnoble.com%2Fw%2F%3Fean%3D9781476746586</url></buy_link><buy_link><name>Amazon</name><url>http://www.amazon.com/All-Light-We-Cannot-See/dp/1476746583?tag=NYTBS-20</url></buy_link></buy_links></book><book><rank>6</rank><rank_last_week>0</rank_last_week><weeks_on_list>1</weeks_on_list><asterisk>0</asterisk><dagger>0</dagger><primary_isbn10>None</primary_isbn10><primary_isbn13>9781101664247</primary_isbn13><publisher>Putnam</publisher><description>In the 34th Stone Barrington novel, the New York lawyer becomes the target of a group of toughs.</description><price>0</price><title>NAKED GREED</title><author>Stuart Woods</author><contributor>by Stuart Woods</contributor><contributor_note></contributor_note><book_image>https://s1.nyt.com/du/books/images/9781101664247.jpg</book_image><book_image_width>328</book_image_width><book_image_height>495</book_image_height><amazon_product_url>http://www.amazon.com/Naked-Greed-Stone-Barrington-Stuart/dp/0399174664?tag=NYTBS-20</amazon_product_url><age_group></age_group><book_review_link></book_review_link><first_chapter_link></first_chapter_link><sunday_review_link></sunday_review_link><article_chapter_link></article_chapter_link><isbns><isbn><isbn10>0399174664</isbn10><isbn13>9780399174667</isbn13></isbn><isbn><isbn10>0451477219</isbn10><isbn13>9780451477217</isbn13></isbn></isbns><buy_links><buy_link><name>Local Booksellers</name><url>http://www.indiebound.org/book/9781101664247?aff=NYT</url></buy_link><buy_link><name>Barnes and Noble</name><url>http://www.anrdoezrs.net/click-7990613-11819508?url=http%3A%2F%2Fwww.barnesandnoble.com%2Fw%2F%3Fean%3D9781101664247</url></buy_link><buy_link><name>Amazon</name><url>http://www.amazon.com/Naked-Greed-Stone-Barrington-Stuart/dp/0399174664?tag=NYTBS-20</url></buy_link></buy_links></book><book><rank>7</rank><rank_last_week>8</rank_last_week><weeks_on_list>8</weeks_on_list><asterisk>0</asterisk><dagger>0</dagger><primary_isbn10>None</primary_isbn10><primary_isbn13>9780804139038</primary_isbn13><publisher>Crown</publisher><description>Abandoned by his crew, an astronaut embarks on a dogged quest to stay alive.</description><price>0</price><title>THE MARTIAN</title><author>Andy Weir</author><contributor>by Andy Weir</contributor><contributor_note></contributor_note><book_image>https://s1.nyt.com/du/books/images/9780804139038.jpg</book_image><book_image_width>128</book_image_width><book_image_height>194</book_image_height><amazon_product_url>http://www.amazon.com/The-Martian-Novel-Andy-Weir-ebook/dp/B00EMXBDMA?tag=NYTBS-20</amazon_product_url><age_group></age_group><book_review_link></book_review_link><first_chapter_link></first_chapter_link><sunday_review_link></sunday_review_link><article_chapter_link></article_chapter_link><isbns><isbn><isbn10>0804139024</isbn10><isbn13>9780804139021</isbn13></isbn><isbn><isbn10>0553418025</isbn10><isbn13>9780553418026</isbn13></isbn><isbn><isbn10>0091956145</isbn10><isbn13>9780091956141</isbn13></isbn><isbn><isbn10>1594138540</isbn10><isbn13>9781594138546</isbn13></isbn><isbn><isbn10>1101903589</isbn10><isbn13>9781101903582</isbn13></isbn><isbn><isbn10>110190500X</isbn10><isbn13>9781101905005</isbn13></isbn></isbns><buy_links><buy_link><name>Local Booksellers</name><url>http://www.indiebound.org/book/9780804139038?aff=NYT</url></buy_link><buy_link><name>Barnes and Noble</name><url>http://www.anrdoezrs.net/click-7990613-11819508?url=http%3A%2F%2Fwww.barnesandnoble.com%2Fw%2F%3Fean%3D9780804139038</url></buy_link><buy_link><name>Amazon</name><url>http://www.amazon.com/The-Martian-Novel-Andy-Weir-ebook/dp/B00EMXBDMA?tag=NYTBS-20</url></buy_link></buy_links></book><book><rank>8</rank><rank_last_week>4</rank_last_week><weeks_on_list>2</weeks_on_list><asterisk>0</asterisk><dagger>0</dagger><primary_isbn10>1476717176</primary_isbn10><primary_isbn13>9781476717173</primary_isbn13><publisher>Emily Bestler/Atria</publisher><description>In Thor’s 15th thriller, the counterterrorism operative Scot Harvath undertakes a deadly assignment set in motion by a leaked video.</description><price>0</price><title>CODE OF CONDUCT</title><author>Brad Thor</author><contributor>by Brad Thor</contributor><contributor_note></contributor_note><book_image>https://s1.nyt.com/du/books/images/9781476717159.jpg</book_image><book_image_width>320</book_image_width><book_image_height>495</book_image_height><amazon_product_url>http://www.amazon.com/Code-Conduct-Thriller-Scot-Harvath-ebook/dp/B00P1PD344?tag=NYTBS-20</amazon_product_url><age_group></age_group><book_review_link></book_review_link><first_chapter_link></first_chapter_link><sunday_review_link></sunday_review_link><article_chapter_link></article_chapter_link><isbns><isbn><isbn10>147671715X</isbn10><isbn13>9781476717159</isbn13></isbn><isbn><isbn10>1476717176</isbn10><isbn13>9781476717173</isbn13></isbn><isbn><isbn10>1476717168</isbn10><isbn13>9781476717166</isbn13></isbn></isbns><buy_links><buy_link><name>Local Booksellers</name><url>http://www.indiebound.org/book/9781476717173?aff=NYT</url></buy_link><buy_link><name>Barnes and Noble</name><url>http://www.anrdoezrs.net/click-7990613-11819508?url=http%3A%2F%2Fwww.barnesandnoble.com%2Fw%2F%3Fean%3D9781476717173</url></buy_link><buy_link><name>Amazon</name><url>http://www.amazon.com/Code-Conduct-Thriller-Scot-Harvath-ebook/dp/B00P1PD344?tag=NYTBS-20</url></buy_link></buy_links></book><book><rank>9</rank><rank_last_week>6</rank_last_week><weeks_on_list>3</weeks_on_list><asterisk>0</asterisk><dagger>0</dagger><primary_isbn10>0062320157</primary_isbn10><primary_isbn13>9780062320155</primary_isbn13><publisher>Harper</publisher><description>Gabriel Allon, an art restorer and occasional spy for the Israeli secret service, helps British intelligence track down the killer of a beautiful former member of the royal family.</description><price>0</price><title>THE ENGLISH SPY</title><author>Daniel Silva</author><contributor>by Daniel Silva</contributor><contributor_note></contributor_note><book_image>https://s1.nyt.com/du/books/images/9780062320155.jpg</book_image><book_image_width>328</book_image_width><book_image_height>495</book_image_height><amazon_product_url>http://www.amazon.com/The-English-Spy-Daniel-Silva-ebook/dp/B00NLM6AQW?tag=NYTBS-20</amazon_product_url><age_group></age_group><book_review_link></book_review_link><first_chapter_link></first_chapter_link><sunday_review_link></sunday_review_link><article_chapter_link></article_chapter_link><isbns><isbn><isbn10>0062320130</isbn10><isbn13>9780062320131</isbn13></isbn><isbn><isbn10>0062320157</isbn10><isbn13>9780062320155</isbn13></isbn><isbn><isbn10>0062320173</isbn10><isbn13>9780062320179</isbn13></isbn><isbn><isbn10>0062320149</isbn10><isbn13>9780062320148</isbn13></isbn></isbns><buy_links><buy_link><name>Local Booksellers</name><url>http://www.indiebound.org/book/9780062320155?aff=NYT</url></buy_link><buy_link><name>Barnes and Noble</name><url>http://www.anrdoezrs.net/click-7990613-11819508?url=http%3A%2F%2Fwww.barnesandnoble.com%2Fw%2F%3Fean%3D9780062320155</url></buy_link><buy_link><name>Amazon</name><url>http://www.amazon.com/The-English-Spy-Daniel-Silva-ebook/dp/B00NLM6AQW?tag=NYTBS-20</url></buy_link></buy_links></book><book><rank>10</rank><rank_last_week>10</rank_last_week><weeks_on_list>5</weeks_on_list><asterisk>0</asterisk><dagger>0</dagger><primary_isbn10>0316334502</primary_isbn10><primary_isbn13>9780316334501</primary_isbn13><publisher>Little, Brown</publisher><description>Two friends on Nantucket must deal with damaging gossip about themselves and their husbands.</description><price>0</price><title>THE RUMOR</title><author>Elin Hilderbrand</author><contributor>by Elin Hilderbrand</contributor><contributor_note></contributor_note><book_image>https://s1.nyt.com/du/books/images/9780316334501.jpg</book_image><book_image_width>330</book_image_width><book_image_height>494</book_image_height><amazon_product_url>http://www.amazon.com/The-Rumor-Novel-Elin-Hilderbrand-ebook/dp/B00O7X61S6?tag=NYTBS-20</amazon_product_url><age_group></age_group><book_review_link></book_review_link><first_chapter_link></first_chapter_link><sunday_review_link></sunday_review_link><article_chapter_link></article_chapter_link><isbns><isbn><isbn10>0316334529</isbn10><isbn13>9780316334525</isbn13></isbn><isbn><isbn10>0316334502</isbn10><isbn13>9780316334501</isbn13></isbn><isbn><isbn10>0316339350</isbn10><isbn13>9780316339353</isbn13></isbn></isbns><buy_links><buy_link><name>Local Booksellers</name><url>http://www.indiebound.org/book/9780316334501?aff=NYT</url></buy_link><buy_link><name>Barnes and Noble</name><url>http://www.anrdoezrs.net/click-7990613-11819508?url=http%3A%2F%2Fwww.barnesandnoble.com%2Fw%2F%3Fean%3D9780316334501</url></buy_link><buy_link><name>Amazon</name><url>http://www.amazon.com/The-Rumor-Novel-Elin-Hilderbrand-ebook/dp/B00O7X61S6?tag=NYTBS-20</url></buy_link></buy_links></book><book><rank>11</rank><rank_last_week>12</rank_last_week><weeks_on_list>24</weeks_on_list><asterisk>0</asterisk><dagger>0</dagger><primary_isbn10>1466850604</primary_isbn10><primary_isbn13>9781466850606</primary_isbn13><publisher>St. Martin's</publisher><description>Two sisters are separated in World War II France: one in the countryside, the other in Paris.</description><price>0</price><title>THE NIGHTINGALE</title><author>Kristin Hannah</author><contributor>by Kristin Hannah</contributor><contributor_note></contributor_note><book_image>https://s1.nyt.com/du/books/images/9781466850606.jpg</book_image><book_image_width>128</book_image_width><book_image_height>195</book_image_height><amazon_product_url>http://www.amazon.com/The-Nightingale-Kristin-Hannah/dp/0312577222?tag=NYTBS-20</amazon_product_url><age_group></age_group><book_review_link></book_review_link><first_chapter_link></first_chapter_link><sunday_review_link></sunday_review_link><article_chapter_link></article_chapter_link><isbns><isbn><isbn10>0312577222</isbn10><isbn13>9780312577223</isbn13></isbn><isbn><isbn10>1466850604</isbn10><isbn13>9781466850606</isbn13></isbn><isbn><isbn10>1628995017</isbn10><isbn13>9781628995015</isbn13></isbn><isbn><isbn10>1250080401</isbn10><isbn13>9781250080400</isbn13></isbn></isbns><buy_links><buy_link><name>Local Booksellers</name><url>http://www.indiebound.org/book/9781466850606?aff=NYT</url></buy_link><buy_link><name>Barnes and Noble</name><url>http://www.anrdoezrs.net/click-7990613-11819508?url=http%3A%2F%2Fwww.barnesandnoble.com%2Fw%2F%3Fean%3D9781466850606</url></buy_link><buy_link><name>Amazon</name><url>http://www.amazon.com/The-Nightingale-Kristin-Hannah/dp/0312577222?tag=NYTBS-20</url></buy_link></buy_links></book><book><rank>12</rank><rank_last_week>3</rank_last_week><weeks_on_list>2</weeks_on_list><asterisk>0</asterisk><dagger>0</dagger><primary_isbn10>None</primary_isbn10><primary_isbn13>9780698164895</primary_isbn13><publisher>Putnam</publisher><description>In Coulter’s 18th F.B.I. suspense thriller, the agents Lacey Sherlock and Dillon Savich must discover who is responsible for bombings in New York City.</description><price>0</price><title>NEMESIS</title><author>Catherine Coulter</author><contributor>by Catherine Coulter</contributor><contributor_note></contributor_note><book_image>https://s1.nyt.com/du/books/images/9780698164895.jpg</book_image><book_image_width>328</book_image_width><book_image_height>495</book_image_height><amazon_product_url>http://www.amazon.com/Nemesis-FBI-Thriller-Catherine-Coulter/dp/0399171274?tag=NYTBS-20</amazon_product_url><age_group></age_group><book_review_link></book_review_link><first_chapter_link></first_chapter_link><sunday_review_link></sunday_review_link><article_chapter_link></article_chapter_link><isbns><isbn><isbn10>0399171274</isbn10><isbn13>9780399171277</isbn13></isbn><isbn><isbn10>1410477274</isbn10><isbn13>9781410477279</isbn13></isbn><isbn><isbn10>0515155683</isbn10><isbn13>9780515155686</isbn13></isbn></isbns><buy_links><buy_link><name>Local Booksellers</name><url>http://www.indiebound.org/book/9780698164895?aff=NYT</url></buy_link><buy_link><name>Barnes and Noble</name><url>http://www.anrdoezrs.net/click-7990613-11819508?url=http%3A%2F%2Fwww.barnesandnoble.com%2Fw%2F%3Fean%3D9780698164895</url></buy_link><buy_link><name>Amazon</name><url>http://www.amazon.com/Nemesis-FBI-Thriller-Catherine-Coulter/dp/0399171274?tag=NYTBS-20</url></buy_link></buy_links></book><book><rank>13</rank><rank_last_week>11</rank_last_week><weeks_on_list>10</weeks_on_list><asterisk>0</asterisk><dagger>0</dagger><primary_isbn10>1476789657</primary_isbn10><primary_isbn13>9781476789651</primary_isbn13><publisher><![CDATA[Simon & Schuster]]></publisher><description>The life of a successful magazine writer is shaken when secrets from her past are revealed in a documentary.</description><price>0</price><title>LUCKIEST GIRL ALIVE</title><author>Jessica Knoll</author><contributor>by Jessica Knoll</contributor><contributor_note></contributor_note><book_image>https://s1.nyt.com/du/books/images/9781476789651.jpg</book_image><book_image_width>328</book_image_width><book_image_height>495</book_image_height><amazon_product_url>http://www.amazon.com/Luckiest-Girl-Alive-A-Novel-ebook/dp/B00LD1OITO?tag=NYTBS-20</amazon_product_url><age_group></age_group><book_review_link></book_review_link><first_chapter_link></first_chapter_link><sunday_review_link></sunday_review_link><article_chapter_link></article_chapter_link><isbns><isbn><isbn10>1476789630</isbn10><isbn13>9781476789637</isbn13></isbn><isbn><isbn10>1476789657</isbn10><isbn13>9781476789651</isbn13></isbn><isbn><isbn10>1476789649</isbn10><isbn13>9781476789644</isbn13></isbn></isbns><buy_links><buy_link><name>Local Booksellers</name><url>http://www.indiebound.org/book/9781476789651?aff=NYT</url></buy_link><buy_link><name>Barnes and Noble</name><url>http://www.anrdoezrs.net/click-7990613-11819508?url=http%3A%2F%2Fwww.barnesandnoble.com%2Fw%2F%3Fean%3D9781476789651</url></buy_link><buy_link><name>Amazon</name><url>http://www.amazon.com/Luckiest-Girl-Alive-A-Novel-ebook/dp/B00LD1OITO?tag=NYTBS-20</url></buy_link></buy_links></book><book><rank>14</rank><rank_last_week>13</rank_last_week><weeks_on_list>4</weeks_on_list><asterisk>0</asterisk><dagger>0</dagger><primary_isbn10>0316408735</primary_isbn10><primary_isbn13>9780316408738</primary_isbn13><publisher>Little, Brown</publisher><description>An attorney discovers a shocking secret that must be kept out of the wrong hands.</description><price>0</price><title>TRUTH OR DIE</title><author>James Patterson and Howard Roughan</author><contributor>by James Patterson and Howard Roughan</contributor><contributor_note></contributor_note><book_image>https://s1.nyt.com/du/books/images/9780316408738.jpg</book_image><book_image_width>320</book_image_width><book_image_height>495</book_image_height><amazon_product_url>http://www.amazon.com/Truth-Die-James-Patterson-ebook/dp/B00QQQL8VM?tag=NYTBS-20</amazon_product_url><age_group></age_group><book_review_link></book_review_link><first_chapter_link></first_chapter_link><sunday_review_link></sunday_review_link><article_chapter_link></article_chapter_link><isbns><isbn><isbn10>0316407011</isbn10><isbn13>9780316407014</isbn13></isbn><isbn><isbn10>0316408735</isbn10><isbn13>9780316408738</isbn13></isbn><isbn><isbn10>1455584967</isbn10><isbn13>9781455584963</isbn13></isbn><isbn><isbn10>1455584975</isbn10><isbn13>9781455584970</isbn13></isbn></isbns><buy_links><buy_link><name>Local Booksellers</name><url>http://www.indiebound.org/book/9780316408738?aff=NYT</url></buy_link><buy_link><name>Barnes and Noble</name><url>http://www.anrdoezrs.net/click-7990613-11819508?url=http%3A%2F%2Fwww.barnesandnoble.com%2Fw%2F%3Fean%3D9780316408738</url></buy_link><buy_link><name>Amazon</name><url>http://www.amazon.com/Truth-Die-James-Patterson-ebook/dp/B00QQQL8VM?tag=NYTBS-20</url></buy_link></buy_links></book><book><rank>15</rank><rank_last_week>0</rank_last_week><weeks_on_list>14</weeks_on_list><asterisk>0</asterisk><dagger>0</dagger><primary_isbn10>0307459926</primary_isbn10><primary_isbn13>9780307459923</primary_isbn13><publisher>Broadway</publisher><description>A woman who was spared when her mother and sisters were murdered begins to reinvestigate the case against her imprisoned brother.</description><price>0</price><title>DARK PLACES</title><author>Gillian Flynn</author><contributor>by Gillian Flynn</contributor><contributor_note></contributor_note><book_image>https://s1.nyt.com/du/books/images/9780307341570.jpg</book_image><book_image_width>302</book_image_width><book_image_height>495</book_image_height><amazon_product_url>http://www.amazon.com/Dark-Places-Novel-Gillian-Flynn/dp/0307341577?tag=NYTBS-20</amazon_product_url><age_group></age_group><book_review_link></book_review_link><first_chapter_link></first_chapter_link><sunday_review_link></sunday_review_link><article_chapter_link></article_chapter_link><isbns><isbn><isbn10>0307459926</isbn10><isbn13>9780307459923</isbn13></isbn><isbn><isbn10>0307341577</isbn10><isbn13>9780307341570</isbn13></isbn><isbn><isbn10>1101902884</isbn10><isbn13>9781101902882</isbn13></isbn><isbn><isbn10>0553418483</isbn10><isbn13>9780553418484</isbn13></isbn></isbns><buy_links><buy_link><name>Local Booksellers</name><url>http://www.indiebound.org/book/9780307459923?aff=NYT</url></buy_link><buy_link><name>Barnes and Noble</name><url>http://www.anrdoezrs.net/click-7990613-11819508?url=http%3A%2F%2Fwww.barnesandnoble.com%2Fw%2F%3Fean%3D9780307459923</url></buy_link><buy_link><name>Amazon</name><url>http://www.amazon.com/Dark-Places-Novel-Gillian-Flynn/dp/0307341577?tag=NYTBS-20</url></buy_link></buy_links></book><book><rank>16</rank><rank_last_week>0</rank_last_week><weeks_on_list>0</weeks_on_list><asterisk>0</asterisk><dagger>0</dagger><primary_isbn10>None</primary_isbn10><primary_isbn13>9781459247901</primary_isbn13><publisher>Mira</publisher><description>A woman leaves Manhattan to renovate her family's old resort camp in the Catskills, where she encounters an old flame.</description><price>0</price><title>SUMMER AT WILLOW LAKE</title><author>Susan Wiggs</author><contributor>by Susan Wiggs</contributor><contributor_note></contributor_note><book_image>https://s1.nyt.com/du/books/images/9781426833595.jpg</book_image><book_image_width>270</book_image_width><book_image_height>427</book_image_height><amazon_product_url>http://www.amazon.com/Summer-Willow-Lake-Lakeshore-Chronicles-ebook/dp/B0084ZXAYG?tag=NYTBS-20</amazon_product_url><age_group></age_group><book_review_link></book_review_link><first_chapter_link></first_chapter_link><sunday_review_link></sunday_review_link><article_chapter_link></article_chapter_link><isbns><isbn><isbn10>1426833598</isbn10><isbn13>9781426833595</isbn13></isbn></isbns><buy_links><buy_link><name>Local Booksellers</name><url>http://www.indiebound.org/book/9781459247901?aff=NYT</url></buy_link><buy_link><name>Barnes and Noble</name><url>http://www.anrdoezrs.net/click-7990613-11819508?url=http%3A%2F%2Fwww.barnesandnoble.com%2Fw%2F%3Fean%3D9781459247901</url></buy_link><buy_link><name>Amazon</name><url>http://www.amazon.com/Summer-Willow-Lake-Lakeshore-Chronicles-ebook/dp/B0084ZXAYG?tag=NYTBS-20</url></buy_link></buy_links></book><book><rank>17</rank><rank_last_week>0</rank_last_week><weeks_on_list>0</weeks_on_list><asterisk>0</asterisk><dagger>0</dagger><primary_isbn10>1101875054</primary_isbn10><primary_isbn13>9781101875056</primary_isbn13><publisher>Knopf</publisher><description>Secrets are revealed and love stories play out against the backdrop of a series of plane crashes in 1950s New Jersey.</description><price>0</price><title>IN THE UNLIKELY EVENT</title><author>Judy Blume</author><contributor>by Judy Blume</contributor><contributor_note></contributor_note><book_image>https://s1.nyt.com/du/books/images/9781101875056.jpg</book_image><book_image_width>330</book_image_width><book_image_height>491</book_image_height><amazon_product_url>http://www.amazon.com/In-Unlikely-Event-Judy-Blume-ebook/dp/B00R04MDYA?tag=NYTBS-20</amazon_product_url><age_group></age_group><book_review_link></book_review_link><first_chapter_link></first_chapter_link><sunday_review_link>https://www.nytimes.com/2015/05/31/books/review/judy-blumes-in-the-unlikely-event.html</sunday_review_link><article_chapter_link></article_chapter_link><isbns><isbn><isbn10>1101875046</isbn10><isbn13>9781101875049</isbn13></isbn><isbn><isbn10>1101875054</isbn10><isbn13>9781101875056</isbn13></isbn><isbn><isbn10>0804194769</isbn10><isbn13>9780804194761</isbn13></isbn><isbn><isbn10>1101873981</isbn10><isbn13>9781101873984</isbn13></isbn></isbns><buy_links><buy_link><name>Local Booksellers</name><url>http://www.indiebound.org/book/9781101875056?aff=NYT</url></buy_link><buy_link><name>Barnes and Noble</name><url>http://www.anrdoezrs.net/click-7990613-11819508?url=http%3A%2F%2Fwww.barnesandnoble.com%2Fw%2F%3Fean%3D9781101875056</url></buy_link><buy_link><name>Amazon</name><url>http://www.amazon.com/In-Unlikely-Event-Judy-Blume-ebook/dp/B00R04MDYA?tag=NYTBS-20</url></buy_link></buy_links></book><book><rank>18</rank><rank_last_week>0</rank_last_week><weeks_on_list>0</weeks_on_list><asterisk>0</asterisk><dagger>0</dagger><primary_isbn10>1250020557</primary_isbn10><primary_isbn13>9781250020550</primary_isbn13><publisher>St. Martin's</publisher><description></description><price>0</price><title>THE NAKED EYE</title><author>Iris Johansen and Roy Johansen</author><contributor>by Iris Johansen and Roy Johansen</contributor><contributor_note></contributor_note><book_image>https://s1.nyt.com/du/books/images/9781250020550.jpg</book_image><book_image_width>326</book_image_width><book_image_height>495</book_image_height><amazon_product_url>http://www.amazon.com/The-Naked-Eye-A-Novel/dp/1250020549?tag=NYTBS-20</amazon_product_url><age_group></age_group><book_review_link></book_review_link><first_chapter_link></first_chapter_link><sunday_review_link></sunday_review_link><article_chapter_link></article_chapter_link><isbns><isbn><isbn10>1250020557</isbn10><isbn13>9781250020550</isbn13></isbn><isbn><isbn10>1250020549</isbn10><isbn13>9781250020543</isbn13></isbn></isbns><buy_links><buy_link><name>Local Booksellers</name><url>http://www.indiebound.org/book/9781250020550?aff=NYT</url></buy_link><buy_link><name>Barnes and Noble</name><url>http://www.anrdoezrs.net/click-7990613-11819508?url=http%3A%2F%2Fwww.barnesandnoble.com%2Fw%2F%3Fean%3D9781250020550</url></buy_link><buy_link><name>Amazon</name><url>http://www.amazon.com/The-Naked-Eye-A-Novel/dp/1250020549?tag=NYTBS-20</url></buy_link></buy_links></book><book><rank>19</rank><rank_last_week>0</rank_last_week><weeks_on_list>0</weeks_on_list><asterisk>0</asterisk><dagger>0</dagger><primary_isbn10>1941229654</primary_isbn10><primary_isbn13>9781941229651</primary_isbn13><publisher>JA / AG Publishing</publisher><description></description><price>0</price><title>BAD WOLF</title><author>Jennifer Ashley</author><contributor>by Jennifer Ashley</contributor><contributor_note></contributor_note><book_image>https://s1.nyt.com/du/books/images/9781941229651.jpg</book_image><book_image_width>330</book_image_width><book_image_height>495</book_image_height><amazon_product_url>http://www.amazon.com/Wolf-Shifters-Unbound-Jennifer-Ashley-ebook/dp/B00W6FD30Q?tag=NYTBS-20</amazon_product_url><age_group></age_group><book_review_link></book_review_link><first_chapter_link></first_chapter_link><sunday_review_link></sunday_review_link><article_chapter_link></article_chapter_link><isbns><isbn><isbn10>1941229654</isbn10><isbn13>9781941229651</isbn13></isbn></isbns><buy_links><buy_link><name>Local Booksellers</name><url>http://www.indiebound.org/book/9781941229651?aff=NYT</url></buy_link><buy_link><name>Barnes and Noble</name><url>http://www.anrdoezrs.net/click-7990613-11819508?url=http%3A%2F%2Fwww.barnesandnoble.com%2Fw%2F%3Fean%3D9781941229651</url></buy_link><buy_link><name>Amazon</name><url>http://www.amazon.com/Wolf-Shifters-Unbound-Jennifer-Ashley-ebook/dp/B00W6FD30Q?tag=NYTBS-20</url></buy_link></buy_links></book><book><rank>20</rank><rank_last_week>0</rank_last_week><weeks_on_list>0</weeks_on_list><asterisk>0</asterisk><dagger>0</dagger><primary_isbn10>1501100130</primary_isbn10><primary_isbn13>9781501100130</primary_isbn13><publisher>Scribner</publisher><description>This second novel of the Bill Hodges trilogy involves a dead writer, his obsessed murderer and a coveted manuscript.</description><price>0</price><title>FINDERS KEEPERS</title><author>Stephen King</author><contributor>by Stephen King</contributor><contributor_note></contributor_note><book_image>https://s1.nyt.com/du/books/images/9781501100130.jpg</book_image><book_image_width>326</book_image_width><book_image_height>495</book_image_height><amazon_product_url>http://www.amazon.com/Finders-Keepers-Novel-Stephen-King-ebook/dp/B00P42WROG?tag=NYTBS-20</amazon_product_url><age_group></age_group><book_review_link></book_review_link><first_chapter_link></first_chapter_link><sunday_review_link>https://www.nytimes.com/2015/05/31/books/review/stephen-kings-finders-keepers.html</sunday_review_link><article_chapter_link></article_chapter_link><isbns><isbn><isbn10>1501100076</isbn10><isbn13>9781501100079</isbn13></isbn><isbn><isbn10>1501100130</isbn10><isbn13>9781501100130</isbn13></isbn><isbn><isbn10>1410479501</isbn10><isbn13>9781410479501</isbn13></isbn><isbn><isbn10>1501100122</isbn10><isbn13>9781501100123</isbn13></isbn></isbns><buy_links><buy_link><name>Local Booksellers</name><url>http://www.indiebound.org/book/9781501100130?aff=NYT</url></buy_link><buy_link><name>Barnes and Noble</name><url>http://www.anrdoezrs.net/click-7990613-11819508?url=http%3A%2F%2Fwww.barnesandnoble.com%2Fw%2F%3Fean%3D9781501100130</url></buy_link><buy_link><name>Amazon</name><url>http://www.amazon.com/Finders-Keepers-Novel-Stephen-King-ebook/dp/B00P42WROG?tag=NYTBS-20</url></buy_link></buy_links></book></books><corrections/></results></result_set>
