<?xml version="1.0" encoding="UTF-8"?>
<result_set><status>OK</status><copyright>Copyright (c) 2018 The New York Times Company.  All Rights Reserved.</copyright><num_results>20</num_results><last_modified>2017-03-21T13:38:01-04:00</last_modified><results><list_name>Combined Print and E-Book Fiction</list_name><list_name_encoded>combined-print-and-e-book-fiction</list_name_encoded><bestsellers_date>2016-08-13</bestsellers_date><published_date>2016-08-28</published_date><published_date_description></published_date_description><next_published_date>2016-09-04</next_published_date><previous_published_date>2016-08-21</previous_published_date><display_name><![CDATA[Combined Print & E-Book Fiction]]></display_name><normal_list_ends_at>15</normal_list_ends_at><updated>WEEKLY</updated><books><book><rank>1</rank><rank_last_week>0</rank_last_week><weeks_on_list>1</weeks_on_list><asterisk>0</asterisk><dagger>0</dagger><primary_isbn10>1501150316</primary_isbn10><primary_isbn13>9781501150319</primary_isbn13><publisher>Gallery Books</publisher><description>Two cases — one concerning an attempted poisoning in Washington and another about the hunt for a serial killer in Los Angeles — are the focus of Coulter’s 20th F.B.I. thriller.</description><price>0</price><title>INSIDIOUS</title><author>Catherine Coulter</author><contributor>by Catherine Coulter</contributor><contributor_note></contributor_note><book_image>https://s1.nyt.com/du/books/images/9781501150319.jpg</book_image><book_image_width>328</book_image_width><book_image_height>495</book_image_height><amazon_product_url>http://www.amazon.com/Insidious-FBI-Thriller-Book-20-ebook/dp/B01BT5YB8G?tag=NYTBS-20</amazon_product_url><age_group></age_group><book_review_link></book_review_link><first_chapter_link></first_chapter_link><sunday_review_link></sunday_review_link><article_chapter_link></article_chapter_link><isbns><isbn><isbn10>1501150294</isbn10><isbn13>9781501150296</isbn13></isbn><isbn><isbn10>1501150316</isbn10><isbn13>9781501150319</isbn13></isbn><isbn><isbn10>1410492184</isbn10><isbn13>9781410492180</isbn13></isbn></isbns><buy_links><buy_link><name>Local Booksellers</name><url>http://www.indiebound.org/book/9781501150319?aff=NYT</url></buy_link><buy_link><name>Barnes and Noble</name><url>http://www.anrdoezrs.net/click-7990613-11819508?url=http%3A%2F%2Fwww.barnesandnoble.com%2Fw%2F%3Fean%3D9781501150319</url></buy_link><buy_link><name>Amazon</name><url>http://www.amazon.com/Insidious-FBI-Thriller-Book-20-ebook/dp/B01BT5YB8G?tag=NYTBS-20</url></buy_link></buy_links></book><book><rank>2</rank><rank_last_week>3</rank_last_week><weeks_on_list>77</weeks_on_list><asterisk>0</asterisk><dagger>0</dagger><primary_isbn10>1594634025</primary_isbn10><primary_isbn13>9781594634024</primary_isbn13><publisher>Riverhead</publisher><description>A psychological thriller set in the environs of London is full of complications and betrayals.</description><price>0</price><title>THE GIRL ON THE TRAIN</title><author>Paula Hawkins</author><contributor>by Paula Hawkins</contributor><contributor_note></contributor_note><book_image>https://s1.nyt.com/du/books/images/9781594633669.jpg</book_image><book_image_width>312</book_image_width><book_image_height>495</book_image_height><amazon_product_url>http://www.amazon.com/The-Girl-Train-A-Novel-ebook/dp/B00L9B7IKE?tag=NYTBS-20</amazon_product_url><age_group></age_group><book_review_link>https://www.nytimes.com/2015/01/05/books/the-girl-on-the-train-by-paula-hawkins.html</book_review_link><first_chapter_link></first_chapter_link><sunday_review_link>https://www.nytimes.com/2015/02/01/books/review/the-girl-on-the-train-by-paula-hawkins.html</sunday_review_link><article_chapter_link></article_chapter_link><isbns><isbn><isbn10>1594633665</isbn10><isbn13>9781594633669</isbn13></isbn><isbn><isbn10>0698185390</isbn10><isbn13>9780698185395</isbn13></isbn><isbn><isbn10>1410477762</isbn10><isbn13>9781410477767</isbn13></isbn><isbn><isbn10>0857522329</isbn10><isbn13>9780857522320</isbn13></isbn><isbn><isbn10>1448171687</isbn10><isbn13>9781448171682</isbn13></isbn><isbn><isbn10>1594634122</isbn10><isbn13>9781594634123</isbn13></isbn><isbn><isbn10>038568231X</isbn10><isbn13>9780385682312</isbn13></isbn><isbn><isbn10>1594634025</isbn10><isbn13>9781594634024</isbn13></isbn><isbn><isbn10>0735212155</isbn10><isbn13>9780735212152</isbn13></isbn><isbn><isbn10>0735212163</isbn10><isbn13>9780735212169</isbn13></isbn><isbn><isbn10>1432834355</isbn10><isbn13>9781432834357</isbn13></isbn></isbns><buy_links><buy_link><name>Local Booksellers</name><url>http://www.indiebound.org/book/9781594634024?aff=NYT</url></buy_link><buy_link><name>Barnes and Noble</name><url>http://www.anrdoezrs.net/click-7990613-11819508?url=http%3A%2F%2Fwww.barnesandnoble.com%2Fw%2F%3Fean%3D9781594634024</url></buy_link><buy_link><name>Amazon</name><url>http://www.amazon.com/The-Girl-Train-A-Novel-ebook/dp/B00L9B7IKE?tag=NYTBS-20</url></buy_link></buy_links></book><book><rank>3</rank><rank_last_week>6</rank_last_week><weeks_on_list>2</weeks_on_list><asterisk>0</asterisk><dagger>0</dagger><primary_isbn10>0385542364</primary_isbn10><primary_isbn13>9780385542364</primary_isbn13><publisher>Doubleday</publisher><description>A teenage girl heads north on the network that helped slaves escape to freedom, envisioned in this novel as a secret system of actual tracks and tunnels.</description><price>0</price><title>THE UNDERGROUND RAILROAD</title><author>Colson Whitehead</author><contributor>by Colson Whitehead</contributor><contributor_note></contributor_note><book_image>https://s1.nyt.com/du/books/images/9780385542364.jpg</book_image><book_image_width>326</book_image_width><book_image_height>495</book_image_height><amazon_product_url>http://www.amazon.com/Underground-Railroad-Oprahs-Book-Club/dp/0385542364?tag=NYTBS-20</amazon_product_url><age_group></age_group><book_review_link>https://www.nytimes.com/2016/08/14/books/review/colson-whitehead-underground-railroad.html</book_review_link><first_chapter_link></first_chapter_link><sunday_review_link></sunday_review_link><article_chapter_link></article_chapter_link><isbns><isbn><isbn10>0385542364</isbn10><isbn13>9780385542364</isbn13></isbn><isbn><isbn10>0385537042</isbn10><isbn13>9780385537049</isbn13></isbn><isbn><isbn10>0385537034</isbn10><isbn13>9780385537032</isbn13></isbn><isbn><isbn10>0345804325</isbn10><isbn13>9780345804327</isbn13></isbn></isbns><buy_links><buy_link><name>Local Booksellers</name><url>http://www.indiebound.org/book/9780385542364?aff=NYT</url></buy_link><buy_link><name>Barnes and Noble</name><url>http://www.anrdoezrs.net/click-7990613-11819508?url=http%3A%2F%2Fwww.barnesandnoble.com%2Fw%2F%3Fean%3D9780385542364</url></buy_link><buy_link><name>Amazon</name><url>http://www.amazon.com/Underground-Railroad-Oprahs-Book-Club/dp/0385542364?tag=NYTBS-20</url></buy_link></buy_links></book><book><rank>4</rank><rank_last_week>4</rank_last_week><weeks_on_list>3</weeks_on_list><asterisk>0</asterisk><dagger>0</dagger><primary_isbn10>1250069815</primary_isbn10><primary_isbn13>9781250069818</primary_isbn13><publisher>Flatiron</publisher><description>Tense turning points for three couples at a backyard barbecue gone wrong.</description><price>0</price><title>TRULY MADLY GUILTY</title><author>Liane Moriarty</author><contributor>by Liane Moriarty</contributor><contributor_note></contributor_note><book_image>https://s1.nyt.com/du/books/images/9781250069818.jpg</book_image><book_image_width>326</book_image_width><book_image_height>495</book_image_height><amazon_product_url>http://www.amazon.com/Truly-Madly-Guilty-Liane-Moriarty-ebook/dp/B015MR0UJG?tag=NYTBS-20</amazon_product_url><age_group></age_group><book_review_link></book_review_link><first_chapter_link></first_chapter_link><sunday_review_link></sunday_review_link><article_chapter_link></article_chapter_link><isbns><isbn><isbn10>1250069793</isbn10><isbn13>9781250069795</isbn13></isbn><isbn><isbn10>1250069815</isbn10><isbn13>9781250069818</isbn13></isbn><isbn><isbn10>1250069807</isbn10><isbn13>9781250069801</isbn13></isbn></isbns><buy_links><buy_link><name>Local Booksellers</name><url>http://www.indiebound.org/book/9781250069818?aff=NYT</url></buy_link><buy_link><name>Barnes and Noble</name><url>http://www.anrdoezrs.net/click-7990613-11819508?url=http%3A%2F%2Fwww.barnesandnoble.com%2Fw%2F%3Fean%3D9781250069818</url></buy_link><buy_link><name>Amazon</name><url>http://www.amazon.com/Truly-Madly-Guilty-Liane-Moriarty-ebook/dp/B015MR0UJG?tag=NYTBS-20</url></buy_link></buy_links></book><book><rank>5</rank><rank_last_week>1</rank_last_week><weeks_on_list>2</weeks_on_list><asterisk>0</asterisk><dagger>0</dagger><primary_isbn10>0316284556</primary_isbn10><primary_isbn13>9780316284554</primary_isbn13><publisher>Little, Brown</publisher><description>While the president of the United States is in New York to meet with his Russian counterpart, Detective Michael Bennett must stop a team of assassins prowling the Upper West Side.</description><price>0</price><title>BULLSEYE</title><author>James Patterson and Michael Ledwidge</author><contributor>by James Patterson and Michael Ledwidge</contributor><contributor_note></contributor_note><book_image>https://s1.nyt.com/du/books/images/9780316407083.jpg</book_image><book_image_width>319</book_image_width><book_image_height>495</book_image_height><amazon_product_url>http://www.amazon.com/Bullseye-Michael-Bennett-James-Patterson/dp/0316407089?tag=NYTBS-20</amazon_product_url><age_group></age_group><book_review_link></book_review_link><first_chapter_link></first_chapter_link><sunday_review_link></sunday_review_link><article_chapter_link></article_chapter_link><isbns><isbn><isbn10>0316407089</isbn10><isbn13>9780316407083</isbn13></isbn><isbn><isbn10>0316284556</isbn10><isbn13>9780316284554</isbn13></isbn><isbn><isbn10>0316407194</isbn10><isbn13>9780316407199</isbn13></isbn><isbn><isbn10>1455585300</isbn10><isbn13>9781455585304</isbn13></isbn></isbns><buy_links><buy_link><name>Local Booksellers</name><url>http://www.indiebound.org/book/9780316284554?aff=NYT</url></buy_link><buy_link><name>Barnes and Noble</name><url>http://www.anrdoezrs.net/click-7990613-11819508?url=http%3A%2F%2Fwww.barnesandnoble.com%2Fw%2F%3Fean%3D9780316284554</url></buy_link><buy_link><name>Amazon</name><url>http://www.amazon.com/Bullseye-Michael-Bennett-James-Patterson/dp/0316407089?tag=NYTBS-20</url></buy_link></buy_links></book><book><rank>6</rank><rank_last_week>0</rank_last_week><weeks_on_list>1</weeks_on_list><asterisk>0</asterisk><dagger>0</dagger><primary_isbn10>1476758751</primary_isbn10><primary_isbn13>9781476758756</primary_isbn13><publisher>Touchstone</publisher><description>Henry VIII's two sisters and Katherine of Aragon find themselves pitted against one another.</description><price>0</price><title>THREE SISTERS, THREE QUEENS</title><author>Philippa Gregory</author><contributor>by Philippa Gregory</contributor><contributor_note></contributor_note><book_image>https://s1.nyt.com/du/books/images/9781476758756.jpg</book_image><book_image_width>330</book_image_width><book_image_height>491</book_image_height><amazon_product_url>http://www.amazon.com/Three-Sisters-Queens-Philippa-Gregory-ebook/dp/B01AGOWBAQ?tag=NYTBS-20</amazon_product_url><age_group></age_group><book_review_link></book_review_link><first_chapter_link></first_chapter_link><sunday_review_link></sunday_review_link><article_chapter_link></article_chapter_link><isbns><isbn><isbn10>1476758573</isbn10><isbn13>9781476758572</isbn13></isbn><isbn><isbn10>1476758751</isbn10><isbn13>9781476758756</isbn13></isbn></isbns><buy_links><buy_link><name>Local Booksellers</name><url>http://www.indiebound.org/book/9781476758756?aff=NYT</url></buy_link><buy_link><name>Barnes and Noble</name><url>http://www.anrdoezrs.net/click-7990613-11819508?url=http%3A%2F%2Fwww.barnesandnoble.com%2Fw%2F%3Fean%3D9781476758756</url></buy_link><buy_link><name>Amazon</name><url>http://www.amazon.com/Three-Sisters-Queens-Philippa-Gregory-ebook/dp/B01AGOWBAQ?tag=NYTBS-20</url></buy_link></buy_links></book><book><rank>7</rank><rank_last_week>0</rank_last_week><weeks_on_list>20</weeks_on_list><asterisk>0</asterisk><dagger>0</dagger><primary_isbn10>0440335167</primary_isbn10><primary_isbn13>9780440335160</primary_isbn13><publisher>Dell</publisher><description>An English nurse, is transported back to 1743 during a second honeymoon in the Scottish Highlands.</description><price>0</price><title>OUTLANDER</title><author>Diana Gabaldon</author><contributor>by Diana Gabaldon</contributor><contributor_note></contributor_note><book_image>https://s1.nyt.com/du/books/images/9780440212560.jpg</book_image><book_image_width>301</book_image_width><book_image_height>495</book_image_height><amazon_product_url>http://www.amazon.com/Outlander-Diana-Gabaldon/dp/0440212561?tag=NYTBS-20</amazon_product_url><age_group></age_group><book_review_link></book_review_link><first_chapter_link></first_chapter_link><sunday_review_link></sunday_review_link><article_chapter_link></article_chapter_link><isbns><isbn><isbn10>0440335167</isbn10><isbn13>9780440335160</isbn13></isbn><isbn><isbn10>0440212561</isbn10><isbn13>9780440212560</isbn13></isbn><isbn><isbn10>0385319959</isbn10><isbn13>9780385319959</isbn13></isbn><isbn><isbn10>0553393693</isbn10><isbn13>9780553393699</isbn13></isbn><isbn><isbn10>0553393707</isbn10><isbn13>9780553393705</isbn13></isbn><isbn><isbn10>0440423201</isbn10><isbn13>9780440423201</isbn13></isbn><isbn><isbn10>0385302304</isbn10><isbn13>9780385302302</isbn13></isbn></isbns><buy_links><buy_link><name>Local Booksellers</name><url>http://www.indiebound.org/book/9780440335160?aff=NYT</url></buy_link><buy_link><name>Barnes and Noble</name><url>http://www.anrdoezrs.net/click-7990613-11819508?url=http%3A%2F%2Fwww.barnesandnoble.com%2Fw%2F%3Fean%3D9780440335160</url></buy_link><buy_link><name>Amazon</name><url>http://www.amazon.com/Outlander-Diana-Gabaldon/dp/0440212561?tag=NYTBS-20</url></buy_link></buy_links></book><book><rank>8</rank><rank_last_week>8</rank_last_week><weeks_on_list>17</weeks_on_list><asterisk>0</asterisk><dagger>0</dagger><primary_isbn10>0553393480</primary_isbn10><primary_isbn13>9780553393484</primary_isbn13><publisher>Doubleday</publisher><description>The attorney Sebastian Rudd is a “lone gunman” who hates injustice and the system and defends unpopular clients.</description><price>0</price><title>ROGUE LAWYER</title><author>John Grisham</author><contributor>by John Grisham</contributor><contributor_note></contributor_note><book_image>https://s1.nyt.com/du/books/images/9780385539449.jpg</book_image><book_image_width>326</book_image_width><book_image_height>495</book_image_height><amazon_product_url>http://www.amazon.com/Rogue-Lawyer-John-Grisham-ebook/dp/B00UEKRTW8?tag=NYTBS-20</amazon_product_url><age_group></age_group><book_review_link></book_review_link><first_chapter_link></first_chapter_link><sunday_review_link></sunday_review_link><article_chapter_link></article_chapter_link><isbns><isbn><isbn10>0385539436</isbn10><isbn13>9780385539432</isbn13></isbn><isbn><isbn10>0385539444</isbn10><isbn13>9780385539449</isbn13></isbn><isbn><isbn10>0385539452</isbn10><isbn13>9780385539456</isbn13></isbn><isbn><isbn10>1101967668</isbn10><isbn13>9781101967669</isbn13></isbn><isbn><isbn10>0553393480</isbn10><isbn13>9780553393484</isbn13></isbn></isbns><buy_links><buy_link><name>Local Booksellers</name><url>http://www.indiebound.org/book/9780553393484?aff=NYT</url></buy_link><buy_link><name>Barnes and Noble</name><url>http://www.anrdoezrs.net/click-7990613-11819508?url=http%3A%2F%2Fwww.barnesandnoble.com%2Fw%2F%3Fean%3D9780553393484</url></buy_link><buy_link><name>Amazon</name><url>http://www.amazon.com/Rogue-Lawyer-John-Grisham-ebook/dp/B00UEKRTW8?tag=NYTBS-20</url></buy_link></buy_links></book><book><rank>9</rank><rank_last_week>0</rank_last_week><weeks_on_list>1</weeks_on_list><asterisk>0</asterisk><dagger>0</dagger><primary_isbn10>0062499041</primary_isbn10><primary_isbn13>9780062499042</primary_isbn13><publisher>Witness Impulse</publisher><description>An investigator offers help to Sheriff Joanna Brady when her mother and stepfather's R.V. is run off the road.</description><price>0</price><title>RANDOM ACTS</title><author>J A Jance</author><contributor>by J. A. Jance</contributor><contributor_note></contributor_note><book_image>https://s1.nyt.com/du/books/images/9780062499042.jpg</book_image><book_image_width>306</book_image_width><book_image_height>495</book_image_height><amazon_product_url>http://www.amazon.com/Random-Acts-Joanna-Reynolds-Novella-ebook/dp/B019MMUAXS?tag=NYTBS-20</amazon_product_url><age_group></age_group><book_review_link></book_review_link><first_chapter_link></first_chapter_link><sunday_review_link></sunday_review_link><article_chapter_link></article_chapter_link><isbns><isbn><isbn10>0062499041</isbn10><isbn13>9780062499042</isbn13></isbn><isbn><isbn10>006249905X</isbn10><isbn13>9780062499059</isbn13></isbn></isbns><buy_links><buy_link><name>Local Booksellers</name><url>http://www.indiebound.org/book/9780062499042?aff=NYT</url></buy_link><buy_link><name>Barnes and Noble</name><url>http://www.anrdoezrs.net/click-7990613-11819508?url=http%3A%2F%2Fwww.barnesandnoble.com%2Fw%2F%3Fean%3D9780062499042</url></buy_link><buy_link><name>Amazon</name><url>http://www.amazon.com/Random-Acts-Joanna-Reynolds-Novella-ebook/dp/B019MMUAXS?tag=NYTBS-20</url></buy_link></buy_links></book><book><rank>10</rank><rank_last_week>0</rank_last_week><weeks_on_list>12</weeks_on_list><asterisk>0</asterisk><dagger>0</dagger><primary_isbn10>1476738025</primary_isbn10><primary_isbn13>9781476738024</primary_isbn13><publisher>Washington Square</publisher><description>A curmudgeon's gruff exterior masks a generosity of spirit. Originally published in Sweden in 2014.</description><price>0</price><title>A MAN CALLED OVE</title><author>Fredrik Backman</author><contributor>by Fredrik Backman</contributor><contributor_note></contributor_note><book_image>https://s1.nyt.com/du/books/images/9781476738024.jpg</book_image><book_image_width>318</book_image_width><book_image_height>495</book_image_height><amazon_product_url>http://www.amazon.com/Man-Called-Ove-Novel/dp/1476738025?tag=NYTBS-20</amazon_product_url><age_group></age_group><book_review_link></book_review_link><first_chapter_link></first_chapter_link><sunday_review_link></sunday_review_link><article_chapter_link></article_chapter_link><isbns><isbn><isbn10>1476738025</isbn10><isbn13>9781476738024</isbn13></isbn><isbn><isbn10>1476738017</isbn10><isbn13>9781476738017</isbn13></isbn><isbn><isbn10>1594139830</isbn10><isbn13>9781594139833</isbn13></isbn><isbn><isbn10>1410472922</isbn10><isbn13>9781410472922</isbn13></isbn></isbns><buy_links><buy_link><name>Local Booksellers</name><url>http://www.indiebound.org/book/9781476738024?aff=NYT</url></buy_link><buy_link><name>Barnes and Noble</name><url>http://www.anrdoezrs.net/click-7990613-11819508?url=http%3A%2F%2Fwww.barnesandnoble.com%2Fw%2F%3Fean%3D9781476738024</url></buy_link><buy_link><name>Amazon</name><url>http://www.amazon.com/Man-Called-Ove-Novel/dp/1476738025?tag=NYTBS-20</url></buy_link></buy_links></book><book><rank>11</rank><rank_last_week>0</rank_last_week><weeks_on_list>1</weeks_on_list><asterisk>0</asterisk><dagger>0</dagger><primary_isbn10>0062434780</primary_isbn10><primary_isbn13>9780062434784</primary_isbn13><publisher>Morrow/HarperCollins</publisher><description>In this second installment in the Fusion series, a childhood crush becomes adult infatuation for a fighter pilot and a restaurateur.</description><price>0</price><title>CLOSE TO YOU</title><author>Kristen Pro</author><contributor>by Kristen Proby</contributor><contributor_note></contributor_note><book_image>https://s1.nyt.com/du/books/images/9780062434784.jpg</book_image><book_image_width>329</book_image_width><book_image_height>495</book_image_height><amazon_product_url>http://www.amazon.com/Close-You-Fusion-Kristen-Proby-ebook/dp/B01825C55M?tag=NYTBS-20</amazon_product_url><age_group></age_group><book_review_link></book_review_link><first_chapter_link></first_chapter_link><sunday_review_link></sunday_review_link><article_chapter_link></article_chapter_link><isbns><isbn><isbn10>0062434780</isbn10><isbn13>9780062434784</isbn13></isbn></isbns><buy_links><buy_link><name>Local Booksellers</name><url>http://www.indiebound.org/book/9780062434784?aff=NYT</url></buy_link><buy_link><name>Barnes and Noble</name><url>http://www.anrdoezrs.net/click-7990613-11819508?url=http%3A%2F%2Fwww.barnesandnoble.com%2Fw%2F%3Fean%3D9780062434784</url></buy_link><buy_link><name>Amazon</name><url>http://www.amazon.com/Close-You-Fusion-Kristen-Proby-ebook/dp/B01825C55M?tag=NYTBS-20</url></buy_link></buy_links></book><book><rank>12</rank><rank_last_week>14</rank_last_week><weeks_on_list>16</weeks_on_list><asterisk>0</asterisk><dagger>0</dagger><primary_isbn10>0143108867</primary_isbn10><primary_isbn13>9780143108863</primary_isbn13><publisher>Pamela Dorman/Viking</publisher><description>After the death of Will Traynor, Louisa Clark joins a grief support group that may lead her to new love.</description><price>0</price><title>AFTER YOU</title><author>Jojo Moyes</author><contributor>by Jojo Moyes</contributor><contributor_note></contributor_note><book_image>https://s1.nyt.com/du/books/images/9780698152045.jpg</book_image><book_image_width>328</book_image_width><book_image_height>495</book_image_height><amazon_product_url>http://www.amazon.com/After-You-Novel-Jojo-Moyes/dp/0525426590?tag=NYTBS-20</amazon_product_url><age_group></age_group><book_review_link></book_review_link><first_chapter_link></first_chapter_link><sunday_review_link></sunday_review_link><article_chapter_link></article_chapter_link><isbns><isbn><isbn10>0525426590</isbn10><isbn13>9780525426592</isbn13></isbn><isbn><isbn10>0698152042</isbn10><isbn13>9780698152045</isbn13></isbn><isbn><isbn10>0143108867</isbn10><isbn13>9780143108863</isbn13></isbn><isbn><isbn10>1432834223</isbn10><isbn13>9781432834227</isbn13></isbn><isbn><isbn10>0143131397</isbn10><isbn13>9780143131397</isbn13></isbn></isbns><buy_links><buy_link><name>Local Booksellers</name><url>http://www.indiebound.org/book/9780143108863?aff=NYT</url></buy_link><buy_link><name>Barnes and Noble</name><url>http://www.anrdoezrs.net/click-7990613-11819508?url=http%3A%2F%2Fwww.barnesandnoble.com%2Fw%2F%3Fean%3D9780143108863</url></buy_link><buy_link><name>Amazon</name><url>http://www.amazon.com/After-You-Novel-Jojo-Moyes/dp/0525426590?tag=NYTBS-20</url></buy_link></buy_links></book><book><rank>13</rank><rank_last_week>0</rank_last_week><weeks_on_list>2</weeks_on_list><asterisk>0</asterisk><dagger>0</dagger><primary_isbn10>1501132946</primary_isbn10><primary_isbn13>9781501132940</primary_isbn13><publisher>Scout</publisher><description>A travel writer on a cruise is certain she has heard a body thrown overboard, but no one believes her.</description><price>0</price><title>THE WOMAN IN CABIN 10</title><author>Ruth Ware</author><contributor>by Ruth Ware</contributor><contributor_note></contributor_note><book_image>https://s1.nyt.com/du/books/images/9781501132940.jpg</book_image><book_image_width>330</book_image_width><book_image_height>495</book_image_height><amazon_product_url>http://www.amazon.com/Woman-Cabin-10-Ruth-Ware-ebook/dp/B019DKO5BM?tag=NYTBS-20</amazon_product_url><age_group></age_group><book_review_link></book_review_link><first_chapter_link></first_chapter_link><sunday_review_link></sunday_review_link><article_chapter_link></article_chapter_link><isbns><isbn><isbn10>1501132938</isbn10><isbn13>9781501132933</isbn13></isbn><isbn><isbn10>1501132946</isbn10><isbn13>9781501132940</isbn13></isbn><isbn><isbn10>1501132954</isbn10><isbn13>9781501132957</isbn13></isbn><isbn><isbn10>1501151797</isbn10><isbn13>9781501151798</isbn13></isbn><isbn><isbn10>1432839934</isbn10><isbn13>9781432839932</isbn13></isbn></isbns><buy_links><buy_link><name>Local Booksellers</name><url>http://www.indiebound.org/book/9781501132940?aff=NYT</url></buy_link><buy_link><name>Barnes and Noble</name><url>http://www.anrdoezrs.net/click-7990613-11819508?url=http%3A%2F%2Fwww.barnesandnoble.com%2Fw%2F%3Fean%3D9781501132940</url></buy_link><buy_link><name>Amazon</name><url>http://www.amazon.com/Woman-Cabin-10-Ruth-Ware-ebook/dp/B019DKO5BM?tag=NYTBS-20</url></buy_link></buy_links></book><book><rank>14</rank><rank_last_week>11</rank_last_week><weeks_on_list>5</weeks_on_list><asterisk>0</asterisk><dagger>0</dagger><primary_isbn10>0062320246</primary_isbn10><primary_isbn13>9780062320247</primary_isbn13><publisher>Harper</publisher><description>Gabriel Allon, the Israeli art restorer and spy, trains a doctor from Jerusalem to help capture a secret ISIS terrorist in France.</description><price>0</price><title>THE BLACK WIDOW</title><author>Daniel Silva</author><contributor>by Daniel Silva</contributor><contributor_note></contributor_note><book_image>https://s1.nyt.com/du/books/images/9780062320247.jpg</book_image><book_image_width>328</book_image_width><book_image_height>495</book_image_height><amazon_product_url>http://www.amazon.com/Black-Widow-Gabriel-Allon-Book-ebook/dp/B016UE6KTO?tag=NYTBS-20</amazon_product_url><age_group></age_group><book_review_link></book_review_link><first_chapter_link></first_chapter_link><sunday_review_link></sunday_review_link><article_chapter_link></article_chapter_link><isbns><isbn><isbn10>006232022X</isbn10><isbn13>9780062320223</isbn13></isbn><isbn><isbn10>0062320246</isbn10><isbn13>9780062320247</isbn13></isbn></isbns><buy_links><buy_link><name>Local Booksellers</name><url>http://www.indiebound.org/book/9780062320247?aff=NYT</url></buy_link><buy_link><name>Barnes and Noble</name><url>http://www.anrdoezrs.net/click-7990613-11819508?url=http%3A%2F%2Fwww.barnesandnoble.com%2Fw%2F%3Fean%3D9780062320247</url></buy_link><buy_link><name>Amazon</name><url>http://www.amazon.com/Black-Widow-Gabriel-Allon-Book-ebook/dp/B016UE6KTO?tag=NYTBS-20</url></buy_link></buy_links></book><book><rank>15</rank><rank_last_week>13</rank_last_week><weeks_on_list>28</weeks_on_list><asterisk>0</asterisk><dagger>0</dagger><primary_isbn10>0143130153</primary_isbn10><primary_isbn13>9780143130154</primary_isbn13><publisher>Penguin</publisher><description>A woman who has barely been beyond her English village finds herself while caring for a wealthy, embittered quadriplegic.</description><price>0</price><title>ME BEFORE YOU</title><author>Jojo Moyes</author><contributor>by Jojo Moyes</contributor><contributor_note></contributor_note><book_image>https://s1.nyt.com/du/books/images/9780143124542.jpg</book_image><book_image_width>323</book_image_width><book_image_height>495</book_image_height><amazon_product_url>http://www.amazon.com/Me-Before-You-A-Novel/dp/0143124544?tag=NYTBS-20</amazon_product_url><age_group></age_group><book_review_link></book_review_link><first_chapter_link></first_chapter_link><sunday_review_link>https://www.nytimes.com/2013/01/06/books/review/me-before-you-by-jojo-moyes.html</sunday_review_link><article_chapter_link></article_chapter_link><isbns><isbn><isbn10>0670026603</isbn10><isbn13>9780670026609</isbn13></isbn><isbn><isbn10>0143124544</isbn10><isbn13>9780143124542</isbn13></isbn><isbn><isbn10>1594137390</isbn10><isbn13>9781594137396</isbn13></isbn><isbn><isbn10>0143109464</isbn10><isbn13>9780143109464</isbn13></isbn><isbn><isbn10>0143130153</isbn10><isbn13>9780143130154</isbn13></isbn></isbns><buy_links><buy_link><name>Local Booksellers</name><url>http://www.indiebound.org/book/9780143130154?aff=NYT</url></buy_link><buy_link><name>Barnes and Noble</name><url>http://www.anrdoezrs.net/click-7990613-11819508?url=http%3A%2F%2Fwww.barnesandnoble.com%2Fw%2F%3Fean%3D9780143130154</url></buy_link><buy_link><name>Amazon</name><url>http://www.amazon.com/Me-Before-You-A-Novel/dp/0143124544?tag=NYTBS-20</url></buy_link></buy_links></book><book><rank>16</rank><rank_last_week>0</rank_last_week><weeks_on_list>0</weeks_on_list><asterisk>0</asterisk><dagger>0</dagger><primary_isbn10>1455520624</primary_isbn10><primary_isbn13>9781455520626</primary_isbn13><publisher>Grand Central</publisher><description>A couple in love are threatened by secrets from the past.</description><price>0</price><title>SEE ME</title><author>Nicholas Sparks</author><contributor>by Nicholas Sparks</contributor><contributor_note></contributor_note><book_image>https://s1.nyt.com/du/books/images/9781455520619.jpg</book_image><book_image_width>328</book_image_width><book_image_height>495</book_image_height><amazon_product_url>http://www.amazon.com/See-Me-Nicholas-Sparks/dp/1455520616?tag=NYTBS-20</amazon_product_url><age_group></age_group><book_review_link></book_review_link><first_chapter_link></first_chapter_link><sunday_review_link></sunday_review_link><article_chapter_link></article_chapter_link><isbns><isbn><isbn10>1455520616</isbn10><isbn13>9781455520619</isbn13></isbn><isbn><isbn10>1455530069</isbn10><isbn13>9781455530069</isbn13></isbn><isbn><isbn10>1455520594</isbn10><isbn13>9781455520596</isbn13></isbn><isbn><isbn10>1455520624</isbn10><isbn13>9781455520626</isbn13></isbn><isbn><isbn10>1455520608</isbn10><isbn13>9781455520602</isbn13></isbn></isbns><buy_links><buy_link><name>Local Booksellers</name><url>http://www.indiebound.org/book/9781455520626?aff=NYT</url></buy_link><buy_link><name>Barnes and Noble</name><url>http://www.anrdoezrs.net/click-7990613-11819508?url=http%3A%2F%2Fwww.barnesandnoble.com%2Fw%2F%3Fean%3D9781455520626</url></buy_link><buy_link><name>Amazon</name><url>http://www.amazon.com/See-Me-Nicholas-Sparks/dp/1455520616?tag=NYTBS-20</url></buy_link></buy_links></book><book><rank>17</rank><rank_last_week>0</rank_last_week><weeks_on_list>0</weeks_on_list><asterisk>0</asterisk><dagger>0</dagger><primary_isbn10>0553391836</primary_isbn10><primary_isbn13>9780553391831</primary_isbn13><publisher>Random House</publisher><description>The journeys of the characters at the Rose Harbor Inn come to a close in this last book of the series.</description><price>0</price><title>SWEET TOMORROWS</title><author>Debbie Macomber</author><contributor>by Debbie Macomber</contributor><contributor_note></contributor_note><book_image>https://s1.nyt.com/du/books/images/9780553391848.jpg</book_image><book_image_width>326</book_image_width><book_image_height>495</book_image_height><amazon_product_url>http://www.amazon.com/Sweet-Tomorrows-Rose-Harbor-Novel-ebook/dp/B017QLRN1Y?tag=NYTBS-20</amazon_product_url><age_group></age_group><book_review_link></book_review_link><first_chapter_link></first_chapter_link><sunday_review_link></sunday_review_link><article_chapter_link></article_chapter_link><isbns><isbn><isbn10>0553391836</isbn10><isbn13>9780553391831</isbn13></isbn><isbn><isbn10>0553391844</isbn10><isbn13>9780553391848</isbn13></isbn><isbn><isbn10>0553391860</isbn10><isbn13>9780553391862</isbn13></isbn></isbns><buy_links><buy_link><name>Local Booksellers</name><url>http://www.indiebound.org/book/9780553391831?aff=NYT</url></buy_link><buy_link><name>Barnes and Noble</name><url>http://www.anrdoezrs.net/click-7990613-11819508?url=http%3A%2F%2Fwww.barnesandnoble.com%2Fw%2F%3Fean%3D9780553391831</url></buy_link><buy_link><name>Amazon</name><url>http://www.amazon.com/Sweet-Tomorrows-Rose-Harbor-Novel-ebook/dp/B017QLRN1Y?tag=NYTBS-20</url></buy_link></buy_links></book><book><rank>18</rank><rank_last_week>0</rank_last_week><weeks_on_list>0</weeks_on_list><asterisk>0</asterisk><dagger>0</dagger><primary_isbn10>0062425471</primary_isbn10><primary_isbn13>9780062425478</primary_isbn13><publisher>Morrow</publisher><description>After a personal tragedy, a TV producer heads to her hometown and the now-threatened family farm.</description><price>0</price><title>FAMILY TREE</title><author>Susan Wiggs</author><contributor>by Susan Wiggs</contributor><contributor_note></contributor_note><book_image>https://s1.nyt.com/du/books/images/9780062425478.jpg</book_image><book_image_width>330</book_image_width><book_image_height>495</book_image_height><amazon_product_url>http://www.amazon.com/Family-Tree-Novel-Susan-Wiggs-ebook/dp/B01825C50W?tag=NYTBS-20</amazon_product_url><age_group></age_group><book_review_link></book_review_link><first_chapter_link></first_chapter_link><sunday_review_link></sunday_review_link><article_chapter_link></article_chapter_link><isbns><isbn><isbn10>0062425439</isbn10><isbn13>9780062425430</isbn13></isbn><isbn><isbn10>0062425471</isbn10><isbn13>9780062425478</isbn13></isbn></isbns><buy_links><buy_link><name>Local Booksellers</name><url>http://www.indiebound.org/book/9780062425478?aff=NYT</url></buy_link><buy_link><name>Barnes and Noble</name><url>http://www.anrdoezrs.net/click-7990613-11819508?url=http%3A%2F%2Fwww.barnesandnoble.com%2Fw%2F%3Fean%3D9780062425478</url></buy_link><buy_link><name>Amazon</name><url>http://www.amazon.com/Family-Tree-Novel-Susan-Wiggs-ebook/dp/B01825C50W?tag=NYTBS-20</url></buy_link></buy_links></book><book><rank>19</rank><rank_last_week>0</rank_last_week><weeks_on_list>0</weeks_on_list><asterisk>0</asterisk><dagger>0</dagger><primary_isbn10>None</primary_isbn10><primary_isbn13>9781101988978</primary_isbn13><publisher>Berkley</publisher><description>A biker is torn between loyalty to his motorcycle club and the woman he feels unworthy of.</description><price>0</price><title>REAPER'S FIRE</title><author>Joanna Wylde</author><contributor>by Joanna Wylde</contributor><contributor_note></contributor_note><book_image>https://s1.nyt.com/du/books/images/9781101988978.jpg</book_image><book_image_width>330</book_image_width><book_image_height>495</book_image_height><amazon_product_url>http://www.amazon.com/Reapers-Fire-Motorcycle-Club/dp/1101988967?tag=NYTBS-20</amazon_product_url><age_group></age_group><book_review_link></book_review_link><first_chapter_link></first_chapter_link><sunday_review_link></sunday_review_link><article_chapter_link></article_chapter_link><isbns><isbn><isbn10>1101988967</isbn10><isbn13>9781101988961</isbn13></isbn></isbns><buy_links><buy_link><name>Local Booksellers</name><url>http://www.indiebound.org/book/9781101988978?aff=NYT</url></buy_link><buy_link><name>Barnes and Noble</name><url>http://www.anrdoezrs.net/click-7990613-11819508?url=http%3A%2F%2Fwww.barnesandnoble.com%2Fw%2F%3Fean%3D9781101988978</url></buy_link><buy_link><name>Amazon</name><url>http://www.amazon.com/Reapers-Fire-Motorcycle-Club/dp/1101988967?tag=NYTBS-20</url></buy_link></buy_links></book><book><rank>20</rank><rank_last_week>0</rank_last_week><weeks_on_list>0</weeks_on_list><asterisk>0</asterisk><dagger>0</dagger><primary_isbn10>1501110373</primary_isbn10><primary_isbn13>9781501110375</primary_isbn13><publisher>Atria</publisher><description>A battered wife raised in a violent home attempts to halt the cycle of abuse.</description><price>0</price><title>IT ENDS WITH US</title><author>Colleen Hoover</author><contributor>by Colleen Hoover</contributor><contributor_note></contributor_note><book_image>https://s1.nyt.com/du/books/images/9781501110375.jpg</book_image><book_image_width>319</book_image_width><book_image_height>495</book_image_height><amazon_product_url>http://www.amazon.com/Ends-Us-Novel-Colleen-Hoover-ebook/dp/B0176M3U10?tag=NYTBS-20</amazon_product_url><age_group></age_group><book_review_link></book_review_link><first_chapter_link></first_chapter_link><sunday_review_link></sunday_review_link><article_chapter_link></article_chapter_link><isbns><isbn><isbn10>1501110365</isbn10><isbn13>9781501110368</isbn13></isbn><isbn><isbn10>1501110373</isbn10><isbn13>9781501110375</isbn13></isbn></isbns><buy_links><buy_link><name>Local Booksellers</name><url>http://www.indiebound.org/book/9781501110375?aff=NYT</url></buy_link><buy_link><name>Barnes and Noble</name><url>http://www.anrdoezrs.net/click-7990613-11819508?url=http%3A%2F%2Fwww.barnesandnoble.com%2Fw%2F%3Fean%3D9781501110375</url></buy_link><buy_link><name>Amazon</name><url>http://www.amazon.com/Ends-Us-Novel-Colleen-Hoover-ebook/dp/B0176M3U10?tag=NYTBS-20</url></buy_link></buy_links></book></books><corrections/></results></result_set>
