<?xml version="1.0" encoding="UTF-8"?>
<result_set><status>OK</status><copyright>Copyright (c) 2018 The New York Times Company.  All Rights Reserved.</copyright><num_results>25</num_results><last_modified>2017-03-21T13:38:01-04:00</last_modified><results><list_name>Combined Print and E-Book Fiction</list_name><list_name_encoded>combined-print-and-e-book-fiction</list_name_encoded><bestsellers_date>2013-10-26</bestsellers_date><published_date>2013-11-10</published_date><published_date_description></published_date_description><next_published_date>2013-11-17</next_published_date><previous_published_date>2013-11-03</previous_published_date><display_name><![CDATA[Combined Print & E-Book Fiction]]></display_name><normal_list_ends_at>15</normal_list_ends_at><updated>WEEKLY</updated><books><book><rank>1</rank><rank_last_week>0</rank_last_week><weeks_on_list>1</weeks_on_list><asterisk>0</asterisk><dagger>0</dagger><primary_isbn10>0385537921</primary_isbn10><primary_isbn13>9780385537926</primary_isbn13><publisher>Doubleday</publisher><description> A sequel, about race and inheritance, to “A Time to Kill.”</description><price>0</price><title>SYCAMORE ROW</title><author>John Grisham</author><contributor>by John Grisham</contributor><contributor_note></contributor_note><book_image>https://s1.nyt.com/du/books/images/9780385537926.jpg</book_image><book_image_width>326</book_image_width><book_image_height>495</book_image_height><amazon_product_url>http://www.amazon.com/Sycamore-Jake-Brigance-John-Grisham/dp/0385537131?tag=NYTBS-20</amazon_product_url><age_group></age_group><book_review_link>https://www.nytimes.com/2013/10/31/books/sycamore-row-by-john-grisham.html</book_review_link><first_chapter_link></first_chapter_link><sunday_review_link>https://www.nytimes.com/2013/11/10/books/review/sycamore-row-by-john-grisham.html</sunday_review_link><article_chapter_link></article_chapter_link><isbns><isbn><isbn10>0385537131</isbn10><isbn13>9780385537131</isbn13></isbn><isbn><isbn10>0385537921</isbn10><isbn13>9780385537926</isbn13></isbn><isbn><isbn10>0553393618</isbn10><isbn13>9780553393613</isbn13></isbn><isbn><isbn10>0345543246</isbn10><isbn13>9780345543240</isbn13></isbn></isbns><buy_links><buy_link><name>Local Booksellers</name><url>http://www.indiebound.org/book/9780385537926?aff=NYT</url></buy_link><buy_link><name>Barnes and Noble</name><url>http://www.anrdoezrs.net/click-7990613-11819508?url=http%3A%2F%2Fwww.barnesandnoble.com%2Fw%2F%3Fean%3D9780385537926</url></buy_link><buy_link><name>Amazon</name><url>http://www.amazon.com/Sycamore-Jake-Brigance-John-Grisham/dp/0385537131?tag=NYTBS-20</url></buy_link></buy_links></book><book><rank>2</rank><rank_last_week>0</rank_last_week><weeks_on_list>1</weeks_on_list><asterisk>0</asterisk><dagger>0</dagger><primary_isbn10>0316055433</primary_isbn10><primary_isbn13>9780316055437</primary_isbn13><publisher>Little, Brown</publisher><description>A painting smuggled out of the Metropolitan Museum of Art after a bombing becomes a boy’s prize, guilt and burden.</description><price>0</price><title>THE GOLDFINCH</title><author>Donna Tartt</author><contributor>by Donna Tartt</contributor><contributor_note></contributor_note><book_image>https://s1.nyt.com/du/books/images/9780316248679.jpg</book_image><book_image_width>323</book_image_width><book_image_height>495</book_image_height><amazon_product_url>http://www.amazon.com/The-Goldfinch-Novel-Pulitzer-Fiction-ebook/dp/B00BAXFECK?tag=NYTBS-20</amazon_product_url><age_group></age_group><book_review_link>https://www.nytimes.com/2013/10/08/books/the-goldfinch-a-dickensian-novel-by-donna-tartt.html</book_review_link><first_chapter_link></first_chapter_link><sunday_review_link>https://www.nytimes.com/2013/10/13/books/review/donna-tartts-goldfinch.html</sunday_review_link><article_chapter_link></article_chapter_link><isbns><isbn><isbn10>0316055433</isbn10><isbn13>9780316055437</isbn13></isbn><isbn><isbn10>0316239879</isbn10><isbn13>9780316239875</isbn13></isbn><isbn><isbn10>0316055441</isbn10><isbn13>9780316055444</isbn13></isbn><isbn><isbn10>0349139636</isbn10><isbn13>9780349139630</isbn13></isbn></isbns><buy_links><buy_link><name>Local Booksellers</name><url>http://www.indiebound.org/book/9780316055437?aff=NYT</url></buy_link><buy_link><name>Barnes and Noble</name><url>http://www.anrdoezrs.net/click-7990613-11819508?url=http%3A%2F%2Fwww.barnesandnoble.com%2Fw%2F%3Fean%3D9780316055437</url></buy_link><buy_link><name>Amazon</name><url>http://www.amazon.com/The-Goldfinch-Novel-Pulitzer-Fiction-ebook/dp/B00BAXFECK?tag=NYTBS-20</url></buy_link></buy_links></book><book><rank>3</rank><rank_last_week>7</rank_last_week><weeks_on_list>15</weeks_on_list><asterisk>0</asterisk><dagger>0</dagger><primary_isbn10>142996393X</primary_isbn10><primary_isbn13>9781429963930</primary_isbn13><publisher>Tor/Tom Doherty</publisher><description>Government agencies breed child geniuses and train them as soldiers. Originally published in 1985.</description><price>0</price><title>ENDER'S GAME</title><author>Orson Scott Card</author><contributor>by Orson Scott Card</contributor><contributor_note></contributor_note><book_image>https://s1.nyt.com/du/books/images/9780812550702.jpg</book_image><book_image_width>291</book_image_width><book_image_height>475</book_image_height><amazon_product_url>http://www.amazon.com/Enders-Game-The-Ender-Quintet/dp/0812550706?tag=NYTBS-20</amazon_product_url><age_group></age_group><book_review_link></book_review_link><first_chapter_link></first_chapter_link><sunday_review_link></sunday_review_link><article_chapter_link></article_chapter_link><isbns><isbn><isbn10>0812550706</isbn10><isbn13>9780812550702</isbn13></isbn><isbn><isbn10>0765342294</isbn10><isbn13>9780765342294</isbn13></isbn><isbn><isbn10>142996393X</isbn10><isbn13>9781429963930</isbn13></isbn><isbn><isbn10>0765337541</isbn10><isbn13>9780765337542</isbn13></isbn><isbn><isbn10>0312853238</isbn10><isbn13>9780312853235</isbn13></isbn><isbn><isbn10>0765317389</isbn10><isbn13>9780765317384</isbn13></isbn><isbn><isbn10>0312932081</isbn10><isbn13>9780312932084</isbn13></isbn><isbn><isbn10>0765338149</isbn10><isbn13>9780765338143</isbn13></isbn><isbn><isbn10>076537062X</isbn10><isbn13>9780765370624</isbn13></isbn><isbn><isbn10>0765337320</isbn10><isbn13>9780765337320</isbn13></isbn><isbn><isbn10>0765374811</isbn10><isbn13>9780765374813</isbn13></isbn><isbn><isbn10>0765374722</isbn10><isbn13>9780765374721</isbn13></isbn><isbn><isbn10>0765338211</isbn10><isbn13>9780765338211</isbn13></isbn><isbn><isbn10>0812532538</isbn10><isbn13>9780812532531</isbn13></isbn></isbns><buy_links><buy_link><name>Local Booksellers</name><url>http://www.indiebound.org/book/9781429963930?aff=NYT</url></buy_link><buy_link><name>Barnes and Noble</name><url>http://www.anrdoezrs.net/click-7990613-11819508?url=http%3A%2F%2Fwww.barnesandnoble.com%2Fw%2F%3Fean%3D9781429963930</url></buy_link><buy_link><name>Amazon</name><url>http://www.amazon.com/Enders-Game-The-Ender-Quintet/dp/0812550706?tag=NYTBS-20</url></buy_link></buy_links></book><book><rank>4</rank><rank_last_week>0</rank_last_week><weeks_on_list>1</weeks_on_list><asterisk>0</asterisk><dagger>0</dagger><primary_isbn10></primary_isbn10><primary_isbn13>9780062199027</primary_isbn13><publisher>Harper</publisher><description>About to marry the woman who is her gallery owner, a divorced artist and mother must confront secrets from her past.</description><price>0</price><title>WE ARE WATER</title><author>Wally Lamb</author><contributor>by Wally Lamb</contributor><contributor_note></contributor_note><book_image>https://s1.nyt.com/du/books/images/9780062199027.jpg</book_image><book_image_width>328</book_image_width><book_image_height>495</book_image_height><amazon_product_url>http://www.amazon.com/We-Are-Water-A-Novel/dp/0061941026?tag=NYTBS-20</amazon_product_url><age_group></age_group><book_review_link></book_review_link><first_chapter_link></first_chapter_link><sunday_review_link></sunday_review_link><article_chapter_link></article_chapter_link><isbns><isbn><isbn10>0061941026</isbn10><isbn13>9780061941023</isbn13></isbn><isbn><isbn10>0062278568</isbn10><isbn13>9780062278562</isbn13></isbn><isbn><isbn10>0061941034</isbn10><isbn13>9780061941030</isbn13></isbn></isbns><buy_links><buy_link><name>Local Booksellers</name><url>http://www.indiebound.org/book/9780062199027?aff=NYT</url></buy_link><buy_link><name>Barnes and Noble</name><url>http://www.anrdoezrs.net/click-7990613-11819508?url=http%3A%2F%2Fwww.barnesandnoble.com%2Fw%2F%3Fean%3D9780062199027</url></buy_link><buy_link><name>Amazon</name><url>http://www.amazon.com/We-Are-Water-A-Novel/dp/0061941026?tag=NYTBS-20</url></buy_link></buy_links></book><book><rank>5</rank><rank_last_week>3</rank_last_week><weeks_on_list>12</weeks_on_list><asterisk>0</asterisk><dagger>0</dagger><primary_isbn10></primary_isbn10><primary_isbn13>9781101636237</primary_isbn13><publisher>Amy Einhorn/Putnam</publisher><description>A woman’s life is upended when she discovers a letter from her husband she was not meant to read.</description><price>0</price><title>THE HUSBAND'S SECRET</title><author>Liane Moriarty</author><contributor>by Liane Moriarty</contributor><contributor_note></contributor_note><book_image>https://s1.nyt.com/du/books/images/9781101636237.jpg</book_image><book_image_width>330</book_image_width><book_image_height>495</book_image_height><amazon_product_url>http://www.amazon.com/The-Husbands-Secret-Liane-Moriarty-ebook/dp/B00D7Z4GQY?tag=NYTBS-20</amazon_product_url><age_group></age_group><book_review_link></book_review_link><first_chapter_link></first_chapter_link><sunday_review_link></sunday_review_link><article_chapter_link></article_chapter_link><isbns><isbn><isbn10>0399159347</isbn10><isbn13>9780399159343</isbn13></isbn><isbn><isbn10>0425267725</isbn10><isbn13>9780425267721</isbn13></isbn><isbn><isbn10>1594137226</isbn10><isbn13>9781594137228</isbn13></isbn></isbns><buy_links><buy_link><name>Local Booksellers</name><url>http://www.indiebound.org/book/9781101636237?aff=NYT</url></buy_link><buy_link><name>Barnes and Noble</name><url>http://www.anrdoezrs.net/click-7990613-11819508?url=http%3A%2F%2Fwww.barnesandnoble.com%2Fw%2F%3Fean%3D9781101636237</url></buy_link><buy_link><name>Amazon</name><url>http://www.amazon.com/The-Husbands-Secret-Liane-Moriarty-ebook/dp/B00D7Z4GQY?tag=NYTBS-20</url></buy_link></buy_links></book><book><rank>6</rank><rank_last_week>4</rank_last_week><weeks_on_list>5</weeks_on_list><asterisk>0</asterisk><dagger>0</dagger><primary_isbn10>147672766X</primary_isbn10><primary_isbn13>9781476727660</primary_isbn13><publisher>Scribner</publisher><description>Now grown up, Dan, the boy with psycho-intuitive powers in “The Shining,” helps another child with a spectacular gift.</description><price>0</price><title>DOCTOR SLEEP</title><author>Stephen King</author><contributor>by Stephen King</contributor><contributor_note></contributor_note><book_image>https://s1.nyt.com/du/books/images/9781451698855.jpg</book_image><book_image_width>319</book_image_width><book_image_height>495</book_image_height><amazon_product_url>http://www.amazon.com/Doctor-Sleep-Stephen-King/dp/1451698852?tag=NYTBS-20</amazon_product_url><age_group></age_group><book_review_link>https://www.nytimes.com/2013/09/16/books/doctor-sleep-is-stephen-kings-sequel-to-the-shining.html</book_review_link><first_chapter_link></first_chapter_link><sunday_review_link>https://www.nytimes.com/2013/09/22/books/review/stephen-kings-shining-sequel-doctor-sleep.html</sunday_review_link><article_chapter_link></article_chapter_link><isbns><isbn><isbn10>1476727651</isbn10><isbn13>9781476727653</isbn13></isbn><isbn><isbn10>147672766X</isbn10><isbn13>9781476727660</isbn13></isbn><isbn><isbn10>1410462447</isbn10><isbn13>9781410462442</isbn13></isbn><isbn><isbn10>1451698852</isbn10><isbn13>9781451698855</isbn13></isbn><isbn><isbn10>1476779414</isbn10><isbn13>9781476779416</isbn13></isbn><isbn><isbn10>1451698860</isbn10><isbn13>9781451698862</isbn13></isbn></isbns><buy_links><buy_link><name>Local Booksellers</name><url>http://www.indiebound.org/book/9781476727660?aff=NYT</url></buy_link><buy_link><name>Barnes and Noble</name><url>http://www.anrdoezrs.net/click-7990613-11819508?url=http%3A%2F%2Fwww.barnesandnoble.com%2Fw%2F%3Fean%3D9781476727660</url></buy_link><buy_link><name>Amazon</name><url>http://www.amazon.com/Doctor-Sleep-Stephen-King/dp/1451698852?tag=NYTBS-20</url></buy_link></buy_links></book><book><rank>7</rank><rank_last_week>0</rank_last_week><weeks_on_list>1</weeks_on_list><asterisk>0</asterisk><dagger>0</dagger><primary_isbn10>1455574902</primary_isbn10><primary_isbn13>9781455574902</primary_isbn13><publisher>Grand Central</publisher><description>Lila Summers and Ethan Gregory are close friends, but will they become even closer?</description><price>0</price><title>THE TEMPTATION OF LILA AND ETHAN</title><author>Jessica Sorensen</author><contributor>by Jessica Sorensen</contributor><contributor_note></contributor_note><book_image>https://s1.nyt.com/du/books/images/9781455574902.jpg</book_image><book_image_width>322</book_image_width><book_image_height>495</book_image_height><amazon_product_url>http://www.amazon.com/Temptation-Lila-Ethan-Ella-Micha-ebook/dp/B00BOTU4JI?tag=NYTBS-20</amazon_product_url><age_group></age_group><book_review_link></book_review_link><first_chapter_link></first_chapter_link><sunday_review_link></sunday_review_link><article_chapter_link></article_chapter_link><isbns><isbn><isbn10>1455574902</isbn10><isbn13>9781455574902</isbn13></isbn></isbns><buy_links><buy_link><name>Local Booksellers</name><url>http://www.indiebound.org/book/9781455574902?aff=NYT</url></buy_link><buy_link><name>Barnes and Noble</name><url>http://www.anrdoezrs.net/click-7990613-11819508?url=http%3A%2F%2Fwww.barnesandnoble.com%2Fw%2F%3Fean%3D9781455574902</url></buy_link><buy_link><name>Amazon</name><url>http://www.amazon.com/Temptation-Lila-Ethan-Ella-Micha-ebook/dp/B00BOTU4JI?tag=NYTBS-20</url></buy_link></buy_links></book><book><rank>8</rank><rank_last_week>8</rank_last_week><weeks_on_list>6</weeks_on_list><asterisk>0</asterisk><dagger>0</dagger><primary_isbn10>1455520667</primary_isbn10><primary_isbn13>9781455520664</primary_isbn13><publisher>Grand Central</publisher><description>The lives of two couples converge unexpectedly.</description><price>0</price><title>THE LONGEST RIDE</title><author>Nicholas Sparks</author><contributor>by Nicholas Sparks</contributor><contributor_note></contributor_note><book_image>https://s1.nyt.com/du/books/images/9781455520640.jpg</book_image><book_image_width>327</book_image_width><book_image_height>495</book_image_height><amazon_product_url>http://www.amazon.com/The-Longest-Ride-Nicholas-Sparks/dp/1455520640?tag=NYTBS-20</amazon_product_url><age_group></age_group><book_review_link></book_review_link><first_chapter_link></first_chapter_link><sunday_review_link></sunday_review_link><article_chapter_link></article_chapter_link><isbns><isbn><isbn10>1455520659</isbn10><isbn13>9781455520657</isbn13></isbn><isbn><isbn10>1455576018</isbn10><isbn13>9781455576012</isbn13></isbn><isbn><isbn10>1455520667</isbn10><isbn13>9781455520664</isbn13></isbn><isbn><isbn10>1455520640</isbn10><isbn13>9781455520640</isbn13></isbn><isbn><isbn10>1455520632</isbn10><isbn13>9781455520633</isbn13></isbn><isbn><isbn10>1455584738</isbn10><isbn13>9781455584734</isbn13></isbn><isbn><isbn10>145558472X</isbn10><isbn13>9781455584727</isbn13></isbn></isbns><buy_links><buy_link><name>Local Booksellers</name><url>http://www.indiebound.org/book/9781455520664?aff=NYT</url></buy_link><buy_link><name>Barnes and Noble</name><url>http://www.anrdoezrs.net/click-7990613-11819508?url=http%3A%2F%2Fwww.barnesandnoble.com%2Fw%2F%3Fean%3D9781455520664</url></buy_link><buy_link><name>Amazon</name><url>http://www.amazon.com/The-Longest-Ride-Nicholas-Sparks/dp/1455520640?tag=NYTBS-20</url></buy_link></buy_links></book><book><rank>9</rank><rank_last_week>9</rank_last_week><weeks_on_list>3</weeks_on_list><asterisk>0</asterisk><dagger>0</dagger><primary_isbn10></primary_isbn10><primary_isbn13>9781101636466</primary_isbn13><publisher>Putnam</publisher><description>The Minnesota investigator Virgil Flowers becomes involved in the hunt for an ancient inscribed stone smuggled out of the Middle East.</description><price>0</price><title>STORM FRONT</title><author>John Sandford</author><contributor>by John Sandford</contributor><contributor_note></contributor_note><book_image>https://s1.nyt.com/du/books/images/9780399159305.jpg</book_image><book_image_width>328</book_image_width><book_image_height>495</book_image_height><amazon_product_url>http://www.amazon.com/Storm-Front-Virgil-Flowers-Novel-ebook/dp/B00C5R7I9C?tag=NYTBS-20</amazon_product_url><age_group></age_group><book_review_link></book_review_link><first_chapter_link></first_chapter_link><sunday_review_link></sunday_review_link><article_chapter_link></article_chapter_link><isbns><isbn><isbn10>0399159304</isbn10><isbn13>9780399159305</isbn13></isbn><isbn><isbn10>0425270246</isbn10><isbn13>9780425270240</isbn13></isbn></isbns><buy_links><buy_link><name>Local Booksellers</name><url>http://www.indiebound.org/book/9781101636466?aff=NYT</url></buy_link><buy_link><name>Barnes and Noble</name><url>http://www.anrdoezrs.net/click-7990613-11819508?url=http%3A%2F%2Fwww.barnesandnoble.com%2Fw%2F%3Fean%3D9781101636466</url></buy_link><buy_link><name>Amazon</name><url>http://www.amazon.com/Storm-Front-Virgil-Flowers-Novel-ebook/dp/B00C5R7I9C?tag=NYTBS-20</url></buy_link></buy_links></book><book><rank>10</rank><rank_last_week>2</rank_last_week><weeks_on_list>2</weeks_on_list><asterisk>0</asterisk><dagger>0</dagger><primary_isbn10></primary_isbn10><primary_isbn13>9781455527212</primary_isbn13><publisher>Grand Central</publisher><description>Paul Giannis, running for mayor of Kindle County, is accused of having played a role in the murder of his identical twin brother’s girlfriend — for which his brother, Cass, has already served time.</description><price>0</price><title>IDENTICAL</title><author>Scott Turow</author><contributor>by Scott Turow</contributor><contributor_note></contributor_note><book_image>https://s1.nyt.com/du/books/images/9781455527212.jpg</book_image><book_image_width>329</book_image_width><book_image_height>495</book_image_height><amazon_product_url>http://www.amazon.com/Identical-Scott-Turow-ebook/dp/B00BAXFZV0?tag=NYTBS-20</amazon_product_url><age_group></age_group><book_review_link></book_review_link><first_chapter_link></first_chapter_link><sunday_review_link>https://www.nytimes.com/2013/10/20/books/review/scott-turows-identical.html</sunday_review_link><article_chapter_link></article_chapter_link><isbns><isbn><isbn10>1455527203</isbn10><isbn13>9781455527205</isbn13></isbn><isbn><isbn10>1455576085</isbn10><isbn13>9781455576081</isbn13></isbn><isbn><isbn10>145552719X</isbn10><isbn13>9781455527199</isbn13></isbn><isbn><isbn10>145552722X</isbn10><isbn13>9781455527229</isbn13></isbn></isbns><buy_links><buy_link><name>Local Booksellers</name><url>http://www.indiebound.org/book/9781455527212?aff=NYT</url></buy_link><buy_link><name>Barnes and Noble</name><url>http://www.anrdoezrs.net/click-7990613-11819508?url=http%3A%2F%2Fwww.barnesandnoble.com%2Fw%2F%3Fean%3D9781455527212</url></buy_link><buy_link><name>Amazon</name><url>http://www.amazon.com/Identical-Scott-Turow-ebook/dp/B00BAXFZV0?tag=NYTBS-20</url></buy_link></buy_links></book><book><rank>11</rank><rank_last_week>11</rank_last_week><weeks_on_list>2</weeks_on_list><asterisk>0</asterisk><dagger>0</dagger><primary_isbn10>None</primary_isbn10><primary_isbn13>A00B00FVAKOY6</primary_isbn13><publisher>J.C. Reed</publisher><description>Continuing the story of Brooke Stewart and Jett Mayfield begun in "Surrender Your Love" and "Conquer Your Love."</description><price>0</price><title>TREASURE YOUR LOVE</title><author>JC Reed</author><contributor>by J.C. Reed</contributor><contributor_note></contributor_note><book_image>https://s1.nyt.com/du/books/images/A00B00FVAKOY6.jpg</book_image><book_image_width>330</book_image_width><book_image_height>495</book_image_height><amazon_product_url>http://www.amazon.com/Treasure-Your-Love-J-C-Reed-ebook/dp/B00FVAKOY6?tag=NYTBS-20</amazon_product_url><age_group></age_group><book_review_link></book_review_link><first_chapter_link></first_chapter_link><sunday_review_link></sunday_review_link><article_chapter_link></article_chapter_link><isbns/><buy_links><buy_link><name>Local Booksellers</name><url><![CDATA[http://www.indiebound.org/search/book?searchfor=TREASURE+YOUR+LOVE+JC+Reed&aff=NYT]]></url></buy_link><buy_link><name>Barnes and Noble</name><url>http://www.anrdoezrs.net/click-7990613-11819508?url=http%3A%2F%2Fwww.barnesandnoble.com%2Fs%2FTREASURE+YOUR+LOVE+JC+Reed</url></buy_link><buy_link><name>Amazon</name><url>http://www.amazon.com/Treasure-Your-Love-J-C-Reed-ebook/dp/B00FVAKOY6?tag=NYTBS-20</url></buy_link></buy_links></book><book><rank>12</rank><rank_last_week>12</rank_last_week><weeks_on_list>4</weeks_on_list><asterisk>0</asterisk><dagger>0</dagger><primary_isbn10>031621101X</primary_isbn10><primary_isbn13>9780316211017</primary_isbn13><publisher>Little, Brown</publisher><description>Detective Michael Bennett, living with his 10 adopted children on a California farm, is pursued by the head of a Mexican drug cartel he once put in jail. </description><price>0</price><title>GONE</title><author>James Patterson and Michael Ledwidge</author><contributor>by James Patterson and Michael Ledwidge</contributor><contributor_note></contributor_note><book_image>https://s1.nyt.com/du/books/images/9780316211017.jpg</book_image><book_image_width>320</book_image_width><book_image_height>495</book_image_height><amazon_product_url>http://www.amazon.com/Gone-Michael-Bennett-James-Patterson-ebook/dp/B00BAXFAXI?tag=NYTBS-20</amazon_product_url><age_group></age_group><book_review_link></book_review_link><first_chapter_link></first_chapter_link><sunday_review_link></sunday_review_link><article_chapter_link></article_chapter_link><isbns><isbn><isbn10>0316210986</isbn10><isbn13>9780316210980</isbn13></isbn><isbn><isbn10>0316211001</isbn10><isbn13>9780316211000</isbn13></isbn><isbn><isbn10>031621101X</isbn10><isbn13>9780316211017</isbn13></isbn><isbn><isbn10>1455515841</isbn10><isbn13>9781455515844</isbn13></isbn><isbn><isbn10>145551585X</isbn10><isbn13>9781455515851</isbn13></isbn></isbns><buy_links><buy_link><name>Local Booksellers</name><url>http://www.indiebound.org/book/9780316211017?aff=NYT</url></buy_link><buy_link><name>Barnes and Noble</name><url>http://www.anrdoezrs.net/click-7990613-11819508?url=http%3A%2F%2Fwww.barnesandnoble.com%2Fw%2F%3Fean%3D9780316211017</url></buy_link><buy_link><name>Amazon</name><url>http://www.amazon.com/Gone-Michael-Bennett-James-Patterson-ebook/dp/B00BAXFAXI?tag=NYTBS-20</url></buy_link></buy_links></book><book><rank>13</rank><rank_last_week>15</rank_last_week><weeks_on_list>64</weeks_on_list><asterisk>0</asterisk><dagger>0</dagger><primary_isbn10>None</primary_isbn10><primary_isbn13>9781612130293</primary_isbn13><publisher>Vintage</publisher><description>An innocent college student falls in love with a tortured man with particular sexual tastes; the first of a trilogy.</description><price>0</price><title>FIFTY SHADES OF GREY</title><author>E L James</author><contributor>by E. L. James</contributor><contributor_note></contributor_note><book_image>https://s1.nyt.com/du/books/images/9780345803481.jpg</book_image><book_image_width>125</book_image_width><book_image_height>193</book_image_height><amazon_product_url>http://www.amazon.com/Fifty-Shades-Grey-Book-Trilogy/dp/0345803485?tag=NYTBS-20</amazon_product_url><age_group></age_group><book_review_link></book_review_link><first_chapter_link></first_chapter_link><sunday_review_link></sunday_review_link><article_chapter_link></article_chapter_link><isbns><isbn><isbn10>1612130283</isbn10><isbn13>9781612130286</isbn13></isbn><isbn><isbn10>0345803485</isbn10><isbn13>9780345803481</isbn13></isbn><isbn><isbn10>0099579936</isbn10><isbn13>9780099579939</isbn13></isbn><isbn><isbn10>0385363125</isbn10><isbn13>9780385363129</isbn13></isbn><isbn><isbn10>0385537670</isbn10><isbn13>9780385537674</isbn13></isbn><isbn><isbn10>0345806751</isbn10><isbn13>9780345806758</isbn13></isbn><isbn><isbn10>0804172072</isbn10><isbn13>9780804172073</isbn13></isbn><isbn><isbn10>0345805151</isbn10><isbn13>9780345805157</isbn13></isbn></isbns><buy_links><buy_link><name>Local Booksellers</name><url>http://www.indiebound.org/book/9781612130293?aff=NYT</url></buy_link><buy_link><name>Barnes and Noble</name><url>http://www.anrdoezrs.net/click-7990613-11819508?url=http%3A%2F%2Fwww.barnesandnoble.com%2Fw%2F%3Fean%3D9781612130293</url></buy_link><buy_link><name>Amazon</name><url>http://www.amazon.com/Fifty-Shades-Grey-Book-Trilogy/dp/0345803485?tag=NYTBS-20</url></buy_link></buy_links></book><book><rank>14</rank><rank_last_week>0</rank_last_week><weeks_on_list>22</weeks_on_list><asterisk>0</asterisk><dagger>0</dagger><primary_isbn10>0385536887</primary_isbn10><primary_isbn13>9780385536882</primary_isbn13><publisher>Doubleday</publisher><description>An imprisoned ex-lawyer schemes to exchange information about who murdered a judge for his freedom.</description><price>0</price><title>THE RACKETEER</title><author>John Grisham</author><contributor>by John Grisham</contributor><contributor_note></contributor_note><book_image>https://s1.nyt.com/du/books/images/9780385536882.jpg</book_image><book_image_width>128</book_image_width><book_image_height>194</book_image_height><amazon_product_url>http://www.amazon.com/The-Racketeer-Novel-John-Grisham/dp/0345545338?tag=NYTBS-20</amazon_product_url><age_group></age_group><book_review_link>https://www.nytimes.com/2012/10/18/books/the-racketeer-by-john-grisham.html</book_review_link><first_chapter_link></first_chapter_link><sunday_review_link></sunday_review_link><article_chapter_link></article_chapter_link><isbns><isbn><isbn10>0385535147</isbn10><isbn13>9780385535144</isbn13></isbn><isbn><isbn10>0385536887</isbn10><isbn13>9780385536882</isbn13></isbn><isbn><isbn10>0385536895</isbn10><isbn13>9780385536899</isbn13></isbn><isbn><isbn10>0345545338</isbn10><isbn13>9780345545336</isbn13></isbn><isbn><isbn10>0345530578</isbn10><isbn13>9780345530578</isbn13></isbn></isbns><buy_links><buy_link><name>Local Booksellers</name><url>http://www.indiebound.org/book/9780385536882?aff=NYT</url></buy_link><buy_link><name>Barnes and Noble</name><url>http://www.anrdoezrs.net/click-7990613-11819508?url=http%3A%2F%2Fwww.barnesandnoble.com%2Fw%2F%3Fean%3D9780385536882</url></buy_link><buy_link><name>Amazon</name><url>http://www.amazon.com/The-Racketeer-Novel-John-Grisham/dp/0345545338?tag=NYTBS-20</url></buy_link></buy_links></book><book><rank>15</rank><rank_last_week>13</rank_last_week><weeks_on_list>66</weeks_on_list><asterisk>0</asterisk><dagger>0</dagger><primary_isbn10>0307588386</primary_isbn10><primary_isbn13>9780307588388</primary_isbn13><publisher>Crown</publisher><description>A woman disappears on the day of her fifth anniversary; is her husband a killer?</description><price>0</price><title>GONE GIRL</title><author>Gillian Flynn</author><contributor>by Gillian Flynn</contributor><contributor_note></contributor_note><book_image>https://s1.nyt.com/du/books/images/9780307588388.jpg</book_image><book_image_width>136</book_image_width><book_image_height>200</book_image_height><amazon_product_url>http://www.amazon.com/Gone-Girl-Novel-Gillian-Flynn-ebook/dp/B006LSZECO?tag=NYTBS-20</amazon_product_url><age_group></age_group><book_review_link>https://www.nytimes.com/2012/05/30/books/gone-girl-by-gillian-flynn.html</book_review_link><first_chapter_link></first_chapter_link><sunday_review_link>https://www.nytimes.com/2012/06/17/books/review/gillian-flynns-gone-girl-and-more.html</sunday_review_link><article_chapter_link></article_chapter_link><isbns><isbn><isbn10>030758836X</isbn10><isbn13>9780307588364</isbn13></isbn><isbn><isbn10>0307588386</isbn10><isbn13>9780307588388</isbn13></isbn><isbn><isbn10>1410450953</isbn10><isbn13>9781410450951</isbn13></isbn><isbn><isbn10>0297859382</isbn10><isbn13>9780297859383</isbn13></isbn><isbn><isbn10>0307588378</isbn10><isbn13>9780307588371</isbn13></isbn><isbn><isbn10>0297859390</isbn10><isbn13>9780297859390</isbn13></isbn><isbn><isbn10>159413605X</isbn10><isbn13>9781594136054</isbn13></isbn><isbn><isbn10>055341836X</isbn10><isbn13>9780553418361</isbn13></isbn><isbn><isbn10>0553418351</isbn10><isbn13>9780553418354</isbn13></isbn><isbn><isbn10>0606270175</isbn10><isbn13>9780606270175</isbn13></isbn></isbns><buy_links><buy_link><name>Local Booksellers</name><url>http://www.indiebound.org/book/9780307588388?aff=NYT</url></buy_link><buy_link><name>Barnes and Noble</name><url>http://www.anrdoezrs.net/click-7990613-11819508?url=http%3A%2F%2Fwww.barnesandnoble.com%2Fw%2F%3Fean%3D9780307588388</url></buy_link><buy_link><name>Amazon</name><url>http://www.amazon.com/Gone-Girl-Novel-Gillian-Flynn-ebook/dp/B006LSZECO?tag=NYTBS-20</url></buy_link></buy_links></book><book><rank>16</rank><rank_last_week>0</rank_last_week><weeks_on_list>0</weeks_on_list><asterisk>0</asterisk><dagger>0</dagger><primary_isbn10>None</primary_isbn10><primary_isbn13>9780062304643</primary_isbn13><publisher>William Morrow Impulse</publisher><description>Cameron Hamilton's side of "Wait for You," about his unexpected relationship with Avery Morgansten. Can he gain her trust?</description><price>0</price><title>TRUST IN ME</title><author>J Lynn</author><contributor>by  J. Lynn</contributor><contributor_note></contributor_note><book_image>https://s1.nyt.com/du/books/images/9780062304643.jpg</book_image><book_image_width>307</book_image_width><book_image_height>495</book_image_height><amazon_product_url>http://www.amazon.com/Trust-Me-Novel-Wait-You-ebook/dp/B00CKOVAV2?tag=NYTBS-20</amazon_product_url><age_group></age_group><book_review_link></book_review_link><first_chapter_link></first_chapter_link><sunday_review_link></sunday_review_link><article_chapter_link></article_chapter_link><isbns/><buy_links><buy_link><name>Local Booksellers</name><url>http://www.indiebound.org/book/9780062304643?aff=NYT</url></buy_link><buy_link><name>Barnes and Noble</name><url>http://www.anrdoezrs.net/click-7990613-11819508?url=http%3A%2F%2Fwww.barnesandnoble.com%2Fw%2F%3Fean%3D9780062304643</url></buy_link><buy_link><name>Amazon</name><url>http://www.amazon.com/Trust-Me-Novel-Wait-You-ebook/dp/B00CKOVAV2?tag=NYTBS-20</url></buy_link></buy_links></book><book><rank>17</rank><rank_last_week>0</rank_last_week><weeks_on_list>0</weeks_on_list><asterisk>0</asterisk><dagger>0</dagger><primary_isbn10>0440339375</primary_isbn10><primary_isbn13>9780440339373</primary_isbn13><publisher>Delacorte</publisher><description>Facing trumped-up charges, the former military cop Jack Reacher must clear his name while staying one step ahead of the Army, the F.B.I. and several thugs.</description><price>0</price><title>NEVER GO BACK</title><author>Lee Child</author><contributor>by Lee Child</contributor><contributor_note></contributor_note><book_image>https://s1.nyt.com/du/books/images/9780440339373.jpg</book_image><book_image_width>327</book_image_width><book_image_height>495</book_image_height><amazon_product_url>http://www.amazon.com/Never-Back-bonus-novella-High/dp/0440246326?tag=NYTBS-20</amazon_product_url><age_group></age_group><book_review_link>https://www.nytimes.com/2013/08/30/books/never-go-back-a-jack-reacher-novel-by-lee-child.html</book_review_link><first_chapter_link></first_chapter_link><sunday_review_link></sunday_review_link><article_chapter_link></article_chapter_link><isbns><isbn><isbn10>0385344341</isbn10><isbn13>9780385344340</isbn13></isbn><isbn><isbn10>0440339375</isbn10><isbn13>9780440339373</isbn13></isbn><isbn><isbn10>0804121044</isbn10><isbn13>9780804121040</isbn13></isbn><isbn><isbn10>0440246326</isbn10><isbn13>9780440246329</isbn13></isbn><isbn><isbn10>0399594973</isbn10><isbn13>9780399594977</isbn13></isbn></isbns><buy_links><buy_link><name>Local Booksellers</name><url>http://www.indiebound.org/book/9780440339373?aff=NYT</url></buy_link><buy_link><name>Barnes and Noble</name><url>http://www.anrdoezrs.net/click-7990613-11819508?url=http%3A%2F%2Fwww.barnesandnoble.com%2Fw%2F%3Fean%3D9780440339373</url></buy_link><buy_link><name>Amazon</name><url>http://www.amazon.com/Never-Back-bonus-novella-High/dp/0440246326?tag=NYTBS-20</url></buy_link></buy_links></book><book><rank>18</rank><rank_last_week>0</rank_last_week><weeks_on_list>0</weeks_on_list><asterisk>0</asterisk><dagger>0</dagger><primary_isbn10>None</primary_isbn10><primary_isbn13>9781455554201</primary_isbn13><publisher>Forever</publisher><description>The Seattle millionaire Jake Titus begins to fall for the TV reporter Char Lynn, whom he once dropped after a one-night stand. Can he convince her that he's serious this time? Book 2 of The Bet series.</description><price>0</price><title>THE WAGER</title><author>Rachel Van Dyken</author><contributor>by Rachel Van Dyken</contributor><contributor_note></contributor_note><book_image>https://s1.nyt.com/du/books/images/9781455554201.jpg</book_image><book_image_width>319</book_image_width><book_image_height>495</book_image_height><amazon_product_url>http://www.amazon.com/The-Wager-Bet-Book-ebook/dp/B00E7XUGM8?tag=NYTBS-20</amazon_product_url><age_group></age_group><book_review_link></book_review_link><first_chapter_link></first_chapter_link><sunday_review_link></sunday_review_link><article_chapter_link></article_chapter_link><isbns/><buy_links><buy_link><name>Local Booksellers</name><url>http://www.indiebound.org/book/9781455554201?aff=NYT</url></buy_link><buy_link><name>Barnes and Noble</name><url>http://www.anrdoezrs.net/click-7990613-11819508?url=http%3A%2F%2Fwww.barnesandnoble.com%2Fw%2F%3Fean%3D9781455554201</url></buy_link><buy_link><name>Amazon</name><url>http://www.amazon.com/The-Wager-Bet-Book-ebook/dp/B00E7XUGM8?tag=NYTBS-20</url></buy_link></buy_links></book><book><rank>19</rank><rank_last_week>0</rank_last_week><weeks_on_list>0</weeks_on_list><asterisk>0</asterisk><dagger>0</dagger><primary_isbn10>0385350872</primary_isbn10><primary_isbn13>9780385350877</primary_isbn13><publisher>Knopf</publisher><description>Bridget, now 51 and a mother and widow, is once again looking for love.</description><price>0</price><title>BRIDGET JONES: MAD ABOUT THE BOY</title><author>Helen Fielding</author><contributor>by Helen Fielding</contributor><contributor_note></contributor_note><book_image>https://s1.nyt.com/du/books/images/9780385350860.jpg</book_image><book_image_width>326</book_image_width><book_image_height>495</book_image_height><amazon_product_url>http://www.amazon.com/Bridget-Jones-About-Vintage-Contemporaries-ebook/dp/B00CNQ7CRI?tag=NYTBS-20</amazon_product_url><age_group></age_group><book_review_link></book_review_link><first_chapter_link></first_chapter_link><sunday_review_link></sunday_review_link><article_chapter_link></article_chapter_link><isbns><isbn><isbn10>0140298479</isbn10><isbn13>9780140298475</isbn13></isbn><isbn><isbn10>0385350864</isbn10><isbn13>9780385350860</isbn13></isbn><isbn><isbn10>0385350872</isbn10><isbn13>9780385350877</isbn13></isbn></isbns><buy_links><buy_link><name>Local Booksellers</name><url>http://www.indiebound.org/book/9780385350877?aff=NYT</url></buy_link><buy_link><name>Barnes and Noble</name><url>http://www.anrdoezrs.net/click-7990613-11819508?url=http%3A%2F%2Fwww.barnesandnoble.com%2Fw%2F%3Fean%3D9780385350877</url></buy_link><buy_link><name>Amazon</name><url>http://www.amazon.com/Bridget-Jones-About-Vintage-Contemporaries-ebook/dp/B00CNQ7CRI?tag=NYTBS-20</url></buy_link></buy_links></book><book><rank>20</rank><rank_last_week>0</rank_last_week><weeks_on_list>0</weeks_on_list><asterisk>0</asterisk><dagger>0</dagger><primary_isbn10>1612130593</primary_isbn10><primary_isbn13>9781612130590</primary_isbn13><publisher>Vintage</publisher><description>Daunted by Christian’s dark secrets, Anastasia ends their relationship — but desire still dominates her every thought.</description><price>0</price><title>FIFTY SHADES DARKER</title><author>E L James</author><contributor>by E. L. James</contributor><contributor_note></contributor_note><book_image>https://s1.nyt.com/du/books/images/9780345803498.jpg</book_image><book_image_width>328</book_image_width><book_image_height>495</book_image_height><amazon_product_url>http://www.amazon.com/Fifty-Shades-Darker-E-James/dp/0345803493?tag=NYTBS-20</amazon_product_url><age_group></age_group><book_review_link></book_review_link><first_chapter_link></first_chapter_link><sunday_review_link></sunday_review_link><article_chapter_link></article_chapter_link><isbns><isbn><isbn10>1612130593</isbn10><isbn13>9781612130590</isbn13></isbn><isbn><isbn10>1612130585</isbn10><isbn13>9781612130583</isbn13></isbn><isbn><isbn10>0345803493</isbn10><isbn13>9780345803498</isbn13></isbn><isbn><isbn10>1448149460</isbn10><isbn13>9781448149469</isbn13></isbn><isbn><isbn10>0385363133</isbn10><isbn13>9780385363136</isbn13></isbn><isbn><isbn10>0099579928</isbn10><isbn13>9780099579922</isbn13></isbn><isbn><isbn10>0385537689</isbn10><isbn13>9780385537681</isbn13></isbn><isbn><isbn10>0606264485</isbn10><isbn13>9780606264488</isbn13></isbn><isbn><isbn10>0525431888</isbn10><isbn13>9780525431886</isbn13></isbn><isbn><isbn10>0525434860</isbn10><isbn13>9780525434863</isbn13></isbn></isbns><buy_links><buy_link><name>Local Booksellers</name><url>http://www.indiebound.org/book/9781612130590?aff=NYT</url></buy_link><buy_link><name>Barnes and Noble</name><url>http://www.anrdoezrs.net/click-7990613-11819508?url=http%3A%2F%2Fwww.barnesandnoble.com%2Fw%2F%3Fean%3D9781612130590</url></buy_link><buy_link><name>Amazon</name><url>http://www.amazon.com/Fifty-Shades-Darker-E-James/dp/0345803493?tag=NYTBS-20</url></buy_link></buy_links></book></books><corrections/></results></result_set>
