<?xml version="1.0" encoding="UTF-8"?>
<result_set><status>OK</status><copyright>Copyright (c) 2018 The New York Times Company.  All Rights Reserved.</copyright><num_results>15</num_results><last_modified>2017-05-05T17:00:08-04:00</last_modified><results><list_name>Combined Print and E-Book Fiction</list_name><list_name_encoded>combined-print-and-e-book-fiction</list_name_encoded><bestsellers_date>2017-04-29</bestsellers_date><published_date>2017-05-14</published_date><published_date_description></published_date_description><next_published_date>2017-05-21</next_published_date><previous_published_date>2017-05-07</previous_published_date><display_name><![CDATA[Combined Print & E-Book Fiction]]></display_name><normal_list_ends_at>15</normal_list_ends_at><updated>WEEKLY</updated><books><book><rank>1</rank><rank_last_week>0</rank_last_week><weeks_on_list>1</weeks_on_list><asterisk>0</asterisk><dagger>0</dagger><primary_isbn10>0399184589</primary_isbn10><primary_isbn13>9780399184581</primary_isbn13><publisher>Putnam</publisher><description>Lucas Davenport, now a U.S. Marshal, pursues a thief who robbed a drug cartel and killed a child in Biloxi, Miss.</description><price>0</price><title>GOLDEN PREY</title><author>John Sandford</author><contributor>by John Sandford</contributor><contributor_note></contributor_note><book_image>https://s1.nyt.com/du/books/images/9780399184581.jpg</book_image><book_image_width>314</book_image_width><book_image_height>495</book_image_height><amazon_product_url>https://www.amazon.com/Golden-Prey-Novel-John-Sandford-ebook/dp/B01JHQPTWQ?tag=NYTBS-20</amazon_product_url><age_group></age_group><book_review_link></book_review_link><first_chapter_link></first_chapter_link><sunday_review_link></sunday_review_link><article_chapter_link></article_chapter_link><isbns><isbn><isbn10>0399184570</isbn10><isbn13>9780399184574</isbn13></isbn><isbn><isbn10>0399184589</isbn10><isbn13>9780399184581</isbn13></isbn><isbn><isbn10>1101988843</isbn10><isbn13>9781101988848</isbn13></isbn></isbns><buy_links><buy_link><name>Local Booksellers</name><url>http://www.indiebound.org/book/9780399184581?aff=NYT</url></buy_link><buy_link><name>Barnes and Noble</name><url>http://www.anrdoezrs.net/click-7990613-11819508?url=http%3A%2F%2Fwww.barnesandnoble.com%2Fw%2F%3Fean%3D9780399184581</url></buy_link><buy_link><name>Amazon</name><url>https://www.amazon.com/Golden-Prey-Novel-John-Sandford-ebook/dp/B01JHQPTWQ?tag=NYTBS-20</url></buy_link></buy_links></book><book><rank>2</rank><rank_last_week>1</rank_last_week><weeks_on_list>2</weeks_on_list><asterisk>0</asterisk><dagger>0</dagger><primary_isbn10>1455586552</primary_isbn10><primary_isbn13>9781455586554</primary_isbn13><publisher>Grand Central</publisher><description>The detective Amos Decker (“Memory Man”) witnesses a murder-suicide that turns out to be a matter of national security.</description><price>0</price><title>THE FIX</title><author>David Baldacci</author><contributor>by David Baldacci</contributor><contributor_note></contributor_note><book_image>https://s1.nyt.com/du/books/images/9781455586561.jpg</book_image><book_image_width>330</book_image_width><book_image_height>480</book_image_height><amazon_product_url>https://www.amazon.com/Fix-Amos-Decker-David-Baldacci/dp/1455586560?tag=NYTBS-20</amazon_product_url><age_group></age_group><book_review_link></book_review_link><first_chapter_link></first_chapter_link><sunday_review_link></sunday_review_link><article_chapter_link></article_chapter_link><isbns><isbn><isbn10>1455586560</isbn10><isbn13>9781455586561</isbn13></isbn><isbn><isbn10>1455586552</isbn10><isbn13>9781455586554</isbn13></isbn><isbn><isbn10>1455586544</isbn10><isbn13>9781455586547</isbn13></isbn><isbn><isbn10>1455586587</isbn10><isbn13>9781455586585</isbn13></isbn></isbns><buy_links><buy_link><name>Local Booksellers</name><url>http://www.indiebound.org/book/9781455586554?aff=NYT</url></buy_link><buy_link><name>Barnes and Noble</name><url>http://www.anrdoezrs.net/click-7990613-11819508?url=http%3A%2F%2Fwww.barnesandnoble.com%2Fw%2F%3Fean%3D9781455586554</url></buy_link><buy_link><name>Amazon</name><url>https://www.amazon.com/Fix-Amos-Decker-David-Baldacci/dp/1455586560?tag=NYTBS-20</url></buy_link></buy_links></book><book><rank>3</rank><rank_last_week>8</rank_last_week><weeks_on_list>6</weeks_on_list><asterisk>0</asterisk><dagger>0</dagger><primary_isbn10>038549081X</primary_isbn10><primary_isbn13>9780385490818</primary_isbn13><publisher>Houghton Mifflin Harcourt</publisher><description>In a dystopian future, men and women perform the services assigned to them.</description><price>0</price><title>THE HANDMAID'S TALE</title><author>Margaret Atwood</author><contributor>by Margaret Atwood</contributor><contributor_note></contributor_note><book_image>https://s1.nyt.com/du/books/images/9780547345666.jpg</book_image><book_image_width>330</book_image_width><book_image_height>485</book_image_height><amazon_product_url>https://www.amazon.com/Handmaids-Tale-Margaret-Atwood-ebook/dp/B003JFJHTS?tag=NYTBS-20</amazon_product_url><age_group></age_group><book_review_link></book_review_link><first_chapter_link></first_chapter_link><sunday_review_link>https://www.nytimes.com/1986/02/09/books/no-headline-423986.html</sunday_review_link><article_chapter_link></article_chapter_link><isbns><isbn><isbn10>038549081X</isbn10><isbn13>9780385490818</isbn13></isbn><isbn><isbn10>0547345666</isbn10><isbn13>9780547345666</isbn13></isbn><isbn><isbn10>0307264602</isbn10><isbn13>9780307264602</isbn13></isbn><isbn><isbn10>1432838482</isbn10><isbn13>9781432838485</isbn13></isbn><isbn><isbn10>1603932313</isbn10><isbn13>9781603932318</isbn13></isbn><isbn><isbn10>1480560103</isbn10><isbn13>9781480560109</isbn13></isbn><isbn><isbn10>1491519118</isbn10><isbn13>9781491519110</isbn13></isbn><isbn><isbn10>1543661904</isbn10><isbn13>9781543661903</isbn13></isbn></isbns><buy_links><buy_link><name>Local Booksellers</name><url>http://www.indiebound.org/book/9780385490818?aff=NYT</url></buy_link><buy_link><name>Barnes and Noble</name><url>http://www.anrdoezrs.net/click-7990613-11819508?url=http%3A%2F%2Fwww.barnesandnoble.com%2Fw%2F%3Fean%3D9780385490818</url></buy_link><buy_link><name>Amazon</name><url>https://www.amazon.com/Handmaids-Tale-Margaret-Atwood-ebook/dp/B003JFJHTS?tag=NYTBS-20</url></buy_link></buy_links></book><book><rank>4</rank><rank_last_week>3</rank_last_week><weeks_on_list>5</weeks_on_list><asterisk>0</asterisk><dagger>0</dagger><primary_isbn10>0316464147</primary_isbn10><primary_isbn13>9780316464147</primary_isbn13><publisher>Little, Brown</publisher><description>After a raid on a brothel that serviced Chicago’s elite, two people are dead and the madam’s black book has disappeared. Who is responsible?</description><price>0</price><title>THE BLACK BOOK</title><author>James Patterson and David Ellis</author><contributor>by James Patterson and David Ellis</contributor><contributor_note></contributor_note><book_image>https://s1.nyt.com/du/books/images/9780316464147.jpg</book_image><book_image_width>321</book_image_width><book_image_height>495</book_image_height><amazon_product_url>https://www.amazon.com/Black-Book-James-Patterson-ebook/dp/B01HZFB38U?tag=NYTBS-20</amazon_product_url><age_group></age_group><book_review_link></book_review_link><first_chapter_link></first_chapter_link><sunday_review_link></sunday_review_link><article_chapter_link></article_chapter_link><isbns><isbn><isbn10>0316273880</isbn10><isbn13>9780316273886</isbn13></isbn><isbn><isbn10>0316464163</isbn10><isbn13>9780316464161</isbn13></isbn><isbn><isbn10>0316464147</isbn10><isbn13>9780316464147</isbn13></isbn><isbn><isbn10>1455542679</isbn10><isbn13>9781455542673</isbn13></isbn><isbn><isbn10>1538729083</isbn10><isbn13>9781538729083</isbn13></isbn></isbns><buy_links><buy_link><name>Local Booksellers</name><url>http://www.indiebound.org/book/9780316464147?aff=NYT</url></buy_link><buy_link><name>Barnes and Noble</name><url>http://www.anrdoezrs.net/click-7990613-11819508?url=http%3A%2F%2Fwww.barnesandnoble.com%2Fw%2F%3Fean%3D9780316464147</url></buy_link><buy_link><name>Amazon</name><url>https://www.amazon.com/Black-Book-James-Patterson-ebook/dp/B01HZFB38U?tag=NYTBS-20</url></buy_link></buy_links></book><book><rank>5</rank><rank_last_week>0</rank_last_week><weeks_on_list>1</weeks_on_list><asterisk>0</asterisk><dagger>0</dagger><primary_isbn10>0812989422</primary_isbn10><primary_isbn13>9780812989427</primary_isbn13><publisher>Random House</publisher><description>A novel-in-stories about the lives of the inhabitants of the rural Illinois hometown of Lucy Barton, the protagonist of Strout’s previous novel.</description><price>0</price><title>ANYTHING IS POSSIBLE</title><author>Elizabeth Strout</author><contributor>by Elizabeth Strout</contributor><contributor_note></contributor_note><book_image>https://s1.nyt.com/du/books/images/9780812989427.jpg</book_image><book_image_width>330</book_image_width><book_image_height>488</book_image_height><amazon_product_url>https://www.amazon.com/Anything-Possible-Novel-Elizabeth-Strout-ebook/dp/B01LY2BN5I?tag=NYTBS-20</amazon_product_url><age_group></age_group><book_review_link>https://www.nytimes.com/2017/05/12/books/review/anything-is-possible-elizabeth-strout.html</book_review_link><first_chapter_link></first_chapter_link><sunday_review_link></sunday_review_link><article_chapter_link></article_chapter_link><isbns><isbn><isbn10>0812989406</isbn10><isbn13>9780812989403</isbn13></isbn><isbn><isbn10>0812989422</isbn10><isbn13>9780812989427</isbn13></isbn></isbns><buy_links><buy_link><name>Local Booksellers</name><url>http://www.indiebound.org/book/9780812989427?aff=NYT</url></buy_link><buy_link><name>Barnes and Noble</name><url>http://www.anrdoezrs.net/click-7990613-11819508?url=http%3A%2F%2Fwww.barnesandnoble.com%2Fw%2F%3Fean%3D9780812989427</url></buy_link><buy_link><name>Amazon</name><url>https://www.amazon.com/Anything-Possible-Novel-Elizabeth-Strout-ebook/dp/B01LY2BN5I?tag=NYTBS-20</url></buy_link></buy_links></book><book><rank>6</rank><rank_last_week>4</rank_last_week><weeks_on_list>37</weeks_on_list><asterisk>0</asterisk><dagger>0</dagger><primary_isbn10>0698138635</primary_isbn10><primary_isbn13>9780698138636</primary_isbn13><publisher>Berkley</publisher><description>Who will end up dead, and how, when three mothers with children in the same school become friends?</description><price>0</price><title>BIG LITTLE LIES</title><author>Liane Moriarty</author><contributor>by Liane Moriarty</contributor><contributor_note></contributor_note><book_image>https://s1.nyt.com/du/books/images/9780698138636.jpg</book_image><book_image_width>128</book_image_width><book_image_height>193</book_image_height><amazon_product_url>http://www.amazon.com/Big-Little-Lies-Liane-Moriarty-ebook/dp/B00HDMMISA?tag=NYTBS-20</amazon_product_url><age_group></age_group><book_review_link>https://www.nytimes.com/2014/07/25/books/in-big-little-lies-liane-moriarty-finds-new-complications.html</book_review_link><first_chapter_link></first_chapter_link><sunday_review_link></sunday_review_link><article_chapter_link></article_chapter_link><isbns><isbn><isbn10>0399167064</isbn10><isbn13>9780399167065</isbn13></isbn><isbn><isbn10>0698138635</isbn10><isbn13>9780698138636</isbn13></isbn><isbn><isbn10>1410472035</isbn10><isbn13>9781410472038</isbn13></isbn><isbn><isbn10>0425274861</isbn10><isbn13>9780425274866</isbn13></isbn><isbn><isbn10>1594139067</isbn10><isbn13>9781594139062</isbn13></isbn><isbn><isbn10>0399587195</isbn10><isbn13>9780399587191</isbn13></isbn><isbn><isbn10>0399587209</isbn10><isbn13>9780399587207</isbn13></isbn><isbn><isbn10>1312731796</isbn10><isbn13>9781312731790</isbn13></isbn></isbns><buy_links><buy_link><name>Local Booksellers</name><url>http://www.indiebound.org/book/9780698138636?aff=NYT</url></buy_link><buy_link><name>Barnes and Noble</name><url>http://www.anrdoezrs.net/click-7990613-11819508?url=http%3A%2F%2Fwww.barnesandnoble.com%2Fw%2F%3Fean%3D9780698138636</url></buy_link><buy_link><name>Amazon</name><url>http://www.amazon.com/Big-Little-Lies-Liane-Moriarty-ebook/dp/B00HDMMISA?tag=NYTBS-20</url></buy_link></buy_links></book><book><rank>7</rank><rank_last_week>6</rank_last_week><weeks_on_list>14</weeks_on_list><asterisk>0</asterisk><dagger>0</dagger><primary_isbn10>1501132954</primary_isbn10><primary_isbn13>9781501132957</primary_isbn13><publisher>Scout</publisher><description>A travel writer on a cruise is certain she has heard a body thrown overboard, but no one believes her.</description><price>0</price><title>THE WOMAN IN CABIN 10</title><author>Ruth Ware</author><contributor>by Ruth Ware</contributor><contributor_note></contributor_note><book_image>https://s1.nyt.com/du/books/images/9781501132940.jpg</book_image><book_image_width>330</book_image_width><book_image_height>495</book_image_height><amazon_product_url>http://www.amazon.com/Woman-Cabin-10-Ruth-Ware-ebook/dp/B019DKO5BM?tag=NYTBS-20</amazon_product_url><age_group></age_group><book_review_link></book_review_link><first_chapter_link></first_chapter_link><sunday_review_link></sunday_review_link><article_chapter_link></article_chapter_link><isbns><isbn><isbn10>1501132938</isbn10><isbn13>9781501132933</isbn13></isbn><isbn><isbn10>1501132946</isbn10><isbn13>9781501132940</isbn13></isbn><isbn><isbn10>1501132954</isbn10><isbn13>9781501132957</isbn13></isbn><isbn><isbn10>1501151797</isbn10><isbn13>9781501151798</isbn13></isbn><isbn><isbn10>1432839934</isbn10><isbn13>9781432839932</isbn13></isbn></isbns><buy_links><buy_link><name>Local Booksellers</name><url>http://www.indiebound.org/book/9781501132957?aff=NYT</url></buy_link><buy_link><name>Barnes and Noble</name><url>http://www.anrdoezrs.net/click-7990613-11819508?url=http%3A%2F%2Fwww.barnesandnoble.com%2Fw%2F%3Fean%3D9781501132957</url></buy_link><buy_link><name>Amazon</name><url>http://www.amazon.com/Woman-Cabin-10-Ruth-Ware-ebook/dp/B019DKO5BM?tag=NYTBS-20</url></buy_link></buy_links></book><book><rank>8</rank><rank_last_week>0</rank_last_week><weeks_on_list>1</weeks_on_list><asterisk>0</asterisk><dagger>0</dagger><primary_isbn10>1466887222</primary_isbn10><primary_isbn13>9781466887220</primary_isbn13><publisher>St. Martin's</publisher><description>A woman with the ability to communicate with animals becomes caught in a cat-and-mouse game.</description><price>0</price><title>NO EASY TARGET</title><author>Iris Johansen</author><contributor>by Iris Johansen</contributor><contributor_note></contributor_note><book_image>https://s1.nyt.com/du/books/images/9781466887220.jpg</book_image><book_image_width>326</book_image_width><book_image_height>495</book_image_height><amazon_product_url>https://www.amazon.com/No-Easy-Target-Iris-Johansen-ebook/dp/B01LX3ACC7?tag=NYTBS-20</amazon_product_url><age_group></age_group><book_review_link></book_review_link><first_chapter_link></first_chapter_link><sunday_review_link></sunday_review_link><article_chapter_link></article_chapter_link><isbns><isbn><isbn10>1466887222</isbn10><isbn13>9781466887220</isbn13></isbn><isbn><isbn10>125007584X</isbn10><isbn13>9781250075840</isbn13></isbn></isbns><buy_links><buy_link><name>Local Booksellers</name><url>http://www.indiebound.org/book/9781466887220?aff=NYT</url></buy_link><buy_link><name>Barnes and Noble</name><url>http://www.anrdoezrs.net/click-7990613-11819508?url=http%3A%2F%2Fwww.barnesandnoble.com%2Fw%2F%3Fean%3D9781466887220</url></buy_link><buy_link><name>Amazon</name><url>https://www.amazon.com/No-Easy-Target-Iris-Johansen-ebook/dp/B01LX3ACC7?tag=NYTBS-20</url></buy_link></buy_links></book><book><rank>9</rank><rank_last_week>0</rank_last_week><weeks_on_list>1</weeks_on_list><asterisk>0</asterisk><dagger>0</dagger><primary_isbn10>1501120565</primary_isbn10><primary_isbn13>9781501120565</primary_isbn13><publisher>Gallery Books</publisher><description>A legacy of deceit threatens Lila and Sian's already tenuous bond.</description><price>0</price><title>WICKED ABYSS</title><author>Kresley Cole</author><contributor>by Kresley Cole</contributor><contributor_note></contributor_note><book_image>https://s1.nyt.com/du/books/images/9781501120565.jpg</book_image><book_image_width>328</book_image_width><book_image_height>495</book_image_height><amazon_product_url>https://www.amazon.com/Wicked-Abyss-Immortals-After-Dark-ebook/dp/B01INMZKJC?tag=NYTBS-20</amazon_product_url><age_group></age_group><book_review_link></book_review_link><first_chapter_link></first_chapter_link><sunday_review_link></sunday_review_link><article_chapter_link></article_chapter_link><isbns><isbn><isbn10>1501120565</isbn10><isbn13>9781501120565</isbn13></isbn><isbn><isbn10>1501120255</isbn10><isbn13>9781501120251</isbn13></isbn></isbns><buy_links><buy_link><name>Local Booksellers</name><url>http://www.indiebound.org/book/9781501120565?aff=NYT</url></buy_link><buy_link><name>Barnes and Noble</name><url>http://www.anrdoezrs.net/click-7990613-11819508?url=http%3A%2F%2Fwww.barnesandnoble.com%2Fw%2F%3Fean%3D9781501120565</url></buy_link><buy_link><name>Amazon</name><url>https://www.amazon.com/Wicked-Abyss-Immortals-After-Dark-ebook/dp/B01INMZKJC?tag=NYTBS-20</url></buy_link></buy_links></book><book><rank>10</rank><rank_last_week>5</rank_last_week><weeks_on_list>49</weeks_on_list><asterisk>0</asterisk><dagger>0</dagger><primary_isbn10>1476738025</primary_isbn10><primary_isbn13>9781476738024</primary_isbn13><publisher>Washington Square</publisher><description>A curmudgeon's gruff exterior masks a generosity of spirit. Originally published in Sweden in 2014.</description><price>0</price><title>A MAN CALLED OVE</title><author>Fredrik Backman</author><contributor>by Fredrik Backman</contributor><contributor_note></contributor_note><book_image>https://s1.nyt.com/du/books/images/9781476738024.jpg</book_image><book_image_width>318</book_image_width><book_image_height>495</book_image_height><amazon_product_url>http://www.amazon.com/Man-Called-Ove-Novel/dp/1476738025?tag=NYTBS-20</amazon_product_url><age_group></age_group><book_review_link></book_review_link><first_chapter_link></first_chapter_link><sunday_review_link></sunday_review_link><article_chapter_link></article_chapter_link><isbns><isbn><isbn10>1476738025</isbn10><isbn13>9781476738024</isbn13></isbn><isbn><isbn10>1476738017</isbn10><isbn13>9781476738017</isbn13></isbn><isbn><isbn10>1594139830</isbn10><isbn13>9781594139833</isbn13></isbn><isbn><isbn10>1410472922</isbn10><isbn13>9781410472922</isbn13></isbn></isbns><buy_links><buy_link><name>Local Booksellers</name><url>http://www.indiebound.org/book/9781476738024?aff=NYT</url></buy_link><buy_link><name>Barnes and Noble</name><url>http://www.anrdoezrs.net/click-7990613-11819508?url=http%3A%2F%2Fwww.barnesandnoble.com%2Fw%2F%3Fean%3D9781476738024</url></buy_link><buy_link><name>Amazon</name><url>http://www.amazon.com/Man-Called-Ove-Novel/dp/1476738025?tag=NYTBS-20</url></buy_link></buy_links></book><book><rank>11</rank><rank_last_week>10</rank_last_week><weeks_on_list>8</weeks_on_list><asterisk>0</asterisk><dagger>0</dagger><primary_isbn10>1101883081</primary_isbn10><primary_isbn13>9781101883082</primary_isbn13><publisher>Ballantine</publisher><description>A story of three women’s lives during and after World War II.</description><price>0</price><title>LILAC GIRLS</title><author>Martha Hall Kelly</author><contributor>by Martha Hall Kelly</contributor><contributor_note></contributor_note><book_image>https://s1.nyt.com/du/books/images/9781101883075.jpg</book_image><book_image_width>330</book_image_width><book_image_height>493</book_image_height><amazon_product_url>http://www.amazon.com/Lilac-Girls-Martha-Hall-Kelly/dp/1101883073?tag=NYTBS-20</amazon_product_url><age_group></age_group><book_review_link></book_review_link><first_chapter_link></first_chapter_link><sunday_review_link></sunday_review_link><article_chapter_link></article_chapter_link><isbns><isbn><isbn10>1101883073</isbn10><isbn13>9781101883075</isbn13></isbn><isbn><isbn10>1101883065</isbn10><isbn13>9781101883068</isbn13></isbn><isbn><isbn10>1101883081</isbn10><isbn13>9781101883082</isbn13></isbn><isbn><isbn10>1432839918</isbn10><isbn13>9781432839918</isbn13></isbn></isbns><buy_links><buy_link><name>Local Booksellers</name><url>http://www.indiebound.org/book/9781101883082?aff=NYT</url></buy_link><buy_link><name>Barnes and Noble</name><url>http://www.anrdoezrs.net/click-7990613-11819508?url=http%3A%2F%2Fwww.barnesandnoble.com%2Fw%2F%3Fean%3D9781101883082</url></buy_link><buy_link><name>Amazon</name><url>http://www.amazon.com/Lilac-Girls-Martha-Hall-Kelly/dp/1101883073?tag=NYTBS-20</url></buy_link></buy_links></book><book><rank>12</rank><rank_last_week>0</rank_last_week><weeks_on_list>14</weeks_on_list><asterisk>0</asterisk><dagger>0</dagger><primary_isbn10>145558648X</primary_isbn10><primary_isbn13>9781455586486</primary_isbn13><publisher>Grand Central</publisher><description>In a sequel to “Memory Man,” Amos Decker, a detective with an extraordinary memory, investigates the case of a convicted killer who wins a last-minute reprieve.</description><price>0</price><title>THE LAST MILE</title><author>David Baldacci</author><contributor>by David Baldacci</contributor><contributor_note></contributor_note><book_image>https://s1.nyt.com/du/books/images/9781455586455.jpg</book_image><book_image_width>328</book_image_width><book_image_height>495</book_image_height><amazon_product_url>http://www.amazon.com/The-Last-Mile-Amos-Decker-ebook/dp/B016JC0THQ?tag=NYTBS-20</amazon_product_url><age_group></age_group><book_review_link></book_review_link><first_chapter_link></first_chapter_link><sunday_review_link></sunday_review_link><article_chapter_link></article_chapter_link><isbns><isbn><isbn10>1455586455</isbn10><isbn13>9781455586455</isbn13></isbn><isbn><isbn10>145558648X</isbn10><isbn13>9781455586486</isbn13></isbn><isbn><isbn10>1455566020</isbn10><isbn13>9781455566020</isbn13></isbn><isbn><isbn10>1455586463</isbn10><isbn13>9781455586462</isbn13></isbn><isbn><isbn10>1455586447</isbn10><isbn13>9781455586448</isbn13></isbn></isbns><buy_links><buy_link><name>Local Booksellers</name><url>http://www.indiebound.org/book/9781455586486?aff=NYT</url></buy_link><buy_link><name>Barnes and Noble</name><url>http://www.anrdoezrs.net/click-7990613-11819508?url=http%3A%2F%2Fwww.barnesandnoble.com%2Fw%2F%3Fean%3D9781455586486</url></buy_link><buy_link><name>Amazon</name><url>http://www.amazon.com/The-Last-Mile-Amos-Decker-ebook/dp/B016JC0THQ?tag=NYTBS-20</url></buy_link></buy_links></book><book><rank>13</rank><rank_last_week>0</rank_last_week><weeks_on_list>1</weeks_on_list><asterisk>0</asterisk><dagger>0</dagger><primary_isbn10>1501160788</primary_isbn10><primary_isbn13>9781501160783</primary_isbn13><publisher>Atria</publisher><description>Its hockey team’s success will revive a dying town, but its star is caught up in a scandal.</description><price>0</price><title>BEARTOWN</title><author>Fredrik Backman</author><contributor>by Fredrik Backman</contributor><contributor_note></contributor_note><book_image>https://s1.nyt.com/du/books/images/9781501160783.jpg</book_image><book_image_width>323</book_image_width><book_image_height>495</book_image_height><amazon_product_url>https://www.amazon.com/Beartown-Novel-Fredrik-Backman-ebook/dp/B01KG5GQDS?tag=NYTBS-20</amazon_product_url><age_group></age_group><book_review_link></book_review_link><first_chapter_link></first_chapter_link><sunday_review_link></sunday_review_link><article_chapter_link></article_chapter_link><isbns><isbn><isbn10>1501160761</isbn10><isbn13>9781501160769</isbn13></isbn><isbn><isbn10>1501160788</isbn10><isbn13>9781501160783</isbn13></isbn><isbn><isbn10>150116077X</isbn10><isbn13>9781501160776</isbn13></isbn></isbns><buy_links><buy_link><name>Local Booksellers</name><url>http://www.indiebound.org/book/9781501160783?aff=NYT</url></buy_link><buy_link><name>Barnes and Noble</name><url>http://www.anrdoezrs.net/click-7990613-11819508?url=http%3A%2F%2Fwww.barnesandnoble.com%2Fw%2F%3Fean%3D9781501160783</url></buy_link><buy_link><name>Amazon</name><url>https://www.amazon.com/Beartown-Novel-Fredrik-Backman-ebook/dp/B01KG5GQDS?tag=NYTBS-20</url></buy_link></buy_links></book><book><rank>14</rank><rank_last_week>9</rank_last_week><weeks_on_list>20</weeks_on_list><asterisk>0</asterisk><dagger>0</dagger><primary_isbn10>144947425X</primary_isbn10><primary_isbn13>9781449474256</primary_isbn13><publisher>Andrews McMeel</publisher><description>Poetic approaches to surviving adversity and loss.</description><price>0</price><title>MILK AND HONEY</title><author>Rupi Kaur</author><contributor>by Rupi Kaur</contributor><contributor_note></contributor_note><book_image>https://s1.nyt.com/du/books/images/9781449474256.jpg</book_image><book_image_width>319</book_image_width><book_image_height>495</book_image_height><amazon_product_url>http://www.amazon.com/Milk-Honey-Rupi-Kaur/dp/144947425X?tag=NYTBS-20</amazon_product_url><age_group></age_group><book_review_link></book_review_link><first_chapter_link></first_chapter_link><sunday_review_link></sunday_review_link><article_chapter_link></article_chapter_link><isbns><isbn><isbn10>144947425X</isbn10><isbn13>9781449474256</isbn13></isbn></isbns><buy_links><buy_link><name>Local Booksellers</name><url>http://www.indiebound.org/book/9781449474256?aff=NYT</url></buy_link><buy_link><name>Barnes and Noble</name><url>http://www.anrdoezrs.net/click-7990613-11819508?url=http%3A%2F%2Fwww.barnesandnoble.com%2Fw%2F%3Fean%3D9781449474256</url></buy_link><buy_link><name>Amazon</name><url>http://www.amazon.com/Milk-Honey-Rupi-Kaur/dp/144947425X?tag=NYTBS-20</url></buy_link></buy_links></book><book><rank>15</rank><rank_last_week>0</rank_last_week><weeks_on_list>62</weeks_on_list><asterisk>0</asterisk><dagger>0</dagger><primary_isbn10>1250080401</primary_isbn10><primary_isbn13>9781250080400</primary_isbn13><publisher>St. Martin's</publisher><description>Two sisters are separated in World War II France: one in the countryside, the other in Paris.</description><price>0</price><title>THE NIGHTINGALE</title><author>Kristin Hannah</author><contributor>by Kristin Hannah</contributor><contributor_note></contributor_note><book_image>https://s1.nyt.com/du/books/images/9781466850606.jpg</book_image><book_image_width>128</book_image_width><book_image_height>195</book_image_height><amazon_product_url>http://www.amazon.com/The-Nightingale-Kristin-Hannah/dp/0312577222?tag=NYTBS-20</amazon_product_url><age_group></age_group><book_review_link></book_review_link><first_chapter_link></first_chapter_link><sunday_review_link></sunday_review_link><article_chapter_link></article_chapter_link><isbns><isbn><isbn10>0312577222</isbn10><isbn13>9780312577223</isbn13></isbn><isbn><isbn10>1466850604</isbn10><isbn13>9781466850606</isbn13></isbn><isbn><isbn10>1628995017</isbn10><isbn13>9781628995015</isbn13></isbn><isbn><isbn10>1250080401</isbn10><isbn13>9781250080400</isbn13></isbn></isbns><buy_links><buy_link><name>Local Booksellers</name><url>http://www.indiebound.org/book/9781250080400?aff=NYT</url></buy_link><buy_link><name>Barnes and Noble</name><url>http://www.anrdoezrs.net/click-7990613-11819508?url=http%3A%2F%2Fwww.barnesandnoble.com%2Fw%2F%3Fean%3D9781250080400</url></buy_link><buy_link><name>Amazon</name><url>http://www.amazon.com/The-Nightingale-Kristin-Hannah/dp/0312577222?tag=NYTBS-20</url></buy_link></buy_links></book></books><corrections/></results></result_set>
