<?xml version="1.0" encoding="UTF-8"?>
<result_set><status>OK</status><copyright>Copyright (c) 2018 The New York Times Company.  All Rights Reserved.</copyright><num_results>15</num_results><last_modified>2017-05-26T13:38:01-04:00</last_modified><results><list_name>Combined Print and E-Book Fiction</list_name><list_name_encoded>combined-print-and-e-book-fiction</list_name_encoded><bestsellers_date>2017-05-20</bestsellers_date><published_date>2017-06-04</published_date><published_date_description></published_date_description><next_published_date>2017-06-11</next_published_date><previous_published_date>2017-05-28</previous_published_date><display_name><![CDATA[Combined Print & E-Book Fiction]]></display_name><normal_list_ends_at>15</normal_list_ends_at><updated>WEEKLY</updated><books><book><rank>1</rank><rank_last_week>1</rank_last_week><weeks_on_list>3</weeks_on_list><asterisk>0</asterisk><dagger>0</dagger><primary_isbn10>0735211205</primary_isbn10><primary_isbn13>9780735211209</primary_isbn13><publisher>Riverhead</publisher><description>In this psychological thriller by the author of “The Girl on the Train,” women are found drowned in a river in an English town.</description><price>0</price><title>INTO THE WATER</title><author>Paula Hawkins</author><contributor>by Paula Hawkins</contributor><contributor_note></contributor_note><book_image>https://s1.nyt.com/du/books/images/9780735211216.jpg</book_image><book_image_width>328</book_image_width><book_image_height>495</book_image_height><amazon_product_url>https://www.amazon.com/Into-Water-Novel-Paula-Hawkins-ebook/dp/B01N590V3K?tag=NYTBS-20</amazon_product_url><age_group></age_group><book_review_link></book_review_link><first_chapter_link></first_chapter_link><sunday_review_link></sunday_review_link><article_chapter_link></article_chapter_link><isbns><isbn><isbn10>0735211205</isbn10><isbn13>9780735211209</isbn13></isbn><isbn><isbn10>0735211213</isbn10><isbn13>9780735211216</isbn13></isbn><isbn><isbn10>0735211221</isbn10><isbn13>9780735211223</isbn13></isbn><isbn><isbn10>0525496203</isbn10><isbn13>9780525496205</isbn13></isbn></isbns><buy_links><buy_link><name>Local Booksellers</name><url>http://www.indiebound.org/book/9780735211209?aff=NYT</url></buy_link><buy_link><name>Barnes and Noble</name><url>http://www.anrdoezrs.net/click-7990613-11819508?url=http%3A%2F%2Fwww.barnesandnoble.com%2Fw%2F%3Fean%3D9780735211209</url></buy_link><buy_link><name>Amazon</name><url>https://www.amazon.com/Into-Water-Novel-Paula-Hawkins-ebook/dp/B01N590V3K?tag=NYTBS-20</url></buy_link></buy_links></book><book><rank>2</rank><rank_last_week>0</rank_last_week><weeks_on_list>1</weeks_on_list><asterisk>0</asterisk><dagger>0</dagger><primary_isbn10>None</primary_isbn10><primary_isbn13>A00B01L9WY8PU</primary_isbn13><publisher>Waterhouse</publisher><description>More Steel family secrets are revealed as Melanie gains confidence in her love for guilt-plagued Jonah.</description><price>0</price><title>SURRENDER</title><author>Helen Hardt</author><contributor>by Helen Hardt</contributor><contributor_note></contributor_note><book_image>https://s1.nyt.com/du/books/images/A00B01L9WY8PU.jpg</book_image><book_image_width>330</book_image_width><book_image_height>495</book_image_height><amazon_product_url>https://www.amazon.com/Surrender-Steel-Brothers-Saga-Book-ebook/dp/B01L9WY8PU?tag=NYTBS-20</amazon_product_url><age_group></age_group><book_review_link></book_review_link><first_chapter_link></first_chapter_link><sunday_review_link></sunday_review_link><article_chapter_link></article_chapter_link><isbns><isbn><isbn10>1943893225</isbn10><isbn13>9781943893225</isbn13></isbn></isbns><buy_links><buy_link><name>Local Booksellers</name><url><![CDATA[http://www.indiebound.org/search/book?searchfor=SURRENDER+Helen+Hardt&aff=NYT]]></url></buy_link><buy_link><name>Barnes and Noble</name><url>http://www.anrdoezrs.net/click-7990613-11819508?url=http%3A%2F%2Fwww.barnesandnoble.com%2Fs%2FSURRENDER+Helen+Hardt</url></buy_link><buy_link><name>Amazon</name><url>https://www.amazon.com/Surrender-Steel-Brothers-Saga-Book-ebook/dp/B01L9WY8PU?tag=NYTBS-20</url></buy_link></buy_links></book><book><rank>3</rank><rank_last_week>0</rank_last_week><weeks_on_list>1</weeks_on_list><asterisk>0</asterisk><dagger>0</dagger><primary_isbn10>0399593586</primary_isbn10><primary_isbn13>9780399593581</primary_isbn13><publisher>Delacorte</publisher><description>A complete collection of Jack Reacher stories.</description><price>0</price><title>NO MIDDLE NAME</title><author>Lee Child</author><contributor>by Lee Child</contributor><contributor_note></contributor_note><book_image>https://s1.nyt.com/du/books/images/9780399593581.jpg</book_image><book_image_width>330</book_image_width><book_image_height>495</book_image_height><amazon_product_url>https://www.amazon.com/No-Middle-Name-Complete-Collected-ebook/dp/B01MTJQFQY?tag=NYTBS-20</amazon_product_url><age_group></age_group><book_review_link></book_review_link><first_chapter_link></first_chapter_link><sunday_review_link></sunday_review_link><article_chapter_link></article_chapter_link><isbns><isbn><isbn10>0399593578</isbn10><isbn13>9780399593574</isbn13></isbn><isbn><isbn10>0399593586</isbn10><isbn13>9780399593581</isbn13></isbn><isbn><isbn10>0399593594</isbn10><isbn13>9780399593598</isbn13></isbn></isbns><buy_links><buy_link><name>Local Booksellers</name><url>http://www.indiebound.org/book/9780399593581?aff=NYT</url></buy_link><buy_link><name>Barnes and Noble</name><url>http://www.anrdoezrs.net/click-7990613-11819508?url=http%3A%2F%2Fwww.barnesandnoble.com%2Fw%2F%3Fean%3D9780399593581</url></buy_link><buy_link><name>Amazon</name><url>https://www.amazon.com/No-Middle-Name-Complete-Collected-ebook/dp/B01MTJQFQY?tag=NYTBS-20</url></buy_link></buy_links></book><book><rank>4</rank><rank_last_week>0</rank_last_week><weeks_on_list>1</weeks_on_list><asterisk>0</asterisk><dagger>0</dagger><primary_isbn10>None</primary_isbn10><primary_isbn13>A00B06XC9VTBV</primary_isbn13><publisher>Cemetery Dance</publisher><description>King returns to Castle Rock, Me., in this novella set in 1974.</description><price>0</price><title>GWENDY'S BUTTON BOX</title><author>Stephen King and Richard Chizmar</author><contributor>by Stephen King and Richard Chizmar</contributor><contributor_note></contributor_note><book_image>https://s1.nyt.com/du/books/images/9781587676109.jpg</book_image><book_image_width>319</book_image_width><book_image_height>495</book_image_height><amazon_product_url>https://www.amazon.com/Gwendys-Button-Box-Stephen-King/dp/1587676109?tag=NYTBS-20</amazon_product_url><age_group></age_group><book_review_link></book_review_link><first_chapter_link></first_chapter_link><sunday_review_link></sunday_review_link><article_chapter_link></article_chapter_link><isbns><isbn><isbn10>1587676109</isbn10><isbn13>9781587676109</isbn13></isbn></isbns><buy_links><buy_link><name>Local Booksellers</name><url><![CDATA[http://www.indiebound.org/search/book?searchfor=GWENDY%27S+BUTTON+BOX+Stephen+King+and+Richard+Chizmar&aff=NYT]]></url></buy_link><buy_link><name>Barnes and Noble</name><url>http://www.anrdoezrs.net/click-7990613-11819508?url=http%3A%2F%2Fwww.barnesandnoble.com%2Fs%2FGWENDY%27S+BUTTON+BOX+Stephen+King+and+Richard+Chizmar</url></buy_link><buy_link><name>Amazon</name><url>https://www.amazon.com/Gwendys-Button-Box-Stephen-King/dp/1587676109?tag=NYTBS-20</url></buy_link></buy_links></book><book><rank>5</rank><rank_last_week>2</rank_last_week><weeks_on_list>3</weeks_on_list><asterisk>0</asterisk><dagger>0</dagger><primary_isbn10>0316274038</primary_isbn10><primary_isbn13>9780316274036</primary_isbn13><publisher>Little, Brown</publisher><description>In San Francisco, Detective Lindsay Boxer and the Women’s Murder Club face their toughest case yet.</description><price>0</price><title>16TH SEDUCTION</title><author>James Patterson and Maxine Paetro</author><contributor>by James Patterson and Maxine Paetro</contributor><contributor_note></contributor_note><book_image>https://s1.nyt.com/du/books/images/9780316553452.jpg</book_image><book_image_width>319</book_image_width><book_image_height>495</book_image_height><amazon_product_url>https://www.amazon.com/16th-Seduction-Womens-Murder-Club-ebook/dp/B01LXW2CGJ?tag=NYTBS-20</amazon_product_url><age_group></age_group><book_review_link></book_review_link><first_chapter_link></first_chapter_link><sunday_review_link></sunday_review_link><article_chapter_link></article_chapter_link><isbns><isbn><isbn10>0316274038</isbn10><isbn13>9780316274036</isbn13></isbn><isbn><isbn10>031655118X</isbn10><isbn13>9780316551182</isbn13></isbn><isbn><isbn10>031655345X</isbn10><isbn13>9780316553452</isbn13></isbn><isbn><isbn10>1455542660</isbn10><isbn13>9781455542666</isbn13></isbn></isbns><buy_links><buy_link><name>Local Booksellers</name><url>http://www.indiebound.org/book/9780316274036?aff=NYT</url></buy_link><buy_link><name>Barnes and Noble</name><url>http://www.anrdoezrs.net/click-7990613-11819508?url=http%3A%2F%2Fwww.barnesandnoble.com%2Fw%2F%3Fean%3D9780316274036</url></buy_link><buy_link><name>Amazon</name><url>https://www.amazon.com/16th-Seduction-Womens-Murder-Club-ebook/dp/B01LXW2CGJ?tag=NYTBS-20</url></buy_link></buy_links></book><book><rank>6</rank><rank_last_week>3</rank_last_week><weeks_on_list>9</weeks_on_list><asterisk>0</asterisk><dagger>0</dagger><primary_isbn10>038549081X</primary_isbn10><primary_isbn13>9780385490818</primary_isbn13><publisher>Houghton Mifflin Harcourt</publisher><description>In a dystopian future, men and women perform the services assigned to them. Originally published in 1986.</description><price>0</price><title>THE HANDMAID'S TALE</title><author>Margaret Atwood</author><contributor>by Margaret Atwood</contributor><contributor_note></contributor_note><book_image>https://s1.nyt.com/du/books/images/9780547345666.jpg</book_image><book_image_width>330</book_image_width><book_image_height>485</book_image_height><amazon_product_url>https://www.amazon.com/Handmaids-Tale-Margaret-Atwood-ebook/dp/B003JFJHTS?tag=NYTBS-20</amazon_product_url><age_group></age_group><book_review_link></book_review_link><first_chapter_link></first_chapter_link><sunday_review_link>https://www.nytimes.com/1986/02/09/books/no-headline-423986.html</sunday_review_link><article_chapter_link></article_chapter_link><isbns><isbn><isbn10>038549081X</isbn10><isbn13>9780385490818</isbn13></isbn><isbn><isbn10>0547345666</isbn10><isbn13>9780547345666</isbn13></isbn><isbn><isbn10>0307264602</isbn10><isbn13>9780307264602</isbn13></isbn><isbn><isbn10>1432838482</isbn10><isbn13>9781432838485</isbn13></isbn><isbn><isbn10>1603932313</isbn10><isbn13>9781603932318</isbn13></isbn><isbn><isbn10>1480560103</isbn10><isbn13>9781480560109</isbn13></isbn><isbn><isbn10>1491519118</isbn10><isbn13>9781491519110</isbn13></isbn><isbn><isbn10>1543661904</isbn10><isbn13>9781543661903</isbn13></isbn></isbns><buy_links><buy_link><name>Local Booksellers</name><url>http://www.indiebound.org/book/9780385490818?aff=NYT</url></buy_link><buy_link><name>Barnes and Noble</name><url>http://www.anrdoezrs.net/click-7990613-11819508?url=http%3A%2F%2Fwww.barnesandnoble.com%2Fw%2F%3Fean%3D9780385490818</url></buy_link><buy_link><name>Amazon</name><url>https://www.amazon.com/Handmaids-Tale-Margaret-Atwood-ebook/dp/B003JFJHTS?tag=NYTBS-20</url></buy_link></buy_links></book><book><rank>7</rank><rank_last_week>0</rank_last_week><weeks_on_list>1</weeks_on_list><asterisk>0</asterisk><dagger>0</dagger><primary_isbn10>0062390805</primary_isbn10><primary_isbn13>9780062390806</primary_isbn13><publisher>Morrow</publisher><description>Two couples form a lifelong friendship during their annual reunions on one of South Carolina’s barrier islands.</description><price>0</price><title>SAME BEACH, NEXT YEAR</title><author>Dorothea Benton Frank</author><contributor>by Dorothea Benton Frank</contributor><contributor_note></contributor_note><book_image>https://s1.nyt.com/du/books/images/9780062390806.jpg</book_image><book_image_width>330</book_image_width><book_image_height>495</book_image_height><amazon_product_url>https://www.amazon.com/Same-Beach-Next-Year-Novel-ebook/dp/B01LL0JG3Y?tag=NYTBS-20</amazon_product_url><age_group></age_group><book_review_link></book_review_link><first_chapter_link></first_chapter_link><sunday_review_link></sunday_review_link><article_chapter_link></article_chapter_link><isbns><isbn><isbn10>0062390783</isbn10><isbn13>9780062390783</isbn13></isbn><isbn><isbn10>0062390805</isbn10><isbn13>9780062390806</isbn13></isbn></isbns><buy_links><buy_link><name>Local Booksellers</name><url>http://www.indiebound.org/book/9780062390806?aff=NYT</url></buy_link><buy_link><name>Barnes and Noble</name><url>http://www.anrdoezrs.net/click-7990613-11819508?url=http%3A%2F%2Fwww.barnesandnoble.com%2Fw%2F%3Fean%3D9780062390806</url></buy_link><buy_link><name>Amazon</name><url>https://www.amazon.com/Same-Beach-Next-Year-Novel-ebook/dp/B01LL0JG3Y?tag=NYTBS-20</url></buy_link></buy_links></book><book><rank>8</rank><rank_last_week>4</rank_last_week><weeks_on_list>5</weeks_on_list><asterisk>0</asterisk><dagger>0</dagger><primary_isbn10>1455586552</primary_isbn10><primary_isbn13>9781455586554</primary_isbn13><publisher>Grand Central</publisher><description>The detective Amos Decker (“Memory Man”) witnesses a murder-suicide that turns out to be a matter of national security.</description><price>0</price><title>THE FIX</title><author>David Baldacci</author><contributor>by David Baldacci</contributor><contributor_note></contributor_note><book_image>https://s1.nyt.com/du/books/images/9781455586561.jpg</book_image><book_image_width>330</book_image_width><book_image_height>480</book_image_height><amazon_product_url>https://www.amazon.com/Fix-Amos-Decker-David-Baldacci/dp/1455586560?tag=NYTBS-20</amazon_product_url><age_group></age_group><book_review_link></book_review_link><first_chapter_link></first_chapter_link><sunday_review_link></sunday_review_link><article_chapter_link></article_chapter_link><isbns><isbn><isbn10>1455586560</isbn10><isbn13>9781455586561</isbn13></isbn><isbn><isbn10>1455586552</isbn10><isbn13>9781455586554</isbn13></isbn><isbn><isbn10>1455586544</isbn10><isbn13>9781455586547</isbn13></isbn><isbn><isbn10>1455586587</isbn10><isbn13>9781455586585</isbn13></isbn></isbns><buy_links><buy_link><name>Local Booksellers</name><url>http://www.indiebound.org/book/9781455586554?aff=NYT</url></buy_link><buy_link><name>Barnes and Noble</name><url>http://www.anrdoezrs.net/click-7990613-11819508?url=http%3A%2F%2Fwww.barnesandnoble.com%2Fw%2F%3Fean%3D9781455586554</url></buy_link><buy_link><name>Amazon</name><url>https://www.amazon.com/Fix-Amos-Decker-David-Baldacci/dp/1455586560?tag=NYTBS-20</url></buy_link></buy_links></book><book><rank>9</rank><rank_last_week>5</rank_last_week><weeks_on_list>9</weeks_on_list><asterisk>0</asterisk><dagger>0</dagger><primary_isbn10>0804178828</primary_isbn10><primary_isbn13>9780804178822</primary_isbn13><publisher>Delacorte</publisher><description>Jack Reacher, still in the Army, becomes involved in an investigation with elite agents from the F.B.I. and C.I.A.</description><price>0</price><title>NIGHT SCHOOL</title><author>Lee Child</author><contributor>by Lee Child</contributor><contributor_note></contributor_note><book_image>https://s1.nyt.com/du/books/images/9780804178815.jpg</book_image><book_image_width>320</book_image_width><book_image_height>495</book_image_height><amazon_product_url>https://www.amazon.com/Night-School-Jack-Reacher-Novel-ebook/dp/B019B6WTRU?tag=NYTBS-20</amazon_product_url><age_group></age_group><book_review_link></book_review_link><first_chapter_link></first_chapter_link><sunday_review_link></sunday_review_link><article_chapter_link></article_chapter_link><isbns><isbn><isbn10>0804178801</isbn10><isbn13>9780804178808</isbn13></isbn><isbn><isbn10>080417881X</isbn10><isbn13>9780804178815</isbn13></isbn><isbn><isbn10>0804178828</isbn10><isbn13>9780804178822</isbn13></isbn></isbns><buy_links><buy_link><name>Local Booksellers</name><url>http://www.indiebound.org/book/9780804178822?aff=NYT</url></buy_link><buy_link><name>Barnes and Noble</name><url>http://www.anrdoezrs.net/click-7990613-11819508?url=http%3A%2F%2Fwww.barnesandnoble.com%2Fw%2F%3Fean%3D9780804178822</url></buy_link><buy_link><name>Amazon</name><url>https://www.amazon.com/Night-School-Jack-Reacher-Novel-ebook/dp/B019B6WTRU?tag=NYTBS-20</url></buy_link></buy_links></book><book><rank>10</rank><rank_last_week>0</rank_last_week><weeks_on_list>1</weeks_on_list><asterisk>0</asterisk><dagger>0</dagger><primary_isbn10>1455553522</primary_isbn10><primary_isbn13>9781455553525</primary_isbn13><publisher>Grand Central</publisher><description>A former Illinois prosecutor joins the International Criminal Court to investigate a massacre in Bosnia.</description><price>0</price><title>TESTIMONY</title><author>Scott Turow</author><contributor>by Scott Turow</contributor><contributor_note></contributor_note><book_image>https://s1.nyt.com/du/books/images/9781455553549.jpg</book_image><book_image_width>325</book_image_width><book_image_height>495</book_image_height><amazon_product_url>https://www.amazon.com/Testimony-Scott-Turow/dp/1455553549?tag=NYTBS-20</amazon_product_url><age_group></age_group><book_review_link>https://www.nytimes.com/2017/05/16/books/review/testimony-scott-turow.html</book_review_link><first_chapter_link></first_chapter_link><sunday_review_link></sunday_review_link><article_chapter_link></article_chapter_link><isbns><isbn><isbn10>1455553549</isbn10><isbn13>9781455553549</isbn13></isbn><isbn><isbn10>1455571180</isbn10><isbn13>9781455571185</isbn13></isbn><isbn><isbn10>1455553522</isbn10><isbn13>9781455553525</isbn13></isbn></isbns><buy_links><buy_link><name>Local Booksellers</name><url>http://www.indiebound.org/book/9781455553525?aff=NYT</url></buy_link><buy_link><name>Barnes and Noble</name><url>http://www.anrdoezrs.net/click-7990613-11819508?url=http%3A%2F%2Fwww.barnesandnoble.com%2Fw%2F%3Fean%3D9781455553525</url></buy_link><buy_link><name>Amazon</name><url>https://www.amazon.com/Testimony-Scott-Turow/dp/1455553549?tag=NYTBS-20</url></buy_link></buy_links></book><book><rank>11</rank><rank_last_week>0</rank_last_week><weeks_on_list>1</weeks_on_list><asterisk>0</asterisk><dagger>0</dagger><primary_isbn10>0385531435</primary_isbn10><primary_isbn13>9780385531436</primary_isbn13><publisher>Doubleday</publisher><description>Could hikers in the Adirondacks have been killed by werewolves?</description><price>0</price><title>FULL WOLF MOON</title><author>Lincoln Child</author><contributor>by Lincoln Child</contributor><contributor_note></contributor_note><book_image>https://s1.nyt.com/du/books/images/9780385531436.jpg</book_image><book_image_width>326</book_image_width><book_image_height>495</book_image_height><amazon_product_url>https://www.amazon.com/Full-Wolf-Moon-Novel-Jeremy-ebook/dp/B01LYMHM2Z?tag=NYTBS-20</amazon_product_url><age_group></age_group><book_review_link></book_review_link><first_chapter_link></first_chapter_link><sunday_review_link></sunday_review_link><article_chapter_link></article_chapter_link><isbns><isbn><isbn10>0385531427</isbn10><isbn13>9780385531429</isbn13></isbn><isbn><isbn10>0385531435</isbn10><isbn13>9780385531436</isbn13></isbn></isbns><buy_links><buy_link><name>Local Booksellers</name><url>http://www.indiebound.org/book/9780385531436?aff=NYT</url></buy_link><buy_link><name>Barnes and Noble</name><url>http://www.anrdoezrs.net/click-7990613-11819508?url=http%3A%2F%2Fwww.barnesandnoble.com%2Fw%2F%3Fean%3D9780385531436</url></buy_link><buy_link><name>Amazon</name><url>https://www.amazon.com/Full-Wolf-Moon-Novel-Jeremy-ebook/dp/B01LYMHM2Z?tag=NYTBS-20</url></buy_link></buy_links></book><book><rank>12</rank><rank_last_week>0</rank_last_week><weeks_on_list>1</weeks_on_list><asterisk>0</asterisk><dagger>0</dagger><primary_isbn10>None</primary_isbn10><primary_isbn13>A00B01MSJEQRO</primary_isbn13><publisher>Penelope Sky</publisher><description>After Pearl's retreat to New York City, the conflicted Crow follows.</description><price>0</price><title>BUTTONS AND PAIN</title><author>Penelope Sky</author><contributor>by Penelope Sky</contributor><contributor_note></contributor_note><book_image>https://s1.nyt.com/du/books/images/A00B01MSJEQRO.jpg</book_image><book_image_width>325</book_image_width><book_image_height>495</book_image_height><amazon_product_url>https://www.amazon.com/Buttons-Pain-Penelope-Sky-ebook/dp/B01MSJEQRO?tag=NYTBS-20</amazon_product_url><age_group></age_group><book_review_link></book_review_link><first_chapter_link></first_chapter_link><sunday_review_link></sunday_review_link><article_chapter_link></article_chapter_link><isbns><isbn><isbn10>1540345289</isbn10><isbn13>9781540345288</isbn13></isbn></isbns><buy_links><buy_link><name>Local Booksellers</name><url><![CDATA[http://www.indiebound.org/search/book?searchfor=BUTTONS+AND+PAIN+Penelope+Sky&aff=NYT]]></url></buy_link><buy_link><name>Barnes and Noble</name><url>http://www.anrdoezrs.net/click-7990613-11819508?url=http%3A%2F%2Fwww.barnesandnoble.com%2Fs%2FBUTTONS+AND+PAIN+Penelope+Sky</url></buy_link><buy_link><name>Amazon</name><url>https://www.amazon.com/Buttons-Pain-Penelope-Sky-ebook/dp/B01MSJEQRO?tag=NYTBS-20</url></buy_link></buy_links></book><book><rank>13</rank><rank_last_week>6</rank_last_week><weeks_on_list>4</weeks_on_list><asterisk>0</asterisk><dagger>0</dagger><primary_isbn10>0399184589</primary_isbn10><primary_isbn13>9780399184581</primary_isbn13><publisher>Putnam</publisher><description>Lucas Davenport, now a U.S. Marshal, pursues a thief who robbed a drug cartel and killed a child in Biloxi, Miss.</description><price>0</price><title>GOLDEN PREY</title><author>John Sandford</author><contributor>by John Sandford</contributor><contributor_note></contributor_note><book_image>https://s1.nyt.com/du/books/images/9780399184581.jpg</book_image><book_image_width>314</book_image_width><book_image_height>495</book_image_height><amazon_product_url>https://www.amazon.com/Golden-Prey-Novel-John-Sandford-ebook/dp/B01JHQPTWQ?tag=NYTBS-20</amazon_product_url><age_group></age_group><book_review_link></book_review_link><first_chapter_link></first_chapter_link><sunday_review_link></sunday_review_link><article_chapter_link></article_chapter_link><isbns><isbn><isbn10>0399184570</isbn10><isbn13>9780399184574</isbn13></isbn><isbn><isbn10>0399184589</isbn10><isbn13>9780399184581</isbn13></isbn><isbn><isbn10>1101988843</isbn10><isbn13>9781101988848</isbn13></isbn></isbns><buy_links><buy_link><name>Local Booksellers</name><url>http://www.indiebound.org/book/9780399184581?aff=NYT</url></buy_link><buy_link><name>Barnes and Noble</name><url>http://www.anrdoezrs.net/click-7990613-11819508?url=http%3A%2F%2Fwww.barnesandnoble.com%2Fw%2F%3Fean%3D9780399184581</url></buy_link><buy_link><name>Amazon</name><url>https://www.amazon.com/Golden-Prey-Novel-John-Sandford-ebook/dp/B01JHQPTWQ?tag=NYTBS-20</url></buy_link></buy_links></book><book><rank>14</rank><rank_last_week>10</rank_last_week><weeks_on_list>17</weeks_on_list><asterisk>0</asterisk><dagger>0</dagger><primary_isbn10>1501132954</primary_isbn10><primary_isbn13>9781501132957</primary_isbn13><publisher>Scout</publisher><description>A travel writer on a cruise is certain she has heard a body thrown overboard, but no one believes her.</description><price>0</price><title>THE WOMAN IN CABIN 10</title><author>Ruth Ware</author><contributor>by Ruth Ware</contributor><contributor_note></contributor_note><book_image>https://s1.nyt.com/du/books/images/9781501132940.jpg</book_image><book_image_width>330</book_image_width><book_image_height>495</book_image_height><amazon_product_url>http://www.amazon.com/Woman-Cabin-10-Ruth-Ware-ebook/dp/B019DKO5BM?tag=NYTBS-20</amazon_product_url><age_group></age_group><book_review_link></book_review_link><first_chapter_link></first_chapter_link><sunday_review_link></sunday_review_link><article_chapter_link></article_chapter_link><isbns><isbn><isbn10>1501132938</isbn10><isbn13>9781501132933</isbn13></isbn><isbn><isbn10>1501132946</isbn10><isbn13>9781501132940</isbn13></isbn><isbn><isbn10>1501132954</isbn10><isbn13>9781501132957</isbn13></isbn><isbn><isbn10>1501151797</isbn10><isbn13>9781501151798</isbn13></isbn><isbn><isbn10>1432839934</isbn10><isbn13>9781432839932</isbn13></isbn></isbns><buy_links><buy_link><name>Local Booksellers</name><url>http://www.indiebound.org/book/9781501132957?aff=NYT</url></buy_link><buy_link><name>Barnes and Noble</name><url>http://www.anrdoezrs.net/click-7990613-11819508?url=http%3A%2F%2Fwww.barnesandnoble.com%2Fw%2F%3Fean%3D9781501132957</url></buy_link><buy_link><name>Amazon</name><url>http://www.amazon.com/Woman-Cabin-10-Ruth-Ware-ebook/dp/B019DKO5BM?tag=NYTBS-20</url></buy_link></buy_links></book><book><rank>15</rank><rank_last_week>9</rank_last_week><weeks_on_list>11</weeks_on_list><asterisk>0</asterisk><dagger>0</dagger><primary_isbn10>1101883081</primary_isbn10><primary_isbn13>9781101883082</primary_isbn13><publisher>Ballantine</publisher><description>A story of three women’s lives during and after World War II.</description><price>0</price><title>LILAC GIRLS</title><author>Martha Hall Kelly</author><contributor>by Martha Hall Kelly</contributor><contributor_note></contributor_note><book_image>https://s1.nyt.com/du/books/images/9781101883075.jpg</book_image><book_image_width>330</book_image_width><book_image_height>493</book_image_height><amazon_product_url>http://www.amazon.com/Lilac-Girls-Martha-Hall-Kelly/dp/1101883073?tag=NYTBS-20</amazon_product_url><age_group></age_group><book_review_link></book_review_link><first_chapter_link></first_chapter_link><sunday_review_link></sunday_review_link><article_chapter_link></article_chapter_link><isbns><isbn><isbn10>1101883073</isbn10><isbn13>9781101883075</isbn13></isbn><isbn><isbn10>1101883065</isbn10><isbn13>9781101883068</isbn13></isbn><isbn><isbn10>1101883081</isbn10><isbn13>9781101883082</isbn13></isbn><isbn><isbn10>1432839918</isbn10><isbn13>9781432839918</isbn13></isbn></isbns><buy_links><buy_link><name>Local Booksellers</name><url>http://www.indiebound.org/book/9781101883082?aff=NYT</url></buy_link><buy_link><name>Barnes and Noble</name><url>http://www.anrdoezrs.net/click-7990613-11819508?url=http%3A%2F%2Fwww.barnesandnoble.com%2Fw%2F%3Fean%3D9781101883082</url></buy_link><buy_link><name>Amazon</name><url>http://www.amazon.com/Lilac-Girls-Martha-Hall-Kelly/dp/1101883073?tag=NYTBS-20</url></buy_link></buy_links></book></books><corrections/></results></result_set>
