<?xml version="1.0" encoding="UTF-8"?>
<result_set><status>OK</status><copyright>Copyright (c) 2018 The New York Times Company.  All Rights Reserved.</copyright><num_results>35</num_results><last_modified>2016-04-28T15:03:27-04:00</last_modified><results><list_name>Combined Print and E-Book Fiction</list_name><list_name_encoded>combined-print-and-e-book-fiction</list_name_encoded><bestsellers_date>2012-12-22</bestsellers_date><published_date>2013-01-06</published_date><published_date_description></published_date_description><next_published_date>2013-01-13</next_published_date><previous_published_date>2012-12-30</previous_published_date><display_name><![CDATA[Combined Print & E-Book Fiction]]></display_name><normal_list_ends_at>15</normal_list_ends_at><updated>WEEKLY</updated><books><book><rank>1</rank><rank_last_week>1</rank_last_week><weeks_on_list>29</weeks_on_list><asterisk>0</asterisk><dagger>0</dagger><primary_isbn10>030758836X</primary_isbn10><primary_isbn13>9780307588364</primary_isbn13><publisher>Crown Publishing</publisher><description>A woman disappears on the day of her fifth anniversary; is her husband a killer?</description><price>0</price><title>GONE GIRL</title><author>Gillian Flynn</author><contributor>by Gillian Flynn</contributor><contributor_note></contributor_note><book_image>https://s1.nyt.com/du/books/images/9780307588388.jpg</book_image><book_image_width>136</book_image_width><book_image_height>200</book_image_height><amazon_product_url>http://www.amazon.com/Gone-Girl-Novel-Gillian-Flynn-ebook/dp/B006LSZECO?tag=NYTBS-20</amazon_product_url><age_group></age_group><book_review_link>https://www.nytimes.com/2012/05/30/books/gone-girl-by-gillian-flynn.html</book_review_link><first_chapter_link></first_chapter_link><sunday_review_link>https://www.nytimes.com/2012/06/17/books/review/gillian-flynns-gone-girl-and-more.html</sunday_review_link><article_chapter_link></article_chapter_link><isbns><isbn><isbn10>030758836X</isbn10><isbn13>9780307588364</isbn13></isbn><isbn><isbn10>0307588386</isbn10><isbn13>9780307588388</isbn13></isbn><isbn><isbn10>1410450953</isbn10><isbn13>9781410450951</isbn13></isbn><isbn><isbn10>0297859382</isbn10><isbn13>9780297859383</isbn13></isbn><isbn><isbn10>0307588378</isbn10><isbn13>9780307588371</isbn13></isbn><isbn><isbn10>0297859390</isbn10><isbn13>9780297859390</isbn13></isbn><isbn><isbn10>159413605X</isbn10><isbn13>9781594136054</isbn13></isbn><isbn><isbn10>055341836X</isbn10><isbn13>9780553418361</isbn13></isbn><isbn><isbn10>0553418351</isbn10><isbn13>9780553418354</isbn13></isbn><isbn><isbn10>0606270175</isbn10><isbn13>9780606270175</isbn13></isbn></isbns><buy_links><buy_link><name>Local Booksellers</name><url>http://www.indiebound.org/book/9780307588364?aff=NYT</url></buy_link><buy_link><name>Barnes and Noble</name><url>http://www.anrdoezrs.net/click-7990613-11819508?url=http%3A%2F%2Fwww.barnesandnoble.com%2Fw%2F%3Fean%3D9780307588364</url></buy_link><buy_link><name>Amazon</name><url>http://www.amazon.com/Gone-Girl-Novel-Gillian-Flynn-ebook/dp/B006LSZECO?tag=NYTBS-20</url></buy_link></buy_links></book><book><rank>2</rank><rank_last_week>2</rank_last_week><weeks_on_list>9</weeks_on_list><asterisk>0</asterisk><dagger>0</dagger><primary_isbn10>0385535147</primary_isbn10><primary_isbn13>9780385535144</primary_isbn13><publisher>Knopf Doubleday Publishing</publisher><description>An imprisoned ex-lawyer schemes to exchange this information about who murdered a judge for his freedom.</description><price>0</price><title>THE RACKETEER</title><author>John Grisham</author><contributor>by John Grisham</contributor><contributor_note></contributor_note><book_image>https://s1.nyt.com/du/books/images/9780385536882.jpg</book_image><book_image_width>128</book_image_width><book_image_height>194</book_image_height><amazon_product_url>http://www.amazon.com/The-Racketeer-Novel-John-Grisham/dp/0345545338?tag=NYTBS-20</amazon_product_url><age_group></age_group><book_review_link>https://www.nytimes.com/2012/10/18/books/the-racketeer-by-john-grisham.html</book_review_link><first_chapter_link></first_chapter_link><sunday_review_link></sunday_review_link><article_chapter_link></article_chapter_link><isbns><isbn><isbn10>0385535147</isbn10><isbn13>9780385535144</isbn13></isbn><isbn><isbn10>0385536887</isbn10><isbn13>9780385536882</isbn13></isbn><isbn><isbn10>0385536895</isbn10><isbn13>9780385536899</isbn13></isbn><isbn><isbn10>0345545338</isbn10><isbn13>9780345545336</isbn13></isbn><isbn><isbn10>0345530578</isbn10><isbn13>9780345530578</isbn13></isbn></isbns><buy_links><buy_link><name>Local Booksellers</name><url>http://www.indiebound.org/book/9780385535144?aff=NYT</url></buy_link><buy_link><name>Barnes and Noble</name><url>http://www.anrdoezrs.net/click-7990613-11819508?url=http%3A%2F%2Fwww.barnesandnoble.com%2Fw%2F%3Fean%3D9780385535144</url></buy_link><buy_link><name>Amazon</name><url>http://www.amazon.com/The-Racketeer-Novel-John-Grisham/dp/0345545338?tag=NYTBS-20</url></buy_link></buy_links></book><book><rank>3</rank><rank_last_week>5</rank_last_week><weeks_on_list>43</weeks_on_list><asterisk>0</asterisk><dagger>0</dagger><primary_isbn10>0345803485</primary_isbn10><primary_isbn13>9780345803481</primary_isbn13><publisher>Knopf Doubleday Publishing</publisher><description>A college student falls in love with a tortured man with particular sexual tastes; the first of a trilogy.</description><price>0</price><title>FIFTY SHADES OF GREY</title><author>E L James</author><contributor>by E. L. James</contributor><contributor_note></contributor_note><book_image>https://s1.nyt.com/du/books/images/9780345803481.jpg</book_image><book_image_width>125</book_image_width><book_image_height>193</book_image_height><amazon_product_url>http://www.amazon.com/Fifty-Shades-Grey-Book-Trilogy/dp/0345803485?tag=NYTBS-20</amazon_product_url><age_group></age_group><book_review_link></book_review_link><first_chapter_link></first_chapter_link><sunday_review_link></sunday_review_link><article_chapter_link></article_chapter_link><isbns><isbn><isbn10>1612130283</isbn10><isbn13>9781612130286</isbn13></isbn><isbn><isbn10>0345803485</isbn10><isbn13>9780345803481</isbn13></isbn><isbn><isbn10>0099579936</isbn10><isbn13>9780099579939</isbn13></isbn><isbn><isbn10>0385363125</isbn10><isbn13>9780385363129</isbn13></isbn><isbn><isbn10>0385537670</isbn10><isbn13>9780385537674</isbn13></isbn><isbn><isbn10>0345806751</isbn10><isbn13>9780345806758</isbn13></isbn><isbn><isbn10>0804172072</isbn10><isbn13>9780804172073</isbn13></isbn><isbn><isbn10>0345805151</isbn10><isbn13>9780345805157</isbn13></isbn></isbns><buy_links><buy_link><name>Local Booksellers</name><url>http://www.indiebound.org/book/9780345803481?aff=NYT</url></buy_link><buy_link><name>Barnes and Noble</name><url>http://www.anrdoezrs.net/click-7990613-11819508?url=http%3A%2F%2Fwww.barnesandnoble.com%2Fw%2F%3Fean%3D9780345803481</url></buy_link><buy_link><name>Amazon</name><url>http://www.amazon.com/Fifty-Shades-Grey-Book-Trilogy/dp/0345803485?tag=NYTBS-20</url></buy_link></buy_links></book><book><rank>4</rank><rank_last_week>0</rank_last_week><weeks_on_list>4</weeks_on_list><asterisk>0</asterisk><dagger>0</dagger><primary_isbn10>0446574244</primary_isbn10><primary_isbn13>9780446574242</primary_isbn13><publisher>Grand Central Publishing</publisher><description>A young woman, while putting down roots in a small North Carolina town, is haunted by a dark secret from her past.</description><price>0</price><title>SAFE HAVEN</title><author>Nicholas Sparks</author><contributor>by Nicholas Sparks</contributor><contributor_note></contributor_note><book_image>https://s1.nyt.com/du/books/images/9781455523542.jpg</book_image><book_image_width>307</book_image_width><book_image_height>495</book_image_height><amazon_product_url>http://www.amazon.com/Safe-Haven-Nicholas-Sparks/dp/044654759X?tag=NYTBS-20</amazon_product_url><age_group></age_group><book_review_link></book_review_link><first_chapter_link></first_chapter_link><sunday_review_link></sunday_review_link><article_chapter_link></article_chapter_link><isbns><isbn><isbn10>044654759X</isbn10><isbn13>9780446547598</isbn13></isbn><isbn><isbn10>0446574244</isbn10><isbn13>9780446574242</isbn13></isbn><isbn><isbn10>0446573671</isbn10><isbn13>9780446573672</isbn13></isbn><isbn><isbn10>0446547603</isbn10><isbn13>9780446547604</isbn13></isbn><isbn><isbn10>0446547573</isbn10><isbn13>9780446547574</isbn13></isbn><isbn><isbn10>1455523542</isbn10><isbn13>9781455523542</isbn13></isbn><isbn><isbn10>1455523550</isbn10><isbn13>9781455523559</isbn13></isbn></isbns><buy_links><buy_link><name>Local Booksellers</name><url>http://www.indiebound.org/book/9780446574242?aff=NYT</url></buy_link><buy_link><name>Barnes and Noble</name><url>http://www.anrdoezrs.net/click-7990613-11819508?url=http%3A%2F%2Fwww.barnesandnoble.com%2Fw%2F%3Fean%3D9780446574242</url></buy_link><buy_link><name>Amazon</name><url>http://www.amazon.com/Safe-Haven-Nicholas-Sparks/dp/044654759X?tag=NYTBS-20</url></buy_link></buy_links></book><book><rank>5</rank><rank_last_week>4</rank_last_week><weeks_on_list>5</weeks_on_list><asterisk>0</asterisk><dagger>0</dagger><primary_isbn10>0446573043</primary_isbn10><primary_isbn13>9780446573047</primary_isbn13><publisher>Grand Central Publishing</publisher><description>The military investigator John Puller probes his aunt’s mysterious death in Florida.</description><price>0</price><title>THE FORGOTTEN</title><author>David Baldacci</author><contributor>by David Baldacci</contributor><contributor_note></contributor_note><book_image>https://s1.nyt.com/du/books/images/9781455523153.jpg</book_image><book_image_width>128</book_image_width><book_image_height>198</book_image_height><amazon_product_url>http://www.amazon.com/The-Forgotten-David-Baldacci/dp/1455523151?tag=NYTBS-20</amazon_product_url><age_group></age_group><book_review_link></book_review_link><first_chapter_link></first_chapter_link><sunday_review_link></sunday_review_link><article_chapter_link></article_chapter_link><isbns><isbn><isbn10>0446573051</isbn10><isbn13>9780446573054</isbn13></isbn><isbn><isbn10>1455522643</isbn10><isbn13>9781455522644</isbn13></isbn><isbn><isbn10>0446573043</isbn10><isbn13>9780446573047</isbn13></isbn><isbn><isbn10>1455523151</isbn10><isbn13>9781455523153</isbn13></isbn><isbn><isbn10>044657306X</isbn10><isbn13>9780446573061</isbn13></isbn></isbns><buy_links><buy_link><name>Local Booksellers</name><url>http://www.indiebound.org/book/9780446573047?aff=NYT</url></buy_link><buy_link><name>Barnes and Noble</name><url>http://www.anrdoezrs.net/click-7990613-11819508?url=http%3A%2F%2Fwww.barnesandnoble.com%2Fw%2F%3Fean%3D9780446573047</url></buy_link><buy_link><name>Amazon</name><url>http://www.amazon.com/The-Forgotten-David-Baldacci/dp/1455523151?tag=NYTBS-20</url></buy_link></buy_links></book><book><rank>6</rank><rank_last_week>7</rank_last_week><weeks_on_list>6</weeks_on_list><asterisk>0</asterisk><dagger>0</dagger><primary_isbn10>0316210684</primary_isbn10><primary_isbn13>9780316210683</primary_isbn13><publisher><![CDATA[Little, Brown & Company]]></publisher><description>Detective Alex Cross confronts both a hostage situation and a terrorist act at Christmas.</description><price>0</price><title>MERRY CHRISTMAS, ALEX CROSS</title><author>James Patterson</author><contributor>by James Patterson</contributor><contributor_note></contributor_note><book_image>https://s1.nyt.com/du/books/images/9780316210683.jpg</book_image><book_image_width>128</book_image_width><book_image_height>199</book_image_height><amazon_product_url>http://www.amazon.com/Merry-Christmas-Cross-James-Patterson-ebook/dp/B007BGQBFY?tag=NYTBS-20</amazon_product_url><age_group></age_group><book_review_link></book_review_link><first_chapter_link></first_chapter_link><sunday_review_link></sunday_review_link><article_chapter_link></article_chapter_link><isbns><isbn><isbn10>0316210684</isbn10><isbn13>9780316210683</isbn13></isbn><isbn><isbn10>0316210692</isbn10><isbn13>9780316210690</isbn13></isbn><isbn><isbn10>0316224197</isbn10><isbn13>9780316224192</isbn13></isbn><isbn><isbn10>1455544949</isbn10><isbn13>9781455544943</isbn13></isbn><isbn><isbn10>1455544957</isbn10><isbn13>9781455544950</isbn13></isbn></isbns><buy_links><buy_link><name>Local Booksellers</name><url>http://www.indiebound.org/book/9780316210683?aff=NYT</url></buy_link><buy_link><name>Barnes and Noble</name><url>http://www.anrdoezrs.net/click-7990613-11819508?url=http%3A%2F%2Fwww.barnesandnoble.com%2Fw%2F%3Fean%3D9780316210683</url></buy_link><buy_link><name>Amazon</name><url>http://www.amazon.com/Merry-Christmas-Cross-James-Patterson-ebook/dp/B007BGQBFY?tag=NYTBS-20</url></buy_link></buy_links></book><book><rank>7</rank><rank_last_week>6</rank_last_week><weeks_on_list>3</weeks_on_list><asterisk>0</asterisk><dagger>0</dagger><primary_isbn10>0399160450</primary_isbn10><primary_isbn13>9780399160455</primary_isbn13><publisher>Penguin Group</publisher><description>As China threatens to invade Taiwan, the covert intelligence expert Jack Ryan Jr. aids his father’s administration  — but his agency is no longer secret.</description><price>0</price><title>THREAT VECTOR</title><author>Tom Clancy with Mark Greaney</author><contributor>by Tom Clancy with Mark Greaney</contributor><contributor_note></contributor_note><book_image>https://s1.nyt.com/du/books/images/9780399160455.jpg</book_image><book_image_width>326</book_image_width><book_image_height>495</book_image_height><amazon_product_url>http://www.amazon.com/Threat-Vector-Jack-Ryan-Jr/dp/0425262308?tag=NYTBS-20</amazon_product_url><age_group></age_group><book_review_link></book_review_link><first_chapter_link></first_chapter_link><sunday_review_link></sunday_review_link><article_chapter_link></article_chapter_link><isbns><isbn><isbn10>0399160450</isbn10><isbn13>9780399160455</isbn13></isbn><isbn><isbn10>1410454983</isbn10><isbn13>9781410454980</isbn13></isbn><isbn><isbn10>0425262308</isbn10><isbn13>9780425262306</isbn13></isbn></isbns><buy_links><buy_link><name>Local Booksellers</name><url>http://www.indiebound.org/book/9780399160455?aff=NYT</url></buy_link><buy_link><name>Barnes and Noble</name><url>http://www.anrdoezrs.net/click-7990613-11819508?url=http%3A%2F%2Fwww.barnesandnoble.com%2Fw%2F%3Fean%3D9780399160455</url></buy_link><buy_link><name>Amazon</name><url>http://www.amazon.com/Threat-Vector-Jack-Ryan-Jr/dp/0425262308?tag=NYTBS-20</url></buy_link></buy_links></book><book><rank>8</rank><rank_last_week>8</rank_last_week><weeks_on_list>5</weeks_on_list><asterisk>0</asterisk><dagger>0</dagger><primary_isbn10>0345527747</primary_isbn10><primary_isbn13>9780345527745</primary_isbn13><publisher>Random House Publishing</publisher><description>The New Jersey bounty hunter Stephanie Plum tracks a con man who disappeared from a hospital.</description><price>0</price><title>NOTORIOUS NINETEEN</title><author>Janet Evanovich</author><contributor>by Janet Evanovich</contributor><contributor_note></contributor_note><book_image>https://s1.nyt.com/du/books/images/9780345527752.jpg</book_image><book_image_width>328</book_image_width><book_image_height>495</book_image_height><amazon_product_url>http://www.amazon.com/Notorious-Nineteen-Stephanie-Plum-Novel/dp/0345527763?tag=NYTBS-20</amazon_product_url><age_group></age_group><book_review_link></book_review_link><first_chapter_link></first_chapter_link><sunday_review_link></sunday_review_link><article_chapter_link></article_chapter_link><isbns><isbn><isbn10>0345527747</isbn10><isbn13>9780345527745</isbn13></isbn><isbn><isbn10>0345527755</isbn10><isbn13>9780345527752</isbn13></isbn><isbn><isbn10>0345527763</isbn10><isbn13>9780345527769</isbn13></isbn></isbns><buy_links><buy_link><name>Local Booksellers</name><url>http://www.indiebound.org/book/9780345527745?aff=NYT</url></buy_link><buy_link><name>Barnes and Noble</name><url>http://www.anrdoezrs.net/click-7990613-11819508?url=http%3A%2F%2Fwww.barnesandnoble.com%2Fw%2F%3Fean%3D9780345527745</url></buy_link><buy_link><name>Amazon</name><url>http://www.amazon.com/Notorious-Nineteen-Stephanie-Plum-Novel/dp/0345527763?tag=NYTBS-20</url></buy_link></buy_links></book><book><rank>9</rank><rank_last_week>10</rank_last_week><weeks_on_list>7</weeks_on_list><asterisk>0</asterisk><dagger>0</dagger><primary_isbn10>0156027321</primary_isbn10><primary_isbn13>9780156027328</primary_isbn13><publisher>Houghton Mifflin Harcourt Publishers</publisher><description>A teenage boy and a 450-pound tiger are thrown together in a lifeboat after a shipwreck; now a movie.</description><price>0</price><title>LIFE OF PI</title><author>Yann Martel</author><contributor>by Yann Martel</contributor><contributor_note></contributor_note><book_image>https://s1.nyt.com/du/books/images/9780156027328.jpg</book_image><book_image_width>185</book_image_width><book_image_height>278</book_image_height><amazon_product_url>http://www.amazon.com/Life-Pi-Yann-Martel/dp/0547848412?tag=NYTBS-20</amazon_product_url><age_group></age_group><book_review_link></book_review_link><first_chapter_link></first_chapter_link><sunday_review_link></sunday_review_link><article_chapter_link></article_chapter_link><isbns><isbn><isbn10>0547848412</isbn10><isbn13>9780547848419</isbn13></isbn><isbn><isbn10>0156027321</isbn10><isbn13>9780156027328</isbn13></isbn><isbn><isbn10>0156030209</isbn10><isbn13>9780156030205</isbn13></isbn><isbn><isbn10>184195392X</isbn10><isbn13>9781841953922</isbn13></isbn><isbn><isbn10>0547416113</isbn10><isbn13>9780547416113</isbn13></isbn><isbn><isbn10>0547350651</isbn10><isbn13>9780547350653</isbn13></isbn><isbn><isbn10>0156035812</isbn10><isbn13>9780156035811</isbn13></isbn><isbn><isbn10>0151008116</isbn10><isbn13>9780151008117</isbn13></isbn><isbn><isbn10>184195425X</isbn10><isbn13>9781841954257</isbn13></isbn></isbns><buy_links><buy_link><name>Local Booksellers</name><url>http://www.indiebound.org/book/9780156027328?aff=NYT</url></buy_link><buy_link><name>Barnes and Noble</name><url>http://www.anrdoezrs.net/click-7990613-11819508?url=http%3A%2F%2Fwww.barnesandnoble.com%2Fw%2F%3Fean%3D9780156027328</url></buy_link><buy_link><name>Amazon</name><url>http://www.amazon.com/Life-Pi-Yann-Martel/dp/0547848412?tag=NYTBS-20</url></buy_link></buy_links></book><book><rank>10</rank><rank_last_week>9</rank_last_week><weeks_on_list>4</weeks_on_list><asterisk>0</asterisk><dagger>0</dagger><primary_isbn10>0316069442</primary_isbn10><primary_isbn13>9780316069441</primary_isbn13><publisher><![CDATA[Little, Brown & Company]]></publisher><description>The Los Angeles detective Harry Bosch links the bullet from a recent crime to the killing of a young female photographer during race riots in 1992.</description><price>0</price><title>THE BLACK BOX</title><author>Michael Connelly</author><contributor>by Michael Connelly</contributor><contributor_note></contributor_note><book_image>https://s1.nyt.com/du/books/images/9780316069441.jpg</book_image><book_image_width>128</book_image_width><book_image_height>195</book_image_height><amazon_product_url>http://www.amazon.com/The-Black-Harry-Bosch-Novel-ebook/dp/B0076DELIG?tag=NYTBS-20</amazon_product_url><age_group></age_group><book_review_link></book_review_link><first_chapter_link></first_chapter_link><sunday_review_link></sunday_review_link><article_chapter_link></article_chapter_link><isbns><isbn><isbn10>0316069434</isbn10><isbn13>9780316069434</isbn13></isbn><isbn><isbn10>0316069442</isbn10><isbn13>9780316069441</isbn13></isbn><isbn><isbn10>0316069426</isbn10><isbn13>9780316069427</isbn13></isbn><isbn><isbn10>1455526959</isbn10><isbn13>9781455526956</isbn13></isbn><isbn><isbn10>0446556726</isbn10><isbn13>9780446556729</isbn13></isbn></isbns><buy_links><buy_link><name>Local Booksellers</name><url>http://www.indiebound.org/book/9780316069441?aff=NYT</url></buy_link><buy_link><name>Barnes and Noble</name><url>http://www.anrdoezrs.net/click-7990613-11819508?url=http%3A%2F%2Fwww.barnesandnoble.com%2Fw%2F%3Fean%3D9780316069441</url></buy_link><buy_link><name>Amazon</name><url>http://www.amazon.com/The-Black-Harry-Bosch-Novel-ebook/dp/B0076DELIG?tag=NYTBS-20</url></buy_link></buy_links></book><book><rank>11</rank><rank_last_week>0</rank_last_week><weeks_on_list>8</weeks_on_list><asterisk>0</asterisk><dagger>0</dagger><primary_isbn10>0316228532</primary_isbn10><primary_isbn13>9780316228534</primary_isbn13><publisher><![CDATA[Little, Brown & Company]]></publisher><description>The sudden death of a parish councilman reveals bitter social divisions in an idyllic English town.</description><price>0</price><title>THE CASUAL VACANCY</title><author>J K Rowling</author><contributor>by J. K. Rowling</contributor><contributor_note></contributor_note><book_image>https://s1.nyt.com/du/books/images/9780316228558.jpg</book_image><book_image_width>309</book_image_width><book_image_height>475</book_image_height><amazon_product_url>http://www.amazon.com/The-Casual-Vacancy-J-K-Rowling/dp/0316228532?tag=NYTBS-20</amazon_product_url><age_group></age_group><book_review_link>https://www.nytimes.com/2012/09/27/books/book-review-the-casual-vacancy-by-j-k-rowling.html</book_review_link><first_chapter_link></first_chapter_link><sunday_review_link>https://www.nytimes.com/2012/10/28/books/review/the-casual-vacancy-by-j-k-rowling.html</sunday_review_link><article_chapter_link></article_chapter_link><isbns><isbn><isbn10>0316228532</isbn10><isbn13>9780316228534</isbn13></isbn><isbn><isbn10>0316228540</isbn10><isbn13>9780316228541</isbn13></isbn><isbn><isbn10>0316228559</isbn10><isbn13>9780316228558</isbn13></isbn><isbn><isbn10>0316228583</isbn10><isbn13>9780316228589</isbn13></isbn><isbn><isbn10>0316228591</isbn10><isbn13>9780316228596</isbn13></isbn></isbns><buy_links><buy_link><name>Local Booksellers</name><url>http://www.indiebound.org/book/9780316228534?aff=NYT</url></buy_link><buy_link><name>Barnes and Noble</name><url>http://www.anrdoezrs.net/click-7990613-11819508?url=http%3A%2F%2Fwww.barnesandnoble.com%2Fw%2F%3Fean%3D9780316228534</url></buy_link><buy_link><name>Amazon</name><url>http://www.amazon.com/The-Casual-Vacancy-J-K-Rowling/dp/0316228532?tag=NYTBS-20</url></buy_link></buy_links></book><book><rank>12</rank><rank_last_week>14</rank_last_week><weeks_on_list>43</weeks_on_list><asterisk>0</asterisk><dagger>0</dagger><primary_isbn10>0345803493</primary_isbn10><primary_isbn13>9780345803498</primary_isbn13><publisher>Knopf Doubleday Publishing</publisher><description>Ana Steele learns more about Christian Grey’s troubled past; the second book in a trilogy.</description><price>0</price><title>FIFTY SHADES DARKER</title><author>E L James</author><contributor>by E. L. James</contributor><contributor_note></contributor_note><book_image>https://s1.nyt.com/du/books/images/9780345803498.jpg</book_image><book_image_width>328</book_image_width><book_image_height>495</book_image_height><amazon_product_url>http://www.amazon.com/Fifty-Shades-Darker-E-James/dp/0345803493?tag=NYTBS-20</amazon_product_url><age_group></age_group><book_review_link></book_review_link><first_chapter_link></first_chapter_link><sunday_review_link></sunday_review_link><article_chapter_link></article_chapter_link><isbns><isbn><isbn10>1612130593</isbn10><isbn13>9781612130590</isbn13></isbn><isbn><isbn10>1612130585</isbn10><isbn13>9781612130583</isbn13></isbn><isbn><isbn10>0345803493</isbn10><isbn13>9780345803498</isbn13></isbn><isbn><isbn10>1448149460</isbn10><isbn13>9781448149469</isbn13></isbn><isbn><isbn10>0385363133</isbn10><isbn13>9780385363136</isbn13></isbn><isbn><isbn10>0099579928</isbn10><isbn13>9780099579922</isbn13></isbn><isbn><isbn10>0385537689</isbn10><isbn13>9780385537681</isbn13></isbn><isbn><isbn10>0606264485</isbn10><isbn13>9780606264488</isbn13></isbn><isbn><isbn10>0525431888</isbn10><isbn13>9780525431886</isbn13></isbn><isbn><isbn10>0525434860</isbn10><isbn13>9780525434863</isbn13></isbn></isbns><buy_links><buy_link><name>Local Booksellers</name><url>http://www.indiebound.org/book/9780345803498?aff=NYT</url></buy_link><buy_link><name>Barnes and Noble</name><url>http://www.anrdoezrs.net/click-7990613-11819508?url=http%3A%2F%2Fwww.barnesandnoble.com%2Fw%2F%3Fean%3D9780345803498</url></buy_link><buy_link><name>Amazon</name><url>http://www.amazon.com/Fifty-Shades-Darker-E-James/dp/0345803493?tag=NYTBS-20</url></buy_link></buy_links></book><book><rank>13</rank><rank_last_week>13</rank_last_week><weeks_on_list>41</weeks_on_list><asterisk>0</asterisk><dagger>0</dagger><primary_isbn10>0345803507</primary_isbn10><primary_isbn13>9780345803504</primary_isbn13><publisher>Knopf Doubleday Publishing</publisher><description>The final book in an erotic trilogy.</description><price>0</price><title>FIFTY SHADES FREED</title><author>E L James</author><contributor>by E. L. James</contributor><contributor_note></contributor_note><book_image>https://s1.nyt.com/du/books/images/9781612130606.jpg</book_image><book_image_width>330</book_image_width><book_image_height>495</book_image_height><amazon_product_url>http://www.amazon.com/Fifty-Shades-Freed-Three-Trilogy/dp/0345803507?tag=NYTBS-20</amazon_product_url><age_group></age_group><book_review_link></book_review_link><first_chapter_link></first_chapter_link><sunday_review_link></sunday_review_link><article_chapter_link></article_chapter_link><isbns><isbn><isbn10>1612130615</isbn10><isbn13>9781612130613</isbn13></isbn><isbn><isbn10>1612130607</isbn10><isbn13>9781612130606</isbn13></isbn><isbn><isbn10>0345803507</isbn10><isbn13>9780345803504</isbn13></isbn><isbn><isbn10>0385537697</isbn10><isbn13>9780385537698</isbn13></isbn></isbns><buy_links><buy_link><name>Local Booksellers</name><url>http://www.indiebound.org/book/9780345803504?aff=NYT</url></buy_link><buy_link><name>Barnes and Noble</name><url>http://www.anrdoezrs.net/click-7990613-11819508?url=http%3A%2F%2Fwww.barnesandnoble.com%2Fw%2F%3Fean%3D9780345803504</url></buy_link><buy_link><name>Amazon</name><url>http://www.amazon.com/Fifty-Shades-Freed-Three-Trilogy/dp/0345803507?tag=NYTBS-20</url></buy_link></buy_links></book><book><rank>14</rank><rank_last_week>0</rank_last_week><weeks_on_list>1</weeks_on_list><asterisk>0</asterisk><dagger>0</dagger><primary_isbn10>None</primary_isbn10><primary_isbn13>A00B00ANDLC6K</primary_isbn13><publisher>Jessica Sorensen</publisher><description>A boy and girl, both of whom have tragedy in their past, come together after a chance encounter in college.</description><price>0</price><title>THE COINCIDENCE OF CALLIE AND KAYDEN</title><author>Jessica Sorensen</author><contributor>by Jessica Sorensen</contributor><contributor_note></contributor_note><book_image></book_image><book_image_width></book_image_width><book_image_height></book_image_height><amazon_product_url></amazon_product_url><age_group></age_group><book_review_link></book_review_link><first_chapter_link></first_chapter_link><sunday_review_link></sunday_review_link><article_chapter_link></article_chapter_link><isbns/><buy_links><buy_link><name>Local Booksellers</name><url><![CDATA[http://www.indiebound.org/search/book?searchfor=THE+COINCIDENCE+OF+CALLIE+AND+KAYDEN+Jessica+Sorensen&aff=NYT]]></url></buy_link><buy_link><name>Barnes and Noble</name><url>http://www.anrdoezrs.net/click-7990613-11819508?url=http%3A%2F%2Fwww.barnesandnoble.com%2Fs%2FTHE+COINCIDENCE+OF+CALLIE+AND+KAYDEN+Jessica+Sorensen</url></buy_link><buy_link><name>Amazon</name><url><![CDATA[https://www.amazon.com/gp/search?index=books&tag=NYTBS-20&field-keywords=THE+COINCIDENCE+OF+CALLIE+AND+KAYDEN+Jessica+Sorensen]]></url></buy_link></buy_links></book><book><rank>15</rank><rank_last_week>11</rank_last_week><weeks_on_list>6</weeks_on_list><asterisk>0</asterisk><dagger>0</dagger><primary_isbn10>141659521X</primary_isbn10><primary_isbn13>9781416595212</primary_isbn13><publisher><![CDATA[Simon & Schuster]]></publisher><description>The counterterrorism operative Mitch Rapp searches for a missing C.I.A. asset amid treachery in Afghanistan.</description><price>0</price><title>THE LAST MAN</title><author>Vince Flynn</author><contributor>by Vince Flynn</contributor><contributor_note></contributor_note><book_image>https://s1.nyt.com/du/books/images/9781439100530.jpg</book_image><book_image_width>326</book_image_width><book_image_height>495</book_image_height><amazon_product_url>http://www.amazon.com/The-Last-Man-A-Novel-ebook/dp/B007HACDLK?tag=NYTBS-20</amazon_product_url><age_group></age_group><book_review_link></book_review_link><first_chapter_link></first_chapter_link><sunday_review_link></sunday_review_link><article_chapter_link></article_chapter_link><isbns><isbn><isbn10>141659521X</isbn10><isbn13>9781416595212</isbn13></isbn><isbn><isbn10>1439100535</isbn10><isbn13>9781439100530</isbn13></isbn><isbn><isbn10>0857208756</isbn10><isbn13>9780857208750</isbn13></isbn><isbn><isbn10>1416595236</isbn10><isbn13>9781416595236</isbn13></isbn></isbns><buy_links><buy_link><name>Local Booksellers</name><url>http://www.indiebound.org/book/9781416595212?aff=NYT</url></buy_link><buy_link><name>Barnes and Noble</name><url>http://www.anrdoezrs.net/click-7990613-11819508?url=http%3A%2F%2Fwww.barnesandnoble.com%2Fw%2F%3Fean%3D9781416595212</url></buy_link><buy_link><name>Amazon</name><url>http://www.amazon.com/The-Last-Man-A-Novel-ebook/dp/B007HACDLK?tag=NYTBS-20</url></buy_link></buy_links></book><book><rank>16</rank><rank_last_week>0</rank_last_week><weeks_on_list>0</weeks_on_list><asterisk>0</asterisk><dagger>0</dagger><primary_isbn10>145551604X</primary_isbn10><primary_isbn13>9781455516049</primary_isbn13><publisher>FaithWords</publisher><description>A comatose businessman encounters Jesus, the Holy Spirit and God; from the author of “The Shack.”</description><price>0</price><title>CROSS ROADS</title><author>Wm Paul Young</author><contributor>by Wm. Paul Young</contributor><contributor_note></contributor_note><book_image>https://s1.nyt.com/du/books/images/9781455516049.jpg</book_image><book_image_width>128</book_image_width><book_image_height>193</book_image_height><amazon_product_url>http://www.amazon.com/Cross-Roads-WM-Paul-Young/dp/145551604X?tag=NYTBS-20</amazon_product_url><age_group></age_group><book_review_link></book_review_link><first_chapter_link></first_chapter_link><sunday_review_link></sunday_review_link><article_chapter_link></article_chapter_link><isbns><isbn><isbn10>145551604X</isbn10><isbn13>9781455516049</isbn13></isbn><isbn><isbn10>1455528536</isbn10><isbn13>9781455528530</isbn13></isbn><isbn><isbn10>1455516031</isbn10><isbn13>9781455516032</isbn13></isbn></isbns><buy_links><buy_link><name>Local Booksellers</name><url>http://www.indiebound.org/book/9781455516049?aff=NYT</url></buy_link><buy_link><name>Barnes and Noble</name><url>http://www.anrdoezrs.net/click-7990613-11819508?url=http%3A%2F%2Fwww.barnesandnoble.com%2Fw%2F%3Fean%3D9781455516049</url></buy_link><buy_link><name>Amazon</name><url>http://www.amazon.com/Cross-Roads-WM-Paul-Young/dp/145551604X?tag=NYTBS-20</url></buy_link></buy_links></book><book><rank>17</rank><rank_last_week>0</rank_last_week><weeks_on_list>0</weeks_on_list><asterisk>0</asterisk><dagger>0</dagger><primary_isbn10>None</primary_isbn10><primary_isbn13>9781451627305</primary_isbn13><publisher>Scribner</publisher><description>An English teacher travels back to 1958 by way of a time portal in a Maine diner. His assignment: Stop Lee Harvey Oswald.</description><price>0</price><title>11/22/63</title><author>Stephen King</author><contributor>by Stephen King</contributor><contributor_note></contributor_note><book_image>https://s1.nyt.com/du/books/images/9781451627299.jpg</book_image><book_image_width>328</book_image_width><book_image_height>495</book_image_height><amazon_product_url>http://www.amazon.com/11-22-63-A-Novel/dp/1451627297?tag=NYTBS-20</amazon_product_url><age_group></age_group><book_review_link>https://www.nytimes.com/2011/10/31/books/stephen-kings-11-23-63-review.html</book_review_link><first_chapter_link></first_chapter_link><sunday_review_link>https://www.nytimes.com/2011/11/13/books/review/11-22-63-by-stephen-king-book-review.html</sunday_review_link><article_chapter_link></article_chapter_link><isbns><isbn><isbn10>1451627289</isbn10><isbn13>9781451627282</isbn13></isbn><isbn><isbn10>1451627297</isbn10><isbn13>9781451627299</isbn13></isbn><isbn><isbn10>030795143X</isbn10><isbn13>9780307951434</isbn13></isbn><isbn><isbn10>1594135592</isbn10><isbn13>9781594135590</isbn13></isbn><isbn><isbn10>1501120603</isbn10><isbn13>9781501120602</isbn13></isbn></isbns><buy_links><buy_link><name>Local Booksellers</name><url>http://www.indiebound.org/book/9781451627305?aff=NYT</url></buy_link><buy_link><name>Barnes and Noble</name><url>http://www.anrdoezrs.net/click-7990613-11819508?url=http%3A%2F%2Fwww.barnesandnoble.com%2Fw%2F%3Fean%3D9781451627305</url></buy_link><buy_link><name>Amazon</name><url>http://www.amazon.com/11-22-63-A-Novel/dp/1451627297?tag=NYTBS-20</url></buy_link></buy_links></book><book><rank>18</rank><rank_last_week>0</rank_last_week><weeks_on_list>0</weeks_on_list><asterisk>0</asterisk><dagger>0</dagger><primary_isbn10>0385350287</primary_isbn10><primary_isbn13>9780385350280</primary_isbn13><publisher>Knopf Doubleday Publishing</publisher><description>Fifty-some years in the life of an African-American family whose matriarch arrives in Philadelphia in 1923.</description><price>0</price><title>THE TWELVE TRIBES OF HATTIE</title><author>Ayana Mathis</author><contributor>by Ayana Mathis</contributor><contributor_note></contributor_note><book_image>https://s1.nyt.com/du/books/images/9780385350280.jpg</book_image><book_image_width>330</book_image_width><book_image_height>490</book_image_height><amazon_product_url>http://www.amazon.com/Twelve-Digital-Edition-Vintage-Contemporaries-ebook/dp/B00A9ET5XU?tag=NYTBS-20</amazon_product_url><age_group></age_group><book_review_link>https://www.nytimes.com/2012/12/06/books/the-twelve-tribes-of-hattie-by-ayana-mathis.html</book_review_link><first_chapter_link></first_chapter_link><sunday_review_link></sunday_review_link><article_chapter_link></article_chapter_link><isbns><isbn><isbn10>0385350287</isbn10><isbn13>9780385350280</isbn13></isbn><isbn><isbn10>0804121028</isbn10><isbn13>9780804121026</isbn13></isbn></isbns><buy_links><buy_link><name>Local Booksellers</name><url>http://www.indiebound.org/book/9780385350280?aff=NYT</url></buy_link><buy_link><name>Barnes and Noble</name><url>http://www.anrdoezrs.net/click-7990613-11819508?url=http%3A%2F%2Fwww.barnesandnoble.com%2Fw%2F%3Fean%3D9780385350280</url></buy_link><buy_link><name>Amazon</name><url>http://www.amazon.com/Twelve-Digital-Edition-Vintage-Contemporaries-ebook/dp/B00A9ET5XU?tag=NYTBS-20</url></buy_link></buy_links></book><book><rank>19</rank><rank_last_week>0</rank_last_week><weeks_on_list>0</weeks_on_list><asterisk>0</asterisk><dagger>0</dagger><primary_isbn10>1401322786</primary_isbn10><primary_isbn13>9781401322786</primary_isbn13><publisher>Hyperion Press</publisher><description>Banished for centuries, the inventor of the world’s first clock tries to redeem himself by teaching two earthly people the true meaning of time.</description><price>0</price><title>THE TIME KEEPER</title><author>Mitch Albom</author><contributor>by Mitch Albom</contributor><contributor_note></contributor_note><book_image>https://s1.nyt.com/du/books/images/9781401322786.jpg</book_image><book_image_width>330</book_image_width><book_image_height>471</book_image_height><amazon_product_url>http://www.amazon.com/The-Time-Keeper-Mitch-Albom/dp/1401322786?tag=NYTBS-20</amazon_product_url><age_group></age_group><book_review_link></book_review_link><first_chapter_link></first_chapter_link><sunday_review_link></sunday_review_link><article_chapter_link></article_chapter_link><isbns><isbn><isbn10>1401322786</isbn10><isbn13>9781401322786</isbn13></isbn><isbn><isbn10>1401304702</isbn10><isbn13>9781401304706</isbn13></isbn><isbn><isbn10>1410451615</isbn10><isbn13>9781410451613</isbn13></isbn><isbn><isbn10>1401312853</isbn10><isbn13>9781401312855</isbn13></isbn></isbns><buy_links><buy_link><name>Local Booksellers</name><url>http://www.indiebound.org/book/9781401322786?aff=NYT</url></buy_link><buy_link><name>Barnes and Noble</name><url>http://www.anrdoezrs.net/click-7990613-11819508?url=http%3A%2F%2Fwww.barnesandnoble.com%2Fw%2F%3Fean%3D9781401322786</url></buy_link><buy_link><name>Amazon</name><url>http://www.amazon.com/The-Time-Keeper-Mitch-Albom/dp/1401322786?tag=NYTBS-20</url></buy_link></buy_links></book><book><rank>20</rank><rank_last_week>0</rank_last_week><weeks_on_list>0</weeks_on_list><asterisk>0</asterisk><dagger>0</dagger><primary_isbn10>None</primary_isbn10><primary_isbn13>A00B00AOTGI08</primary_isbn13><publisher>Abbi Glines</publisher><description>A sheltered 19-year-old girl falls in love with her spoiled, sexy stepbrother.</description><price>0</price><title>FALLEN TOO FAR</title><author>Abbi Glines</author><contributor>by Abbi Glines</contributor><contributor_note></contributor_note><book_image></book_image><book_image_width></book_image_width><book_image_height></book_image_height><amazon_product_url></amazon_product_url><age_group></age_group><book_review_link></book_review_link><first_chapter_link></first_chapter_link><sunday_review_link></sunday_review_link><article_chapter_link></article_chapter_link><isbns/><buy_links><buy_link><name>Local Booksellers</name><url><![CDATA[http://www.indiebound.org/search/book?searchfor=FALLEN+TOO+FAR+Abbi+Glines&aff=NYT]]></url></buy_link><buy_link><name>Barnes and Noble</name><url>http://www.anrdoezrs.net/click-7990613-11819508?url=http%3A%2F%2Fwww.barnesandnoble.com%2Fs%2FFALLEN+TOO+FAR+Abbi+Glines</url></buy_link><buy_link><name>Amazon</name><url><![CDATA[https://www.amazon.com/gp/search?index=books&tag=NYTBS-20&field-keywords=FALLEN+TOO+FAR+Abbi+Glines]]></url></buy_link></buy_links></book></books><corrections/></results></result_set>
