<?xml version="1.0" encoding="UTF-8"?>
<result_set><status>OK</status><copyright>Copyright (c) 2018 The New York Times Company.  All Rights Reserved.</copyright><num_results>20</num_results><last_modified>2017-03-21T13:38:01-04:00</last_modified><results><list_name>Combined Print and E-Book Fiction</list_name><list_name_encoded>combined-print-and-e-book-fiction</list_name_encoded><bestsellers_date>2016-07-02</bestsellers_date><published_date>2016-07-17</published_date><published_date_description></published_date_description><next_published_date>2016-07-24</next_published_date><previous_published_date>2016-07-10</previous_published_date><display_name><![CDATA[Combined Print & E-Book Fiction]]></display_name><normal_list_ends_at>15</normal_list_ends_at><updated>WEEKLY</updated><books><book><rank>1</rank><rank_last_week>0</rank_last_week><weeks_on_list>1</weeks_on_list><asterisk>0</asterisk><dagger>0</dagger><primary_isbn10>031629019X</primary_isbn10><primary_isbn13>9780316290197</primary_isbn13><publisher>Little, Brown</publisher><description>Hired by Olympic organizers to protect the Rio games, Jack Morgan of Private, an international security and consulting firm, encounters dangerous threats.</description><price>0</price><title>THE GAMES</title><author>James Patterson and Mark Sullivan</author><contributor>by James Patterson and Mark Sullivan</contributor><contributor_note></contributor_note><book_image>https://s1.nyt.com/du/books/images/9780316407113.jpg</book_image><book_image_width>319</book_image_width><book_image_height>495</book_image_height><amazon_product_url>http://www.amazon.com/Games-Private-James-Patterson/dp/0316407119?tag=NYTBS-20</amazon_product_url><age_group></age_group><book_review_link></book_review_link><first_chapter_link></first_chapter_link><sunday_review_link></sunday_review_link><article_chapter_link></article_chapter_link><isbns><isbn><isbn10>0316407119</isbn10><isbn13>9780316407113</isbn13></isbn><isbn><isbn10>031629019X</isbn10><isbn13>9780316290197</isbn13></isbn><isbn><isbn10>1455585335</isbn10><isbn13>9781455585335</isbn13></isbn></isbns><buy_links><buy_link><name>Local Booksellers</name><url>http://www.indiebound.org/book/9780316290197?aff=NYT</url></buy_link><buy_link><name>Barnes and Noble</name><url>http://www.anrdoezrs.net/click-7990613-11819508?url=http%3A%2F%2Fwww.barnesandnoble.com%2Fw%2F%3Fean%3D9780316290197</url></buy_link><buy_link><name>Amazon</name><url>http://www.amazon.com/Games-Private-James-Patterson/dp/0316407119?tag=NYTBS-20</url></buy_link></buy_links></book><book><rank>2</rank><rank_last_week>1</rank_last_week><weeks_on_list>22</weeks_on_list><asterisk>0</asterisk><dagger>0</dagger><primary_isbn10></primary_isbn10><primary_isbn13>9781101606377</primary_isbn13><publisher>Penguin</publisher><description>A woman who has barely been beyond her English village finds herself while caring for a wealthy, embittered quadriplegic.</description><price>0</price><title>ME BEFORE YOU</title><author>Jojo Moyes</author><contributor>by Jojo Moyes</contributor><contributor_note></contributor_note><book_image>https://s1.nyt.com/du/books/images/9780143124542.jpg</book_image><book_image_width>323</book_image_width><book_image_height>495</book_image_height><amazon_product_url>http://www.amazon.com/Me-Before-You-A-Novel/dp/0143124544?tag=NYTBS-20</amazon_product_url><age_group></age_group><book_review_link></book_review_link><first_chapter_link></first_chapter_link><sunday_review_link>https://www.nytimes.com/2013/01/06/books/review/me-before-you-by-jojo-moyes.html</sunday_review_link><article_chapter_link></article_chapter_link><isbns><isbn><isbn10>0670026603</isbn10><isbn13>9780670026609</isbn13></isbn><isbn><isbn10>0143124544</isbn10><isbn13>9780143124542</isbn13></isbn><isbn><isbn10>1594137390</isbn10><isbn13>9781594137396</isbn13></isbn><isbn><isbn10>0143109464</isbn10><isbn13>9780143109464</isbn13></isbn><isbn><isbn10>0143130153</isbn10><isbn13>9780143130154</isbn13></isbn></isbns><buy_links><buy_link><name>Local Booksellers</name><url>http://www.indiebound.org/book/9781101606377?aff=NYT</url></buy_link><buy_link><name>Barnes and Noble</name><url>http://www.anrdoezrs.net/click-7990613-11819508?url=http%3A%2F%2Fwww.barnesandnoble.com%2Fw%2F%3Fean%3D9781101606377</url></buy_link><buy_link><name>Amazon</name><url>http://www.amazon.com/Me-Before-You-A-Novel/dp/0143124544?tag=NYTBS-20</url></buy_link></buy_links></book><book><rank>3</rank><rank_last_week>0</rank_last_week><weeks_on_list>1</weeks_on_list><asterisk>0</asterisk><dagger>0</dagger><primary_isbn10>0345546938</primary_isbn10><primary_isbn13>9780345546937</primary_isbn13><publisher>Ballantine</publisher><description>Two sisters — one a successful lawyer with a small child and an unhappy marriage, the other a single teacher who yearns to be a mother — struggle toward forgiveness after 15 years of estrangement.</description><price>0</price><title>FIRST COMES LOVE</title><author>Emily Giffin</author><contributor>by Emily Giffin</contributor><contributor_note></contributor_note><book_image>https://s1.nyt.com/du/books/images/9780345546937.jpg</book_image><book_image_width>326</book_image_width><book_image_height>495</book_image_height><amazon_product_url>http://www.amazon.com/First-Comes-Love-Emily-Giffin-ebook/dp/B014NZ4SXW?tag=NYTBS-20</amazon_product_url><age_group></age_group><book_review_link></book_review_link><first_chapter_link></first_chapter_link><sunday_review_link></sunday_review_link><article_chapter_link></article_chapter_link><isbns><isbn><isbn10>034554692X</isbn10><isbn13>9780345546920</isbn13></isbn><isbn><isbn10>0345546938</isbn10><isbn13>9780345546937</isbn13></isbn></isbns><buy_links><buy_link><name>Local Booksellers</name><url>http://www.indiebound.org/book/9780345546937?aff=NYT</url></buy_link><buy_link><name>Barnes and Noble</name><url>http://www.anrdoezrs.net/click-7990613-11819508?url=http%3A%2F%2Fwww.barnesandnoble.com%2Fw%2F%3Fean%3D9780345546937</url></buy_link><buy_link><name>Amazon</name><url>http://www.amazon.com/First-Comes-Love-Emily-Giffin-ebook/dp/B014NZ4SXW?tag=NYTBS-20</url></buy_link></buy_links></book><book><rank>4</rank><rank_last_week>0</rank_last_week><weeks_on_list>1</weeks_on_list><asterisk>0</asterisk><dagger>0</dagger><primary_isbn10>None</primary_isbn10><primary_isbn13>9780698197770</primary_isbn13><publisher>Jove</publisher><description>A woman seeking a new life catches the attention of the head of a powerful family.</description><price>0</price><title>SHADOW RIDER</title><author>Christine Feehan</author><contributor>by Christine Feehan</contributor><contributor_note></contributor_note><book_image>https://s1.nyt.com/du/books/images/9780515156133.jpg</book_image><book_image_width>307</book_image_width><book_image_height>495</book_image_height><amazon_product_url>http://www.amazon.com/Shadow-Rider-Christine-Feehan/dp/0515156132?tag=NYTBS-20</amazon_product_url><age_group></age_group><book_review_link></book_review_link><first_chapter_link></first_chapter_link><sunday_review_link></sunday_review_link><article_chapter_link></article_chapter_link><isbns><isbn><isbn10>0515156132</isbn10><isbn13>9780515156133</isbn13></isbn></isbns><buy_links><buy_link><name>Local Booksellers</name><url>http://www.indiebound.org/book/9780698197770?aff=NYT</url></buy_link><buy_link><name>Barnes and Noble</name><url>http://www.anrdoezrs.net/click-7990613-11819508?url=http%3A%2F%2Fwww.barnesandnoble.com%2Fw%2F%3Fean%3D9780698197770</url></buy_link><buy_link><name>Amazon</name><url>http://www.amazon.com/Shadow-Rider-Christine-Feehan/dp/0515156132?tag=NYTBS-20</url></buy_link></buy_links></book><book><rank>5</rank><rank_last_week>7</rank_last_week><weeks_on_list>3</weeks_on_list><asterisk>0</asterisk><dagger>0</dagger><primary_isbn10>081299860X</primary_isbn10><primary_isbn13>9780812998603</primary_isbn13><publisher>Random House</publisher><description>In the summer of 1969, a California teenager is drawn to a Manson-like cult.</description><price>0</price><title>THE GIRLS</title><author>Emma Cline</author><contributor>by Emma Cline</contributor><contributor_note></contributor_note><book_image>https://s1.nyt.com/du/books/images/9780812998610.jpg</book_image><book_image_width>330</book_image_width><book_image_height>495</book_image_height><amazon_product_url>http://www.amazon.com/Girls-Novel-Emma-Cline-ebook/dp/B015LYZH20?tag=NYTBS-20</amazon_product_url><age_group></age_group><book_review_link>https://www.nytimes.com/2016/06/05/books/review/the-girls-by-emma-cline.html</book_review_link><first_chapter_link></first_chapter_link><sunday_review_link></sunday_review_link><article_chapter_link></article_chapter_link><isbns><isbn><isbn10>081299860X</isbn10><isbn13>9780812998603</isbn13></isbn><isbn><isbn10>0812998618</isbn10><isbn13>9780812998610</isbn13></isbn><isbn><isbn10>0735208182</isbn10><isbn13>9780735208186</isbn13></isbn></isbns><buy_links><buy_link><name>Local Booksellers</name><url>http://www.indiebound.org/book/9780812998603?aff=NYT</url></buy_link><buy_link><name>Barnes and Noble</name><url>http://www.anrdoezrs.net/click-7990613-11819508?url=http%3A%2F%2Fwww.barnesandnoble.com%2Fw%2F%3Fean%3D9780812998603</url></buy_link><buy_link><name>Amazon</name><url>http://www.amazon.com/Girls-Novel-Emma-Cline-ebook/dp/B015LYZH20?tag=NYTBS-20</url></buy_link></buy_links></book><book><rank>6</rank><rank_last_week>2</rank_last_week><weeks_on_list>4</weeks_on_list><asterisk>0</asterisk><dagger>0</dagger><primary_isbn10>1501129740</primary_isbn10><primary_isbn13>9781501129742</primary_isbn13><publisher>Scribner</publisher><description>Bad-guy Brady acquires psychic powers in the conclusion of the Bill Hodges trilogy.</description><price>0</price><title>END OF WATCH</title><author>Stephen King</author><contributor>by Stephen King</contributor><contributor_note></contributor_note><book_image>https://s1.nyt.com/du/books/images/9781501134159.jpg</book_image><book_image_width>326</book_image_width><book_image_height>495</book_image_height><amazon_product_url>http://www.amazon.com/End-Watch-Novel-Hodges-Trilogy-ebook/dp/B0167CNCFY?tag=NYTBS-20</amazon_product_url><age_group></age_group><book_review_link>https://www.nytimes.com/2016/06/12/books/review/stephen-kings-end-of-watch.html</book_review_link><first_chapter_link></first_chapter_link><sunday_review_link></sunday_review_link><article_chapter_link></article_chapter_link><isbns><isbn><isbn10>1501129740</isbn10><isbn13>9781501129742</isbn13></isbn><isbn><isbn10>1501134159</isbn10><isbn13>9781501134159</isbn13></isbn></isbns><buy_links><buy_link><name>Local Booksellers</name><url>http://www.indiebound.org/book/9781501129742?aff=NYT</url></buy_link><buy_link><name>Barnes and Noble</name><url>http://www.anrdoezrs.net/click-7990613-11819508?url=http%3A%2F%2Fwww.barnesandnoble.com%2Fw%2F%3Fean%3D9781501129742</url></buy_link><buy_link><name>Amazon</name><url>http://www.amazon.com/End-Watch-Novel-Hodges-Trilogy-ebook/dp/B0167CNCFY?tag=NYTBS-20</url></buy_link></buy_links></book><book><rank>7</rank><rank_last_week>5</rank_last_week><weeks_on_list>3</weeks_on_list><asterisk>0</asterisk><dagger>0</dagger><primary_isbn10>0316375152</primary_isbn10><primary_isbn13>9780316375153</primary_isbn13><publisher>Little, Brown</publisher><description>Sparks fly as a celebrity chef’s ex-wives pile into a small cabin in Nantucket to join his widow for the reading of his will.</description><price>0</price><title>HERE'S TO US</title><author>Elin Hilderbrand</author><contributor>by Elin Hilderbrand</contributor><contributor_note></contributor_note><book_image>https://s1.nyt.com/du/books/images/9780316375153.jpg</book_image><book_image_width>330</book_image_width><book_image_height>495</book_image_height><amazon_product_url>http://www.amazon.com/Heres-Us-Elin-Hilderbrand-ebook/dp/B0169ATKUK?tag=NYTBS-20</amazon_product_url><age_group></age_group><book_review_link></book_review_link><first_chapter_link></first_chapter_link><sunday_review_link></sunday_review_link><article_chapter_link></article_chapter_link><isbns><isbn><isbn10>0316375144</isbn10><isbn13>9780316375146</isbn13></isbn><isbn><isbn10>0316269948</isbn10><isbn13>9780316269940</isbn13></isbn><isbn><isbn10>0316375152</isbn10><isbn13>9780316375153</isbn13></isbn></isbns><buy_links><buy_link><name>Local Booksellers</name><url>http://www.indiebound.org/book/9780316375153?aff=NYT</url></buy_link><buy_link><name>Barnes and Noble</name><url>http://www.anrdoezrs.net/click-7990613-11819508?url=http%3A%2F%2Fwww.barnesandnoble.com%2Fw%2F%3Fean%3D9780316375153</url></buy_link><buy_link><name>Amazon</name><url>http://www.amazon.com/Heres-Us-Elin-Hilderbrand-ebook/dp/B0169ATKUK?tag=NYTBS-20</url></buy_link></buy_links></book><book><rank>8</rank><rank_last_week>12</rank_last_week><weeks_on_list>71</weeks_on_list><asterisk>0</asterisk><dagger>0</dagger><primary_isbn10>0698185390</primary_isbn10><primary_isbn13>9780698185395</primary_isbn13><publisher>Riverhead</publisher><description>A psychological thriller set in the environs of London is full of complications and betrayals.</description><price>0</price><title>THE GIRL ON THE TRAIN</title><author>Paula Hawkins</author><contributor>by Paula Hawkins</contributor><contributor_note></contributor_note><book_image>https://s1.nyt.com/du/books/images/9781594633669.jpg</book_image><book_image_width>312</book_image_width><book_image_height>495</book_image_height><amazon_product_url>http://www.amazon.com/The-Girl-Train-A-Novel-ebook/dp/B00L9B7IKE?tag=NYTBS-20</amazon_product_url><age_group></age_group><book_review_link>https://www.nytimes.com/2015/01/05/books/the-girl-on-the-train-by-paula-hawkins.html</book_review_link><first_chapter_link></first_chapter_link><sunday_review_link>https://www.nytimes.com/2015/02/01/books/review/the-girl-on-the-train-by-paula-hawkins.html</sunday_review_link><article_chapter_link></article_chapter_link><isbns><isbn><isbn10>1594633665</isbn10><isbn13>9781594633669</isbn13></isbn><isbn><isbn10>0698185390</isbn10><isbn13>9780698185395</isbn13></isbn><isbn><isbn10>1410477762</isbn10><isbn13>9781410477767</isbn13></isbn><isbn><isbn10>0857522329</isbn10><isbn13>9780857522320</isbn13></isbn><isbn><isbn10>1448171687</isbn10><isbn13>9781448171682</isbn13></isbn><isbn><isbn10>1594634122</isbn10><isbn13>9781594634123</isbn13></isbn><isbn><isbn10>038568231X</isbn10><isbn13>9780385682312</isbn13></isbn><isbn><isbn10>1594634025</isbn10><isbn13>9781594634024</isbn13></isbn><isbn><isbn10>0735212155</isbn10><isbn13>9780735212152</isbn13></isbn><isbn><isbn10>0735212163</isbn10><isbn13>9780735212169</isbn13></isbn><isbn><isbn10>1432834355</isbn10><isbn13>9781432834357</isbn13></isbn></isbns><buy_links><buy_link><name>Local Booksellers</name><url>http://www.indiebound.org/book/9780698185395?aff=NYT</url></buy_link><buy_link><name>Barnes and Noble</name><url>http://www.anrdoezrs.net/click-7990613-11819508?url=http%3A%2F%2Fwww.barnesandnoble.com%2Fw%2F%3Fean%3D9780698185395</url></buy_link><buy_link><name>Amazon</name><url>http://www.amazon.com/The-Girl-Train-A-Novel-ebook/dp/B00L9B7IKE?tag=NYTBS-20</url></buy_link></buy_links></book><book><rank>9</rank><rank_last_week>11</rank_last_week><weeks_on_list>11</weeks_on_list><asterisk>0</asterisk><dagger>0</dagger><primary_isbn10>0698152042</primary_isbn10><primary_isbn13>9780698152045</primary_isbn13><publisher>Pamela Dorman/Viking</publisher><description>After the death of Will Traynor, Louisa Clark joins a grief support group that may lead her to new love.</description><price>0</price><title>AFTER YOU</title><author>Jojo Moyes</author><contributor>by Jojo Moyes</contributor><contributor_note></contributor_note><book_image>https://s1.nyt.com/du/books/images/9780698152045.jpg</book_image><book_image_width>328</book_image_width><book_image_height>495</book_image_height><amazon_product_url>http://www.amazon.com/After-You-Novel-Jojo-Moyes/dp/0525426590?tag=NYTBS-20</amazon_product_url><age_group></age_group><book_review_link></book_review_link><first_chapter_link></first_chapter_link><sunday_review_link></sunday_review_link><article_chapter_link></article_chapter_link><isbns><isbn><isbn10>0525426590</isbn10><isbn13>9780525426592</isbn13></isbn><isbn><isbn10>0698152042</isbn10><isbn13>9780698152045</isbn13></isbn><isbn><isbn10>0143108867</isbn10><isbn13>9780143108863</isbn13></isbn><isbn><isbn10>1432834223</isbn10><isbn13>9781432834227</isbn13></isbn><isbn><isbn10>0143131397</isbn10><isbn13>9780143131397</isbn13></isbn></isbns><buy_links><buy_link><name>Local Booksellers</name><url>http://www.indiebound.org/book/9780698152045?aff=NYT</url></buy_link><buy_link><name>Barnes and Noble</name><url>http://www.anrdoezrs.net/click-7990613-11819508?url=http%3A%2F%2Fwww.barnesandnoble.com%2Fw%2F%3Fean%3D9780698152045</url></buy_link><buy_link><name>Amazon</name><url>http://www.amazon.com/After-You-Novel-Jojo-Moyes/dp/0525426590?tag=NYTBS-20</url></buy_link></buy_links></book><book><rank>10</rank><rank_last_week>6</rank_last_week><weeks_on_list>3</weeks_on_list><asterisk>0</asterisk><dagger>0</dagger><primary_isbn10>1476789371</primary_isbn10><primary_isbn13>9781476789378</primary_isbn13><publisher>Emily Bestler/Atria</publisher><description>The counterterrorism operative Scot Harvath searches for an informant who has compromised an American mission in Syria.</description><price>0</price><title>FOREIGN AGENT</title><author>Brad Thor</author><contributor>by Brad Thor</contributor><contributor_note></contributor_note><book_image>https://s1.nyt.com/du/books/images/9781476789378.jpg</book_image><book_image_width>326</book_image_width><book_image_height>495</book_image_height><amazon_product_url>http://www.amazon.com/Foreign-Agent-Thriller-Scot-Harvath-ebook/dp/B0176M3X5S?tag=NYTBS-20</amazon_product_url><age_group></age_group><book_review_link></book_review_link><first_chapter_link></first_chapter_link><sunday_review_link></sunday_review_link><article_chapter_link></article_chapter_link><isbns><isbn><isbn10>1476789355</isbn10><isbn13>9781476789354</isbn13></isbn><isbn><isbn10>1476789371</isbn10><isbn13>9781476789378</isbn13></isbn></isbns><buy_links><buy_link><name>Local Booksellers</name><url>http://www.indiebound.org/book/9781476789378?aff=NYT</url></buy_link><buy_link><name>Barnes and Noble</name><url>http://www.anrdoezrs.net/click-7990613-11819508?url=http%3A%2F%2Fwww.barnesandnoble.com%2Fw%2F%3Fean%3D9781476789378</url></buy_link><buy_link><name>Amazon</name><url>http://www.amazon.com/Foreign-Agent-Thriller-Scot-Harvath-ebook/dp/B0176M3X5S?tag=NYTBS-20</url></buy_link></buy_links></book><book><rank>11</rank><rank_last_week>0</rank_last_week><weeks_on_list>46</weeks_on_list><asterisk>0</asterisk><dagger>0</dagger><primary_isbn10>0553897845</primary_isbn10><primary_isbn13>9780553897845</primary_isbn13><publisher>Bantam</publisher><description>In the frozen wastes to the north of Winterfell, sinister and supernatural forces are mustering.</description><price>0</price><title>A GAME OF THRONES</title><author>George R R Martin</author><contributor>by George R. R. Martin</contributor><contributor_note></contributor_note><book_image>https://s1.nyt.com/du/books/images/9780553897845.jpg</book_image><book_image_width>301</book_image_width><book_image_height>495</book_image_height><amazon_product_url>http://www.amazon.com/Game-Thrones-Song-Fire-Book-ebook/dp/B000QCS8TW?tag=NYTBS-20</amazon_product_url><age_group></age_group><book_review_link></book_review_link><first_chapter_link></first_chapter_link><sunday_review_link></sunday_review_link><article_chapter_link>https://www.nytimes.com/2011/04/10/arts/television/game-of-thrones-on-hbo-from-george-r-r-martin-novels.html</article_chapter_link><isbns><isbn><isbn10>0553573403</isbn10><isbn13>9780553573404</isbn13></isbn><isbn><isbn10>0553386794</isbn10><isbn13>9780553386790</isbn13></isbn><isbn><isbn10>0553381687</isbn10><isbn13>9780553381689</isbn13></isbn><isbn><isbn10>0553593714</isbn10><isbn13>9780553593716</isbn13></isbn><isbn><isbn10>0553897845</isbn10><isbn13>9780553897845</isbn13></isbn><isbn><isbn10>0553103547</isbn10><isbn13>9780553103540</isbn13></isbn><isbn><isbn10>044042321X</isbn10><isbn13>9780440423218</isbn13></isbn><isbn><isbn10>0553588486</isbn10><isbn13>9780553588484</isbn13></isbn><isbn><isbn10>0345535537</isbn10><isbn13>9780345535535</isbn13></isbn></isbns><buy_links><buy_link><name>Local Booksellers</name><url>http://www.indiebound.org/book/9780553897845?aff=NYT</url></buy_link><buy_link><name>Barnes and Noble</name><url>http://www.anrdoezrs.net/click-7990613-11819508?url=http%3A%2F%2Fwww.barnesandnoble.com%2Fw%2F%3Fean%3D9780553897845</url></buy_link><buy_link><name>Amazon</name><url>http://www.amazon.com/Game-Thrones-Song-Fire-Book-ebook/dp/B000QCS8TW?tag=NYTBS-20</url></buy_link></buy_links></book><book><rank>12</rank><rank_last_week>9</rank_last_week><weeks_on_list>5</weeks_on_list><asterisk>0</asterisk><dagger>0</dagger><primary_isbn10>1455561800</primary_isbn10><primary_isbn13>9781455561803</primary_isbn13><publisher>Grand Central</publisher><description>After a private jet crashes, a firestorm of media madness ensues.</description><price>0</price><title>BEFORE THE FALL</title><author>Noah Hawley</author><contributor>by Noah Hawley</contributor><contributor_note></contributor_note><book_image>https://s1.nyt.com/du/books/images/9781455561803.jpg</book_image><book_image_width>329</book_image_width><book_image_height>495</book_image_height><amazon_product_url>http://www.amazon.com/Before-Fall-Noah-Hawley-ebook/dp/B0151YQUTE?tag=NYTBS-20</amazon_product_url><age_group></age_group><book_review_link>https://www.nytimes.com/2016/06/05/books/review/noah-hawleys-before-the-fall.html</book_review_link><first_chapter_link></first_chapter_link><sunday_review_link></sunday_review_link><article_chapter_link></article_chapter_link><isbns><isbn><isbn10>1455561789</isbn10><isbn13>9781455561780</isbn13></isbn><isbn><isbn10>1455566144</isbn10><isbn13>9781455566143</isbn13></isbn><isbn><isbn10>1455561800</isbn10><isbn13>9781455561803</isbn13></isbn><isbn><isbn10>1455568554</isbn10><isbn13>9781455568550</isbn13></isbn><isbn><isbn10>1455596329</isbn10><isbn13>9781455596324</isbn13></isbn><isbn><isbn10>1455561797</isbn10><isbn13>9781455561797</isbn13></isbn></isbns><buy_links><buy_link><name>Local Booksellers</name><url>http://www.indiebound.org/book/9781455561803?aff=NYT</url></buy_link><buy_link><name>Barnes and Noble</name><url>http://www.anrdoezrs.net/click-7990613-11819508?url=http%3A%2F%2Fwww.barnesandnoble.com%2Fw%2F%3Fean%3D9781455561803</url></buy_link><buy_link><name>Amazon</name><url>http://www.amazon.com/Before-Fall-Noah-Hawley-ebook/dp/B0151YQUTE?tag=NYTBS-20</url></buy_link></buy_links></book><book><rank>13</rank><rank_last_week>4</rank_last_week><weeks_on_list>3</weeks_on_list><asterisk>0</asterisk><dagger>0</dagger><primary_isbn10>042528011X</primary_isbn10><primary_isbn13>9780425280119</primary_isbn13><publisher>Berkley</publisher><description>In this second installment of the Guardians trilogy, Sawyer brings the group to the island of Capri, where he’s drawn to the mermaid Annika.</description><price>0</price><title>BAY OF SIGHS</title><author>Nora Roberts</author><contributor>by Nora Roberts</contributor><contributor_note></contributor_note><book_image>https://s1.nyt.com/du/books/images/9780698190740.jpg</book_image><book_image_width>330</book_image_width><book_image_height>487</book_image_height><amazon_product_url>http://www.amazon.com/Sighs-Guardians-Trilogy-Nora-Roberts-ebook/dp/B016JPTMIK?tag=NYTBS-20</amazon_product_url><age_group></age_group><book_review_link></book_review_link><first_chapter_link></first_chapter_link><sunday_review_link></sunday_review_link><article_chapter_link></article_chapter_link><isbns><isbn><isbn10>042528011X</isbn10><isbn13>9780425280119</isbn13></isbn><isbn><isbn10>0698190742</isbn10><isbn13>9780698190740</isbn13></isbn></isbns><buy_links><buy_link><name>Local Booksellers</name><url>http://www.indiebound.org/book/9780425280119?aff=NYT</url></buy_link><buy_link><name>Barnes and Noble</name><url>http://www.anrdoezrs.net/click-7990613-11819508?url=http%3A%2F%2Fwww.barnesandnoble.com%2Fw%2F%3Fean%3D9780425280119</url></buy_link><buy_link><name>Amazon</name><url>http://www.amazon.com/Sighs-Guardians-Trilogy-Nora-Roberts-ebook/dp/B016JPTMIK?tag=NYTBS-20</url></buy_link></buy_links></book><book><rank>14</rank><rank_last_week>15</rank_last_week><weeks_on_list>7</weeks_on_list><asterisk>0</asterisk><dagger>0</dagger><primary_isbn10>1476738025</primary_isbn10><primary_isbn13>9781476738024</primary_isbn13><publisher>Washington Square</publisher><description>A curmudgeon's gruff exterior masks a generosity of spirit. Originally published in Sweden in 2014.</description><price>0</price><title>A MAN CALLED OVE</title><author>Fredrik Backman</author><contributor>by Fredrik Backman</contributor><contributor_note></contributor_note><book_image>https://s1.nyt.com/du/books/images/9781476738024.jpg</book_image><book_image_width>318</book_image_width><book_image_height>495</book_image_height><amazon_product_url>http://www.amazon.com/Man-Called-Ove-Novel/dp/1476738025?tag=NYTBS-20</amazon_product_url><age_group></age_group><book_review_link></book_review_link><first_chapter_link></first_chapter_link><sunday_review_link></sunday_review_link><article_chapter_link></article_chapter_link><isbns><isbn><isbn10>1476738025</isbn10><isbn13>9781476738024</isbn13></isbn><isbn><isbn10>1476738017</isbn10><isbn13>9781476738017</isbn13></isbn><isbn><isbn10>1594139830</isbn10><isbn13>9781594139833</isbn13></isbn><isbn><isbn10>1410472922</isbn10><isbn13>9781410472922</isbn13></isbn></isbns><buy_links><buy_link><name>Local Booksellers</name><url>http://www.indiebound.org/book/9781476738024?aff=NYT</url></buy_link><buy_link><name>Barnes and Noble</name><url>http://www.anrdoezrs.net/click-7990613-11819508?url=http%3A%2F%2Fwww.barnesandnoble.com%2Fw%2F%3Fean%3D9781476738024</url></buy_link><buy_link><name>Amazon</name><url>http://www.amazon.com/Man-Called-Ove-Novel/dp/1476738025?tag=NYTBS-20</url></buy_link></buy_links></book><book><rank>15</rank><rank_last_week>0</rank_last_week><weeks_on_list>59</weeks_on_list><asterisk>0</asterisk><dagger>0</dagger><primary_isbn10>1466850604</primary_isbn10><primary_isbn13>9781466850606</primary_isbn13><publisher>St. Martin's</publisher><description>Two sisters are separated in World War II France: one in the countryside, the other in Paris.</description><price>0</price><title>THE NIGHTINGALE</title><author>Kristin Hannah</author><contributor>by Kristin Hannah</contributor><contributor_note></contributor_note><book_image>https://s1.nyt.com/du/books/images/9781466850606.jpg</book_image><book_image_width>128</book_image_width><book_image_height>195</book_image_height><amazon_product_url>http://www.amazon.com/The-Nightingale-Kristin-Hannah/dp/0312577222?tag=NYTBS-20</amazon_product_url><age_group></age_group><book_review_link></book_review_link><first_chapter_link></first_chapter_link><sunday_review_link></sunday_review_link><article_chapter_link></article_chapter_link><isbns><isbn><isbn10>0312577222</isbn10><isbn13>9780312577223</isbn13></isbn><isbn><isbn10>1466850604</isbn10><isbn13>9781466850606</isbn13></isbn><isbn><isbn10>1628995017</isbn10><isbn13>9781628995015</isbn13></isbn><isbn><isbn10>1250080401</isbn10><isbn13>9781250080400</isbn13></isbn></isbns><buy_links><buy_link><name>Local Booksellers</name><url>http://www.indiebound.org/book/9781466850606?aff=NYT</url></buy_link><buy_link><name>Barnes and Noble</name><url>http://www.anrdoezrs.net/click-7990613-11819508?url=http%3A%2F%2Fwww.barnesandnoble.com%2Fw%2F%3Fean%3D9781466850606</url></buy_link><buy_link><name>Amazon</name><url>http://www.amazon.com/The-Nightingale-Kristin-Hannah/dp/0312577222?tag=NYTBS-20</url></buy_link></buy_links></book><book><rank>16</rank><rank_last_week>0</rank_last_week><weeks_on_list>0</weeks_on_list><asterisk>0</asterisk><dagger>0</dagger><primary_isbn10>0062573063</primary_isbn10><primary_isbn13>9780062573063</primary_isbn13><publisher>Avon Impulse</publisher><description>A novella traces a widow's course into the arms of a reformed rake.</description><price>0</price><title>A GENTLEMAN NEVER TELLS</title><author>Eloisa James</author><contributor>by Eloisa James</contributor><contributor_note></contributor_note><book_image>https://s1.nyt.com/du/books/images/9780062573063.jpg</book_image><book_image_width>307</book_image_width><book_image_height>495</book_image_height><amazon_product_url>http://www.amazon.com/Gentleman-Never-Tells-Novella-ebook/dp/B01DIV0QEM?tag=NYTBS-20</amazon_product_url><age_group></age_group><book_review_link></book_review_link><first_chapter_link></first_chapter_link><sunday_review_link></sunday_review_link><article_chapter_link></article_chapter_link><isbns><isbn><isbn10>0062573063</isbn10><isbn13>9780062573063</isbn13></isbn></isbns><buy_links><buy_link><name>Local Booksellers</name><url>http://www.indiebound.org/book/9780062573063?aff=NYT</url></buy_link><buy_link><name>Barnes and Noble</name><url>http://www.anrdoezrs.net/click-7990613-11819508?url=http%3A%2F%2Fwww.barnesandnoble.com%2Fw%2F%3Fean%3D9780062573063</url></buy_link><buy_link><name>Amazon</name><url>http://www.amazon.com/Gentleman-Never-Tells-Novella-ebook/dp/B01DIV0QEM?tag=NYTBS-20</url></buy_link></buy_links></book><book><rank>17</rank><rank_last_week>0</rank_last_week><weeks_on_list>0</weeks_on_list><asterisk>0</asterisk><dagger>0</dagger><primary_isbn10>1942834187</primary_isbn10><primary_isbn13>9781942834182</primary_isbn13><publisher>BAAE</publisher><description>After a failed marriage, a woman returns to her Tennessee hometown and encounters the man who deserted her 17 years earlier.</description><price>0</price><title>SAY YOU'LL STAY</title><author>Corinne Michaels</author><contributor>by Corinne Michaels</contributor><contributor_note></contributor_note><book_image>https://s1.nyt.com/du/books/images/9781942834182.jpg</book_image><book_image_width>314</book_image_width><book_image_height>495</book_image_height><amazon_product_url>http://www.amazon.com/Say-Youll-Stay-Corinne-Michaels-ebook/dp/B01HAQMW48?tag=NYTBS-20</amazon_product_url><age_group></age_group><book_review_link></book_review_link><first_chapter_link></first_chapter_link><sunday_review_link></sunday_review_link><article_chapter_link></article_chapter_link><isbns><isbn><isbn10>1942834187</isbn10><isbn13>9781942834182</isbn13></isbn></isbns><buy_links><buy_link><name>Local Booksellers</name><url>http://www.indiebound.org/book/9781942834182?aff=NYT</url></buy_link><buy_link><name>Barnes and Noble</name><url>http://www.anrdoezrs.net/click-7990613-11819508?url=http%3A%2F%2Fwww.barnesandnoble.com%2Fw%2F%3Fean%3D9781942834182</url></buy_link><buy_link><name>Amazon</name><url>http://www.amazon.com/Say-Youll-Stay-Corinne-Michaels-ebook/dp/B01HAQMW48?tag=NYTBS-20</url></buy_link></buy_links></book><book><rank>18</rank><rank_last_week>0</rank_last_week><weeks_on_list>0</weeks_on_list><asterisk>0</asterisk><dagger>0</dagger><primary_isbn10>0316317144</primary_isbn10><primary_isbn13>9780316317146</primary_isbn13><publisher>Little, Brown</publisher><description>Alex Cross watched Gary Soneji ("Along Came a Spider") die more than 10 years ago — but maybe not. A Bookshots short novel.</description><price>0</price><title>CROSS KILL</title><author>James Patterson</author><contributor>by James Patterson</contributor><contributor_note></contributor_note><book_image>https://s1.nyt.com/du/books/images/9780316360623.jpg</book_image><book_image_width>330</book_image_width><book_image_height>462</book_image_height><amazon_product_url>http://www.amazon.com/Cross-Kill-Alex-Story-BookShots-ebook/dp/B01C37XFY0?tag=NYTBS-20</amazon_product_url><age_group></age_group><book_review_link></book_review_link><first_chapter_link></first_chapter_link><sunday_review_link></sunday_review_link><article_chapter_link></article_chapter_link><isbns><isbn><isbn10>0316317144</isbn10><isbn13>9780316317146</isbn13></isbn><isbn><isbn10>0316360627</isbn10><isbn13>9780316360623</isbn13></isbn></isbns><buy_links><buy_link><name>Local Booksellers</name><url>http://www.indiebound.org/book/9780316317146?aff=NYT</url></buy_link><buy_link><name>Barnes and Noble</name><url>http://www.anrdoezrs.net/click-7990613-11819508?url=http%3A%2F%2Fwww.barnesandnoble.com%2Fw%2F%3Fean%3D9780316317146</url></buy_link><buy_link><name>Amazon</name><url>http://www.amazon.com/Cross-Kill-Alex-Story-BookShots-ebook/dp/B01C37XFY0?tag=NYTBS-20</url></buy_link></buy_links></book><book><rank>19</rank><rank_last_week>0</rank_last_week><weeks_on_list>0</weeks_on_list><asterisk>0</asterisk><dagger>0</dagger><primary_isbn10>None</primary_isbn10><primary_isbn13>9780698409774</primary_isbn13><publisher>Dutton</publisher><description></description><price>0</price><title>GHOSTS OF WAR</title><author>Brad Taylor</author><contributor>by Brad Taylor</contributor><contributor_note></contributor_note><book_image>https://s1.nyt.com/du/books/images/9780525954927.jpg</book_image><book_image_width>328</book_image_width><book_image_height>495</book_image_height><amazon_product_url>http://www.amazon.com/Ghosts-War-Pike-Logan-Thriller/dp/0525954929?tag=NYTBS-20</amazon_product_url><age_group></age_group><book_review_link></book_review_link><first_chapter_link></first_chapter_link><sunday_review_link></sunday_review_link><article_chapter_link></article_chapter_link><isbns><isbn><isbn10>0525954929</isbn10><isbn13>9780525954927</isbn13></isbn></isbns><buy_links><buy_link><name>Local Booksellers</name><url>http://www.indiebound.org/book/9780698409774?aff=NYT</url></buy_link><buy_link><name>Barnes and Noble</name><url>http://www.anrdoezrs.net/click-7990613-11819508?url=http%3A%2F%2Fwww.barnesandnoble.com%2Fw%2F%3Fean%3D9780698409774</url></buy_link><buy_link><name>Amazon</name><url>http://www.amazon.com/Ghosts-War-Pike-Logan-Thriller/dp/0525954929?tag=NYTBS-20</url></buy_link></buy_links></book><book><rank>20</rank><rank_last_week>0</rank_last_week><weeks_on_list>0</weeks_on_list><asterisk>0</asterisk><dagger>0</dagger><primary_isbn10>006244803X</primary_isbn10><primary_isbn13>9780062448033</primary_isbn13><publisher>Avon</publisher><description></description><price>0</price><title>SWEET LITTLE LIES</title><author>Jill Shalvis</author><contributor>by Jill Shalvis</contributor><contributor_note></contributor_note><book_image>https://s1.nyt.com/du/books/images/9780062448033.jpg</book_image><book_image_width>307</book_image_width><book_image_height>495</book_image_height><amazon_product_url>http://www.amazon.com/Sweet-Little-Lies-Heartbreaker-Novel-ebook/dp/B0166JZYHW?tag=NYTBS-20</amazon_product_url><age_group></age_group><book_review_link></book_review_link><first_chapter_link></first_chapter_link><sunday_review_link></sunday_review_link><article_chapter_link></article_chapter_link><isbns><isbn><isbn10>0062448021</isbn10><isbn13>9780062448026</isbn13></isbn><isbn><isbn10>006244803X</isbn10><isbn13>9780062448033</isbn13></isbn></isbns><buy_links><buy_link><name>Local Booksellers</name><url>http://www.indiebound.org/book/9780062448033?aff=NYT</url></buy_link><buy_link><name>Barnes and Noble</name><url>http://www.anrdoezrs.net/click-7990613-11819508?url=http%3A%2F%2Fwww.barnesandnoble.com%2Fw%2F%3Fean%3D9780062448033</url></buy_link><buy_link><name>Amazon</name><url>http://www.amazon.com/Sweet-Little-Lies-Heartbreaker-Novel-ebook/dp/B0166JZYHW?tag=NYTBS-20</url></buy_link></buy_links></book></books><corrections/></results></result_set>
