<?xml version="1.0" encoding="UTF-8"?>
<result_set><status>OK</status><copyright>Copyright (c) 2018 The New York Times Company.  All Rights Reserved.</copyright><num_results>35</num_results><last_modified>2017-03-21T13:38:01-04:00</last_modified><results><list_name>Combined Print and E-Book Fiction</list_name><list_name_encoded>combined-print-and-e-book-fiction</list_name_encoded><bestsellers_date>2012-01-21</bestsellers_date><published_date>2012-02-05</published_date><published_date_description></published_date_description><next_published_date>2012-02-12</next_published_date><previous_published_date>2012-01-29</previous_published_date><display_name><![CDATA[Combined Print & E-Book Fiction]]></display_name><normal_list_ends_at>15</normal_list_ends_at><updated>WEEKLY</updated><books><book><rank>1</rank><rank_last_week>5</rank_last_week><weeks_on_list>3</weeks_on_list><asterisk>0</asterisk><dagger>0</dagger><primary_isbn10>0547416210</primary_isbn10><primary_isbn13>9780547416212</primary_isbn13><publisher>Houghton Mifflin Harcourt Publishing</publisher><description>A 9-year-old boy searches New York City for the lock that fits a key belonging to his father, who died on Sept. 11.</description><price>0</price><title>EXTREMELY LOUD AND INCREDIBLY CLOSE</title><author>Jonathan Safran Foer</author><contributor>by Jonathan Safran Foer</contributor><contributor_note></contributor_note><book_image>https://s1.nyt.com/du/books/images/9780618711659.jpg</book_image><book_image_width>330</book_image_width><book_image_height>495</book_image_height><amazon_product_url>http://www.amazon.com/Extremely-Loud-Incredibly-Close-Novel-ebook/dp/B003K16PXC?tag=NYTBS-20</amazon_product_url><age_group></age_group><book_review_link>https://www.nytimes.com/2005/03/22/books/22kaku.html</book_review_link><first_chapter_link></first_chapter_link><sunday_review_link>https://www.nytimes.com/2005/04/03/books/review/0403cover-kirn.html</sunday_review_link><article_chapter_link></article_chapter_link><isbns><isbn><isbn10>0618711651</isbn10><isbn13>9780618711659</isbn13></isbn><isbn><isbn10>0547735022</isbn10><isbn13>9780547735023</isbn13></isbn><isbn><isbn10>0547416210</isbn10><isbn13>9780547416212</isbn13></isbn><isbn><isbn10>0618329706</isbn10><isbn13>9780618329700</isbn13></isbn></isbns><buy_links><buy_link><name>Local Booksellers</name><url>http://www.indiebound.org/book/9780547416212?aff=NYT</url></buy_link><buy_link><name>Barnes and Noble</name><url>http://www.anrdoezrs.net/click-7990613-11819508?url=http%3A%2F%2Fwww.barnesandnoble.com%2Fw%2F%3Fean%3D9780547416212</url></buy_link><buy_link><name>Amazon</name><url>http://www.amazon.com/Extremely-Loud-Incredibly-Close-Novel-ebook/dp/B003K16PXC?tag=NYTBS-20</url></buy_link></buy_links></book><book><rank>2</rank><rank_last_week>1</rank_last_week><weeks_on_list>23</weeks_on_list><asterisk>0</asterisk><dagger>0</dagger><primary_isbn10>0307272117</primary_isbn10><primary_isbn13>9780307272119</primary_isbn13><publisher>Knopf Doubleday Publishing</publisher><description>A hacker and a journalist investigate the disappearance of a Swedish heiress 40 years earlier.</description><price>0</price><title>THE GIRL WITH THE DRAGON TATTOO</title><author>Stieg Larsson</author><contributor>by Stieg Larsson</contributor><contributor_note></contributor_note><book_image>https://s1.nyt.com/du/books/images/9780307949486.jpg</book_image><book_image_width>277</book_image_width><book_image_height>495</book_image_height><amazon_product_url>http://www.amazon.com/Girl-Dragon-Tattoo-Stieg-Larsson/dp/0307269752?tag=NYTBS-20</amazon_product_url><age_group></age_group><book_review_link>https://www.nytimes.com/2008/09/30/books/30kaku.html</book_review_link><first_chapter_link></first_chapter_link><sunday_review_link>https://www.nytimes.com/2008/09/14/books/review/Berenson-t.html</sunday_review_link><article_chapter_link></article_chapter_link><isbns><isbn><isbn10>0307454541</isbn10><isbn13>9780307454546</isbn13></isbn><isbn><isbn10>0307473473</isbn10><isbn13>9780307473479</isbn13></isbn><isbn><isbn10>0307272117</isbn10><isbn13>9780307272119</isbn13></isbn><isbn><isbn10>0739384155</isbn10><isbn13>9780739384152</isbn13></isbn><isbn><isbn10>0307269752</isbn10><isbn13>9780307269751</isbn13></isbn><isbn><isbn10>0307949494</isbn10><isbn13>9780307949493</isbn13></isbn><isbn><isbn10>0307949486</isbn10><isbn13>9780307949486</isbn13></isbn></isbns><buy_links><buy_link><name>Local Booksellers</name><url>http://www.indiebound.org/book/9780307272119?aff=NYT</url></buy_link><buy_link><name>Barnes and Noble</name><url>http://www.anrdoezrs.net/click-7990613-11819508?url=http%3A%2F%2Fwww.barnesandnoble.com%2Fw%2F%3Fean%3D9780307272119</url></buy_link><buy_link><name>Amazon</name><url>http://www.amazon.com/Girl-Dragon-Tattoo-Stieg-Larsson/dp/0307269752?tag=NYTBS-20</url></buy_link></buy_links></book><book><rank>3</rank><rank_last_week>2</rank_last_week><weeks_on_list>49</weeks_on_list><asterisk>0</asterisk><dagger>0</dagger><primary_isbn10>1440697663</primary_isbn10><primary_isbn13>9781440697661</primary_isbn13><publisher>Penguin Group</publisher><description>A young white woman and two black maids in 1960s Mississippi.</description><price>0</price><title>THE HELP</title><author>Kathryn Stockett</author><contributor>by Kathryn Stockett</contributor><contributor_note></contributor_note><book_image>https://s1.nyt.com/du/books/images/9781440697661.jpg</book_image><book_image_width>330</book_image_width><book_image_height>440</book_image_height><amazon_product_url>http://www.amazon.com/The-Help-Kathryn-Stockett/dp/0425232204?tag=NYTBS-20</amazon_product_url><age_group></age_group><book_review_link>https://www.nytimes.com/2009/02/19/books/19masl.html</book_review_link><first_chapter_link></first_chapter_link><sunday_review_link></sunday_review_link><article_chapter_link>https://www.nytimes.com/2011/08/14/movies/black-and-white-struggle-through-hollywoods-rosy-glow.html</article_chapter_link><isbns><isbn><isbn10>0399155341</isbn10><isbn13>9780399155345</isbn13></isbn><isbn><isbn10>1440697663</isbn10><isbn13>9781440697661</isbn13></isbn><isbn><isbn10>0425232204</isbn10><isbn13>9780425232200</isbn13></isbn><isbn><isbn10>1594133883</isbn10><isbn13>9781594133886</isbn13></isbn><isbn><isbn10>0425245136</isbn10><isbn13>9780425245132</isbn13></isbn><isbn><isbn10>0399157913</isbn10><isbn13>9780399157912</isbn13></isbn></isbns><buy_links><buy_link><name>Local Booksellers</name><url>http://www.indiebound.org/book/9781440697661?aff=NYT</url></buy_link><buy_link><name>Barnes and Noble</name><url>http://www.anrdoezrs.net/click-7990613-11819508?url=http%3A%2F%2Fwww.barnesandnoble.com%2Fw%2F%3Fean%3D9781440697661</url></buy_link><buy_link><name>Amazon</name><url>http://www.amazon.com/The-Help-Kathryn-Stockett/dp/0425232204?tag=NYTBS-20</url></buy_link></buy_links></book><book><rank>4</rank><rank_last_week>4</rank_last_week><weeks_on_list>15</weeks_on_list><asterisk>0</asterisk><dagger>0</dagger><primary_isbn10>0307272303</primary_isbn10><primary_isbn13>9780307272300</primary_isbn13><publisher>Knopf Doubleday Publishing</publisher><description>In Volume 2 of the Millennium trilogy, a Swedish hacker becomes a murder suspect.</description><price>0</price><title>THE GIRL WHO PLAYED WITH FIRE</title><author>Stieg Larsson</author><contributor>by Stieg Larsson</contributor><contributor_note></contributor_note><book_image>https://s1.nyt.com/du/books/images/9780307476159.jpg</book_image><book_image_width>302</book_image_width><book_image_height>495</book_image_height><amazon_product_url>http://www.amazon.com/Girl-Played-Fire-Millennium-Trilogy/dp/0307476154?tag=NYTBS-20</amazon_product_url><age_group></age_group><book_review_link>https://www.nytimes.com/2009/07/17/books/17book.html</book_review_link><first_chapter_link>https://www.nytimes.com/2009/07/17/books/excerpt-girl-who-played-with-fire.html</first_chapter_link><sunday_review_link>https://www.nytimes.com/2009/08/16/books/review/Crime-t.html</sunday_review_link><article_chapter_link></article_chapter_link><isbns><isbn><isbn10>030745455X</isbn10><isbn13>9780307454553</isbn13></isbn><isbn><isbn10>0307476154</isbn10><isbn13>9780307476159</isbn13></isbn><isbn><isbn10>0307272303</isbn10><isbn13>9780307272300</isbn13></isbn><isbn><isbn10>0739384163</isbn10><isbn13>9780739384169</isbn13></isbn><isbn><isbn10>0307269981</isbn10><isbn13>9780307269980</isbn13></isbn><isbn><isbn10>0307949508</isbn10><isbn13>9780307949509</isbn13></isbn></isbns><buy_links><buy_link><name>Local Booksellers</name><url>http://www.indiebound.org/book/9780307272300?aff=NYT</url></buy_link><buy_link><name>Barnes and Noble</name><url>http://www.anrdoezrs.net/click-7990613-11819508?url=http%3A%2F%2Fwww.barnesandnoble.com%2Fw%2F%3Fean%3D9780307272300</url></buy_link><buy_link><name>Amazon</name><url>http://www.amazon.com/Girl-Played-Fire-Millennium-Trilogy/dp/0307476154?tag=NYTBS-20</url></buy_link></buy_links></book><book><rank>5</rank><rank_last_week>6</rank_last_week><weeks_on_list>3</weeks_on_list><asterisk>0</asterisk><dagger>0</dagger><primary_isbn10>0316097411</primary_isbn10><primary_isbn13>9780316097413</primary_isbn13><publisher>Grand Central Publishing</publisher><description>Jack Morgan, the head of an investigative firm, is accused of murder.</description><price>0</price><title>PRIVATE: #1 SUSPECT</title><author>James Patterson and Maxine Paetro</author><contributor>by James Patterson and Maxine Paetro</contributor><contributor_note></contributor_note><book_image>https://s1.nyt.com/du/books/images/9780316097413.jpg</book_image><book_image_width>322</book_image_width><book_image_height>495</book_image_height><amazon_product_url>http://www.amazon.com/Private-1-Suspect-James-Patterson-ebook/dp/B004QZ9P4M?tag=NYTBS-20</amazon_product_url><age_group></age_group><book_review_link></book_review_link><first_chapter_link></first_chapter_link><sunday_review_link></sunday_review_link><article_chapter_link></article_chapter_link><isbns><isbn><isbn10>1607884623</isbn10><isbn13>9781607884620</isbn13></isbn><isbn><isbn10>0316097411</isbn10><isbn13>9780316097413</isbn13></isbn></isbns><buy_links><buy_link><name>Local Booksellers</name><url>http://www.indiebound.org/book/9780316097413?aff=NYT</url></buy_link><buy_link><name>Barnes and Noble</name><url>http://www.anrdoezrs.net/click-7990613-11819508?url=http%3A%2F%2Fwww.barnesandnoble.com%2Fw%2F%3Fean%3D9780316097413</url></buy_link><buy_link><name>Amazon</name><url>http://www.amazon.com/Private-1-Suspect-James-Patterson-ebook/dp/B004QZ9P4M?tag=NYTBS-20</url></buy_link></buy_links></book><book><rank>6</rank><rank_last_week>0</rank_last_week><weeks_on_list>1</weeks_on_list><asterisk>0</asterisk><dagger>0</dagger><primary_isbn10>None</primary_isbn10><primary_isbn13>9780062109590</primary_isbn13><publisher>HarperCollins Publishers</publisher><description>A man just out of prison becomes entangled in the schemes of an enigmatic grifter.</description><price>0</price><title>AMERICAN GODS</title><author>Neil Gaiman</author><contributor>by Neil Gaiman</contributor><contributor_note></contributor_note><book_image>https://s1.nyt.com/du/books/images/9780062109590.jpg</book_image><book_image_width>128</book_image_width><book_image_height>196</book_image_height><amazon_product_url>http://www.amazon.com/American-Gods-Tenth-Anniversary-Edition-ebook/dp/B004YW4L5K?tag=NYTBS-20</amazon_product_url><age_group></age_group><book_review_link></book_review_link><first_chapter_link></first_chapter_link><sunday_review_link>https://www.nytimes.com/2001/07/29/books/books-in-brief-fiction-poetry-319619.html</sunday_review_link><article_chapter_link></article_chapter_link><isbns><isbn><isbn10>0061792667</isbn10><isbn13>9780061792663</isbn13></isbn><isbn><isbn10>0380789035</isbn10><isbn13>9780380789030</isbn13></isbn><isbn><isbn10>0060558121</isbn10><isbn13>9780060558123</isbn13></isbn><isbn><isbn10>0062080237</isbn10><isbn13>9780062080233</isbn13></isbn><isbn><isbn10>0062059882</isbn10><isbn13>9780062059888</isbn13></isbn><isbn><isbn10>0380973650</isbn10><isbn13>9780380973651</isbn13></isbn><isbn><isbn10>0062572237</isbn10><isbn13>9780062572233</isbn13></isbn><isbn><isbn10>0062472100</isbn10><isbn13>9780062472106</isbn13></isbn><isbn><isbn10>0062572113</isbn10><isbn13>9780062572110</isbn13></isbn></isbns><buy_links><buy_link><name>Local Booksellers</name><url>http://www.indiebound.org/book/9780062109590?aff=NYT</url></buy_link><buy_link><name>Barnes and Noble</name><url>http://www.anrdoezrs.net/click-7990613-11819508?url=http%3A%2F%2Fwww.barnesandnoble.com%2Fw%2F%3Fean%3D9780062109590</url></buy_link><buy_link><name>Amazon</name><url>http://www.amazon.com/American-Gods-Tenth-Anniversary-Edition-ebook/dp/B004YW4L5K?tag=NYTBS-20</url></buy_link></buy_links></book><book><rank>7</rank><rank_last_week>10</rank_last_week><weeks_on_list>22</weeks_on_list><asterisk>0</asterisk><dagger>0</dagger><primary_isbn10>0307593673</primary_isbn10><primary_isbn13>9780307593672</primary_isbn13><publisher>Knopf Doubleday Publishing</publisher><description>Volume 3 of the Millennium trilogy, about a Swedish hacker and a journalist.</description><price>0</price><title>THE GIRL WHO KICKED THE HORNET’S NEST</title><author>Stieg Larsson</author><contributor>by Stieg Larsson</contributor><contributor_note></contributor_note><book_image>https://s1.nyt.com/du/books/images/9780307593672.jpg</book_image><book_image_width>330</book_image_width><book_image_height>485</book_image_height><amazon_product_url>http://www.amazon.com/Girl-Kicked-Hornets-Millennium-Trilogy/dp/030726999X?tag=NYTBS-20</amazon_product_url><age_group></age_group><book_review_link>https://www.nytimes.com/2010/05/21/books/21book.html</book_review_link><first_chapter_link></first_chapter_link><sunday_review_link>https://www.nytimes.com/2010/05/30/books/review/Kamp-t.html</sunday_review_link><article_chapter_link></article_chapter_link><isbns><isbn><isbn10>030726999X</isbn10><isbn13>9780307269997</isbn13></isbn><isbn><isbn10>0307593673</isbn10><isbn13>9780307593672</isbn13></isbn><isbn><isbn10>073937771X</isbn10><isbn13>9780739377710</isbn13></isbn><isbn><isbn10>0307454568</isbn10><isbn13>9780307454560</isbn13></isbn><isbn><isbn10>0307742539</isbn10><isbn13>9780307742537</isbn13></isbn><isbn><isbn10>1849162743</isbn10><isbn13>9781849162746</isbn13></isbn></isbns><buy_links><buy_link><name>Local Booksellers</name><url>http://www.indiebound.org/book/9780307593672?aff=NYT</url></buy_link><buy_link><name>Barnes and Noble</name><url>http://www.anrdoezrs.net/click-7990613-11819508?url=http%3A%2F%2Fwww.barnesandnoble.com%2Fw%2F%3Fean%3D9780307593672</url></buy_link><buy_link><name>Amazon</name><url>http://www.amazon.com/Girl-Kicked-Hornets-Millennium-Trilogy/dp/030726999X?tag=NYTBS-20</url></buy_link></buy_links></book><book><rank>8</rank><rank_last_week>8</rank_last_week><weeks_on_list>11</weeks_on_list><asterisk>0</asterisk><dagger>0</dagger><primary_isbn10>None</primary_isbn10><primary_isbn13>9781451627305</primary_isbn13><publisher>Scribner</publisher><description>An English teacher travels back to 1958 by way of a time portal in a Maine diner. His assignment is to stop Lee Harvey Oswald.</description><price>0</price><title>11/22/63</title><author>Stephen King</author><contributor>by Stephen King</contributor><contributor_note></contributor_note><book_image>https://s1.nyt.com/du/books/images/9781451627299.jpg</book_image><book_image_width>328</book_image_width><book_image_height>495</book_image_height><amazon_product_url>http://www.amazon.com/11-22-63-A-Novel/dp/1451627297?tag=NYTBS-20</amazon_product_url><age_group></age_group><book_review_link>https://www.nytimes.com/2011/10/31/books/stephen-kings-11-23-63-review.html</book_review_link><first_chapter_link></first_chapter_link><sunday_review_link>https://www.nytimes.com/2011/11/13/books/review/11-22-63-by-stephen-king-book-review.html</sunday_review_link><article_chapter_link></article_chapter_link><isbns><isbn><isbn10>1451627289</isbn10><isbn13>9781451627282</isbn13></isbn><isbn><isbn10>1451627297</isbn10><isbn13>9781451627299</isbn13></isbn><isbn><isbn10>030795143X</isbn10><isbn13>9780307951434</isbn13></isbn><isbn><isbn10>1594135592</isbn10><isbn13>9781594135590</isbn13></isbn><isbn><isbn10>1501120603</isbn10><isbn13>9781501120602</isbn13></isbn></isbns><buy_links><buy_link><name>Local Booksellers</name><url>http://www.indiebound.org/book/9781451627305?aff=NYT</url></buy_link><buy_link><name>Barnes and Noble</name><url>http://www.anrdoezrs.net/click-7990613-11819508?url=http%3A%2F%2Fwww.barnesandnoble.com%2Fw%2F%3Fean%3D9781451627305</url></buy_link><buy_link><name>Amazon</name><url>http://www.amazon.com/11-22-63-A-Novel/dp/1451627297?tag=NYTBS-20</url></buy_link></buy_links></book><book><rank>9</rank><rank_last_week>11</rank_last_week><weeks_on_list>13</weeks_on_list><asterisk>0</asterisk><dagger>0</dagger><primary_isbn10>None</primary_isbn10><primary_isbn13>9780385535250</primary_isbn13><publisher>Knopf Doubleday Publishing</publisher><description>Partners in a small law firm take on a big case after a fast-track burnout joins them.</description><price>0</price><title>THE LITIGATORS</title><author>John Grisham</author><contributor>by John Grisham</contributor><contributor_note></contributor_note><book_image>https://s1.nyt.com/du/books/images/9780385535137.jpg</book_image><book_image_width>184</book_image_width><book_image_height>280</book_image_height><amazon_product_url>http://www.amazon.com/The-Litigators-John-Grisham-ebook/dp/B004LROUNG?tag=NYTBS-20</amazon_product_url><age_group></age_group><book_review_link></book_review_link><first_chapter_link></first_chapter_link><sunday_review_link></sunday_review_link><article_chapter_link></article_chapter_link><isbns><isbn><isbn10>0385535139</isbn10><isbn13>9780385535137</isbn13></isbn></isbns><buy_links><buy_link><name>Local Booksellers</name><url>http://www.indiebound.org/book/9780385535250?aff=NYT</url></buy_link><buy_link><name>Barnes and Noble</name><url>http://www.anrdoezrs.net/click-7990613-11819508?url=http%3A%2F%2Fwww.barnesandnoble.com%2Fw%2F%3Fean%3D9780385535250</url></buy_link><buy_link><name>Amazon</name><url>http://www.amazon.com/The-Litigators-John-Grisham-ebook/dp/B004LROUNG?tag=NYTBS-20</url></buy_link></buy_links></book><book><rank>10</rank><rank_last_week>0</rank_last_week><weeks_on_list>1</weeks_on_list><asterisk>0</asterisk><dagger>0</dagger><primary_isbn10>0061807583</primary_isbn10><primary_isbn13>9780061807589</primary_isbn13><publisher>HarperCollins Publishers</publisher><description>A kidnapping stirs memories in a woman whose childhood best friend disappeared.</description><price>0</price><title>ISLAND OF LOST GIRLS</title><author>Jennifer McMahon</author><contributor>by Jennifer McMahon</contributor><contributor_note></contributor_note><book_image>https://s1.nyt.com/du/books/images/9780061807589.jpg</book_image><book_image_width>330</book_image_width><book_image_height>440</book_image_height><amazon_product_url>http://www.amazon.com/Island-Lost-Girls-A-Novel/dp/0061445886?tag=NYTBS-20</amazon_product_url><age_group></age_group><book_review_link></book_review_link><first_chapter_link></first_chapter_link><sunday_review_link></sunday_review_link><article_chapter_link></article_chapter_link><isbns><isbn><isbn10>0061807583</isbn10><isbn13>9780061807589</isbn13></isbn></isbns><buy_links><buy_link><name>Local Booksellers</name><url>http://www.indiebound.org/book/9780061807589?aff=NYT</url></buy_link><buy_link><name>Barnes and Noble</name><url>http://www.anrdoezrs.net/click-7990613-11819508?url=http%3A%2F%2Fwww.barnesandnoble.com%2Fw%2F%3Fean%3D9780061807589</url></buy_link><buy_link><name>Amazon</name><url>http://www.amazon.com/Island-Lost-Girls-A-Novel/dp/0061445886?tag=NYTBS-20</url></buy_link></buy_links></book><book><rank>11</rank><rank_last_week>0</rank_last_week><weeks_on_list>1</weeks_on_list><asterisk>0</asterisk><dagger>0</dagger><primary_isbn10>0062119486</primary_isbn10><primary_isbn13>9780062119483</primary_isbn13><publisher>HarperCollins Publishers</publisher><description>A United States marshal sent to Harlan County, Ky., confronts organ trafficking, strip mining, gambling and bank robberies.</description><price>0</price><title>RAYLAN</title><author>Elmore Leonard</author><contributor>by Elmore Leonard</contributor><contributor_note></contributor_note><book_image>https://s1.nyt.com/du/books/images/9780062119469.jpg</book_image><book_image_width>320</book_image_width><book_image_height>495</book_image_height><amazon_product_url>http://www.amazon.com/Raylan-A-Novel-Elmore-Leonard/dp/0062119478?tag=NYTBS-20</amazon_product_url><age_group></age_group><book_review_link></book_review_link><first_chapter_link></first_chapter_link><sunday_review_link>https://www.nytimes.com/2012/02/05/books/review/elmore-leonard-returns-with-raylan.html</sunday_review_link><article_chapter_link></article_chapter_link><isbns><isbn><isbn10>006211946X</isbn10><isbn13>9780062119469</isbn13></isbn><isbn><isbn10>0062119486</isbn10><isbn13>9780062119483</isbn13></isbn><isbn><isbn10>0062119478</isbn10><isbn13>9780062119476</isbn13></isbn></isbns><buy_links><buy_link><name>Local Booksellers</name><url>http://www.indiebound.org/book/9780062119483?aff=NYT</url></buy_link><buy_link><name>Barnes and Noble</name><url>http://www.anrdoezrs.net/click-7990613-11819508?url=http%3A%2F%2Fwww.barnesandnoble.com%2Fw%2F%3Fean%3D9780062119483</url></buy_link><buy_link><name>Amazon</name><url>http://www.amazon.com/Raylan-A-Novel-Elmore-Leonard/dp/0062119478?tag=NYTBS-20</url></buy_link></buy_links></book><book><rank>12</rank><rank_last_week>0</rank_last_week><weeks_on_list>1</weeks_on_list><asterisk>0</asterisk><dagger>0</dagger><primary_isbn10>0062097113</primary_isbn10><primary_isbn13>9780062097118</primary_isbn13><publisher>HarperCollins Publishers</publisher><description>The Saxon warrior Uhtred must decide whether to support a united England or reclaim his ancestral lands.</description><price>0</price><title>DEATH OF KINGS</title><author>Bernard Cornwell</author><contributor>by Bernard Cornwell</contributor><contributor_note></contributor_note><book_image>https://s1.nyt.com/du/books/images/9780061969652.jpg</book_image><book_image_width>184</book_image_width><book_image_height>280</book_image_height><amazon_product_url>http://www.amazon.com/Death-Kings-Novel-Saxon-Tales-ebook/dp/B005EGXNLS?tag=NYTBS-20</amazon_product_url><age_group></age_group><book_review_link></book_review_link><first_chapter_link></first_chapter_link><sunday_review_link></sunday_review_link><article_chapter_link></article_chapter_link><isbns><isbn><isbn10>0061969656</isbn10><isbn13>9780061969652</isbn13></isbn><isbn><isbn10>0062097113</isbn10><isbn13>9780062097118</isbn13></isbn></isbns><buy_links><buy_link><name>Local Booksellers</name><url>http://www.indiebound.org/book/9780062097118?aff=NYT</url></buy_link><buy_link><name>Barnes and Noble</name><url>http://www.anrdoezrs.net/click-7990613-11819508?url=http%3A%2F%2Fwww.barnesandnoble.com%2Fw%2F%3Fean%3D9780062097118</url></buy_link><buy_link><name>Amazon</name><url>http://www.amazon.com/Death-Kings-Novel-Saxon-Tales-ebook/dp/B005EGXNLS?tag=NYTBS-20</url></buy_link></buy_links></book><book><rank>13</rank><rank_last_week>0</rank_last_week><weeks_on_list>1</weeks_on_list><asterisk>0</asterisk><dagger>0</dagger><primary_isbn10>1429951133</primary_isbn10><primary_isbn13>9781429951135</primary_isbn13><publisher>St. Martin's Press</publisher><description>Barr returns to 1995 to explore why the National Park Service ranger Anna Pigeon decided to go into law enforcement.</description><price>0</price><title>THE ROPE</title><author>Nevada Barr</author><contributor>by Nevada Barr</contributor><contributor_note></contributor_note><book_image>https://s1.nyt.com/du/books/images/9781250008671.jpg</book_image><book_image_width>283</book_image_width><book_image_height>495</book_image_height><amazon_product_url>http://www.amazon.com/The-Rope-Pigeon-Novel-Mysteries-ebook/dp/B005QNJD54?tag=NYTBS-20</amazon_product_url><age_group></age_group><book_review_link></book_review_link><first_chapter_link></first_chapter_link><sunday_review_link></sunday_review_link><article_chapter_link></article_chapter_link><isbns><isbn><isbn10>0312614578</isbn10><isbn13>9780312614577</isbn13></isbn><isbn><isbn10>1429951133</isbn10><isbn13>9781429951135</isbn13></isbn><isbn><isbn10>1250008670</isbn10><isbn13>9781250008671</isbn13></isbn></isbns><buy_links><buy_link><name>Local Booksellers</name><url>http://www.indiebound.org/book/9781429951135?aff=NYT</url></buy_link><buy_link><name>Barnes and Noble</name><url>http://www.anrdoezrs.net/click-7990613-11819508?url=http%3A%2F%2Fwww.barnesandnoble.com%2Fw%2F%3Fean%3D9781429951135</url></buy_link><buy_link><name>Amazon</name><url>http://www.amazon.com/The-Rope-Pigeon-Novel-Mysteries-ebook/dp/B005QNJD54?tag=NYTBS-20</url></buy_link></buy_links></book><book><rank>14</rank><rank_last_week>13</rank_last_week><weeks_on_list>10</weeks_on_list><asterisk>0</asterisk><dagger>0</dagger><primary_isbn10>None</primary_isbn10><primary_isbn13>9780316194495</primary_isbn13><publisher><![CDATA[Little, Brown & Company]]></publisher><description>Alex Cross investigates when the president’s children are kidnapped, but the F.BI. and C.I.A. interfere.</description><price>0</price><title>KILL ALEX CROSS</title><author>James Patterson</author><contributor>by James Patterson</contributor><contributor_note></contributor_note><book_image>https://s1.nyt.com/du/books/images/9781455510207.jpg</book_image><book_image_width>320</book_image_width><book_image_height>495</book_image_height><amazon_product_url>http://www.amazon.com/Kill-Alex-Cross-James-Patterson/dp/145551019X?tag=NYTBS-20</amazon_product_url><age_group></age_group><book_review_link></book_review_link><first_chapter_link></first_chapter_link><sunday_review_link></sunday_review_link><article_chapter_link></article_chapter_link><isbns><isbn><isbn10>0316198730</isbn10><isbn13>9780316198738</isbn13></isbn><isbn><isbn10>1611139694</isbn10><isbn13>9781611139693</isbn13></isbn><isbn><isbn10>0316189251</isbn10><isbn13>9780316189255</isbn13></isbn><isbn><isbn10>1611139678</isbn10><isbn13>9781611139679</isbn13></isbn><isbn><isbn10>1455510203</isbn10><isbn13>9781455510207</isbn13></isbn><isbn><isbn10>145551019X</isbn10><isbn13>9781455510191</isbn13></isbn></isbns><buy_links><buy_link><name>Local Booksellers</name><url>http://www.indiebound.org/book/9780316194495?aff=NYT</url></buy_link><buy_link><name>Barnes and Noble</name><url>http://www.anrdoezrs.net/click-7990613-11819508?url=http%3A%2F%2Fwww.barnesandnoble.com%2Fw%2F%3Fean%3D9780316194495</url></buy_link><buy_link><name>Amazon</name><url>http://www.amazon.com/Kill-Alex-Cross-James-Patterson/dp/145551019X?tag=NYTBS-20</url></buy_link></buy_links></book><book><rank>15</rank><rank_last_week>0</rank_last_week><weeks_on_list>4</weeks_on_list><asterisk>0</asterisk><dagger>0</dagger><primary_isbn10>0307959864</primary_isbn10><primary_isbn13>9780307959867</primary_isbn13><publisher>Knopf Doubleday Publishing</publisher><description>Six years after Elizabeth Bennet and Darcy marry, their comfortable life is shaken by a murder, as James recreates the world of “Pride and Prejudice” with a mysterious twist.</description><price>0</price><title>DEATH COMES TO PEMBERLEY</title><author>P D James</author><contributor>by P. D. James</contributor><contributor_note></contributor_note><book_image>https://s1.nyt.com/du/books/images/9780307950659.jpg</book_image><book_image_width>128</book_image_width><book_image_height>184</book_image_height><amazon_product_url>http://www.amazon.com/Death-Comes-Pemberley-Vintage-James/dp/0307950654?tag=NYTBS-20</amazon_product_url><age_group></age_group><book_review_link>https://www.nytimes.com/2011/12/27/books/death-comes-to-pemberley-by-p-d-james-review.html</book_review_link><first_chapter_link></first_chapter_link><sunday_review_link>https://www.nytimes.com/2011/12/18/books/review/death-comes-to-pemberley-by-p-d-james-book-review.html</sunday_review_link><article_chapter_link></article_chapter_link><isbns><isbn><isbn10>0307959856</isbn10><isbn13>9780307959850</isbn13></isbn><isbn><isbn10>0307959864</isbn10><isbn13>9780307959867</isbn13></isbn><isbn><isbn10>0307950654</isbn10><isbn13>9780307950659</isbn13></isbn><isbn><isbn10>0571283578</isbn10><isbn13>9780571283576</isbn13></isbn></isbns><buy_links><buy_link><name>Local Booksellers</name><url>http://www.indiebound.org/book/9780307959867?aff=NYT</url></buy_link><buy_link><name>Barnes and Noble</name><url>http://www.anrdoezrs.net/click-7990613-11819508?url=http%3A%2F%2Fwww.barnesandnoble.com%2Fw%2F%3Fean%3D9780307959867</url></buy_link><buy_link><name>Amazon</name><url>http://www.amazon.com/Death-Comes-Pemberley-Vintage-James/dp/0307950654?tag=NYTBS-20</url></buy_link></buy_links></book><book><rank>16</rank><rank_last_week>0</rank_last_week><weeks_on_list>0</weeks_on_list><asterisk>0</asterisk><dagger>0</dagger><primary_isbn10>None</primary_isbn10><primary_isbn13>9780316069397</primary_isbn13><publisher><![CDATA[Little, Brown & Company]]></publisher><description>Harry Bosch of the L.A.P.D. uncovers both the operations of a sadistic killer and a political conspiracy.</description><price>0</price><title>THE DROP</title><author>Michael Connelly</author><contributor>by Michael Connelly</contributor><contributor_note></contributor_note><book_image>https://s1.nyt.com/du/books/images/9781455518982.jpg</book_image><book_image_width>321</book_image_width><book_image_height>495</book_image_height><amazon_product_url>http://www.amazon.com/The-Drop-Harry-Bosch-Novel/dp/B009BDUQPG?tag=NYTBS-20</amazon_product_url><age_group></age_group><book_review_link>https://www.nytimes.com/2011/11/24/books/the-drop-by-michael-connelly-review.html</book_review_link><first_chapter_link></first_chapter_link><sunday_review_link></sunday_review_link><article_chapter_link></article_chapter_link><isbns><isbn><isbn10>0316069418</isbn10><isbn13>9780316069410</isbn13></isbn><isbn><isbn10>1600247237</isbn10><isbn13>9781600247231</isbn13></isbn><isbn><isbn10>1611139198</isbn10><isbn13>9781611139198</isbn13></isbn><isbn><isbn10>0316189235</isbn10><isbn13>9780316189231</isbn13></isbn><isbn><isbn10>1455518980</isbn10><isbn13>9781455518982</isbn13></isbn><isbn><isbn10>0446556696</isbn10><isbn13>9780446556699</isbn13></isbn></isbns><buy_links><buy_link><name>Local Booksellers</name><url>http://www.indiebound.org/book/9780316069397?aff=NYT</url></buy_link><buy_link><name>Barnes and Noble</name><url>http://www.anrdoezrs.net/click-7990613-11819508?url=http%3A%2F%2Fwww.barnesandnoble.com%2Fw%2F%3Fean%3D9780316069397</url></buy_link><buy_link><name>Amazon</name><url>http://www.amazon.com/The-Drop-Harry-Bosch-Novel/dp/B009BDUQPG?tag=NYTBS-20</url></buy_link></buy_links></book><book><rank>17</rank><rank_last_week>0</rank_last_week><weeks_on_list>0</weeks_on_list><asterisk>0</asterisk><dagger>0</dagger><primary_isbn10>0525952586</primary_isbn10><primary_isbn13>9780525952589</primary_isbn13><publisher>Penguin Group</publisher><description>Inspector Thomas Lynley’s investigation of a murder unearths the secrets of a wealthy clan.</description><price>0</price><title>BELIEVING THE LIE</title><author>Elizabeth George</author><contributor>by Elizabeth George</contributor><contributor_note></contributor_note><book_image>https://s1.nyt.com/du/books/images/9780525952589.jpg</book_image><book_image_width>300</book_image_width><book_image_height>456</book_image_height><amazon_product_url>http://www.amazon.com/Believing-Lie-Inspector-Lynley-Novel/dp/0451237692?tag=NYTBS-20</amazon_product_url><age_group></age_group><book_review_link></book_review_link><first_chapter_link></first_chapter_link><sunday_review_link></sunday_review_link><article_chapter_link></article_chapter_link><isbns><isbn><isbn10>0525952586</isbn10><isbn13>9780525952589</isbn13></isbn><isbn><isbn10>0451237692</isbn10><isbn13>9780451237699</isbn13></isbn><isbn><isbn10>0451465490</isbn10><isbn13>9780451465498</isbn13></isbn></isbns><buy_links><buy_link><name>Local Booksellers</name><url>http://www.indiebound.org/book/9780525952589?aff=NYT</url></buy_link><buy_link><name>Barnes and Noble</name><url>http://www.anrdoezrs.net/click-7990613-11819508?url=http%3A%2F%2Fwww.barnesandnoble.com%2Fw%2F%3Fean%3D9780525952589</url></buy_link><buy_link><name>Amazon</name><url>http://www.amazon.com/Believing-Lie-Inspector-Lynley-Novel/dp/0451237692?tag=NYTBS-20</url></buy_link></buy_links></book><book><rank>18</rank><rank_last_week>0</rank_last_week><weeks_on_list>0</weeks_on_list><asterisk>0</asterisk><dagger>0</dagger><primary_isbn10>0684867311</primary_isbn10><primary_isbn13>9780684867311</primary_isbn13><publisher><![CDATA[Simon & Schuster]]></publisher><description>The Jersey girl Stephanie Plum enters the business of crime-busting when she’s laid off from her job as a lingerie buyer; first published in 1994.</description><price>0</price><title>ONE FOR THE MONEY</title><author>Janet Evanovich</author><contributor>by Janet Evanovich</contributor><contributor_note></contributor_note><book_image>https://s1.nyt.com/du/books/images/9780684867311.jpg</book_image><book_image_width>315</book_image_width><book_image_height>475</book_image_height><amazon_product_url>http://www.amazon.com/One-Money-Stephanie-Plum-Novels-ebook/dp/B000FC0SJ6?tag=NYTBS-20</amazon_product_url><age_group></age_group><book_review_link></book_review_link><first_chapter_link></first_chapter_link><sunday_review_link></sunday_review_link><article_chapter_link></article_chapter_link><isbns><isbn><isbn10>0312547005</isbn10><isbn13>9780312547004</isbn13></isbn><isbn><isbn10>0684867311</isbn10><isbn13>9780684867311</isbn13></isbn><isbn><isbn10>0312600739</isbn10><isbn13>9780312600730</isbn13></isbn><isbn><isbn10>0312990456</isbn10><isbn13>9780312990459</isbn13></isbn><isbn><isbn10>0312362080</isbn10><isbn13>9780312362089</isbn13></isbn></isbns><buy_links><buy_link><name>Local Booksellers</name><url>http://www.indiebound.org/book/9780684867311?aff=NYT</url></buy_link><buy_link><name>Barnes and Noble</name><url>http://www.anrdoezrs.net/click-7990613-11819508?url=http%3A%2F%2Fwww.barnesandnoble.com%2Fw%2F%3Fean%3D9780684867311</url></buy_link><buy_link><name>Amazon</name><url>http://www.amazon.com/One-Money-Stephanie-Plum-Novels-ebook/dp/B000FC0SJ6?tag=NYTBS-20</url></buy_link></buy_links></book><book><rank>19</rank><rank_last_week>0</rank_last_week><weeks_on_list>0</weeks_on_list><asterisk>0</asterisk><dagger>0</dagger><primary_isbn10>None</primary_isbn10><primary_isbn13>9781455502547</primary_isbn13><publisher>Grand Central Publishing</publisher><description>Twenty-five years after their high school romance ended, a man and woman return to their North Carolina town.</description><price>0</price><title>THE BEST OF ME</title><author>Nicholas Sparks</author><contributor>by Nicholas Sparks</contributor><contributor_note></contributor_note><book_image>https://s1.nyt.com/du/books/images/9781455502547.jpg</book_image><book_image_width>307</book_image_width><book_image_height>495</book_image_height><amazon_product_url>http://www.amazon.com/The-Best-Me-Nicholas-Sparks/dp/0446547654?tag=NYTBS-20</amazon_product_url><age_group></age_group><book_review_link></book_review_link><first_chapter_link></first_chapter_link><sunday_review_link></sunday_review_link><article_chapter_link></article_chapter_link><isbns/><buy_links><buy_link><name>Local Booksellers</name><url>http://www.indiebound.org/book/9781455502547?aff=NYT</url></buy_link><buy_link><name>Barnes and Noble</name><url>http://www.anrdoezrs.net/click-7990613-11819508?url=http%3A%2F%2Fwww.barnesandnoble.com%2Fw%2F%3Fean%3D9781455502547</url></buy_link><buy_link><name>Amazon</name><url>http://www.amazon.com/The-Best-Me-Nicholas-Sparks/dp/0446547654?tag=NYTBS-20</url></buy_link></buy_links></book><book><rank>20</rank><rank_last_week>0</rank_last_week><weeks_on_list>0</weeks_on_list><asterisk>0</asterisk><dagger>0</dagger><primary_isbn10>1565125851</primary_isbn10><primary_isbn13>9781565125858</primary_isbn13><publisher>Algonquin</publisher><description>A young veterinary student — and an elephant — save a Depression-era circus.</description><price>0</price><title>WATER FOR ELEPHANTS</title><author>Sara Gruen</author><contributor>by Sara Gruen</contributor><contributor_note></contributor_note><book_image>https://s1.nyt.com/du/books/images/9781616200718.jpg</book_image><book_image_width>174</book_image_width><book_image_height>280</book_image_height><amazon_product_url>http://www.amazon.com/Water-Elephants-Sara-Gruen/dp/1616200715?tag=NYTBS-20</amazon_product_url><age_group></age_group><book_review_link>https://www.nytimes.com/2007/07/11/books/11elep.html</book_review_link><first_chapter_link></first_chapter_link><sunday_review_link>https://www.nytimes.com/2006/06/04/books/review/04judd.html</sunday_review_link><article_chapter_link></article_chapter_link><isbns><isbn><isbn10>1565125606</isbn10><isbn13>9781565125605</isbn13></isbn><isbn><isbn10>1565125851</isbn10><isbn13>9781565125858</isbn13></isbn><isbn><isbn10>1594132003</isbn10><isbn13>9781594132001</isbn13></isbn><isbn><isbn10>1616200707</isbn10><isbn13>9781616200701</isbn13></isbn><isbn><isbn10>1616200715</isbn10><isbn13>9781616200718</isbn13></isbn><isbn><isbn10>1565124995</isbn10><isbn13>9781565124998</isbn13></isbn><isbn><isbn10>1594134642</isbn10><isbn13>9781594134647</isbn13></isbn></isbns><buy_links><buy_link><name>Local Booksellers</name><url>http://www.indiebound.org/book/9781565125858?aff=NYT</url></buy_link><buy_link><name>Barnes and Noble</name><url>http://www.anrdoezrs.net/click-7990613-11819508?url=http%3A%2F%2Fwww.barnesandnoble.com%2Fw%2F%3Fean%3D9781565125858</url></buy_link><buy_link><name>Amazon</name><url>http://www.amazon.com/Water-Elephants-Sara-Gruen/dp/1616200715?tag=NYTBS-20</url></buy_link></buy_links></book></books><corrections/></results></result_set>
