<?xml version="1.0" encoding="UTF-8"?>
<result_set><status>OK</status><copyright>Copyright (c) 2018 The New York Times Company.  All Rights Reserved.</copyright><num_results>25</num_results><last_modified>2016-04-28T15:03:27-04:00</last_modified><results><list_name>Combined Print and E-Book Fiction</list_name><list_name_encoded>combined-print-and-e-book-fiction</list_name_encoded><bestsellers_date>2014-04-26</bestsellers_date><published_date>2014-05-11</published_date><published_date_description></published_date_description><next_published_date>2014-05-18</next_published_date><previous_published_date>2014-05-04</previous_published_date><display_name><![CDATA[Combined Print & E-Book Fiction]]></display_name><normal_list_ends_at>15</normal_list_ends_at><updated>WEEKLY</updated><books><book><rank>1</rank><rank_last_week>0</rank_last_week><weeks_on_list>1</weeks_on_list><asterisk>0</asterisk><dagger>0</dagger><primary_isbn10>145552123X</primary_isbn10><primary_isbn13>9781455521234</primary_isbn13><publisher>Grand Central</publisher><description>As the government hit man Will Robie and his partner, Jessica Reel, prepare for a mission, they face a new adversary.</description><price>0</price><title>THE TARGET</title><author>David Baldacci</author><contributor>by David Baldacci</contributor><contributor_note></contributor_note><book_image>https://s1.nyt.com/du/books/images/9781455521234.jpg</book_image><book_image_width>128</book_image_width><book_image_height>193</book_image_height><amazon_product_url>http://www.amazon.com/Target-Will-Robie-David-Baldacci-ebook/dp/B00EHMFC78?tag=NYTBS-20</amazon_product_url><age_group></age_group><book_review_link></book_review_link><first_chapter_link></first_chapter_link><sunday_review_link></sunday_review_link><article_chapter_link></article_chapter_link><isbns><isbn><isbn10>1455521205</isbn10><isbn13>9781455521203</isbn13></isbn><isbn><isbn10>1455581984</isbn10><isbn13>9781455581986</isbn13></isbn><isbn><isbn10>145552123X</isbn10><isbn13>9781455521234</isbn13></isbn><isbn><isbn10>1455521183</isbn10><isbn13>9781455521180</isbn13></isbn><isbn><isbn10>1455521264</isbn10><isbn13>9781455521265</isbn13></isbn></isbns><buy_links><buy_link><name>Local Booksellers</name><url>http://www.indiebound.org/book/9781455521234?aff=NYT</url></buy_link><buy_link><name>Barnes and Noble</name><url>http://www.anrdoezrs.net/click-7990613-11819508?url=http%3A%2F%2Fwww.barnesandnoble.com%2Fw%2F%3Fean%3D9781455521234</url></buy_link><buy_link><name>Amazon</name><url>http://www.amazon.com/Target-Will-Robie-David-Baldacci-ebook/dp/B00EHMFC78?tag=NYTBS-20</url></buy_link></buy_links></book><book><rank>2</rank><rank_last_week>2</rank_last_week><weeks_on_list>27</weeks_on_list><asterisk>0</asterisk><dagger>0</dagger><primary_isbn10></primary_isbn10><primary_isbn13>9780316248679</primary_isbn13><publisher>Little, Brown</publisher><description>A painting smuggled out of the Metropolitan Museum of Art after a bombing becomes a boy’s prize, guilt and burden.</description><price>0</price><title>THE GOLDFINCH</title><author>Donna Tartt</author><contributor>by Donna Tartt</contributor><contributor_note></contributor_note><book_image>https://s1.nyt.com/du/books/images/9780316248679.jpg</book_image><book_image_width>323</book_image_width><book_image_height>495</book_image_height><amazon_product_url>http://www.amazon.com/The-Goldfinch-Novel-Pulitzer-Fiction-ebook/dp/B00BAXFECK?tag=NYTBS-20</amazon_product_url><age_group></age_group><book_review_link>https://www.nytimes.com/2013/10/08/books/the-goldfinch-a-dickensian-novel-by-donna-tartt.html</book_review_link><first_chapter_link></first_chapter_link><sunday_review_link>https://www.nytimes.com/2013/10/13/books/review/donna-tartts-goldfinch.html</sunday_review_link><article_chapter_link></article_chapter_link><isbns><isbn><isbn10>0316055433</isbn10><isbn13>9780316055437</isbn13></isbn><isbn><isbn10>0316239879</isbn10><isbn13>9780316239875</isbn13></isbn><isbn><isbn10>0316055441</isbn10><isbn13>9780316055444</isbn13></isbn><isbn><isbn10>0349139636</isbn10><isbn13>9780349139630</isbn13></isbn></isbns><buy_links><buy_link><name>Local Booksellers</name><url>http://www.indiebound.org/book/9780316248679?aff=NYT</url></buy_link><buy_link><name>Barnes and Noble</name><url>http://www.anrdoezrs.net/click-7990613-11819508?url=http%3A%2F%2Fwww.barnesandnoble.com%2Fw%2F%3Fean%3D9780316248679</url></buy_link><buy_link><name>Amazon</name><url>http://www.amazon.com/The-Goldfinch-Novel-Pulitzer-Fiction-ebook/dp/B00BAXFECK?tag=NYTBS-20</url></buy_link></buy_links></book><book><rank>3</rank><rank_last_week>1</rank_last_week><weeks_on_list>2</weeks_on_list><asterisk>0</asterisk><dagger>0</dagger><primary_isbn10>1101617284</primary_isbn10><primary_isbn13>9781101617281</primary_isbn13><publisher>Putnam</publisher><description>A freelance writer who may have witnessed a murder-suicide joins the dead man’s brother to learn what happened.</description><price>0</price><title>THE COLLECTOR</title><author>Nora Roberts</author><contributor>by Nora Roberts</contributor><contributor_note></contributor_note><book_image>https://s1.nyt.com/du/books/images/9781101617281.jpg</book_image><book_image_width>128</book_image_width><book_image_height>194</book_image_height><amazon_product_url>http://www.amazon.com/The-Collector-Nora-Roberts/dp/0399164456?tag=NYTBS-20</amazon_product_url><age_group></age_group><book_review_link></book_review_link><first_chapter_link></first_chapter_link><sunday_review_link></sunday_review_link><article_chapter_link></article_chapter_link><isbns><isbn><isbn10>0399164456</isbn10><isbn13>9780399164453</isbn13></isbn><isbn><isbn10>1101617284</isbn10><isbn13>9781101617281</isbn13></isbn><isbn><isbn10>0399171088</isbn10><isbn13>9780399171086</isbn13></isbn><isbn><isbn10>042527831X</isbn10><isbn13>9780425278314</isbn13></isbn><isbn><isbn10>0515154121</isbn10><isbn13>9780515154122</isbn13></isbn></isbns><buy_links><buy_link><name>Local Booksellers</name><url>http://www.indiebound.org/book/9781101617281?aff=NYT</url></buy_link><buy_link><name>Barnes and Noble</name><url>http://www.anrdoezrs.net/click-7990613-11819508?url=http%3A%2F%2Fwww.barnesandnoble.com%2Fw%2F%3Fean%3D9781101617281</url></buy_link><buy_link><name>Amazon</name><url>http://www.amazon.com/The-Collector-Nora-Roberts/dp/0399164456?tag=NYTBS-20</url></buy_link></buy_links></book><book><rank>4</rank><rank_last_week>0</rank_last_week><weeks_on_list>1</weeks_on_list><asterisk>0</asterisk><dagger>0</dagger><primary_isbn10>None</primary_isbn10><primary_isbn13>9780385351867</primary_isbn13><publisher>Knopf</publisher><description>Binchy, who died in 2012, depicts ordinary lives in Dublin.</description><price>0</price><title>CHESTNUT STREET</title><author>Maeve Binchy</author><contributor>by Maeve Binchy</contributor><contributor_note></contributor_note><book_image>https://s1.nyt.com/du/books/images/9780385351867.jpg</book_image><book_image_width>128</book_image_width><book_image_height>189</book_image_height><amazon_product_url>http://www.amazon.com/Chestnut-Street-Maeve-Binchy-ebook/dp/B00G8EKYFS?tag=NYTBS-20</amazon_product_url><age_group></age_group><book_review_link></book_review_link><first_chapter_link></first_chapter_link><sunday_review_link></sunday_review_link><article_chapter_link></article_chapter_link><isbns><isbn><isbn10>0385351852</isbn10><isbn13>9780385351850</isbn13></isbn><isbn><isbn10>1410466795</isbn10><isbn13>9781410466792</isbn13></isbn><isbn><isbn10>0804170088</isbn10><isbn13>9780804170086</isbn13></isbn></isbns><buy_links><buy_link><name>Local Booksellers</name><url>http://www.indiebound.org/book/9780385351867?aff=NYT</url></buy_link><buy_link><name>Barnes and Noble</name><url>http://www.anrdoezrs.net/click-7990613-11819508?url=http%3A%2F%2Fwww.barnesandnoble.com%2Fw%2F%3Fean%3D9780385351867</url></buy_link><buy_link><name>Amazon</name><url>http://www.amazon.com/Chestnut-Street-Maeve-Binchy-ebook/dp/B00G8EKYFS?tag=NYTBS-20</url></buy_link></buy_links></book><book><rank>5</rank><rank_last_week>10</rank_last_week><weeks_on_list>74</weeks_on_list><asterisk>0</asterisk><dagger>0</dagger><primary_isbn10>0307588378</primary_isbn10><primary_isbn13>9780307588371</primary_isbn13><publisher>Crown</publisher><description>A woman disappears on the day of her fifth anniversary; is her husband a killer?</description><price>0</price><title>GONE GIRL</title><author>Gillian Flynn</author><contributor>by Gillian Flynn</contributor><contributor_note></contributor_note><book_image>https://s1.nyt.com/du/books/images/9780307588388.jpg</book_image><book_image_width>136</book_image_width><book_image_height>200</book_image_height><amazon_product_url>http://www.amazon.com/Gone-Girl-Novel-Gillian-Flynn-ebook/dp/B006LSZECO?tag=NYTBS-20</amazon_product_url><age_group></age_group><book_review_link>https://www.nytimes.com/2012/05/30/books/gone-girl-by-gillian-flynn.html</book_review_link><first_chapter_link></first_chapter_link><sunday_review_link>https://www.nytimes.com/2012/06/17/books/review/gillian-flynns-gone-girl-and-more.html</sunday_review_link><article_chapter_link></article_chapter_link><isbns><isbn><isbn10>030758836X</isbn10><isbn13>9780307588364</isbn13></isbn><isbn><isbn10>0307588386</isbn10><isbn13>9780307588388</isbn13></isbn><isbn><isbn10>1410450953</isbn10><isbn13>9781410450951</isbn13></isbn><isbn><isbn10>0297859382</isbn10><isbn13>9780297859383</isbn13></isbn><isbn><isbn10>0307588378</isbn10><isbn13>9780307588371</isbn13></isbn><isbn><isbn10>0297859390</isbn10><isbn13>9780297859390</isbn13></isbn><isbn><isbn10>159413605X</isbn10><isbn13>9781594136054</isbn13></isbn><isbn><isbn10>055341836X</isbn10><isbn13>9780553418361</isbn13></isbn><isbn><isbn10>0553418351</isbn10><isbn13>9780553418354</isbn13></isbn><isbn><isbn10>0606270175</isbn10><isbn13>9780606270175</isbn13></isbn></isbns><buy_links><buy_link><name>Local Booksellers</name><url>http://www.indiebound.org/book/9780307588371?aff=NYT</url></buy_link><buy_link><name>Barnes and Noble</name><url>http://www.anrdoezrs.net/click-7990613-11819508?url=http%3A%2F%2Fwww.barnesandnoble.com%2Fw%2F%3Fean%3D9780307588371</url></buy_link><buy_link><name>Amazon</name><url>http://www.amazon.com/Gone-Girl-Novel-Gillian-Flynn-ebook/dp/B006LSZECO?tag=NYTBS-20</url></buy_link></buy_links></book><book><rank>6</rank><rank_last_week>0</rank_last_week><weeks_on_list>1</weeks_on_list><asterisk>0</asterisk><dagger>0</dagger><primary_isbn10></primary_isbn10><primary_isbn13>9781101621011</primary_isbn13><publisher>Putnam</publisher><description>Amity Doncaster joins forces with Benedict Stanbridge, a spy for the Crown, to defeat a serial killer known as the Bridegroom; by Jayne Ann Krentz, writing pseudonymously.</description><price>0</price><title>OTHERWISE ENGAGED</title><author>Amanda Quick</author><contributor>by Amanda Quick</contributor><contributor_note></contributor_note><book_image>https://s1.nyt.com/du/books/images/9780399165146.jpg</book_image><book_image_width>128</book_image_width><book_image_height>194</book_image_height><amazon_product_url>http://www.amazon.com/Otherwise-Engaged-Amanda-Quick-ebook/dp/B00FX7R5QM?tag=NYTBS-20</amazon_product_url><age_group></age_group><book_review_link></book_review_link><first_chapter_link></first_chapter_link><sunday_review_link></sunday_review_link><article_chapter_link></article_chapter_link><isbns><isbn><isbn10>0399165142</isbn10><isbn13>9780399165146</isbn13></isbn><isbn><isbn10>0515155373</isbn10><isbn13>9780515155372</isbn13></isbn></isbns><buy_links><buy_link><name>Local Booksellers</name><url>http://www.indiebound.org/book/9781101621011?aff=NYT</url></buy_link><buy_link><name>Barnes and Noble</name><url>http://www.anrdoezrs.net/click-7990613-11819508?url=http%3A%2F%2Fwww.barnesandnoble.com%2Fw%2F%3Fean%3D9781101621011</url></buy_link><buy_link><name>Amazon</name><url>http://www.amazon.com/Otherwise-Engaged-Amanda-Quick-ebook/dp/B00FX7R5QM?tag=NYTBS-20</url></buy_link></buy_links></book><book><rank>7</rank><rank_last_week>5</rank_last_week><weeks_on_list>6</weeks_on_list><asterisk>0</asterisk><dagger>0</dagger><primary_isbn10>0991379640</primary_isbn10><primary_isbn13>9780991379644</primary_isbn13><publisher>Laurelin Paige</publisher><description>Collects "Fixed on You," "Found in You" and "Forever With You," the story of Alayna Wither and Hudson Pierce.</description><price>0</price><title>THE FIXED TRILOGY</title><author>Laurelin Paige</author><contributor>by Laurelin Paige</contributor><contributor_note></contributor_note><book_image>https://s1.nyt.com/du/books/images/9780991379644.jpg</book_image><book_image_width>330</book_image_width><book_image_height>356</book_image_height><amazon_product_url>http://www.amazon.com/The-Fixed-Trilogy-Found-Forever-ebook/dp/B00IX9UTLU?tag=NYTBS-20</amazon_product_url><age_group></age_group><book_review_link></book_review_link><first_chapter_link></first_chapter_link><sunday_review_link></sunday_review_link><article_chapter_link></article_chapter_link><isbns><isbn><isbn10>0991379640</isbn10><isbn13>9780991379644</isbn13></isbn></isbns><buy_links><buy_link><name>Local Booksellers</name><url>http://www.indiebound.org/book/9780991379644?aff=NYT</url></buy_link><buy_link><name>Barnes and Noble</name><url>http://www.anrdoezrs.net/click-7990613-11819508?url=http%3A%2F%2Fwww.barnesandnoble.com%2Fw%2F%3Fean%3D9780991379644</url></buy_link><buy_link><name>Amazon</name><url>http://www.amazon.com/The-Fixed-Trilogy-Found-Forever-ebook/dp/B00IX9UTLU?tag=NYTBS-20</url></buy_link></buy_links></book><book><rank>8</rank><rank_last_week>9</rank_last_week><weeks_on_list>14</weeks_on_list><asterisk>0</asterisk><dagger>0</dagger><primary_isbn10></primary_isbn10><primary_isbn13>9780062101204</primary_isbn13><publisher>Morrow/HarperCollins</publisher><description>A historical novel about orphans swept off the streets of New York and sent to the Midwest in the 1920s.</description><price>0</price><title>ORPHAN TRAIN</title><author>Christina Baker Kline</author><contributor>by Christina Baker Kline</contributor><contributor_note></contributor_note><book_image>https://s1.nyt.com/du/books/images/9780062101204.jpg</book_image><book_image_width>329</book_image_width><book_image_height>495</book_image_height><amazon_product_url>http://www.amazon.com/Orphan-Train-Christina-Baker-Kline-ebook/dp/B0089LOG02?tag=NYTBS-20</amazon_product_url><age_group></age_group><book_review_link></book_review_link><first_chapter_link></first_chapter_link><sunday_review_link></sunday_review_link><article_chapter_link></article_chapter_link><isbns><isbn><isbn10>0061950726</isbn10><isbn13>9780061950728</isbn13></isbn><isbn><isbn10>1594137374</isbn10><isbn13>9781594137372</isbn13></isbn><isbn><isbn10>0606356649</isbn10><isbn13>9780606356640</isbn13></isbn><isbn><isbn10>006195070X</isbn10><isbn13>9780061950704</isbn13></isbn></isbns><buy_links><buy_link><name>Local Booksellers</name><url>http://www.indiebound.org/book/9780062101204?aff=NYT</url></buy_link><buy_link><name>Barnes and Noble</name><url>http://www.anrdoezrs.net/click-7990613-11819508?url=http%3A%2F%2Fwww.barnesandnoble.com%2Fw%2F%3Fean%3D9780062101204</url></buy_link><buy_link><name>Amazon</name><url>http://www.amazon.com/Orphan-Train-Christina-Baker-Kline-ebook/dp/B0089LOG02?tag=NYTBS-20</url></buy_link></buy_links></book><book><rank>9</rank><rank_last_week>4</rank_last_week><weeks_on_list>5</weeks_on_list><asterisk>0</asterisk><dagger>0</dagger><primary_isbn10>0316211249</primary_isbn10><primary_isbn13>9780316211246</primary_isbn13><publisher>Little, Brown</publisher><description>Zach Jordan and his partner are called when the body of a wealthy woman is discovered in Central Park.</description><price>0</price><title>NYPD RED 2</title><author>James Patterson and Marshall Karp</author><contributor>by James Patterson and Marshall Karp</contributor><contributor_note></contributor_note><book_image>https://s1.nyt.com/du/books/images/9780316211239.jpg</book_image><book_image_width>128</book_image_width><book_image_height>198</book_image_height><amazon_product_url>http://www.amazon.com/NYPD-Red-2-James-Patterson-ebook/dp/B00DTUHI2Q?tag=NYTBS-20</amazon_product_url><age_group></age_group><book_review_link></book_review_link><first_chapter_link></first_chapter_link><sunday_review_link></sunday_review_link><article_chapter_link></article_chapter_link><isbns><isbn><isbn10>0316211230</isbn10><isbn13>9780316211239</isbn13></isbn><isbn><isbn10>0316211249</isbn10><isbn13>9780316211246</isbn13></isbn><isbn><isbn10>0316324655</isbn10><isbn13>9780316324656</isbn13></isbn><isbn><isbn10>0316211265</isbn10><isbn13>9780316211260</isbn13></isbn><isbn><isbn10>1455515973</isbn10><isbn13>9781455515974</isbn13></isbn></isbns><buy_links><buy_link><name>Local Booksellers</name><url>http://www.indiebound.org/book/9780316211246?aff=NYT</url></buy_link><buy_link><name>Barnes and Noble</name><url>http://www.anrdoezrs.net/click-7990613-11819508?url=http%3A%2F%2Fwww.barnesandnoble.com%2Fw%2F%3Fean%3D9780316211246</url></buy_link><buy_link><name>Amazon</name><url>http://www.amazon.com/NYPD-Red-2-James-Patterson-ebook/dp/B00DTUHI2Q?tag=NYTBS-20</url></buy_link></buy_links></book><book><rank>10</rank><rank_last_week>6</rank_last_week><weeks_on_list>4</weeks_on_list><asterisk>0</asterisk><dagger>0</dagger><primary_isbn10>1476749108</primary_isbn10><primary_isbn13>9781476749105</primary_isbn13><publisher><![CDATA[Simon & Schuster]]></publisher><description>The producer of a true-crime show must contend with participants with secrets as well as her husband’s murderer.</description><price>0</price><title>I'VE GOT YOU UNDER MY SKIN</title><author>Mary Higgins Clark</author><contributor>by Mary Higgins Clark</contributor><contributor_note></contributor_note><book_image>https://s1.nyt.com/du/books/images/9781476749105.jpg</book_image><book_image_width>128</book_image_width><book_image_height>192</book_image_height><amazon_product_url>http://www.amazon.com/Ive-Got-You-Under-Skin-ebook/dp/B00DPM7SV4?tag=NYTBS-20</amazon_product_url><age_group></age_group><book_review_link></book_review_link><first_chapter_link></first_chapter_link><sunday_review_link>https://www.nytimes.com/2014/06/01/books/review/in-my-skin-by-brittney-griner.html</sunday_review_link><article_chapter_link></article_chapter_link><isbns><isbn><isbn10>147674906X</isbn10><isbn13>9781476749068</isbn13></isbn><isbn><isbn10>1476749108</isbn10><isbn13>9781476749105</isbn13></isbn><isbn><isbn10>1410466264</isbn10><isbn13>9781410466266</isbn13></isbn><isbn><isbn10>1476749086</isbn10><isbn13>9781476749082</isbn13></isbn></isbns><buy_links><buy_link><name>Local Booksellers</name><url>http://www.indiebound.org/book/9781476749105?aff=NYT</url></buy_link><buy_link><name>Barnes and Noble</name><url>http://www.anrdoezrs.net/click-7990613-11819508?url=http%3A%2F%2Fwww.barnesandnoble.com%2Fw%2F%3Fean%3D9781476749105</url></buy_link><buy_link><name>Amazon</name><url>http://www.amazon.com/Ive-Got-You-Under-Skin-ebook/dp/B00DPM7SV4?tag=NYTBS-20</url></buy_link></buy_links></book><book><rank>11</rank><rank_last_week>0</rank_last_week><weeks_on_list>1</weeks_on_list><asterisk>0</asterisk><dagger>0</dagger><primary_isbn10>None</primary_isbn10><primary_isbn13>A00B00J436CN8</primary_isbn13><publisher>SOS Ladies</publisher><description>A bundle of 10 military romance novels and novellas, revolving around Navy SEALs.</description><price>0</price><title>SEALS OF SUMMER</title><author>Delilah Devlin, Sharon Hamilton and others</author><contributor>by Delilah Devlin, Sharon Hamilton and others</contributor><contributor_note></contributor_note><book_image></book_image><book_image_width></book_image_width><book_image_height></book_image_height><amazon_product_url></amazon_product_url><age_group></age_group><book_review_link></book_review_link><first_chapter_link></first_chapter_link><sunday_review_link></sunday_review_link><article_chapter_link></article_chapter_link><isbns/><buy_links><buy_link><name>Local Booksellers</name><url><![CDATA[http://www.indiebound.org/search/book?searchfor=SEALS+OF+SUMMER+Delilah+Devlin%2C+Sharon+Hamilton+and+others&aff=NYT]]></url></buy_link><buy_link><name>Barnes and Noble</name><url>http://www.anrdoezrs.net/click-7990613-11819508?url=http%3A%2F%2Fwww.barnesandnoble.com%2Fs%2FSEALS+OF+SUMMER+Delilah+Devlin%2C+Sharon+Hamilton+and+others</url></buy_link><buy_link><name>Amazon</name><url><![CDATA[https://www.amazon.com/gp/search?index=books&tag=NYTBS-20&field-keywords=SEALS+OF+SUMMER+Delilah+Devlin%2C+Sharon+Hamilton+and+others]]></url></buy_link></buy_links></book><book><rank>12</rank><rank_last_week>11</rank_last_week><weeks_on_list>36</weeks_on_list><asterisk>0</asterisk><dagger>0</dagger><primary_isbn10></primary_isbn10><primary_isbn13>9781101636237</primary_isbn13><publisher>Amy Einhorn/Putnam</publisher><description>A woman’s life is upended when she discovers a letter from her husband she was not meant to read.</description><price>0</price><title>THE HUSBAND'S SECRET</title><author>Liane Moriarty</author><contributor>by Liane Moriarty</contributor><contributor_note></contributor_note><book_image>https://s1.nyt.com/du/books/images/9781101636237.jpg</book_image><book_image_width>330</book_image_width><book_image_height>495</book_image_height><amazon_product_url>http://www.amazon.com/The-Husbands-Secret-Liane-Moriarty-ebook/dp/B00D7Z4GQY?tag=NYTBS-20</amazon_product_url><age_group></age_group><book_review_link></book_review_link><first_chapter_link></first_chapter_link><sunday_review_link></sunday_review_link><article_chapter_link></article_chapter_link><isbns><isbn><isbn10>0399159347</isbn10><isbn13>9780399159343</isbn13></isbn><isbn><isbn10>0425267725</isbn10><isbn13>9780425267721</isbn13></isbn><isbn><isbn10>1594137226</isbn10><isbn13>9781594137228</isbn13></isbn></isbns><buy_links><buy_link><name>Local Booksellers</name><url>http://www.indiebound.org/book/9781101636237?aff=NYT</url></buy_link><buy_link><name>Barnes and Noble</name><url>http://www.anrdoezrs.net/click-7990613-11819508?url=http%3A%2F%2Fwww.barnesandnoble.com%2Fw%2F%3Fean%3D9781101636237</url></buy_link><buy_link><name>Amazon</name><url>http://www.amazon.com/The-Husbands-Secret-Liane-Moriarty-ebook/dp/B00D7Z4GQY?tag=NYTBS-20</url></buy_link></buy_links></book><book><rank>13</rank><rank_last_week>0</rank_last_week><weeks_on_list>1</weeks_on_list><asterisk>0</asterisk><dagger>0</dagger><primary_isbn10></primary_isbn10><primary_isbn13>9780062225450</primary_isbn13><publisher>Harper</publisher><description>A teenager falls to her death from the roof of her Brooklyn private school. It’s ruled a suicide, but her mother suspects otherwise. </description><price>0</price><title>RECONSTRUCTING AMELIA</title><author>Kimberly McCreight</author><contributor>by Kimberly McCreight</contributor><contributor_note></contributor_note><book_image>https://s1.nyt.com/du/books/images/9780062225436.jpg</book_image><book_image_width>326</book_image_width><book_image_height>495</book_image_height><amazon_product_url>http://www.amazon.com/Reconstructing-Amelia-Novel-Kimberly-McCreight-ebook/dp/B0089LOMAG?tag=NYTBS-20</amazon_product_url><age_group></age_group><book_review_link></book_review_link><first_chapter_link></first_chapter_link><sunday_review_link></sunday_review_link><article_chapter_link></article_chapter_link><isbns><isbn><isbn10>006222543X</isbn10><isbn13>9780062225436</isbn13></isbn><isbn><isbn10>0062225448</isbn10><isbn13>9780062225443</isbn13></isbn></isbns><buy_links><buy_link><name>Local Booksellers</name><url>http://www.indiebound.org/book/9780062225450?aff=NYT</url></buy_link><buy_link><name>Barnes and Noble</name><url>http://www.anrdoezrs.net/click-7990613-11819508?url=http%3A%2F%2Fwww.barnesandnoble.com%2Fw%2F%3Fean%3D9780062225450</url></buy_link><buy_link><name>Amazon</name><url>http://www.amazon.com/Reconstructing-Amelia-Novel-Kimberly-McCreight-ebook/dp/B0089LOMAG?tag=NYTBS-20</url></buy_link></buy_links></book><book><rank>14</rank><rank_last_week>8</rank_last_week><weeks_on_list>6</weeks_on_list><asterisk>0</asterisk><dagger>0</dagger><primary_isbn10>0698148630</primary_isbn10><primary_isbn13>9780698148635</primary_isbn13><publisher>Dutton</publisher><description>Kat Donovan, an N.Y.P.D. detective, searches for the ex-fiancé who left her years before, and for her father’s murderer.</description><price>0</price><title>MISSING YOU</title><author>Harlan Coben</author><contributor>by Harlan Coben</contributor><contributor_note></contributor_note><book_image>https://s1.nyt.com/du/books/images/9780698148635.jpg</book_image><book_image_width>128</book_image_width><book_image_height>193</book_image_height><amazon_product_url>http://www.amazon.com/Missing-You-Harlan-Coben/dp/0525953493?tag=NYTBS-20</amazon_product_url><age_group></age_group><book_review_link></book_review_link><first_chapter_link></first_chapter_link><sunday_review_link></sunday_review_link><article_chapter_link></article_chapter_link><isbns><isbn><isbn10>0525953493</isbn10><isbn13>9780525953494</isbn13></isbn><isbn><isbn10>0698148630</isbn10><isbn13>9780698148635</isbn13></isbn><isbn><isbn10>1410466280</isbn10><isbn13>9781410466280</isbn13></isbn><isbn><isbn10>0451414128</isbn10><isbn13>9780451414120</isbn13></isbn></isbns><buy_links><buy_link><name>Local Booksellers</name><url>http://www.indiebound.org/book/9780698148635?aff=NYT</url></buy_link><buy_link><name>Barnes and Noble</name><url>http://www.anrdoezrs.net/click-7990613-11819508?url=http%3A%2F%2Fwww.barnesandnoble.com%2Fw%2F%3Fean%3D9780698148635</url></buy_link><buy_link><name>Amazon</name><url>http://www.amazon.com/Missing-You-Harlan-Coben/dp/0525953493?tag=NYTBS-20</url></buy_link></buy_links></book><book><rank>15</rank><rank_last_week>15</rank_last_week><weeks_on_list>5</weeks_on_list><asterisk>0</asterisk><dagger>0</dagger><primary_isbn10>None</primary_isbn10><primary_isbn13>9780062336583</primary_isbn13><publisher>Witness Impulse/HarperCollins</publisher><description>A Northern Ireland police officer finds a little girl in the woods, her hands covered in blood.</description><price>0</price><title>LITTLE GIRL LOST</title><author>Brian McGilloway</author><contributor>by Brian McGilloway</contributor><contributor_note></contributor_note><book_image>https://s1.nyt.com/du/books/images/9780062336583.jpg</book_image><book_image_width>128</book_image_width><book_image_height>206</book_image_height><amazon_product_url>http://www.amazon.com/Little-Girl-Lost-Thriller-Thrillers-ebook/dp/B00G98B1XM?tag=NYTBS-20</amazon_product_url><age_group></age_group><book_review_link></book_review_link><first_chapter_link></first_chapter_link><sunday_review_link></sunday_review_link><article_chapter_link></article_chapter_link><isbns/><buy_links><buy_link><name>Local Booksellers</name><url>http://www.indiebound.org/book/9780062336583?aff=NYT</url></buy_link><buy_link><name>Barnes and Noble</name><url>http://www.anrdoezrs.net/click-7990613-11819508?url=http%3A%2F%2Fwww.barnesandnoble.com%2Fw%2F%3Fean%3D9780062336583</url></buy_link><buy_link><name>Amazon</name><url>http://www.amazon.com/Little-Girl-Lost-Thriller-Thrillers-ebook/dp/B00G98B1XM?tag=NYTBS-20</url></buy_link></buy_links></book><book><rank>16</rank><rank_last_week>0</rank_last_week><weeks_on_list>0</weeks_on_list><asterisk>0</asterisk><dagger>0</dagger><primary_isbn10>None</primary_isbn10><primary_isbn13>9780698140271</primary_isbn13><publisher>Berkley</publisher><description>In County Mayo, Ireland, a falconer with an unresolved past falls for his sister's beguiling best friend; Book 2 of the Cousins O'Dwyer trilogy.</description><price>0</price><title>SHADOW SPELL</title><author>Nora Roberts</author><contributor>by Nora Roberts</contributor><contributor_note></contributor_note><book_image>https://s1.nyt.com/du/books/images/9780698140271.jpg</book_image><book_image_width>128</book_image_width><book_image_height>189</book_image_height><amazon_product_url>http://www.amazon.com/Shadow-Spell-Cousins-ODwyer-Roberts/dp/0425259862?tag=NYTBS-20</amazon_product_url><age_group></age_group><book_review_link></book_review_link><first_chapter_link></first_chapter_link><sunday_review_link></sunday_review_link><article_chapter_link></article_chapter_link><isbns><isbn><isbn10>0425259862</isbn10><isbn13>9780425259863</isbn13></isbn></isbns><buy_links><buy_link><name>Local Booksellers</name><url>http://www.indiebound.org/book/9780698140271?aff=NYT</url></buy_link><buy_link><name>Barnes and Noble</name><url>http://www.anrdoezrs.net/click-7990613-11819508?url=http%3A%2F%2Fwww.barnesandnoble.com%2Fw%2F%3Fean%3D9780698140271</url></buy_link><buy_link><name>Amazon</name><url>http://www.amazon.com/Shadow-Spell-Cousins-ODwyer-Roberts/dp/0425259862?tag=NYTBS-20</url></buy_link></buy_links></book><book><rank>17</rank><rank_last_week>0</rank_last_week><weeks_on_list>0</weeks_on_list><asterisk>0</asterisk><dagger>0</dagger><primary_isbn10>0553897845</primary_isbn10><primary_isbn13>9780553897845</primary_isbn13><publisher>Bantam</publisher><description>In the frozen wastes to the north of Winterfell, sinister and supernatural forces are mustering. Basis of the HBO series.</description><price>0</price><title>A GAME OF THRONES</title><author>George R R Martin</author><contributor>by George R. R. Martin</contributor><contributor_note></contributor_note><book_image>https://s1.nyt.com/du/books/images/9780553897845.jpg</book_image><book_image_width>301</book_image_width><book_image_height>495</book_image_height><amazon_product_url>http://www.amazon.com/Game-Thrones-Song-Fire-Book-ebook/dp/B000QCS8TW?tag=NYTBS-20</amazon_product_url><age_group></age_group><book_review_link></book_review_link><first_chapter_link></first_chapter_link><sunday_review_link></sunday_review_link><article_chapter_link>https://www.nytimes.com/2011/04/10/arts/television/game-of-thrones-on-hbo-from-george-r-r-martin-novels.html</article_chapter_link><isbns><isbn><isbn10>0553573403</isbn10><isbn13>9780553573404</isbn13></isbn><isbn><isbn10>0553386794</isbn10><isbn13>9780553386790</isbn13></isbn><isbn><isbn10>0553381687</isbn10><isbn13>9780553381689</isbn13></isbn><isbn><isbn10>0553593714</isbn10><isbn13>9780553593716</isbn13></isbn><isbn><isbn10>0553897845</isbn10><isbn13>9780553897845</isbn13></isbn><isbn><isbn10>0553103547</isbn10><isbn13>9780553103540</isbn13></isbn><isbn><isbn10>044042321X</isbn10><isbn13>9780440423218</isbn13></isbn><isbn><isbn10>0553588486</isbn10><isbn13>9780553588484</isbn13></isbn><isbn><isbn10>0345535537</isbn10><isbn13>9780345535535</isbn13></isbn></isbns><buy_links><buy_link><name>Local Booksellers</name><url>http://www.indiebound.org/book/9780553897845?aff=NYT</url></buy_link><buy_link><name>Barnes and Noble</name><url>http://www.anrdoezrs.net/click-7990613-11819508?url=http%3A%2F%2Fwww.barnesandnoble.com%2Fw%2F%3Fean%3D9780553897845</url></buy_link><buy_link><name>Amazon</name><url>http://www.amazon.com/Game-Thrones-Song-Fire-Book-ebook/dp/B000QCS8TW?tag=NYTBS-20</url></buy_link></buy_links></book><book><rank>18</rank><rank_last_week>0</rank_last_week><weeks_on_list>0</weeks_on_list><asterisk>0</asterisk><dagger>0</dagger><primary_isbn10></primary_isbn10><primary_isbn13>9780698175242</primary_isbn13><publisher>Viking</publisher><description>The bond between a wealthy Charleston girl, who grows up to become an abolitionist, and the slave she is given for her 11th birthday.</description><price>0</price><title>THE INVENTION OF WINGS</title><author>Sue Monk Kidd</author><contributor>by Sue Monk Kidd</contributor><contributor_note></contributor_note><book_image>https://s1.nyt.com/du/books/images/9780670024780.jpg</book_image><book_image_width>326</book_image_width><book_image_height>495</book_image_height><amazon_product_url>http://www.amazon.com/The-Invention-Wings-A-Novel/dp/0670024783?tag=NYTBS-20</amazon_product_url><age_group></age_group><book_review_link></book_review_link><first_chapter_link></first_chapter_link><sunday_review_link>https://www.nytimes.com/2014/01/26/books/review/the-invention-of-wings-by-sue-monk-kidd.html</sunday_review_link><article_chapter_link></article_chapter_link><isbns><isbn><isbn10>0670024783</isbn10><isbn13>9780670024780</isbn13></isbn><isbn><isbn10>1410465322</isbn10><isbn13>9781410465320</isbn13></isbn><isbn><isbn10>0143121707</isbn10><isbn13>9780143121701</isbn13></isbn><isbn><isbn10>1594138869</isbn10><isbn13>9781594138867</isbn13></isbn></isbns><buy_links><buy_link><name>Local Booksellers</name><url>http://www.indiebound.org/book/9780698175242?aff=NYT</url></buy_link><buy_link><name>Barnes and Noble</name><url>http://www.anrdoezrs.net/click-7990613-11819508?url=http%3A%2F%2Fwww.barnesandnoble.com%2Fw%2F%3Fean%3D9780698175242</url></buy_link><buy_link><name>Amazon</name><url>http://www.amazon.com/The-Invention-Wings-A-Novel/dp/0670024783?tag=NYTBS-20</url></buy_link></buy_links></book><book><rank>19</rank><rank_last_week>0</rank_last_week><weeks_on_list>0</weeks_on_list><asterisk>0</asterisk><dagger>0</dagger><primary_isbn10>0062124285</primary_isbn10><primary_isbn13>9780062124289</primary_isbn13><publisher>HarperCollins Publishers</publisher><description>An Appalachian woman becomes involved in an effort to save monarch butterflies.</description><price>0</price><title>FLIGHT BEHAVIOR</title><author>Barbara Kingsolver</author><contributor>by Barbara Kingsolver</contributor><contributor_note></contributor_note><book_image>https://s1.nyt.com/du/books/images/9780062124289.jpg</book_image><book_image_width>128</book_image_width><book_image_height>189</book_image_height><amazon_product_url>http://www.amazon.com/Flight-Behavior-Novel-Barbara-Kingsolver-ebook/dp/B007HBY89E?tag=NYTBS-20</amazon_product_url><age_group></age_group><book_review_link>https://www.nytimes.com/2012/11/19/books/barbara-kingsolvers-flight-behavior.html</book_review_link><first_chapter_link></first_chapter_link><sunday_review_link>https://www.nytimes.com/2012/11/11/books/review/flight-behavior-by-barbara-kingsolver.html</sunday_review_link><article_chapter_link></article_chapter_link><isbns><isbn><isbn10>0062124269</isbn10><isbn13>9780062124265</isbn13></isbn><isbn><isbn10>0062124285</isbn10><isbn13>9780062124289</isbn13></isbn><isbn><isbn10>0062124307</isbn10><isbn13>9780062124302</isbn13></isbn><isbn><isbn10>0062124277</isbn10><isbn13>9780062124272</isbn13></isbn></isbns><buy_links><buy_link><name>Local Booksellers</name><url>http://www.indiebound.org/book/9780062124289?aff=NYT</url></buy_link><buy_link><name>Barnes and Noble</name><url>http://www.anrdoezrs.net/click-7990613-11819508?url=http%3A%2F%2Fwww.barnesandnoble.com%2Fw%2F%3Fean%3D9780062124289</url></buy_link><buy_link><name>Amazon</name><url>http://www.amazon.com/Flight-Behavior-Novel-Barbara-Kingsolver-ebook/dp/B007HBY89E?tag=NYTBS-20</url></buy_link></buy_links></book><book><rank>20</rank><rank_last_week>0</rank_last_week><weeks_on_list>0</weeks_on_list><asterisk>0</asterisk><dagger>0</dagger><primary_isbn10>None</primary_isbn10><primary_isbn13>9781101615898</primary_isbn13><publisher>Putnam</publisher><description>In the 29th Stone Barrington novel, the New York lawyer confronts thieves who can bypass high-end security systems.  </description><price>0</price><title>CARNAL CURIOSITY</title><author>Stuart Woods</author><contributor>by Stuart Woods</contributor><contributor_note></contributor_note><book_image>https://s1.nyt.com/du/books/images/9781101615898.jpg</book_image><book_image_width>128</book_image_width><book_image_height>193</book_image_height><amazon_product_url>http://www.amazon.com/Carnal-Curiosity-Stone-Barrington-Stuart/dp/0399164162?tag=NYTBS-20</amazon_product_url><age_group></age_group><book_review_link></book_review_link><first_chapter_link></first_chapter_link><sunday_review_link></sunday_review_link><article_chapter_link></article_chapter_link><isbns><isbn><isbn10>0399164162</isbn10><isbn13>9780399164163</isbn13></isbn><isbn><isbn10>1410466590</isbn10><isbn13>9781410466594</isbn13></isbn><isbn><isbn10>0451466888</isbn10><isbn13>9780451466884</isbn13></isbn></isbns><buy_links><buy_link><name>Local Booksellers</name><url>http://www.indiebound.org/book/9781101615898?aff=NYT</url></buy_link><buy_link><name>Barnes and Noble</name><url>http://www.anrdoezrs.net/click-7990613-11819508?url=http%3A%2F%2Fwww.barnesandnoble.com%2Fw%2F%3Fean%3D9781101615898</url></buy_link><buy_link><name>Amazon</name><url>http://www.amazon.com/Carnal-Curiosity-Stone-Barrington-Stuart/dp/0399164162?tag=NYTBS-20</url></buy_link></buy_links></book></books><corrections/></results></result_set>
