<?xml version="1.0" encoding="UTF-8"?>
<result_set><status>OK</status><copyright>Copyright (c) 2018 The New York Times Company.  All Rights Reserved.</copyright><num_results>25</num_results><last_modified>2016-04-28T15:03:27-04:00</last_modified><results><list_name>Combined Print and E-Book Fiction</list_name><list_name_encoded>combined-print-and-e-book-fiction</list_name_encoded><bestsellers_date>2014-07-19</bestsellers_date><published_date>2014-08-03</published_date><published_date_description></published_date_description><next_published_date>2014-08-10</next_published_date><previous_published_date>2014-07-27</previous_published_date><display_name><![CDATA[Combined Print & E-Book Fiction]]></display_name><normal_list_ends_at>15</normal_list_ends_at><updated>WEEKLY</updated><books><book><rank>1</rank><rank_last_week>0</rank_last_week><weeks_on_list>1</weeks_on_list><asterisk>0</asterisk><dagger>0</dagger><primary_isbn10>0698163478</primary_isbn10><primary_isbn13>9780698163478</primary_isbn13><publisher>Viking</publisher><description>In the conclusion to the All Souls trilogy, the Oxford scholar/witch Diana Bishop and the vampire geneticist Matthew Clairmont return from Elizabethan London to the present.</description><price>0</price><title>THE BOOK OF LIFE</title><author>Deborah Harkness</author><contributor>by Deborah Harkness</contributor><contributor_note></contributor_note><book_image>https://s1.nyt.com/du/books/images/9780698163478.jpg</book_image><book_image_width>128</book_image_width><book_image_height>193</book_image_height><amazon_product_url>http://www.amazon.com/The-Book-Life-Novel-Trilogy/dp/0670025593?tag=NYTBS-20</amazon_product_url><age_group></age_group><book_review_link></book_review_link><first_chapter_link></first_chapter_link><sunday_review_link></sunday_review_link><article_chapter_link></article_chapter_link><isbns><isbn><isbn10>0670025593</isbn10><isbn13>9780670025596</isbn13></isbn><isbn><isbn10>0698163478</isbn10><isbn13>9780698163478</isbn13></isbn></isbns><buy_links><buy_link><name>Local Booksellers</name><url>http://www.indiebound.org/book/9780698163478?aff=NYT</url></buy_link><buy_link><name>Barnes and Noble</name><url>http://www.anrdoezrs.net/click-7990613-11819508?url=http%3A%2F%2Fwww.barnesandnoble.com%2Fw%2F%3Fean%3D9780698163478</url></buy_link><buy_link><name>Amazon</name><url>http://www.amazon.com/The-Book-Life-Novel-Trilogy/dp/0670025593?tag=NYTBS-20</url></buy_link></buy_links></book><book><rank>2</rank><rank_last_week>0</rank_last_week><weeks_on_list>1</weeks_on_list><asterisk>0</asterisk><dagger>0</dagger><primary_isbn10></primary_isbn10><primary_isbn13>9780062320070</primary_isbn13><publisher>Harper</publisher><description>Gabriel Allon, an art restorer and occasional spy for the Israeli secret service, must track down a famous missing painting by Caravaggio.</description><price>0</price><title>THE HEIST</title><author>Daniel Silva</author><contributor>by Daniel Silva</contributor><contributor_note></contributor_note><book_image>https://s1.nyt.com/du/books/images/9780062320070.jpg</book_image><book_image_width>330</book_image_width><book_image_height>480</book_image_height><amazon_product_url>http://www.amazon.com/The-Heist-Novel-Gabriel-Allon/dp/006232005X?tag=NYTBS-20</amazon_product_url><age_group></age_group><book_review_link></book_review_link><first_chapter_link></first_chapter_link><sunday_review_link></sunday_review_link><article_chapter_link></article_chapter_link><isbns><isbn><isbn10>006232005X</isbn10><isbn13>9780062320056</isbn13></isbn><isbn><isbn10>0062320068</isbn10><isbn13>9780062320063</isbn13></isbn></isbns><buy_links><buy_link><name>Local Booksellers</name><url>http://www.indiebound.org/book/9780062320070?aff=NYT</url></buy_link><buy_link><name>Barnes and Noble</name><url>http://www.anrdoezrs.net/click-7990613-11819508?url=http%3A%2F%2Fwww.barnesandnoble.com%2Fw%2F%3Fean%3D9780062320070</url></buy_link><buy_link><name>Amazon</name><url>http://www.amazon.com/The-Heist-Novel-Gabriel-Allon/dp/006232005X?tag=NYTBS-20</url></buy_link></buy_links></book><book><rank>3</rank><rank_last_week>0</rank_last_week><weeks_on_list>1</weeks_on_list><asterisk>0</asterisk><dagger>0</dagger><primary_isbn10>0698154088</primary_isbn10><primary_isbn13>9780698154087</primary_isbn13><publisher>Putnam</publisher><description>Complications abound as the New York lawyer Stone Barrington attends a political convention in Los Angeles.</description><price>0</price><title>CUT AND THRUST</title><author>Stuart Woods</author><contributor>by Stuart Woods</contributor><contributor_note></contributor_note><book_image>https://s1.nyt.com/du/books/images/9780399169113.jpg</book_image><book_image_width>128</book_image_width><book_image_height>194</book_image_height><amazon_product_url>http://www.amazon.com/Thrust-Stone-Barrington-Novels-Book-ebook/dp/B00G3L6MVG?tag=NYTBS-20</amazon_product_url><age_group></age_group><book_review_link></book_review_link><first_chapter_link></first_chapter_link><sunday_review_link></sunday_review_link><article_chapter_link></article_chapter_link><isbns><isbn><isbn10>0399169113</isbn10><isbn13>9780399169113</isbn13></isbn><isbn><isbn10>0698154088</isbn10><isbn13>9780698154087</isbn13></isbn><isbn><isbn10>045147306X</isbn10><isbn13>9780451473066</isbn13></isbn></isbns><buy_links><buy_link><name>Local Booksellers</name><url>http://www.indiebound.org/book/9780698154087?aff=NYT</url></buy_link><buy_link><name>Barnes and Noble</name><url>http://www.anrdoezrs.net/click-7990613-11819508?url=http%3A%2F%2Fwww.barnesandnoble.com%2Fw%2F%3Fean%3D9780698154087</url></buy_link><buy_link><name>Amazon</name><url>http://www.amazon.com/Thrust-Stone-Barrington-Novels-Book-ebook/dp/B00G3L6MVG?tag=NYTBS-20</url></buy_link></buy_links></book><book><rank>4</rank><rank_last_week>3</rank_last_week><weeks_on_list>86</weeks_on_list><asterisk>0</asterisk><dagger>0</dagger><primary_isbn10>0307588378</primary_isbn10><primary_isbn13>9780307588371</primary_isbn13><publisher>Crown</publisher><description>A woman disappears on the day of her fifth anniversary; is her husband a killer?</description><price>0</price><title>GONE GIRL</title><author>Gillian Flynn</author><contributor>by Gillian Flynn</contributor><contributor_note></contributor_note><book_image>https://s1.nyt.com/du/books/images/9780307588388.jpg</book_image><book_image_width>136</book_image_width><book_image_height>200</book_image_height><amazon_product_url>http://www.amazon.com/Gone-Girl-Novel-Gillian-Flynn-ebook/dp/B006LSZECO?tag=NYTBS-20</amazon_product_url><age_group></age_group><book_review_link>https://www.nytimes.com/2012/05/30/books/gone-girl-by-gillian-flynn.html</book_review_link><first_chapter_link></first_chapter_link><sunday_review_link>https://www.nytimes.com/2012/06/17/books/review/gillian-flynns-gone-girl-and-more.html</sunday_review_link><article_chapter_link></article_chapter_link><isbns><isbn><isbn10>030758836X</isbn10><isbn13>9780307588364</isbn13></isbn><isbn><isbn10>0307588386</isbn10><isbn13>9780307588388</isbn13></isbn><isbn><isbn10>1410450953</isbn10><isbn13>9781410450951</isbn13></isbn><isbn><isbn10>0297859382</isbn10><isbn13>9780297859383</isbn13></isbn><isbn><isbn10>0307588378</isbn10><isbn13>9780307588371</isbn13></isbn><isbn><isbn10>0297859390</isbn10><isbn13>9780297859390</isbn13></isbn><isbn><isbn10>159413605X</isbn10><isbn13>9781594136054</isbn13></isbn><isbn><isbn10>055341836X</isbn10><isbn13>9780553418361</isbn13></isbn><isbn><isbn10>0553418351</isbn10><isbn13>9780553418354</isbn13></isbn><isbn><isbn10>0606270175</isbn10><isbn13>9780606270175</isbn13></isbn></isbns><buy_links><buy_link><name>Local Booksellers</name><url>http://www.indiebound.org/book/9780307588371?aff=NYT</url></buy_link><buy_link><name>Barnes and Noble</name><url>http://www.anrdoezrs.net/click-7990613-11819508?url=http%3A%2F%2Fwww.barnesandnoble.com%2Fw%2F%3Fean%3D9780307588371</url></buy_link><buy_link><name>Amazon</name><url>http://www.amazon.com/Gone-Girl-Novel-Gillian-Flynn-ebook/dp/B006LSZECO?tag=NYTBS-20</url></buy_link></buy_links></book><book><rank>5</rank><rank_last_week>4</rank_last_week><weeks_on_list>4</weeks_on_list><asterisk>0</asterisk><dagger>0</dagger><primary_isbn10></primary_isbn10><primary_isbn13>9780316405409</primary_isbn13><publisher>Little, Brown</publisher><description>Searching for her sister’s killer, a former F.B.I. researcher finds a link between scores of unsolved cases.</description><price>0</price><title>INVISIBLE</title><author>James Patterson and David Ellis</author><contributor>by James Patterson and David Ellis</contributor><contributor_note></contributor_note><book_image>https://s1.nyt.com/du/books/images/9780316405409.jpg</book_image><book_image_width>128</book_image_width><book_image_height>198</book_image_height><amazon_product_url>http://www.amazon.com/Invisible-James-Patterson-ebook/dp/B00FPQA7O8?tag=NYTBS-20</amazon_product_url><age_group></age_group><book_review_link></book_review_link><first_chapter_link></first_chapter_link><sunday_review_link></sunday_review_link><article_chapter_link></article_chapter_link><isbns><isbn><isbn10>0316405345</isbn10><isbn13>9780316405348</isbn13></isbn><isbn><isbn10>0316405388</isbn10><isbn13>9780316405386</isbn13></isbn><isbn><isbn10>0316295299</isbn10><isbn13>9780316295291</isbn13></isbn><isbn><isbn10>1455585033</isbn10><isbn13>9781455585038</isbn13></isbn><isbn><isbn10>1455585025</isbn10><isbn13>9781455585021</isbn13></isbn></isbns><buy_links><buy_link><name>Local Booksellers</name><url>http://www.indiebound.org/book/9780316405409?aff=NYT</url></buy_link><buy_link><name>Barnes and Noble</name><url>http://www.anrdoezrs.net/click-7990613-11819508?url=http%3A%2F%2Fwww.barnesandnoble.com%2Fw%2F%3Fean%3D9780316405409</url></buy_link><buy_link><name>Amazon</name><url>http://www.amazon.com/Invisible-James-Patterson-ebook/dp/B00FPQA7O8?tag=NYTBS-20</url></buy_link></buy_links></book><book><rank>6</rank><rank_last_week>1</rank_last_week><weeks_on_list>2</weeks_on_list><asterisk>0</asterisk><dagger>0</dagger><primary_isbn10></primary_isbn10><primary_isbn13>9781476717142</primary_isbn13><publisher>Emily Bestler/Atria</publisher><description>The counterterrorism operative Scot Harvath undertakes two dangerous missions as America faces an imminent attack.</description><price>0</price><title>ACT OF WAR</title><author>Brad Thor</author><contributor>by Brad Thor</contributor><contributor_note></contributor_note><book_image>https://s1.nyt.com/du/books/images/9781476717142.jpg</book_image><book_image_width>317</book_image_width><book_image_height>495</book_image_height><amazon_product_url>http://www.amazon.com/Act-War-Thriller-Brad-Thor/dp/1476717125?tag=NYTBS-20</amazon_product_url><age_group></age_group><book_review_link></book_review_link><first_chapter_link></first_chapter_link><sunday_review_link></sunday_review_link><article_chapter_link></article_chapter_link><isbns><isbn><isbn10>1476717125</isbn10><isbn13>9781476717128</isbn13></isbn><isbn><isbn10>1410470997</isbn10><isbn13>9781410470997</isbn13></isbn><isbn><isbn10>1476717133</isbn10><isbn13>9781476717135</isbn13></isbn></isbns><buy_links><buy_link><name>Local Booksellers</name><url>http://www.indiebound.org/book/9781476717142?aff=NYT</url></buy_link><buy_link><name>Barnes and Noble</name><url>http://www.anrdoezrs.net/click-7990613-11819508?url=http%3A%2F%2Fwww.barnesandnoble.com%2Fw%2F%3Fean%3D9781476717142</url></buy_link><buy_link><name>Amazon</name><url>http://www.amazon.com/Act-War-Thriller-Brad-Thor/dp/1476717125?tag=NYTBS-20</url></buy_link></buy_links></book><book><rank>7</rank><rank_last_week>6</rank_last_week><weeks_on_list>39</weeks_on_list><asterisk>0</asterisk><dagger>0</dagger><primary_isbn10></primary_isbn10><primary_isbn13>9780316248679</primary_isbn13><publisher>Little, Brown</publisher><description>A painting smuggled out of the Metropolitan Museum of Art after a bombing becomes a boy’s prize, guilt and burden.</description><price>0</price><title>THE GOLDFINCH</title><author>Donna Tartt</author><contributor>by Donna Tartt</contributor><contributor_note></contributor_note><book_image>https://s1.nyt.com/du/books/images/9780316248679.jpg</book_image><book_image_width>323</book_image_width><book_image_height>495</book_image_height><amazon_product_url>http://www.amazon.com/The-Goldfinch-Novel-Pulitzer-Fiction-ebook/dp/B00BAXFECK?tag=NYTBS-20</amazon_product_url><age_group></age_group><book_review_link>https://www.nytimes.com/2013/10/08/books/the-goldfinch-a-dickensian-novel-by-donna-tartt.html</book_review_link><first_chapter_link></first_chapter_link><sunday_review_link>https://www.nytimes.com/2013/10/13/books/review/donna-tartts-goldfinch.html</sunday_review_link><article_chapter_link></article_chapter_link><isbns><isbn><isbn10>0316055433</isbn10><isbn13>9780316055437</isbn13></isbn><isbn><isbn10>0316239879</isbn10><isbn13>9780316239875</isbn13></isbn><isbn><isbn10>0316055441</isbn10><isbn13>9780316055444</isbn13></isbn><isbn><isbn10>0349139636</isbn10><isbn13>9780349139630</isbn13></isbn></isbns><buy_links><buy_link><name>Local Booksellers</name><url>http://www.indiebound.org/book/9780316248679?aff=NYT</url></buy_link><buy_link><name>Barnes and Noble</name><url>http://www.anrdoezrs.net/click-7990613-11819508?url=http%3A%2F%2Fwww.barnesandnoble.com%2Fw%2F%3Fean%3D9780316248679</url></buy_link><buy_link><name>Amazon</name><url>http://www.amazon.com/The-Goldfinch-Novel-Pulitzer-Fiction-ebook/dp/B00BAXFECK?tag=NYTBS-20</url></buy_link></buy_links></book><book><rank>8</rank><rank_last_week>5</rank_last_week><weeks_on_list>5</weeks_on_list><asterisk>0</asterisk><dagger>0</dagger><primary_isbn10>0345542940</primary_isbn10><primary_isbn13>9780345542946</primary_isbn13><publisher>Bantam</publisher><description>The New Jersey bounty hunter Stephanie Plum pursues a dealer who sells more than used cars.</description><price>0</price><title>TOP SECRET TWENTY-ONE</title><author>Janet Evanovich</author><contributor>by Janet Evanovich</contributor><contributor_note></contributor_note><book_image>https://s1.nyt.com/du/books/images/9780345542946.jpg</book_image><book_image_width>326</book_image_width><book_image_height>495</book_image_height><amazon_product_url>http://www.amazon.com/Top-Secret-Twenty-One-Stephanie-Novel-ebook/dp/B00H1294XO?tag=NYTBS-20</amazon_product_url><age_group></age_group><book_review_link></book_review_link><first_chapter_link></first_chapter_link><sunday_review_link></sunday_review_link><article_chapter_link></article_chapter_link><isbns><isbn><isbn10>0345542924</isbn10><isbn13>9780345542922</isbn13></isbn><isbn><isbn10>0345542940</isbn10><isbn13>9780345542946</isbn13></isbn><isbn><isbn10>0385363222</isbn10><isbn13>9780385363228</isbn13></isbn><isbn><isbn10>0345542932</isbn10><isbn13>9780345542939</isbn13></isbn></isbns><buy_links><buy_link><name>Local Booksellers</name><url>http://www.indiebound.org/book/9780345542946?aff=NYT</url></buy_link><buy_link><name>Barnes and Noble</name><url>http://www.anrdoezrs.net/click-7990613-11819508?url=http%3A%2F%2Fwww.barnesandnoble.com%2Fw%2F%3Fean%3D9780345542946</url></buy_link><buy_link><name>Amazon</name><url>http://www.amazon.com/Top-Secret-Twenty-One-Stephanie-Novel-ebook/dp/B00H1294XO?tag=NYTBS-20</url></buy_link></buy_links></book><book><rank>9</rank><rank_last_week>10</rank_last_week><weeks_on_list>26</weeks_on_list><asterisk>0</asterisk><dagger>0</dagger><primary_isbn10></primary_isbn10><primary_isbn13>9780062101204</primary_isbn13><publisher>Morrow/HarperCollins</publisher><description>A historical novel about orphans swept off the streets of New York and sent to the Midwest in the 1920s.</description><price>0</price><title>ORPHAN TRAIN</title><author>Christina Baker Kline</author><contributor>by Christina Baker Kline</contributor><contributor_note></contributor_note><book_image>https://s1.nyt.com/du/books/images/9780062101204.jpg</book_image><book_image_width>329</book_image_width><book_image_height>495</book_image_height><amazon_product_url>http://www.amazon.com/Orphan-Train-Christina-Baker-Kline-ebook/dp/B0089LOG02?tag=NYTBS-20</amazon_product_url><age_group></age_group><book_review_link></book_review_link><first_chapter_link></first_chapter_link><sunday_review_link></sunday_review_link><article_chapter_link></article_chapter_link><isbns><isbn><isbn10>0061950726</isbn10><isbn13>9780061950728</isbn13></isbn><isbn><isbn10>1594137374</isbn10><isbn13>9781594137372</isbn13></isbn><isbn><isbn10>0606356649</isbn10><isbn13>9780606356640</isbn13></isbn><isbn><isbn10>006195070X</isbn10><isbn13>9780061950704</isbn13></isbn></isbns><buy_links><buy_link><name>Local Booksellers</name><url>http://www.indiebound.org/book/9780062101204?aff=NYT</url></buy_link><buy_link><name>Barnes and Noble</name><url>http://www.anrdoezrs.net/click-7990613-11819508?url=http%3A%2F%2Fwww.barnesandnoble.com%2Fw%2F%3Fean%3D9780062101204</url></buy_link><buy_link><name>Amazon</name><url>http://www.amazon.com/Orphan-Train-Christina-Baker-Kline-ebook/dp/B0089LOG02?tag=NYTBS-20</url></buy_link></buy_links></book><book><rank>10</rank><rank_last_week>7</rank_last_week><weeks_on_list>5</weeks_on_list><asterisk>0</asterisk><dagger>0</dagger><primary_isbn10></primary_isbn10><primary_isbn13>9780316206914</primary_isbn13><publisher>Mulholland/Little, Brown</publisher><description>The private detective Cormoran Strike steps in when the author of a roman à clef set in literary London is murdered; by J. K. Rowling, writing pseudonymously.</description><price>0</price><title>THE SILKWORM</title><author>Robert Galbraith</author><contributor>by Robert Galbraith</contributor><contributor_note></contributor_note><book_image>https://s1.nyt.com/du/books/images/9780316206914.jpg</book_image><book_image_width>321</book_image_width><book_image_height>495</book_image_height><amazon_product_url>http://www.amazon.com/The-Silkworm-Cormoran-Strike-Novel-ebook/dp/B00IJJUIOM?tag=NYTBS-20</amazon_product_url><age_group></age_group><book_review_link></book_review_link><first_chapter_link></first_chapter_link><sunday_review_link>https://www.nytimes.com/2014/06/29/books/review/the-silkworm-by-j-k-rowling-as-robert-galbraith.html</sunday_review_link><article_chapter_link></article_chapter_link><isbns><isbn><isbn10>0316206873</isbn10><isbn13>9780316206877</isbn13></isbn><isbn><isbn10>0316410713</isbn10><isbn13>9780316410717</isbn13></isbn></isbns><buy_links><buy_link><name>Local Booksellers</name><url>http://www.indiebound.org/book/9780316206914?aff=NYT</url></buy_link><buy_link><name>Barnes and Noble</name><url>http://www.anrdoezrs.net/click-7990613-11819508?url=http%3A%2F%2Fwww.barnesandnoble.com%2Fw%2F%3Fean%3D9780316206914</url></buy_link><buy_link><name>Amazon</name><url>http://www.amazon.com/The-Silkworm-Cormoran-Strike-Novel-ebook/dp/B00IJJUIOM?tag=NYTBS-20</url></buy_link></buy_links></book><book><rank>11</rank><rank_last_week>0</rank_last_week><weeks_on_list>1</weeks_on_list><asterisk>0</asterisk><dagger>0</dagger><primary_isbn10>1250020530</primary_isbn10><primary_isbn13>9781250020536</primary_isbn13><publisher>St. Martin's</publisher><description>The investigator Kendra Michaels employs her highly developed senses to deal with an admirer who is also her most ruthless enemy.</description><price>0</price><title>SIGHT UNSEEN</title><author>Iris Johansen and Roy Johansen</author><contributor>by Iris Johansen and Roy Johansen</contributor><contributor_note></contributor_note><book_image>https://s1.nyt.com/du/books/images/9781250020529.jpg</book_image><book_image_width>128</book_image_width><book_image_height>194</book_image_height><amazon_product_url>http://www.amazon.com/Sight-Unseen-Iris-Johansen-ebook/dp/B00HP1LVJG?tag=NYTBS-20</amazon_product_url><age_group></age_group><book_review_link></book_review_link><first_chapter_link></first_chapter_link><sunday_review_link></sunday_review_link><article_chapter_link></article_chapter_link><isbns><isbn><isbn10>1250020522</isbn10><isbn13>9781250020529</isbn13></isbn><isbn><isbn10>1250020530</isbn10><isbn13>9781250020536</isbn13></isbn></isbns><buy_links><buy_link><name>Local Booksellers</name><url>http://www.indiebound.org/book/9781250020536?aff=NYT</url></buy_link><buy_link><name>Barnes and Noble</name><url>http://www.anrdoezrs.net/click-7990613-11819508?url=http%3A%2F%2Fwww.barnesandnoble.com%2Fw%2F%3Fean%3D9781250020536</url></buy_link><buy_link><name>Amazon</name><url>http://www.amazon.com/Sight-Unseen-Iris-Johansen-ebook/dp/B00HP1LVJG?tag=NYTBS-20</url></buy_link></buy_links></book><book><rank>12</rank><rank_last_week>2</rank_last_week><weeks_on_list>2</weeks_on_list><asterisk>0</asterisk><dagger>0</dagger><primary_isbn10></primary_isbn10><primary_isbn13>9780698165786</primary_isbn13><publisher>Putnam</publisher><description>The F.B.I. agents Dillon Savich and Lacey Sherlock are out to discover who is trying to kill the ambassador to Britain.</description><price>0</price><title>POWER PLAY</title><author>Catherine Coulter</author><contributor>by Catherine Coulter</contributor><contributor_note></contributor_note><book_image>https://s1.nyt.com/du/books/images/9780698165786.jpg</book_image><book_image_width>128</book_image_width><book_image_height>194</book_image_height><amazon_product_url>http://www.amazon.com/Power-Play-FBI-Thriller-Book-ebook/dp/B00G3L0ZVY?tag=NYTBS-20</amazon_product_url><age_group></age_group><book_review_link></book_review_link><first_chapter_link></first_chapter_link><sunday_review_link></sunday_review_link><article_chapter_link></article_chapter_link><isbns><isbn><isbn10>0399157344</isbn10><isbn13>9780399157349</isbn13></isbn><isbn><isbn10>0515155438</isbn10><isbn13>9780515155433</isbn13></isbn></isbns><buy_links><buy_link><name>Local Booksellers</name><url>http://www.indiebound.org/book/9780698165786?aff=NYT</url></buy_link><buy_link><name>Barnes and Noble</name><url>http://www.anrdoezrs.net/click-7990613-11819508?url=http%3A%2F%2Fwww.barnesandnoble.com%2Fw%2F%3Fean%3D9780698165786</url></buy_link><buy_link><name>Amazon</name><url>http://www.amazon.com/Power-Play-FBI-Thriller-Book-ebook/dp/B00G3L0ZVY?tag=NYTBS-20</url></buy_link></buy_links></book><book><rank>13</rank><rank_last_week>0</rank_last_week><weeks_on_list>1</weeks_on_list><asterisk>0</asterisk><dagger>0</dagger><primary_isbn10>055339438X</primary_isbn10><primary_isbn13>9780553394382</primary_isbn13><publisher>Loveswept/Random House</publisher><description>As Chloe Girard discovers, there’s love, and then there’s addiction; an Ethan Frost novel.</description><price>0</price><title>ADDICTED</title><author>Tracy Wolff</author><contributor>by Tracy Wolff</contributor><contributor_note></contributor_note><book_image>https://s1.nyt.com/du/books/images/9780553394382.jpg</book_image><book_image_width>330</book_image_width><book_image_height>440</book_image_height><amazon_product_url>http://www.amazon.com/Addicted-An-Ethan-Frost-Novel-ebook/dp/B00IHMEBR6?tag=NYTBS-20</amazon_product_url><age_group></age_group><book_review_link></book_review_link><first_chapter_link></first_chapter_link><sunday_review_link></sunday_review_link><article_chapter_link></article_chapter_link><isbns><isbn><isbn10>055339438X</isbn10><isbn13>9780553394382</isbn13></isbn></isbns><buy_links><buy_link><name>Local Booksellers</name><url>http://www.indiebound.org/book/9780553394382?aff=NYT</url></buy_link><buy_link><name>Barnes and Noble</name><url>http://www.anrdoezrs.net/click-7990613-11819508?url=http%3A%2F%2Fwww.barnesandnoble.com%2Fw%2F%3Fean%3D9780553394382</url></buy_link><buy_link><name>Amazon</name><url>http://www.amazon.com/Addicted-An-Ethan-Frost-Novel-ebook/dp/B00IHMEBR6?tag=NYTBS-20</url></buy_link></buy_links></book><book><rank>14</rank><rank_last_week>0</rank_last_week><weeks_on_list>1</weeks_on_list><asterisk>0</asterisk><dagger>0</dagger><primary_isbn10>1476710813</primary_isbn10><primary_isbn13>9781476710815</primary_isbn13><publisher><![CDATA[Simon & Schuster]]></publisher><description>A man’s life is traced over decades, starting with his encounter, at age 16, with Bonnie and Clyde.</description><price>0</price><title>WAYFARING STRANGER</title><author>James Lee Burke</author><contributor>by James Lee Burke</contributor><contributor_note></contributor_note><book_image>https://s1.nyt.com/du/books/images/9781476710815.jpg</book_image><book_image_width>128</book_image_width><book_image_height>194</book_image_height><amazon_product_url>http://www.amazon.com/Wayfaring-Stranger-James-Lee-Burke-ebook/dp/B00HB62NII?tag=NYTBS-20</amazon_product_url><age_group></age_group><book_review_link></book_review_link><first_chapter_link></first_chapter_link><sunday_review_link>https://www.nytimes.com/2014/08/17/books/review/wayfaring-stranger-by-james-lee-burke.html</sunday_review_link><article_chapter_link></article_chapter_link><isbns><isbn><isbn10>1476710791</isbn10><isbn13>9781476710792</isbn13></isbn><isbn><isbn10>1476710813</isbn10><isbn13>9781476710815</isbn13></isbn></isbns><buy_links><buy_link><name>Local Booksellers</name><url>http://www.indiebound.org/book/9781476710815?aff=NYT</url></buy_link><buy_link><name>Barnes and Noble</name><url>http://www.anrdoezrs.net/click-7990613-11819508?url=http%3A%2F%2Fwww.barnesandnoble.com%2Fw%2F%3Fean%3D9781476710815</url></buy_link><buy_link><name>Amazon</name><url>http://www.amazon.com/Wayfaring-Stranger-James-Lee-Burke-ebook/dp/B00HB62NII?tag=NYTBS-20</url></buy_link></buy_links></book><book><rank>15</rank><rank_last_week>11</rank_last_week><weeks_on_list>7</weeks_on_list><asterisk>0</asterisk><dagger>0</dagger><primary_isbn10>1476754462</primary_isbn10><primary_isbn13>9781476754468</primary_isbn13><publisher>Scribner</publisher><description>A driver plows into a crowd at a job fair, killing eight. The killer then taunts a suicidal ex-cop, who must stop a deadlier attack.</description><price>0</price><title>MR. MERCEDES</title><author>Stephen King</author><contributor>by Stephen King</contributor><contributor_note></contributor_note><book_image>https://s1.nyt.com/du/books/images/9781476754468.jpg</book_image><book_image_width>128</book_image_width><book_image_height>194</book_image_height><amazon_product_url>http://www.amazon.com/Mr-Mercedes-Novel-Stephen-King-ebook/dp/B00GEEB52S?tag=NYTBS-20</amazon_product_url><age_group></age_group><book_review_link></book_review_link><first_chapter_link></first_chapter_link><sunday_review_link>https://www.nytimes.com/2014/06/08/books/review/stephen-kings-mr-mercedes.html</sunday_review_link><article_chapter_link></article_chapter_link><isbns><isbn><isbn10>1476754454</isbn10><isbn13>9781476754451</isbn13></isbn><isbn><isbn10>1476754462</isbn10><isbn13>9781476754468</isbn13></isbn><isbn><isbn10>141046900X</isbn10><isbn13>9781410469007</isbn13></isbn><isbn><isbn10>1476754470</isbn10><isbn13>9781476754475</isbn13></isbn><isbn><isbn10>1501125605</isbn10><isbn13>9781501125607</isbn13></isbn></isbns><buy_links><buy_link><name>Local Booksellers</name><url>http://www.indiebound.org/book/9781476754468?aff=NYT</url></buy_link><buy_link><name>Barnes and Noble</name><url>http://www.anrdoezrs.net/click-7990613-11819508?url=http%3A%2F%2Fwww.barnesandnoble.com%2Fw%2F%3Fean%3D9781476754468</url></buy_link><buy_link><name>Amazon</name><url>http://www.amazon.com/Mr-Mercedes-Novel-Stephen-King-ebook/dp/B00GEEB52S?tag=NYTBS-20</url></buy_link></buy_links></book><book><rank>16</rank><rank_last_week>0</rank_last_week><weeks_on_list>0</weeks_on_list><asterisk>0</asterisk><dagger>0</dagger><primary_isbn10>None</primary_isbn10><primary_isbn13>9780698159815</primary_isbn13><publisher>Dutton</publisher><description>The Taskforce must stop a weapon of mass destruction under the control of an extreme Islamic sect; a Pike Logan thriller.</description><price>0</price><title>DAYS OF RAGE</title><author>Brad Taylor</author><contributor>by Brad Taylor</contributor><contributor_note></contributor_note><book_image>https://s1.nyt.com/du/books/images/9780698159815.jpg</book_image><book_image_width>128</book_image_width><book_image_height>191</book_image_height><amazon_product_url>http://www.amazon.com/Days-Rage-Pike-Logan-Thriller-ebook/dp/B00G3L131K?tag=NYTBS-20</amazon_product_url><age_group></age_group><book_review_link></book_review_link><first_chapter_link></first_chapter_link><sunday_review_link></sunday_review_link><article_chapter_link></article_chapter_link><isbns><isbn><isbn10>0525953981</isbn10><isbn13>9780525953982</isbn13></isbn></isbns><buy_links><buy_link><name>Local Booksellers</name><url>http://www.indiebound.org/book/9780698159815?aff=NYT</url></buy_link><buy_link><name>Barnes and Noble</name><url>http://www.anrdoezrs.net/click-7990613-11819508?url=http%3A%2F%2Fwww.barnesandnoble.com%2Fw%2F%3Fean%3D9780698159815</url></buy_link><buy_link><name>Amazon</name><url>http://www.amazon.com/Days-Rage-Pike-Logan-Thriller-ebook/dp/B00G3L131K?tag=NYTBS-20</url></buy_link></buy_links></book><book><rank>17</rank><rank_last_week>0</rank_last_week><weeks_on_list>0</weeks_on_list><asterisk>0</asterisk><dagger>0</dagger><primary_isbn10>0743290062</primary_isbn10><primary_isbn13>9780743290067</primary_isbn13><publisher><![CDATA[Simon & Schuster]]></publisher><description>A successful magazine editor is trapped in her remote cabin with a man believed to be a serial killer; first published in 2005.</description><price>0</price><title>CHILL FACTOR</title><author>Sandra Brown</author><contributor>by Sandra Brown</contributor><contributor_note></contributor_note><book_image>https://s1.nyt.com/du/books/images/9780743290067.jpg</book_image><book_image_width>330</book_image_width><book_image_height>382</book_image_height><amazon_product_url>http://www.amazon.com/Chill-Factor-Novel-Sandra-Brown/dp/0743572076?tag=NYTBS-20</amazon_product_url><age_group></age_group><book_review_link></book_review_link><first_chapter_link></first_chapter_link><sunday_review_link></sunday_review_link><article_chapter_link></article_chapter_link><isbns><isbn><isbn10>0743290062</isbn10><isbn13>9780743290067</isbn13></isbn><isbn><isbn10>0743572076</isbn10><isbn13>9780743572071</isbn13></isbn><isbn><isbn10>0743466772</isbn10><isbn13>9780743466776</isbn13></isbn></isbns><buy_links><buy_link><name>Local Booksellers</name><url>http://www.indiebound.org/book/9780743290067?aff=NYT</url></buy_link><buy_link><name>Barnes and Noble</name><url>http://www.anrdoezrs.net/click-7990613-11819508?url=http%3A%2F%2Fwww.barnesandnoble.com%2Fw%2F%3Fean%3D9780743290067</url></buy_link><buy_link><name>Amazon</name><url>http://www.amazon.com/Chill-Factor-Novel-Sandra-Brown/dp/0743572076?tag=NYTBS-20</url></buy_link></buy_links></book><book><rank>18</rank><rank_last_week>0</rank_last_week><weeks_on_list>0</weeks_on_list><asterisk>0</asterisk><dagger>0</dagger><primary_isbn10></primary_isbn10><primary_isbn13>9781476746609</primary_isbn13><publisher>Scribner</publisher><description>The lives of a blind French girl and a gadget-obsessed German boy before and during World War II.</description><price>0</price><title>ALL THE LIGHT WE CANNOT SEE</title><author>Anthony Doerr</author><contributor>by Anthony Doerr</contributor><contributor_note></contributor_note><book_image>https://s1.nyt.com/du/books/images/9781476746586.jpg</book_image><book_image_width>128</book_image_width><book_image_height>192</book_image_height><amazon_product_url>http://www.amazon.com/All-Light-We-Cannot-See/dp/1476746583?tag=NYTBS-20</amazon_product_url><age_group></age_group><book_review_link></book_review_link><first_chapter_link></first_chapter_link><sunday_review_link>https://www.nytimes.com/2014/05/11/books/review/all-the-light-we-cannot-see-by-anthony-doerr.html</sunday_review_link><article_chapter_link></article_chapter_link><isbns><isbn><isbn10>1476746583</isbn10><isbn13>9781476746586</isbn13></isbn><isbn><isbn10>1410470229</isbn10><isbn13>9781410470225</isbn13></isbn><isbn><isbn10>1476746591</isbn10><isbn13>9781476746593</isbn13></isbn><isbn><isbn10>1501122835</isbn10><isbn13>9781501122835</isbn13></isbn><isbn><isbn10>0007548699</isbn10><isbn13>9780007548699</isbn13></isbn><isbn><isbn10>1501173219</isbn10><isbn13>9781501173219</isbn13></isbn></isbns><buy_links><buy_link><name>Local Booksellers</name><url>http://www.indiebound.org/book/9781476746609?aff=NYT</url></buy_link><buy_link><name>Barnes and Noble</name><url>http://www.anrdoezrs.net/click-7990613-11819508?url=http%3A%2F%2Fwww.barnesandnoble.com%2Fw%2F%3Fean%3D9781476746609</url></buy_link><buy_link><name>Amazon</name><url>http://www.amazon.com/All-Light-We-Cannot-See/dp/1476746583?tag=NYTBS-20</url></buy_link></buy_links></book><book><rank>19</rank><rank_last_week>0</rank_last_week><weeks_on_list>0</weeks_on_list><asterisk>0</asterisk><dagger>0</dagger><primary_isbn10>1451617801</primary_isbn10><primary_isbn13>9781451617801</primary_isbn13><publisher>Atria</publisher><description>A woman becomes addicted to pain medication.</description><price>0</price><title>ALL FALL DOWN</title><author>Jennifer Weiner</author><contributor>by Jennifer Weiner</contributor><contributor_note></contributor_note><book_image>https://s1.nyt.com/du/books/images/9781451617801.jpg</book_image><book_image_width>328</book_image_width><book_image_height>495</book_image_height><amazon_product_url>http://www.amazon.com/All-Fall-Down-A-Novel-ebook/dp/B00DPM909W?tag=NYTBS-20</amazon_product_url><age_group></age_group><book_review_link></book_review_link><first_chapter_link></first_chapter_link><sunday_review_link></sunday_review_link><article_chapter_link></article_chapter_link><isbns><isbn><isbn10>145161778X</isbn10><isbn13>9781451617788</isbn13></isbn><isbn><isbn10>1451617801</isbn10><isbn13>9781451617801</isbn13></isbn><isbn><isbn10>1451617798</isbn10><isbn13>9781451617795</isbn13></isbn></isbns><buy_links><buy_link><name>Local Booksellers</name><url>http://www.indiebound.org/book/9781451617801?aff=NYT</url></buy_link><buy_link><name>Barnes and Noble</name><url>http://www.anrdoezrs.net/click-7990613-11819508?url=http%3A%2F%2Fwww.barnesandnoble.com%2Fw%2F%3Fean%3D9781451617801</url></buy_link><buy_link><name>Amazon</name><url>http://www.amazon.com/All-Fall-Down-A-Novel-ebook/dp/B00DPM909W?tag=NYTBS-20</url></buy_link></buy_links></book><book><rank>20</rank><rank_last_week>0</rank_last_week><weeks_on_list>0</weeks_on_list><asterisk>0</asterisk><dagger>0</dagger><primary_isbn10></primary_isbn10><primary_isbn13>9780698170674</primary_isbn13><publisher>Putnam</publisher><description>The stories in this first collection, four of them featuring Box’s character Joe Pickett, are set in Wyoming. </description><price>0</price><title>SHOTS FIRED</title><author>C J Box</author><contributor>by C. J. Box</contributor><contributor_note></contributor_note><book_image>https://s1.nyt.com/du/books/images/9780698170674.jpg</book_image><book_image_width>128</book_image_width><book_image_height>192</book_image_height><amazon_product_url>http://www.amazon.com/Shots-Fired-Stories-Pickett-Country-ebook/dp/B00GSBM4VI?tag=NYTBS-20</amazon_product_url><age_group></age_group><book_review_link></book_review_link><first_chapter_link></first_chapter_link><sunday_review_link></sunday_review_link><article_chapter_link></article_chapter_link><isbns><isbn><isbn10>0399158588</isbn10><isbn13>9780399158582</isbn13></isbn></isbns><buy_links><buy_link><name>Local Booksellers</name><url>http://www.indiebound.org/book/9780698170674?aff=NYT</url></buy_link><buy_link><name>Barnes and Noble</name><url>http://www.anrdoezrs.net/click-7990613-11819508?url=http%3A%2F%2Fwww.barnesandnoble.com%2Fw%2F%3Fean%3D9780698170674</url></buy_link><buy_link><name>Amazon</name><url>http://www.amazon.com/Shots-Fired-Stories-Pickett-Country-ebook/dp/B00GSBM4VI?tag=NYTBS-20</url></buy_link></buy_links></book></books><corrections/></results></result_set>
