<?xml version="1.0" encoding="UTF-8"?>
<result_set><status>OK</status><copyright>Copyright (c) 2018 The New York Times Company.  All Rights Reserved.</copyright><num_results>20</num_results><last_modified>2016-04-28T15:03:27-04:00</last_modified><results><list_name>Combined Print and E-Book Fiction</list_name><list_name_encoded>combined-print-and-e-book-fiction</list_name_encoded><bestsellers_date>2014-09-13</bestsellers_date><published_date>2014-09-28</published_date><published_date_description></published_date_description><next_published_date>2014-10-05</next_published_date><previous_published_date>2014-09-21</previous_published_date><display_name><![CDATA[Combined Print & E-Book Fiction]]></display_name><normal_list_ends_at>15</normal_list_ends_at><updated>WEEKLY</updated><books><book><rank>1</rank><rank_last_week>0</rank_last_week><weeks_on_list>1</weeks_on_list><asterisk>0</asterisk><dagger>0</dagger><primary_isbn10>1101617276</primary_isbn10><primary_isbn13>9781101617274</primary_isbn13><publisher>Putnam</publisher><description>At Christmas, Lt. Eve Dallas investigates the murder of a narcissistic personal trainer; by Nora Roberts, writing pseudonymously.</description><price>0</price><title>FESTIVE IN DEATH</title><author>J D Robb</author><contributor>by J. D. Robb</contributor><contributor_note></contributor_note><book_image>https://s1.nyt.com/du/books/images/9780399164446.jpg</book_image><book_image_width>128</book_image_width><book_image_height>193</book_image_height><amazon_product_url>http://www.amazon.com/Festive-Death-J-D-Robb-ebook/dp/B00INIYH78?tag=NYTBS-20</amazon_product_url><age_group></age_group><book_review_link></book_review_link><first_chapter_link></first_chapter_link><sunday_review_link></sunday_review_link><article_chapter_link></article_chapter_link><isbns><isbn><isbn10>0399164448</isbn10><isbn13>9780399164446</isbn13></isbn><isbn><isbn10>1101617276</isbn10><isbn13>9781101617274</isbn13></isbn><isbn><isbn10>0515154156</isbn10><isbn13>9780515154153</isbn13></isbn></isbns><buy_links><buy_link><name>Local Booksellers</name><url>http://www.indiebound.org/book/9781101617274?aff=NYT</url></buy_link><buy_link><name>Barnes and Noble</name><url>http://www.anrdoezrs.net/click-7990613-11819508?url=http%3A%2F%2Fwww.barnesandnoble.com%2Fw%2F%3Fean%3D9781101617274</url></buy_link><buy_link><name>Amazon</name><url>http://www.amazon.com/Festive-Death-J-D-Robb-ebook/dp/B00INIYH78?tag=NYTBS-20</url></buy_link></buy_links></book><book><rank>2</rank><rank_last_week>1</rank_last_week><weeks_on_list>2</weeks_on_list><asterisk>0</asterisk><dagger>0</dagger><primary_isbn10>0804178763</primary_isbn10><primary_isbn13>9780804178761</primary_isbn13><publisher>Delacorte</publisher><description>Jack Reacher, a former military cop, helps the State Department and the C.I.A. stop a sniper who has targeted a G8 summit. </description><price>0</price><title>PERSONAL</title><author>Lee Child</author><contributor>by Lee Child</contributor><contributor_note></contributor_note><book_image>https://s1.nyt.com/du/books/images/9780804178747.jpg</book_image><book_image_width>128</book_image_width><book_image_height>194</book_image_height><amazon_product_url>http://www.amazon.com/Personal-Jack-Reacher-Lee-Child/dp/0804178747?tag=NYTBS-20</amazon_product_url><age_group></age_group><book_review_link></book_review_link><first_chapter_link></first_chapter_link><sunday_review_link></sunday_review_link><article_chapter_link></article_chapter_link><isbns><isbn><isbn10>0804178747</isbn10><isbn13>9780804178747</isbn13></isbn><isbn><isbn10>0804178763</isbn10><isbn13>9780804178761</isbn13></isbn><isbn><isbn10>1473508770</isbn10><isbn13>9781473508774</isbn13></isbn><isbn><isbn10>0804178755</isbn10><isbn13>9780804178754</isbn13></isbn></isbns><buy_links><buy_link><name>Local Booksellers</name><url>http://www.indiebound.org/book/9780804178761?aff=NYT</url></buy_link><buy_link><name>Barnes and Noble</name><url>http://www.anrdoezrs.net/click-7990613-11819508?url=http%3A%2F%2Fwww.barnesandnoble.com%2Fw%2F%3Fean%3D9780804178761</url></buy_link><buy_link><name>Amazon</name><url>http://www.amazon.com/Personal-Jack-Reacher-Lee-Child/dp/0804178747?tag=NYTBS-20</url></buy_link></buy_links></book><book><rank>3</rank><rank_last_week>4</rank_last_week><weeks_on_list>94</weeks_on_list><asterisk>0</asterisk><dagger>0</dagger><primary_isbn10>0307588386</primary_isbn10><primary_isbn13>9780307588388</primary_isbn13><publisher>Crown</publisher><description>A woman disappears on the day of her fifth anniversary; is her husband a killer?</description><price>0</price><title>GONE GIRL</title><author>Gillian Flynn</author><contributor>by Gillian Flynn</contributor><contributor_note></contributor_note><book_image>https://s1.nyt.com/du/books/images/9780307588388.jpg</book_image><book_image_width>136</book_image_width><book_image_height>200</book_image_height><amazon_product_url>http://www.amazon.com/Gone-Girl-Novel-Gillian-Flynn-ebook/dp/B006LSZECO?tag=NYTBS-20</amazon_product_url><age_group></age_group><book_review_link>https://www.nytimes.com/2012/05/30/books/gone-girl-by-gillian-flynn.html</book_review_link><first_chapter_link></first_chapter_link><sunday_review_link>https://www.nytimes.com/2012/06/17/books/review/gillian-flynns-gone-girl-and-more.html</sunday_review_link><article_chapter_link></article_chapter_link><isbns><isbn><isbn10>030758836X</isbn10><isbn13>9780307588364</isbn13></isbn><isbn><isbn10>0307588386</isbn10><isbn13>9780307588388</isbn13></isbn><isbn><isbn10>1410450953</isbn10><isbn13>9781410450951</isbn13></isbn><isbn><isbn10>0297859382</isbn10><isbn13>9780297859383</isbn13></isbn><isbn><isbn10>0307588378</isbn10><isbn13>9780307588371</isbn13></isbn><isbn><isbn10>0297859390</isbn10><isbn13>9780297859390</isbn13></isbn><isbn><isbn10>159413605X</isbn10><isbn13>9781594136054</isbn13></isbn><isbn><isbn10>055341836X</isbn10><isbn13>9780553418361</isbn13></isbn><isbn><isbn10>0553418351</isbn10><isbn13>9780553418354</isbn13></isbn><isbn><isbn10>0606270175</isbn10><isbn13>9780606270175</isbn13></isbn></isbns><buy_links><buy_link><name>Local Booksellers</name><url>http://www.indiebound.org/book/9780307588388?aff=NYT</url></buy_link><buy_link><name>Barnes and Noble</name><url>http://www.anrdoezrs.net/click-7990613-11819508?url=http%3A%2F%2Fwww.barnesandnoble.com%2Fw%2F%3Fean%3D9780307588388</url></buy_link><buy_link><name>Amazon</name><url>http://www.amazon.com/Gone-Girl-Novel-Gillian-Flynn-ebook/dp/B006LSZECO?tag=NYTBS-20</url></buy_link></buy_links></book><book><rank>4</rank><rank_last_week>0</rank_last_week><weeks_on_list>1</weeks_on_list><asterisk>0</asterisk><dagger>0</dagger><primary_isbn10></primary_isbn10><primary_isbn13>9780062356017</primary_isbn13><publisher>Harper Voyager</publisher><description>The final book of the Hollows series.</description><price>0</price><title>THE WITCH WITH NO NAME</title><author>Kim Harrison</author><contributor>by Kim Harrison</contributor><contributor_note></contributor_note><book_image>https://s1.nyt.com/du/books/images/9780062356017.jpg</book_image><book_image_width>128</book_image_width><book_image_height>183</book_image_height><amazon_product_url>http://www.amazon.com/The-Witch-No-Name-Hollows-ebook/dp/B00JOGB1DQ?tag=NYTBS-20</amazon_product_url><age_group></age_group><book_review_link></book_review_link><first_chapter_link></first_chapter_link><sunday_review_link></sunday_review_link><article_chapter_link></article_chapter_link><isbns><isbn><isbn10>006195795X</isbn10><isbn13>9780061957956</isbn13></isbn></isbns><buy_links><buy_link><name>Local Booksellers</name><url>http://www.indiebound.org/book/9780062356017?aff=NYT</url></buy_link><buy_link><name>Barnes and Noble</name><url>http://www.anrdoezrs.net/click-7990613-11819508?url=http%3A%2F%2Fwww.barnesandnoble.com%2Fw%2F%3Fean%3D9780062356017</url></buy_link><buy_link><name>Amazon</name><url>http://www.amazon.com/The-Witch-No-Name-Hollows-ebook/dp/B00JOGB1DQ?tag=NYTBS-20</url></buy_link></buy_links></book><book><rank>5</rank><rank_last_week>0</rank_last_week><weeks_on_list>2</weeks_on_list><asterisk>0</asterisk><dagger>0</dagger><primary_isbn10>0061741248</primary_isbn10><primary_isbn13>9780061741241</primary_isbn13><publisher>HarperCollins</publisher><description>In this fable, a Spanish shepherd boy ventures to Egypt in search of treasure and his destiny. First published in 1993.</description><price>0</price><title>THE ALCHEMIST</title><author>Paulo Coelho</author><contributor>by Paulo Coelho</contributor><contributor_note></contributor_note><book_image>https://s1.nyt.com/du/books/images/9780061122415.jpg</book_image><book_image_width>328</book_image_width><book_image_height>495</book_image_height><amazon_product_url>http://www.amazon.com/Alchemist-Paulo-Coelho/dp/0062315005?tag=NYTBS-20</amazon_product_url><age_group></age_group><book_review_link></book_review_link><first_chapter_link></first_chapter_link><sunday_review_link></sunday_review_link><article_chapter_link></article_chapter_link><isbns><isbn><isbn10>0061122416</isbn10><isbn13>9780061122415</isbn13></isbn><isbn><isbn10>0062502182</isbn10><isbn13>9780062502186</isbn13></isbn><isbn><isbn10>0062502174</isbn10><isbn13>9780062502179</isbn13></isbn><isbn><isbn10>0060887966</isbn10><isbn13>9780060887964</isbn13></isbn><isbn><isbn10>0060834838</isbn10><isbn13>9780060834838</isbn13></isbn><isbn><isbn10>0061741248</isbn10><isbn13>9780061741241</isbn13></isbn><isbn><isbn10>0062315005</isbn10><isbn13>9780062315007</isbn13></isbn><isbn><isbn10>0062326775</isbn10><isbn13>9780062326775</isbn13></isbn><isbn><isbn10>0062416219</isbn10><isbn13>9780062416216</isbn13></isbn></isbns><buy_links><buy_link><name>Local Booksellers</name><url>http://www.indiebound.org/book/9780061741241?aff=NYT</url></buy_link><buy_link><name>Barnes and Noble</name><url>http://www.anrdoezrs.net/click-7990613-11819508?url=http%3A%2F%2Fwww.barnesandnoble.com%2Fw%2F%3Fean%3D9780061741241</url></buy_link><buy_link><name>Amazon</name><url>http://www.amazon.com/Alchemist-Paulo-Coelho/dp/0062315005?tag=NYTBS-20</url></buy_link></buy_links></book><book><rank>6</rank><rank_last_week>6</rank_last_week><weeks_on_list>7</weeks_on_list><asterisk>0</asterisk><dagger>0</dagger><primary_isbn10>0440335167</primary_isbn10><primary_isbn13>9780440335160</primary_isbn13><publisher>Dell</publisher><description>Claire Randall, an English nurse, is transported back to 1743 during a second honeymoon in the Scottish Highlands. There she begins an affair with James Fraser, a redheaded soldier. Originally published in 1991.</description><price>0</price><title>OUTLANDER</title><author>Diana Gabaldon</author><contributor>by Diana Gabaldon</contributor><contributor_note></contributor_note><book_image>https://s1.nyt.com/du/books/images/9780440212560.jpg</book_image><book_image_width>301</book_image_width><book_image_height>495</book_image_height><amazon_product_url>http://www.amazon.com/Outlander-Diana-Gabaldon/dp/0440212561?tag=NYTBS-20</amazon_product_url><age_group></age_group><book_review_link></book_review_link><first_chapter_link></first_chapter_link><sunday_review_link></sunday_review_link><article_chapter_link></article_chapter_link><isbns><isbn><isbn10>0440335167</isbn10><isbn13>9780440335160</isbn13></isbn><isbn><isbn10>0440212561</isbn10><isbn13>9780440212560</isbn13></isbn><isbn><isbn10>0385319959</isbn10><isbn13>9780385319959</isbn13></isbn><isbn><isbn10>0553393693</isbn10><isbn13>9780553393699</isbn13></isbn><isbn><isbn10>0553393707</isbn10><isbn13>9780553393705</isbn13></isbn><isbn><isbn10>0440423201</isbn10><isbn13>9780440423201</isbn13></isbn><isbn><isbn10>0385302304</isbn10><isbn13>9780385302302</isbn13></isbn></isbns><buy_links><buy_link><name>Local Booksellers</name><url>http://www.indiebound.org/book/9780440335160?aff=NYT</url></buy_link><buy_link><name>Barnes and Noble</name><url>http://www.anrdoezrs.net/click-7990613-11819508?url=http%3A%2F%2Fwww.barnesandnoble.com%2Fw%2F%3Fean%3D9780440335160</url></buy_link><buy_link><name>Amazon</name><url>http://www.amazon.com/Outlander-Diana-Gabaldon/dp/0440212561?tag=NYTBS-20</url></buy_link></buy_links></book><book><rank>7</rank><rank_last_week>7</rank_last_week><weeks_on_list>4</weeks_on_list><asterisk>0</asterisk><dagger>0</dagger><primary_isbn10>None</primary_isbn10><primary_isbn13>9781455581139</primary_isbn13><publisher>Grand Central</publisher><description>A North Carolina pediatrician is held captive by a mysterious man who forces her to question her life.</description><price>0</price><title>MEAN STREAK</title><author>Sandra Brown</author><contributor>by Sandra Brown</contributor><contributor_note></contributor_note><book_image>https://s1.nyt.com/du/books/images/9781455581139.jpg</book_image><book_image_width>128</book_image_width><book_image_height>193</book_image_height><amazon_product_url>http://www.amazon.com/Mean-Streak-Sandra-Brown/dp/1455581127?tag=NYTBS-20</amazon_product_url><age_group></age_group><book_review_link></book_review_link><first_chapter_link></first_chapter_link><sunday_review_link></sunday_review_link><article_chapter_link></article_chapter_link><isbns><isbn><isbn10>1455581127</isbn10><isbn13>9781455581122</isbn13></isbn><isbn><isbn10>1455530085</isbn10><isbn13>9781455530083</isbn13></isbn><isbn><isbn10>1455559121</isbn10><isbn13>9781455559121</isbn13></isbn><isbn><isbn10>1455581143</isbn10><isbn13>9781455581146</isbn13></isbn><isbn><isbn10>1455581151</isbn10><isbn13>9781455581153</isbn13></isbn></isbns><buy_links><buy_link><name>Local Booksellers</name><url>http://www.indiebound.org/book/9781455581139?aff=NYT</url></buy_link><buy_link><name>Barnes and Noble</name><url>http://www.anrdoezrs.net/click-7990613-11819508?url=http%3A%2F%2Fwww.barnesandnoble.com%2Fw%2F%3Fean%3D9781455581139</url></buy_link><buy_link><name>Amazon</name><url>http://www.amazon.com/Mean-Streak-Sandra-Brown/dp/1455581127?tag=NYTBS-20</url></buy_link></buy_links></book><book><rank>8</rank><rank_last_week>9</rank_last_week><weeks_on_list>7</weeks_on_list><asterisk>0</asterisk><dagger>0</dagger><primary_isbn10>0698138635</primary_isbn10><primary_isbn13>9780698138636</primary_isbn13><publisher>Amy Einhorn/Putnam</publisher><description>Who will end up dead, and how, when three mothers with children in the same school become friends?</description><price>0</price><title>BIG LITTLE LIES</title><author>Liane Moriarty</author><contributor>by Liane Moriarty</contributor><contributor_note></contributor_note><book_image>https://s1.nyt.com/du/books/images/9780698138636.jpg</book_image><book_image_width>128</book_image_width><book_image_height>193</book_image_height><amazon_product_url>http://www.amazon.com/Big-Little-Lies-Liane-Moriarty-ebook/dp/B00HDMMISA?tag=NYTBS-20</amazon_product_url><age_group></age_group><book_review_link>https://www.nytimes.com/2014/07/25/books/in-big-little-lies-liane-moriarty-finds-new-complications.html</book_review_link><first_chapter_link></first_chapter_link><sunday_review_link></sunday_review_link><article_chapter_link></article_chapter_link><isbns><isbn><isbn10>0399167064</isbn10><isbn13>9780399167065</isbn13></isbn><isbn><isbn10>0698138635</isbn10><isbn13>9780698138636</isbn13></isbn><isbn><isbn10>1410472035</isbn10><isbn13>9781410472038</isbn13></isbn><isbn><isbn10>0425274861</isbn10><isbn13>9780425274866</isbn13></isbn><isbn><isbn10>1594139067</isbn10><isbn13>9781594139062</isbn13></isbn><isbn><isbn10>0399587195</isbn10><isbn13>9780399587191</isbn13></isbn><isbn><isbn10>0399587209</isbn10><isbn13>9780399587207</isbn13></isbn><isbn><isbn10>1312731796</isbn10><isbn13>9781312731790</isbn13></isbn></isbns><buy_links><buy_link><name>Local Booksellers</name><url>http://www.indiebound.org/book/9780698138636?aff=NYT</url></buy_link><buy_link><name>Barnes and Noble</name><url>http://www.anrdoezrs.net/click-7990613-11819508?url=http%3A%2F%2Fwww.barnesandnoble.com%2Fw%2F%3Fean%3D9780698138636</url></buy_link><buy_link><name>Amazon</name><url>http://www.amazon.com/Big-Little-Lies-Liane-Moriarty-ebook/dp/B00HDMMISA?tag=NYTBS-20</url></buy_link></buy_links></book><book><rank>9</rank><rank_last_week>2</rank_last_week><weeks_on_list>2</weeks_on_list><asterisk>0</asterisk><dagger>0</dagger><primary_isbn10>0399167447</primary_isbn10><primary_isbn13>9780399167447</primary_isbn13><publisher>Putnam</publisher><description>The Mitford character Father Tim Kavanagh returns to his native town to find friends and family wrestling with difficulties. </description><price>0</price><title>SOMEWHERE SAFE WITH SOMEBODY GOOD</title><author>Jan Karon</author><contributor>by Jan Karon</contributor><contributor_note></contributor_note><book_image>https://s1.nyt.com/du/books/images/9780399167447.jpg</book_image><book_image_width>128</book_image_width><book_image_height>193</book_image_height><amazon_product_url>http://www.amazon.com/Somewhere-Safe-Somebody-Good-Mitford/dp/0399167447?tag=NYTBS-20</amazon_product_url><age_group></age_group><book_review_link></book_review_link><first_chapter_link></first_chapter_link><sunday_review_link></sunday_review_link><article_chapter_link></article_chapter_link><isbns><isbn><isbn10>0399167447</isbn10><isbn13>9780399167447</isbn13></isbn><isbn><isbn10>0698141407</isbn10><isbn13>9780698141407</isbn13></isbn><isbn><isbn10>042527621X</isbn10><isbn13>9780425276211</isbn13></isbn></isbns><buy_links><buy_link><name>Local Booksellers</name><url>http://www.indiebound.org/book/9780399167447?aff=NYT</url></buy_link><buy_link><name>Barnes and Noble</name><url>http://www.anrdoezrs.net/click-7990613-11819508?url=http%3A%2F%2Fwww.barnesandnoble.com%2Fw%2F%3Fean%3D9780399167447</url></buy_link><buy_link><name>Amazon</name><url>http://www.amazon.com/Somewhere-Safe-Somebody-Good-Mitford/dp/0399167447?tag=NYTBS-20</url></buy_link></buy_links></book><book><rank>10</rank><rank_last_week>0</rank_last_week><weeks_on_list>1</weeks_on_list><asterisk>0</asterisk><dagger>0</dagger><primary_isbn10></primary_isbn10><primary_isbn13>9781451626162</primary_isbn13><publisher>Touchstone</publisher><description>As chief lady-in-waiting to Katherine of Aragon, Margaret Pole is torn between the queen and her husband, Henry VIII.</description><price>0</price><title>THE KING'S CURSE</title><author>Philippa Gregory</author><contributor>by Philippa Gregory</contributor><contributor_note></contributor_note><book_image>https://s1.nyt.com/du/books/images/9781451626162.jpg</book_image><book_image_width>128</book_image_width><book_image_height>191</book_image_height><amazon_product_url>http://www.amazon.com/The-Kings-Curse-Cousins-Book-ebook/dp/B00HB62M98?tag=NYTBS-20</amazon_product_url><age_group></age_group><book_review_link></book_review_link><first_chapter_link></first_chapter_link><sunday_review_link></sunday_review_link><article_chapter_link></article_chapter_link><isbns><isbn><isbn10>1451626118</isbn10><isbn13>9781451626117</isbn13></isbn></isbns><buy_links><buy_link><name>Local Booksellers</name><url>http://www.indiebound.org/book/9781451626162?aff=NYT</url></buy_link><buy_link><name>Barnes and Noble</name><url>http://www.anrdoezrs.net/click-7990613-11819508?url=http%3A%2F%2Fwww.barnesandnoble.com%2Fw%2F%3Fean%3D9781451626162</url></buy_link><buy_link><name>Amazon</name><url>http://www.amazon.com/The-Kings-Curse-Cousins-Book-ebook/dp/B00HB62M98?tag=NYTBS-20</url></buy_link></buy_links></book><book><rank>11</rank><rank_last_week>0</rank_last_week><weeks_on_list>1</weeks_on_list><asterisk>0</asterisk><dagger>0</dagger><primary_isbn10></primary_isbn10><primary_isbn13>9780385539715</primary_isbn13><publisher>Nan A. Talese/Doubleday</publisher><description>A judge wrestles with a challenging case and a crisis in her marriage.</description><price>0</price><title>THE CHILDREN ACT</title><author>Ian McEwan</author><contributor>by Ian McEwan</contributor><contributor_note></contributor_note><book_image>https://s1.nyt.com/du/books/images/9780385539715.jpg</book_image><book_image_width>128</book_image_width><book_image_height>189</book_image_height><amazon_product_url>http://www.amazon.com/The-Children-Act-Ian-McEwan/dp/0385539703?tag=NYTBS-20</amazon_product_url><age_group></age_group><book_review_link>https://www.nytimes.com/2014/09/15/books/in-ian-mcewans-the-children-act-medicine-meets-religion.html</book_review_link><first_chapter_link></first_chapter_link><sunday_review_link>https://www.nytimes.com/2014/09/14/books/review/the-children-act-by-ian-mcewan.html</sunday_review_link><article_chapter_link></article_chapter_link><isbns><isbn><isbn10>0385539703</isbn10><isbn13>9780385539708</isbn13></isbn><isbn><isbn10>110187287X</isbn10><isbn13>9781101872871</isbn13></isbn></isbns><buy_links><buy_link><name>Local Booksellers</name><url>http://www.indiebound.org/book/9780385539715?aff=NYT</url></buy_link><buy_link><name>Barnes and Noble</name><url>http://www.anrdoezrs.net/click-7990613-11819508?url=http%3A%2F%2Fwww.barnesandnoble.com%2Fw%2F%3Fean%3D9780385539715</url></buy_link><buy_link><name>Amazon</name><url>http://www.amazon.com/The-Children-Act-Ian-McEwan/dp/0385539703?tag=NYTBS-20</url></buy_link></buy_links></book><book><rank>12</rank><rank_last_week>0</rank_last_week><weeks_on_list>1</weeks_on_list><asterisk>0</asterisk><dagger>0</dagger><primary_isbn10>0698155629</primary_isbn10><primary_isbn13>9780698155626</primary_isbn13><publisher>Putnam</publisher><description>Jesse Stone confronts a murder and kidnapping in Paradise, Mass.; a continuation of the series by Parker, who died in 2010. </description><price>0</price><title>ROBERT B. PARKER'S BLIND SPOT</title><author>Reed Farrel Coleman</author><contributor>by Reed Farrel Coleman</contributor><contributor_note></contributor_note><book_image>https://s1.nyt.com/du/books/images/9780698155626.jpg</book_image><book_image_width>128</book_image_width><book_image_height>194</book_image_height><amazon_product_url>http://www.amazon.com/Robert-Parkers-Blind-Jesse-Stone/dp/0399169458?tag=NYTBS-20</amazon_product_url><age_group></age_group><book_review_link></book_review_link><first_chapter_link></first_chapter_link><sunday_review_link></sunday_review_link><article_chapter_link></article_chapter_link><isbns><isbn><isbn10>0399169458</isbn10><isbn13>9780399169458</isbn13></isbn><isbn><isbn10>0698155629</isbn10><isbn13>9780698155626</isbn13></isbn></isbns><buy_links><buy_link><name>Local Booksellers</name><url>http://www.indiebound.org/book/9780698155626?aff=NYT</url></buy_link><buy_link><name>Barnes and Noble</name><url>http://www.anrdoezrs.net/click-7990613-11819508?url=http%3A%2F%2Fwww.barnesandnoble.com%2Fw%2F%3Fean%3D9780698155626</url></buy_link><buy_link><name>Amazon</name><url>http://www.amazon.com/Robert-Parkers-Blind-Jesse-Stone/dp/0399169458?tag=NYTBS-20</url></buy_link></buy_links></book><book><rank>13</rank><rank_last_week>15</rank_last_week><weeks_on_list>27</weeks_on_list><asterisk>0</asterisk><dagger>0</dagger><primary_isbn10>0345543246</primary_isbn10><primary_isbn13>9780345543240</primary_isbn13><publisher>Doubleday</publisher><description>A sequel, about race and inheritance, to “A Time to Kill.”</description><price>0</price><title>SYCAMORE ROW</title><author>John Grisham</author><contributor>by John Grisham</contributor><contributor_note></contributor_note><book_image>https://s1.nyt.com/du/books/images/9780385537926.jpg</book_image><book_image_width>326</book_image_width><book_image_height>495</book_image_height><amazon_product_url>http://www.amazon.com/Sycamore-Jake-Brigance-John-Grisham/dp/0385537131?tag=NYTBS-20</amazon_product_url><age_group></age_group><book_review_link>https://www.nytimes.com/2013/10/31/books/sycamore-row-by-john-grisham.html</book_review_link><first_chapter_link></first_chapter_link><sunday_review_link>https://www.nytimes.com/2013/11/10/books/review/sycamore-row-by-john-grisham.html</sunday_review_link><article_chapter_link></article_chapter_link><isbns><isbn><isbn10>0385537131</isbn10><isbn13>9780385537131</isbn13></isbn><isbn><isbn10>0385537921</isbn10><isbn13>9780385537926</isbn13></isbn><isbn><isbn10>0553393618</isbn10><isbn13>9780553393613</isbn13></isbn><isbn><isbn10>0345543246</isbn10><isbn13>9780345543240</isbn13></isbn></isbns><buy_links><buy_link><name>Local Booksellers</name><url>http://www.indiebound.org/book/9780345543240?aff=NYT</url></buy_link><buy_link><name>Barnes and Noble</name><url>http://www.anrdoezrs.net/click-7990613-11819508?url=http%3A%2F%2Fwww.barnesandnoble.com%2Fw%2F%3Fean%3D9780345543240</url></buy_link><buy_link><name>Amazon</name><url>http://www.amazon.com/Sycamore-Jake-Brigance-John-Grisham/dp/0385537131?tag=NYTBS-20</url></buy_link></buy_links></book><book><rank>14</rank><rank_last_week>0</rank_last_week><weeks_on_list>33</weeks_on_list><asterisk>0</asterisk><dagger>0</dagger><primary_isbn10></primary_isbn10><primary_isbn13>9780062101204</primary_isbn13><publisher>Morrow/HarperCollins</publisher><description>A historical novel about orphans swept off the streets of New York and sent to the Midwest in the 1920s.</description><price>0</price><title>ORPHAN TRAIN</title><author>Christina Baker Kline</author><contributor>by Christina Baker Kline</contributor><contributor_note></contributor_note><book_image>https://s1.nyt.com/du/books/images/9780062101204.jpg</book_image><book_image_width>329</book_image_width><book_image_height>495</book_image_height><amazon_product_url>http://www.amazon.com/Orphan-Train-Christina-Baker-Kline-ebook/dp/B0089LOG02?tag=NYTBS-20</amazon_product_url><age_group></age_group><book_review_link></book_review_link><first_chapter_link></first_chapter_link><sunday_review_link></sunday_review_link><article_chapter_link></article_chapter_link><isbns><isbn><isbn10>0061950726</isbn10><isbn13>9780061950728</isbn13></isbn><isbn><isbn10>1594137374</isbn10><isbn13>9781594137372</isbn13></isbn><isbn><isbn10>0606356649</isbn10><isbn13>9780606356640</isbn13></isbn><isbn><isbn10>006195070X</isbn10><isbn13>9780061950704</isbn13></isbn></isbns><buy_links><buy_link><name>Local Booksellers</name><url>http://www.indiebound.org/book/9780062101204?aff=NYT</url></buy_link><buy_link><name>Barnes and Noble</name><url>http://www.anrdoezrs.net/click-7990613-11819508?url=http%3A%2F%2Fwww.barnesandnoble.com%2Fw%2F%3Fean%3D9780062101204</url></buy_link><buy_link><name>Amazon</name><url>http://www.amazon.com/Orphan-Train-Christina-Baker-Kline-ebook/dp/B0089LOG02?tag=NYTBS-20</url></buy_link></buy_links></book><book><rank>15</rank><rank_last_week>0</rank_last_week><weeks_on_list>2</weeks_on_list><asterisk>0</asterisk><dagger>0</dagger><primary_isbn10>145552977X</primary_isbn10><primary_isbn13>9781455529773</primary_isbn13><publisher>Grand Central</publisher><description>The world’s most exclusive detective agency has opened an office in Australia, and within days Craig Gisto and his new team have their hands full with a series of grisly crimes.</description><price>0</price><title>PRIVATE DOWN UNDER</title><author>James Patterson and Michael White</author><contributor>by James Patterson and Michael White</contributor><contributor_note></contributor_note><book_image>https://s1.nyt.com/du/books/images/9781455529780.jpg</book_image><book_image_width>128</book_image_width><book_image_height>193</book_image_height><amazon_product_url>http://www.amazon.com/Private-Down-Under-James-Patterson-ebook/dp/B00H25FJ20?tag=NYTBS-20</amazon_product_url><age_group></age_group><book_review_link></book_review_link><first_chapter_link></first_chapter_link><sunday_review_link></sunday_review_link><article_chapter_link></article_chapter_link><isbns><isbn><isbn10>1455529788</isbn10><isbn13>9781455529780</isbn13></isbn><isbn><isbn10>145552977X</isbn10><isbn13>9781455529773</isbn13></isbn><isbn><isbn10>1455529761</isbn10><isbn13>9781455529766</isbn13></isbn><isbn><isbn10>1455582212</isbn10><isbn13>9781455582211</isbn13></isbn><isbn><isbn10>1455529753</isbn10><isbn13>9781455529759</isbn13></isbn></isbns><buy_links><buy_link><name>Local Booksellers</name><url>http://www.indiebound.org/book/9781455529773?aff=NYT</url></buy_link><buy_link><name>Barnes and Noble</name><url>http://www.anrdoezrs.net/click-7990613-11819508?url=http%3A%2F%2Fwww.barnesandnoble.com%2Fw%2F%3Fean%3D9781455529773</url></buy_link><buy_link><name>Amazon</name><url>http://www.amazon.com/Private-Down-Under-James-Patterson-ebook/dp/B00H25FJ20?tag=NYTBS-20</url></buy_link></buy_links></book><book><rank>16</rank><rank_last_week>0</rank_last_week><weeks_on_list>0</weeks_on_list><asterisk>0</asterisk><dagger>0</dagger><primary_isbn10>0440335183</primary_isbn10><primary_isbn13>9780440335184</primary_isbn13><publisher>Dell</publisher><description>Volume 2 of the Outlander series, about an 18th-century Scottish warrior and a time-traveling World War II-era nurse; first published in 1992.</description><price>0</price><title>DRAGONFLY IN AMBER</title><author>Diana Gabaldon</author><contributor>by Diana Gabaldon</contributor><contributor_note></contributor_note><book_image>https://s1.nyt.com/du/books/images/9780440335184.jpg</book_image><book_image_width>314</book_image_width><book_image_height>475</book_image_height><amazon_product_url>http://www.amazon.com/Dragonfly-Amber-Outlander-Book-2-ebook/dp/B000FC2L28?tag=NYTBS-20</amazon_product_url><age_group></age_group><book_review_link></book_review_link><first_chapter_link></first_chapter_link><sunday_review_link></sunday_review_link><article_chapter_link></article_chapter_link><isbns><isbn><isbn10>0440215625</isbn10><isbn13>9780440215622</isbn13></isbn><isbn><isbn10>0440335183</isbn10><isbn13>9780440335184</isbn13></isbn><isbn><isbn10>0385335970</isbn10><isbn13>9780385335973</isbn13></isbn></isbns><buy_links><buy_link><name>Local Booksellers</name><url>http://www.indiebound.org/book/9780440335184?aff=NYT</url></buy_link><buy_link><name>Barnes and Noble</name><url>http://www.anrdoezrs.net/click-7990613-11819508?url=http%3A%2F%2Fwww.barnesandnoble.com%2Fw%2F%3Fean%3D9780440335184</url></buy_link><buy_link><name>Amazon</name><url>http://www.amazon.com/Dragonfly-Amber-Outlander-Book-2-ebook/dp/B000FC2L28?tag=NYTBS-20</url></buy_link></buy_links></book><book><rank>17</rank><rank_last_week>0</rank_last_week><weeks_on_list>0</weeks_on_list><asterisk>0</asterisk><dagger>0</dagger><primary_isbn10></primary_isbn10><primary_isbn13>9780698140745</primary_isbn13><publisher>Putnam</publisher><description>Discovery of pre-Columbian treasures on a ship in the Arctic launches another adventure in the Fargo series.</description><price>0</price><title>THE EYE OF HEAVEN</title><author>Clive Cussler and Russell Blake</author><contributor>by Clive Cussler and Russell Blake</contributor><contributor_note></contributor_note><book_image>https://s1.nyt.com/du/books/images/9780698140745.jpg</book_image><book_image_width>128</book_image_width><book_image_height>194</book_image_height><amazon_product_url>http://www.amazon.com/The-Eye-Heaven-Fargo-Adventure-ebook/dp/B00INIXHLU?tag=NYTBS-20</amazon_product_url><age_group></age_group><book_review_link></book_review_link><first_chapter_link></first_chapter_link><sunday_review_link></sunday_review_link><article_chapter_link></article_chapter_link><isbns><isbn><isbn10>0399167307</isbn10><isbn13>9780399167300</isbn13></isbn><isbn><isbn10>0425275175</isbn10><isbn13>9780425275177</isbn13></isbn></isbns><buy_links><buy_link><name>Local Booksellers</name><url>http://www.indiebound.org/book/9780698140745?aff=NYT</url></buy_link><buy_link><name>Barnes and Noble</name><url>http://www.anrdoezrs.net/click-7990613-11819508?url=http%3A%2F%2Fwww.barnesandnoble.com%2Fw%2F%3Fean%3D9780698140745</url></buy_link><buy_link><name>Amazon</name><url>http://www.amazon.com/The-Eye-Heaven-Fargo-Adventure-ebook/dp/B00INIXHLU?tag=NYTBS-20</url></buy_link></buy_links></book><book><rank>18</rank><rank_last_week>0</rank_last_week><weeks_on_list>0</weeks_on_list><asterisk>0</asterisk><dagger>0</dagger><primary_isbn10>080417671X</primary_isbn10><primary_isbn13>9780804176712</primary_isbn13><publisher>Bantam</publisher><description>Cole and Katrina must overcome their pasts to build a lasting relationship; a Most Wanted erotic romance. </description><price>0</price><title>IGNITED</title><author>J Kenner</author><contributor>by J. Kenner</contributor><contributor_note></contributor_note><book_image>https://s1.nyt.com/du/books/images/9780804176712.jpg</book_image><book_image_width>128</book_image_width><book_image_height>197</book_image_height><amazon_product_url>http://www.amazon.com/Ignited-A-Most-Wanted-Novel-ebook/dp/B00HBQWGYY?tag=NYTBS-20</amazon_product_url><age_group></age_group><book_review_link></book_review_link><first_chapter_link></first_chapter_link><sunday_review_link></sunday_review_link><article_chapter_link></article_chapter_link><isbns><isbn><isbn10>080417671X</isbn10><isbn13>9780804176712</isbn13></isbn><isbn><isbn10>0804176701</isbn10><isbn13>9780804176705</isbn13></isbn></isbns><buy_links><buy_link><name>Local Booksellers</name><url>http://www.indiebound.org/book/9780804176712?aff=NYT</url></buy_link><buy_link><name>Barnes and Noble</name><url>http://www.anrdoezrs.net/click-7990613-11819508?url=http%3A%2F%2Fwww.barnesandnoble.com%2Fw%2F%3Fean%3D9780804176712</url></buy_link><buy_link><name>Amazon</name><url>http://www.amazon.com/Ignited-A-Most-Wanted-Novel-ebook/dp/B00HBQWGYY?tag=NYTBS-20</url></buy_link></buy_links></book><book><rank>19</rank><rank_last_week>0</rank_last_week><weeks_on_list>0</weeks_on_list><asterisk>0</asterisk><dagger>0</dagger><primary_isbn10>1455556564</primary_isbn10><primary_isbn13>9781455556564</primary_isbn13><publisher>Grand Central</publisher><description>Twenty-five years after their high school romance ended, a man and woman who have gone their separate ways return to their North Carolina town for the funeral of a friend.</description><price>0</price><title>THE BEST OF ME</title><author>Nicholas Sparks</author><contributor>by Nicholas Sparks</contributor><contributor_note></contributor_note><book_image>https://s1.nyt.com/du/books/images/9780446547642.jpg</book_image><book_image_width>185</book_image_width><book_image_height>280</book_image_height><amazon_product_url>http://www.amazon.com/The-Best-Me-Nicholas-Sparks/dp/0446547646?tag=NYTBS-20</amazon_product_url><age_group></age_group><book_review_link></book_review_link><first_chapter_link></first_chapter_link><sunday_review_link></sunday_review_link><article_chapter_link></article_chapter_link><isbns><isbn><isbn10>0446547654</isbn10><isbn13>9780446547659</isbn13></isbn><isbn><isbn10>0446547646</isbn10><isbn13>9780446547642</isbn13></isbn><isbn><isbn10>1455504106</isbn10><isbn13>9781455504107</isbn13></isbn><isbn><isbn10>0446547638</isbn10><isbn13>9780446547635</isbn13></isbn><isbn><isbn10>1455556556</isbn10><isbn13>9781455556557</isbn13></isbn><isbn><isbn10>1455556564</isbn10><isbn13>9781455556564</isbn13></isbn></isbns><buy_links><buy_link><name>Local Booksellers</name><url>http://www.indiebound.org/book/9781455556564?aff=NYT</url></buy_link><buy_link><name>Barnes and Noble</name><url>http://www.anrdoezrs.net/click-7990613-11819508?url=http%3A%2F%2Fwww.barnesandnoble.com%2Fw%2F%3Fean%3D9781455556564</url></buy_link><buy_link><name>Amazon</name><url>http://www.amazon.com/The-Best-Me-Nicholas-Sparks/dp/0446547646?tag=NYTBS-20</url></buy_link></buy_links></book><book><rank>20</rank><rank_last_week>0</rank_last_week><weeks_on_list>0</weeks_on_list><asterisk>0</asterisk><dagger>0</dagger><primary_isbn10></primary_isbn10><primary_isbn13>9780316248679</primary_isbn13><publisher>Little, Brown</publisher><description>After his mother is killed in a museum explosion, a young man grapples with the world alone while hiding a prized Dutch painting.</description><price>0</price><title>THE GOLDFINCH</title><author>Donna Tartt</author><contributor>by Donna Tartt</contributor><contributor_note></contributor_note><book_image>https://s1.nyt.com/du/books/images/9780316248679.jpg</book_image><book_image_width>323</book_image_width><book_image_height>495</book_image_height><amazon_product_url>http://www.amazon.com/The-Goldfinch-Novel-Pulitzer-Fiction-ebook/dp/B00BAXFECK?tag=NYTBS-20</amazon_product_url><age_group></age_group><book_review_link>https://www.nytimes.com/2013/10/08/books/the-goldfinch-a-dickensian-novel-by-donna-tartt.html</book_review_link><first_chapter_link></first_chapter_link><sunday_review_link>https://www.nytimes.com/2013/10/13/books/review/donna-tartts-goldfinch.html</sunday_review_link><article_chapter_link></article_chapter_link><isbns><isbn><isbn10>0316055433</isbn10><isbn13>9780316055437</isbn13></isbn><isbn><isbn10>0316239879</isbn10><isbn13>9780316239875</isbn13></isbn><isbn><isbn10>0316055441</isbn10><isbn13>9780316055444</isbn13></isbn><isbn><isbn10>0349139636</isbn10><isbn13>9780349139630</isbn13></isbn></isbns><buy_links><buy_link><name>Local Booksellers</name><url>http://www.indiebound.org/book/9780316248679?aff=NYT</url></buy_link><buy_link><name>Barnes and Noble</name><url>http://www.anrdoezrs.net/click-7990613-11819508?url=http%3A%2F%2Fwww.barnesandnoble.com%2Fw%2F%3Fean%3D9780316248679</url></buy_link><buy_link><name>Amazon</name><url>http://www.amazon.com/The-Goldfinch-Novel-Pulitzer-Fiction-ebook/dp/B00BAXFECK?tag=NYTBS-20</url></buy_link></buy_links></book></books><corrections><correction><correction_id>55</correction_id><list_id>5622</list_id><correction_text>An earlier version of this list misstated the year that the English version of “The Alchemist,” by Paulo Coelho, was first published. It was 1993, not 2003.</correction_text><correction_date>2014-09-13</correction_date></correction></corrections></results></result_set>
