<?xml version="1.0" encoding="UTF-8"?>
<result_set><status>OK</status><copyright>Copyright (c) 2018 The New York Times Company.  All Rights Reserved.</copyright><num_results>25</num_results><last_modified>2017-03-21T13:38:01-04:00</last_modified><results><list_name>Combined Print and E-Book Fiction</list_name><list_name_encoded>combined-print-and-e-book-fiction</list_name_encoded><bestsellers_date>2014-01-04</bestsellers_date><published_date>2014-01-19</published_date><published_date_description></published_date_description><next_published_date>2014-01-26</next_published_date><previous_published_date>2014-01-12</previous_published_date><display_name><![CDATA[Combined Print & E-Book Fiction]]></display_name><normal_list_ends_at>15</normal_list_ends_at><updated>WEEKLY</updated><books><book><rank>1</rank><rank_last_week>1</rank_last_week><weeks_on_list>11</weeks_on_list><asterisk>0</asterisk><dagger>0</dagger><primary_isbn10>0385537921</primary_isbn10><primary_isbn13>9780385537926</primary_isbn13><publisher>Doubleday</publisher><description> A sequel, about race and inheritance, to “A Time to Kill.”</description><price>0</price><title>SYCAMORE ROW</title><author>John Grisham</author><contributor>by John Grisham</contributor><contributor_note></contributor_note><book_image>https://s1.nyt.com/du/books/images/9780385537926.jpg</book_image><book_image_width>326</book_image_width><book_image_height>495</book_image_height><amazon_product_url>http://www.amazon.com/Sycamore-Jake-Brigance-John-Grisham/dp/0385537131?tag=NYTBS-20</amazon_product_url><age_group></age_group><book_review_link>https://www.nytimes.com/2013/10/31/books/sycamore-row-by-john-grisham.html</book_review_link><first_chapter_link></first_chapter_link><sunday_review_link>https://www.nytimes.com/2013/11/10/books/review/sycamore-row-by-john-grisham.html</sunday_review_link><article_chapter_link></article_chapter_link><isbns><isbn><isbn10>0385537131</isbn10><isbn13>9780385537131</isbn13></isbn><isbn><isbn10>0385537921</isbn10><isbn13>9780385537926</isbn13></isbn><isbn><isbn10>0553393618</isbn10><isbn13>9780553393613</isbn13></isbn><isbn><isbn10>0345543246</isbn10><isbn13>9780345543240</isbn13></isbn></isbns><buy_links><buy_link><name>Local Booksellers</name><url>http://www.indiebound.org/book/9780385537926?aff=NYT</url></buy_link><buy_link><name>Barnes and Noble</name><url>http://www.anrdoezrs.net/click-7990613-11819508?url=http%3A%2F%2Fwww.barnesandnoble.com%2Fw%2F%3Fean%3D9780385537926</url></buy_link><buy_link><name>Amazon</name><url>http://www.amazon.com/Sycamore-Jake-Brigance-John-Grisham/dp/0385537131?tag=NYTBS-20</url></buy_link></buy_links></book><book><rank>2</rank><rank_last_week>4</rank_last_week><weeks_on_list>11</weeks_on_list><asterisk>0</asterisk><dagger>0</dagger><primary_isbn10></primary_isbn10><primary_isbn13>9780316248679</primary_isbn13><publisher>Little, Brown</publisher><description>A painting smuggled out of the Metropolitan Museum of Art after a bombing becomes a boy’s prize, guilt and burden.</description><price>0</price><title>THE GOLDFINCH</title><author>Donna Tartt</author><contributor>by Donna Tartt</contributor><contributor_note></contributor_note><book_image>https://s1.nyt.com/du/books/images/9780316248679.jpg</book_image><book_image_width>323</book_image_width><book_image_height>495</book_image_height><amazon_product_url>http://www.amazon.com/The-Goldfinch-Novel-Pulitzer-Fiction-ebook/dp/B00BAXFECK?tag=NYTBS-20</amazon_product_url><age_group></age_group><book_review_link>https://www.nytimes.com/2013/10/08/books/the-goldfinch-a-dickensian-novel-by-donna-tartt.html</book_review_link><first_chapter_link></first_chapter_link><sunday_review_link>https://www.nytimes.com/2013/10/13/books/review/donna-tartts-goldfinch.html</sunday_review_link><article_chapter_link></article_chapter_link><isbns><isbn><isbn10>0316055433</isbn10><isbn13>9780316055437</isbn13></isbn><isbn><isbn10>0316239879</isbn10><isbn13>9780316239875</isbn13></isbn><isbn><isbn10>0316055441</isbn10><isbn13>9780316055444</isbn13></isbn><isbn><isbn10>0349139636</isbn10><isbn13>9780349139630</isbn13></isbn></isbns><buy_links><buy_link><name>Local Booksellers</name><url>http://www.indiebound.org/book/9780316248679?aff=NYT</url></buy_link><buy_link><name>Barnes and Noble</name><url>http://www.anrdoezrs.net/click-7990613-11819508?url=http%3A%2F%2Fwww.barnesandnoble.com%2Fw%2F%3Fean%3D9780316248679</url></buy_link><buy_link><name>Amazon</name><url>http://www.amazon.com/The-Goldfinch-Novel-Pulitzer-Fiction-ebook/dp/B00BAXFECK?tag=NYTBS-20</url></buy_link></buy_links></book><book><rank>3</rank><rank_last_week>13</rank_last_week><weeks_on_list>20</weeks_on_list><asterisk>0</asterisk><dagger>0</dagger><primary_isbn10></primary_isbn10><primary_isbn13>9781101636237</primary_isbn13><publisher>Amy Einhorn/Putnam</publisher><description>A woman’s life is upended when she discovers a letter from her husband she was not meant to read.</description><price>0</price><title>THE HUSBAND'S SECRET</title><author>Liane Moriarty</author><contributor>by Liane Moriarty</contributor><contributor_note></contributor_note><book_image>https://s1.nyt.com/du/books/images/9781101636237.jpg</book_image><book_image_width>330</book_image_width><book_image_height>495</book_image_height><amazon_product_url>http://www.amazon.com/The-Husbands-Secret-Liane-Moriarty-ebook/dp/B00D7Z4GQY?tag=NYTBS-20</amazon_product_url><age_group></age_group><book_review_link></book_review_link><first_chapter_link></first_chapter_link><sunday_review_link></sunday_review_link><article_chapter_link></article_chapter_link><isbns><isbn><isbn10>0399159347</isbn10><isbn13>9780399159343</isbn13></isbn><isbn><isbn10>0425267725</isbn10><isbn13>9780425267721</isbn13></isbn><isbn><isbn10>1594137226</isbn10><isbn13>9781594137228</isbn13></isbn></isbns><buy_links><buy_link><name>Local Booksellers</name><url>http://www.indiebound.org/book/9781101636237?aff=NYT</url></buy_link><buy_link><name>Barnes and Noble</name><url>http://www.anrdoezrs.net/click-7990613-11819508?url=http%3A%2F%2Fwww.barnesandnoble.com%2Fw%2F%3Fean%3D9781101636237</url></buy_link><buy_link><name>Amazon</name><url>http://www.amazon.com/The-Husbands-Secret-Liane-Moriarty-ebook/dp/B00D7Z4GQY?tag=NYTBS-20</url></buy_link></buy_links></book><book><rank>4</rank><rank_last_week>7</rank_last_week><weeks_on_list>7</weeks_on_list><asterisk>0</asterisk><dagger>0</dagger><primary_isbn10>0345542908</primary_isbn10><primary_isbn13>9780345542908</primary_isbn13><publisher>Bantam</publisher><description>The New Jersey bounty hunter Stephanie Plum pursues a mobster on the lam.</description><price>0</price><title>TAKEDOWN TWENTY</title><author>Janet Evanovich</author><contributor>by Janet Evanovich</contributor><contributor_note></contributor_note><book_image>https://s1.nyt.com/du/books/images/9780345542892.jpg</book_image><book_image_width>302</book_image_width><book_image_height>495</book_image_height><amazon_product_url>http://www.amazon.com/Takedown-Twenty-Stephanie-Janet-Evanovich/dp/0345542894?tag=NYTBS-20</amazon_product_url><age_group></age_group><book_review_link></book_review_link><first_chapter_link></first_chapter_link><sunday_review_link></sunday_review_link><article_chapter_link></article_chapter_link><isbns><isbn><isbn10>0345542886</isbn10><isbn13>9780345542885</isbn13></isbn><isbn><isbn10>0345542908</isbn10><isbn13>9780345542908</isbn13></isbn><isbn><isbn10>0345542894</isbn10><isbn13>9780345542892</isbn13></isbn></isbns><buy_links><buy_link><name>Local Booksellers</name><url>http://www.indiebound.org/book/9780345542908?aff=NYT</url></buy_link><buy_link><name>Barnes and Noble</name><url>http://www.anrdoezrs.net/click-7990613-11819508?url=http%3A%2F%2Fwww.barnesandnoble.com%2Fw%2F%3Fean%3D9780345542908</url></buy_link><buy_link><name>Amazon</name><url>http://www.amazon.com/Takedown-Twenty-Stephanie-Janet-Evanovich/dp/0345542894?tag=NYTBS-20</url></buy_link></buy_links></book><book><rank>5</rank><rank_last_week>3</rank_last_week><weeks_on_list>5</weeks_on_list><asterisk>0</asterisk><dagger>0</dagger><primary_isbn10></primary_isbn10><primary_isbn13>9781101636497</primary_isbn13><publisher>Putnam</publisher><description>President Jack Ryan and his son, a covert intelligence expert, try to counter a Russian threat in Clancy’s last novel before his death.</description><price>0</price><title>COMMAND AUTHORITY</title><author>Tom Clancy with Mark Greaney</author><contributor>by Tom Clancy with Mark Greaney</contributor><contributor_note></contributor_note><book_image>https://s1.nyt.com/du/books/images/9781101636497.jpg</book_image><book_image_width>128</book_image_width><book_image_height>194</book_image_height><amazon_product_url>http://www.amazon.com/Command-Authority-Jack-Ryan-Novel-ebook/dp/B00EOARZ4G?tag=NYTBS-20</amazon_product_url><age_group></age_group><book_review_link></book_review_link><first_chapter_link></first_chapter_link><sunday_review_link></sunday_review_link><article_chapter_link></article_chapter_link><isbns><isbn><isbn10>0399160477</isbn10><isbn13>9780399160479</isbn13></isbn><isbn><isbn10>1410464970</isbn10><isbn13>9781410464972</isbn13></isbn><isbn><isbn10>0425275132</isbn10><isbn13>9780425275139</isbn13></isbn></isbns><buy_links><buy_link><name>Local Booksellers</name><url>http://www.indiebound.org/book/9781101636497?aff=NYT</url></buy_link><buy_link><name>Barnes and Noble</name><url>http://www.anrdoezrs.net/click-7990613-11819508?url=http%3A%2F%2Fwww.barnesandnoble.com%2Fw%2F%3Fean%3D9781101636497</url></buy_link><buy_link><name>Amazon</name><url>http://www.amazon.com/Command-Authority-Jack-Ryan-Novel-ebook/dp/B00EOARZ4G?tag=NYTBS-20</url></buy_link></buy_links></book><book><rank>6</rank><rank_last_week>0</rank_last_week><weeks_on_list>1</weeks_on_list><asterisk>0</asterisk><dagger>0</dagger><primary_isbn10>1460323769</primary_isbn10><primary_isbn13>9781460323762</primary_isbn13><publisher>Harlequin</publisher><description>Landry Sutton, a self-made tycoon, heads to Hangman's Bend Ranch, intent on selling his land and returning to the city. But he didn't count on falling for country life, or Ria Manning.</description><price>0</price><title>BIG SKY SECRETS</title><author>Linda Lael Miller</author><contributor>by Linda Lael Miller</contributor><contributor_note></contributor_note><book_image>https://s1.nyt.com/du/books/images/9781460323762.jpg</book_image><book_image_width>128</book_image_width><book_image_height>203</book_image_height><amazon_product_url>http://www.amazon.com/Big-Secrets-Linda-Lael-Miller/dp/0373778317?tag=NYTBS-20</amazon_product_url><age_group></age_group><book_review_link></book_review_link><first_chapter_link></first_chapter_link><sunday_review_link></sunday_review_link><article_chapter_link></article_chapter_link><isbns><isbn><isbn10>0373778317</isbn10><isbn13>9780373778317</isbn13></isbn><isbn><isbn10>1460323769</isbn10><isbn13>9781460323762</isbn13></isbn></isbns><buy_links><buy_link><name>Local Booksellers</name><url>http://www.indiebound.org/book/9781460323762?aff=NYT</url></buy_link><buy_link><name>Barnes and Noble</name><url>http://www.anrdoezrs.net/click-7990613-11819508?url=http%3A%2F%2Fwww.barnesandnoble.com%2Fw%2F%3Fean%3D9781460323762</url></buy_link><buy_link><name>Amazon</name><url>http://www.amazon.com/Big-Secrets-Linda-Lael-Miller/dp/0373778317?tag=NYTBS-20</url></buy_link></buy_links></book><book><rank>7</rank><rank_last_week>0</rank_last_week><weeks_on_list>1</weeks_on_list><asterisk>0</asterisk><dagger>0</dagger><primary_isbn10></primary_isbn10><primary_isbn13>9781101636510</primary_isbn13><publisher>Putnam</publisher><description>Despite their antipathy, the president calls on Charley Castillo to take action against Mexican drug cartels and Somali pirates. </description><price>0</price><title>HAZARDOUS DUTY</title><author>W E B Griffin and William E Butterworth IV</author><contributor>by W. E. B. Griffin and William E. Butterworth IV</contributor><contributor_note></contributor_note><book_image>https://s1.nyt.com/du/books/images/9780399160677.jpg</book_image><book_image_width>128</book_image_width><book_image_height>193</book_image_height><amazon_product_url>http://www.amazon.com/Hazardous-Duty-Presidential-Agent-Novel-ebook/dp/B00C5R7E1O?tag=NYTBS-20</amazon_product_url><age_group></age_group><book_review_link></book_review_link><first_chapter_link></first_chapter_link><sunday_review_link></sunday_review_link><article_chapter_link></article_chapter_link><isbns><isbn><isbn10>0399160671</isbn10><isbn13>9780399160677</isbn13></isbn><isbn><isbn10>1410464776</isbn10><isbn13>9781410464774</isbn13></isbn><isbn><isbn10>0515154539</isbn10><isbn13>9780515154535</isbn13></isbn></isbns><buy_links><buy_link><name>Local Booksellers</name><url>http://www.indiebound.org/book/9781101636510?aff=NYT</url></buy_link><buy_link><name>Barnes and Noble</name><url>http://www.anrdoezrs.net/click-7990613-11819508?url=http%3A%2F%2Fwww.barnesandnoble.com%2Fw%2F%3Fean%3D9781101636510</url></buy_link><buy_link><name>Amazon</name><url>http://www.amazon.com/Hazardous-Duty-Presidential-Agent-Novel-ebook/dp/B00C5R7E1O?tag=NYTBS-20</url></buy_link></buy_links></book><book><rank>8</rank><rank_last_week>8</rank_last_week><weeks_on_list>5</weeks_on_list><asterisk>0</asterisk><dagger>0</dagger><primary_isbn10>0316069507</primary_isbn10><primary_isbn13>9780316069502</primary_isbn13><publisher>Little, Brown</publisher><description>Mickey Haller, a.k.a. the Lincoln lawyer, defends a “digital pimp” accused of murder.</description><price>0</price><title>THE GODS OF GUILT</title><author>Michael Connelly</author><contributor>by Michael Connelly</contributor><contributor_note></contributor_note><book_image>https://s1.nyt.com/du/books/images/9780316069502.jpg</book_image><book_image_width>128</book_image_width><book_image_height>199</book_image_height><amazon_product_url>http://www.amazon.com/Gods-Guilt-Lincoln-Lawyer-Novel/dp/1455575992?tag=NYTBS-20</amazon_product_url><age_group></age_group><book_review_link>https://www.nytimes.com/2013/12/09/books/mickey-haller-lincoln-lawyer-returns-in-gods-of-guilt.html</book_review_link><first_chapter_link></first_chapter_link><sunday_review_link></sunday_review_link><article_chapter_link></article_chapter_link><isbns><isbn><isbn10>0316069515</isbn10><isbn13>9780316069519</isbn13></isbn><isbn><isbn10>031640554X</isbn10><isbn13>9780316405546</isbn13></isbn><isbn><isbn10>0316069507</isbn10><isbn13>9780316069502</isbn13></isbn><isbn><isbn10>1455575992</isbn10><isbn13>9781455575992</isbn13></isbn><isbn><isbn10>0316069493</isbn10><isbn13>9780316069496</isbn13></isbn><isbn><isbn10>0446556793</isbn10><isbn13>9780446556798</isbn13></isbn></isbns><buy_links><buy_link><name>Local Booksellers</name><url>http://www.indiebound.org/book/9780316069502?aff=NYT</url></buy_link><buy_link><name>Barnes and Noble</name><url>http://www.anrdoezrs.net/click-7990613-11819508?url=http%3A%2F%2Fwww.barnesandnoble.com%2Fw%2F%3Fean%3D9780316069502</url></buy_link><buy_link><name>Amazon</name><url>http://www.amazon.com/Gods-Guilt-Lincoln-Lawyer-Novel/dp/1455575992?tag=NYTBS-20</url></buy_link></buy_links></book><book><rank>9</rank><rank_last_week>6</rank_last_week><weeks_on_list>6</weeks_on_list><asterisk>0</asterisk><dagger>0</dagger><primary_isbn10>0316210927</primary_isbn10><primary_isbn13>9780316210928</primary_isbn13><publisher>Little, Brown</publisher><description>Alex Cross’s family is threatened.</description><price>0</price><title>CROSS MY HEART</title><author>James Patterson</author><contributor>by James Patterson</contributor><contributor_note></contributor_note><book_image>https://s1.nyt.com/du/books/images/9780316210911.jpg</book_image><book_image_width>318</book_image_width><book_image_height>495</book_image_height><amazon_product_url>http://www.amazon.com/Cross-My-Heart-Alex-ebook/dp/B00BAXFAVK?tag=NYTBS-20</amazon_product_url><age_group></age_group><book_review_link></book_review_link><first_chapter_link></first_chapter_link><sunday_review_link></sunday_review_link><article_chapter_link></article_chapter_link><isbns><isbn><isbn10>0316210919</isbn10><isbn13>9780316210911</isbn13></isbn><isbn><isbn10>0316210927</isbn10><isbn13>9780316210928</isbn13></isbn><isbn><isbn10>0316324639</isbn10><isbn13>9780316324632</isbn13></isbn><isbn><isbn10>1455515817</isbn10><isbn13>9781455515813</isbn13></isbn><isbn><isbn10>1455515809</isbn10><isbn13>9781455515806</isbn13></isbn></isbns><buy_links><buy_link><name>Local Booksellers</name><url>http://www.indiebound.org/book/9780316210928?aff=NYT</url></buy_link><buy_link><name>Barnes and Noble</name><url>http://www.anrdoezrs.net/click-7990613-11819508?url=http%3A%2F%2Fwww.barnesandnoble.com%2Fw%2F%3Fean%3D9780316210928</url></buy_link><buy_link><name>Amazon</name><url>http://www.amazon.com/Cross-My-Heart-Alex-ebook/dp/B00BAXFAVK?tag=NYTBS-20</url></buy_link></buy_links></book><book><rank>10</rank><rank_last_week>0</rank_last_week><weeks_on_list>67</weeks_on_list><asterisk>0</asterisk><dagger>0</dagger><primary_isbn10>0307588386</primary_isbn10><primary_isbn13>9780307588388</primary_isbn13><publisher>Crown</publisher><description>A woman disappears on the day of her fifth anniversary; is her husband a killer?</description><price>0</price><title>GONE GIRL</title><author>Gillian Flynn</author><contributor>by Gillian Flynn</contributor><contributor_note></contributor_note><book_image>https://s1.nyt.com/du/books/images/9780307588388.jpg</book_image><book_image_width>136</book_image_width><book_image_height>200</book_image_height><amazon_product_url>http://www.amazon.com/Gone-Girl-Novel-Gillian-Flynn-ebook/dp/B006LSZECO?tag=NYTBS-20</amazon_product_url><age_group></age_group><book_review_link>https://www.nytimes.com/2012/05/30/books/gone-girl-by-gillian-flynn.html</book_review_link><first_chapter_link></first_chapter_link><sunday_review_link>https://www.nytimes.com/2012/06/17/books/review/gillian-flynns-gone-girl-and-more.html</sunday_review_link><article_chapter_link></article_chapter_link><isbns><isbn><isbn10>030758836X</isbn10><isbn13>9780307588364</isbn13></isbn><isbn><isbn10>0307588386</isbn10><isbn13>9780307588388</isbn13></isbn><isbn><isbn10>1410450953</isbn10><isbn13>9781410450951</isbn13></isbn><isbn><isbn10>0297859382</isbn10><isbn13>9780297859383</isbn13></isbn><isbn><isbn10>0307588378</isbn10><isbn13>9780307588371</isbn13></isbn><isbn><isbn10>0297859390</isbn10><isbn13>9780297859390</isbn13></isbn><isbn><isbn10>159413605X</isbn10><isbn13>9781594136054</isbn13></isbn><isbn><isbn10>055341836X</isbn10><isbn13>9780553418361</isbn13></isbn><isbn><isbn10>0553418351</isbn10><isbn13>9780553418354</isbn13></isbn><isbn><isbn10>0606270175</isbn10><isbn13>9780606270175</isbn13></isbn></isbns><buy_links><buy_link><name>Local Booksellers</name><url>http://www.indiebound.org/book/9780307588388?aff=NYT</url></buy_link><buy_link><name>Barnes and Noble</name><url>http://www.anrdoezrs.net/click-7990613-11819508?url=http%3A%2F%2Fwww.barnesandnoble.com%2Fw%2F%3Fean%3D9780307588388</url></buy_link><buy_link><name>Amazon</name><url>http://www.amazon.com/Gone-Girl-Novel-Gillian-Flynn-ebook/dp/B006LSZECO?tag=NYTBS-20</url></buy_link></buy_links></book><book><rank>11</rank><rank_last_week>0</rank_last_week><weeks_on_list>2</weeks_on_list><asterisk>0</asterisk><dagger>0</dagger><primary_isbn10></primary_isbn10><primary_isbn13>9780062101204</primary_isbn13><publisher>Morrow/HarperCollins</publisher><description>A historical novel about orphans swept off the streets of New York and sent to the Midwest in the 1920s.</description><price>0</price><title>ORPHAN TRAIN</title><author>Christina Baker Kline</author><contributor>by Christina Baker Kline</contributor><contributor_note></contributor_note><book_image>https://s1.nyt.com/du/books/images/9780062101204.jpg</book_image><book_image_width>329</book_image_width><book_image_height>495</book_image_height><amazon_product_url>http://www.amazon.com/Orphan-Train-Christina-Baker-Kline-ebook/dp/B0089LOG02?tag=NYTBS-20</amazon_product_url><age_group></age_group><book_review_link></book_review_link><first_chapter_link></first_chapter_link><sunday_review_link></sunday_review_link><article_chapter_link></article_chapter_link><isbns><isbn><isbn10>0061950726</isbn10><isbn13>9780061950728</isbn13></isbn><isbn><isbn10>1594137374</isbn10><isbn13>9781594137372</isbn13></isbn><isbn><isbn10>0606356649</isbn10><isbn13>9780606356640</isbn13></isbn><isbn><isbn10>006195070X</isbn10><isbn13>9780061950704</isbn13></isbn></isbns><buy_links><buy_link><name>Local Booksellers</name><url>http://www.indiebound.org/book/9780062101204?aff=NYT</url></buy_link><buy_link><name>Barnes and Noble</name><url>http://www.anrdoezrs.net/click-7990613-11819508?url=http%3A%2F%2Fwww.barnesandnoble.com%2Fw%2F%3Fean%3D9780062101204</url></buy_link><buy_link><name>Amazon</name><url>http://www.amazon.com/Orphan-Train-Christina-Baker-Kline-ebook/dp/B0089LOG02?tag=NYTBS-20</url></buy_link></buy_links></book><book><rank>12</rank><rank_last_week>0</rank_last_week><weeks_on_list>1</weeks_on_list><asterisk>0</asterisk><dagger>0</dagger><primary_isbn10>0440335167</primary_isbn10><primary_isbn13>9780440335160</primary_isbn13><publisher>Dell</publisher><description>Claire Randall, an English nurse, is transported back to 1743 during a second honeymoon in the Scottish Highlands. There she begins an affair with James Fraser, a redheaded solider. Originally published in 1991.</description><price>0</price><title>OUTLANDER</title><author>Diana Gabaldon</author><contributor>by Diana Gabaldon</contributor><contributor_note></contributor_note><book_image>https://s1.nyt.com/du/books/images/9780440212560.jpg</book_image><book_image_width>301</book_image_width><book_image_height>495</book_image_height><amazon_product_url>http://www.amazon.com/Outlander-Diana-Gabaldon/dp/0440212561?tag=NYTBS-20</amazon_product_url><age_group></age_group><book_review_link></book_review_link><first_chapter_link></first_chapter_link><sunday_review_link></sunday_review_link><article_chapter_link></article_chapter_link><isbns><isbn><isbn10>0440335167</isbn10><isbn13>9780440335160</isbn13></isbn><isbn><isbn10>0440212561</isbn10><isbn13>9780440212560</isbn13></isbn><isbn><isbn10>0385319959</isbn10><isbn13>9780385319959</isbn13></isbn><isbn><isbn10>0553393693</isbn10><isbn13>9780553393699</isbn13></isbn><isbn><isbn10>0553393707</isbn10><isbn13>9780553393705</isbn13></isbn><isbn><isbn10>0440423201</isbn10><isbn13>9780440423201</isbn13></isbn><isbn><isbn10>0385302304</isbn10><isbn13>9780385302302</isbn13></isbn></isbns><buy_links><buy_link><name>Local Booksellers</name><url>http://www.indiebound.org/book/9780440335160?aff=NYT</url></buy_link><buy_link><name>Barnes and Noble</name><url>http://www.anrdoezrs.net/click-7990613-11819508?url=http%3A%2F%2Fwww.barnesandnoble.com%2Fw%2F%3Fean%3D9780440335160</url></buy_link><buy_link><name>Amazon</name><url>http://www.amazon.com/Outlander-Diana-Gabaldon/dp/0440212561?tag=NYTBS-20</url></buy_link></buy_links></book><book><rank>13</rank><rank_last_week>11</rank_last_week><weeks_on_list>7</weeks_on_list><asterisk>0</asterisk><dagger>0</dagger><primary_isbn10>None</primary_isbn10><primary_isbn13>9781455521227</primary_isbn13><publisher>Grand Central</publisher><description>Sean King and Michelle Maxwell, former Secret Service agents turned private investigators, scrutinize the report of a soldier’s mysterious death in Afghanistan.</description><price>0</price><title>KING AND MAXWELL</title><author>David Baldacci</author><contributor>by David Baldacci</contributor><contributor_note></contributor_note><book_image>https://s1.nyt.com/du/books/images/9781455521227.jpg</book_image><book_image_width>319</book_image_width><book_image_height>495</book_image_height><amazon_product_url>http://www.amazon.com/King-Maxwell-David-Baldacci/dp/1455521310?tag=NYTBS-20</amazon_product_url><age_group></age_group><book_review_link></book_review_link><first_chapter_link></first_chapter_link><sunday_review_link></sunday_review_link><article_chapter_link></article_chapter_link><isbns><isbn><isbn10>1455521310</isbn10><isbn13>9781455521319</isbn13></isbn><isbn><isbn10>1455576204</isbn10><isbn13>9781455576203</isbn13></isbn><isbn><isbn10>1455521248</isbn10><isbn13>9781455521241</isbn13></isbn><isbn><isbn10>1455521299</isbn10><isbn13>9781455521296</isbn13></isbn></isbns><buy_links><buy_link><name>Local Booksellers</name><url>http://www.indiebound.org/book/9781455521227?aff=NYT</url></buy_link><buy_link><name>Barnes and Noble</name><url>http://www.anrdoezrs.net/click-7990613-11819508?url=http%3A%2F%2Fwww.barnesandnoble.com%2Fw%2F%3Fean%3D9781455521227</url></buy_link><buy_link><name>Amazon</name><url>http://www.amazon.com/King-Maxwell-David-Baldacci/dp/1455521310?tag=NYTBS-20</url></buy_link></buy_links></book><book><rank>14</rank><rank_last_week>12</rank_last_week><weeks_on_list>4</weeks_on_list><asterisk>0</asterisk><dagger>0</dagger><primary_isbn10>0345539656</primary_isbn10><primary_isbn13>9780345539656</primary_isbn13><publisher>Bantam</publisher><description>A grotesque man living in exile beneath the city encounters a teenage girl hiding from dangerous enemies.</description><price>0</price><title>INNOCENCE</title><author>Dean Koontz</author><contributor>by Dean Koontz</contributor><contributor_note></contributor_note><book_image>https://s1.nyt.com/du/books/images/9780553808032.jpg</book_image><book_image_width>128</book_image_width><book_image_height>195</book_image_height><amazon_product_url>http://www.amazon.com/Innocence-A-Novel-Dean-Koontz/dp/0553808036?tag=NYTBS-20</amazon_product_url><age_group></age_group><book_review_link></book_review_link><first_chapter_link></first_chapter_link><sunday_review_link></sunday_review_link><article_chapter_link></article_chapter_link><isbns><isbn><isbn10>0553808036</isbn10><isbn13>9780553808032</isbn13></isbn><isbn><isbn10>0345539656</isbn10><isbn13>9780345539656</isbn13></isbn></isbns><buy_links><buy_link><name>Local Booksellers</name><url>http://www.indiebound.org/book/9780345539656?aff=NYT</url></buy_link><buy_link><name>Barnes and Noble</name><url>http://www.anrdoezrs.net/click-7990613-11819508?url=http%3A%2F%2Fwww.barnesandnoble.com%2Fw%2F%3Fean%3D9780345539656</url></buy_link><buy_link><name>Amazon</name><url>http://www.amazon.com/Innocence-A-Novel-Dean-Koontz/dp/0553808036?tag=NYTBS-20</url></buy_link></buy_links></book><book><rank>15</rank><rank_last_week>10</rank_last_week><weeks_on_list>16</weeks_on_list><asterisk>0</asterisk><dagger>0</dagger><primary_isbn10>1455520667</primary_isbn10><primary_isbn13>9781455520664</primary_isbn13><publisher>Grand Central</publisher><description>The lives of two couples converge unexpectedly.</description><price>0</price><title>THE LONGEST RIDE</title><author>Nicholas Sparks</author><contributor>by Nicholas Sparks</contributor><contributor_note></contributor_note><book_image>https://s1.nyt.com/du/books/images/9781455520640.jpg</book_image><book_image_width>327</book_image_width><book_image_height>495</book_image_height><amazon_product_url>http://www.amazon.com/The-Longest-Ride-Nicholas-Sparks/dp/1455520640?tag=NYTBS-20</amazon_product_url><age_group></age_group><book_review_link></book_review_link><first_chapter_link></first_chapter_link><sunday_review_link></sunday_review_link><article_chapter_link></article_chapter_link><isbns><isbn><isbn10>1455520659</isbn10><isbn13>9781455520657</isbn13></isbn><isbn><isbn10>1455576018</isbn10><isbn13>9781455576012</isbn13></isbn><isbn><isbn10>1455520667</isbn10><isbn13>9781455520664</isbn13></isbn><isbn><isbn10>1455520640</isbn10><isbn13>9781455520640</isbn13></isbn><isbn><isbn10>1455520632</isbn10><isbn13>9781455520633</isbn13></isbn><isbn><isbn10>1455584738</isbn10><isbn13>9781455584734</isbn13></isbn><isbn><isbn10>145558472X</isbn10><isbn13>9781455584727</isbn13></isbn></isbns><buy_links><buy_link><name>Local Booksellers</name><url>http://www.indiebound.org/book/9781455520664?aff=NYT</url></buy_link><buy_link><name>Barnes and Noble</name><url>http://www.anrdoezrs.net/click-7990613-11819508?url=http%3A%2F%2Fwww.barnesandnoble.com%2Fw%2F%3Fean%3D9781455520664</url></buy_link><buy_link><name>Amazon</name><url>http://www.amazon.com/The-Longest-Ride-Nicholas-Sparks/dp/1455520640?tag=NYTBS-20</url></buy_link></buy_links></book><book><rank>16</rank><rank_last_week>0</rank_last_week><weeks_on_list>0</weeks_on_list><asterisk>0</asterisk><dagger>0</dagger><primary_isbn10>0385537867</primary_isbn10><primary_isbn13>9780385537865</primary_isbn13><publisher>Doubleday</publisher><description>The symbologist Robert Langdon, on the run in Florence, must decipher a series of codes created by a Dante-loving scientist.</description><price>0</price><title>INFERNO</title><author>Dan Brown</author><contributor>by Dan Brown</contributor><contributor_note></contributor_note><book_image>https://s1.nyt.com/du/books/images/9781400079155.jpg</book_image><book_image_width>276</book_image_width><book_image_height>495</book_image_height><amazon_product_url>http://www.amazon.com/Inferno-Robert-Langdon-Dan-Brown/dp/1400079152?tag=NYTBS-20</amazon_product_url><age_group></age_group><book_review_link>https://www.nytimes.com/2013/05/13/books/inferno-by-dan-brown.html</book_review_link><first_chapter_link></first_chapter_link><sunday_review_link></sunday_review_link><article_chapter_link></article_chapter_link><isbns><isbn><isbn10>0385537859</isbn10><isbn13>9780385537858</isbn13></isbn><isbn><isbn10>0345806484</isbn10><isbn13>9780345806482</isbn13></isbn><isbn><isbn10>0385537867</isbn10><isbn13>9780385537865</isbn13></isbn><isbn><isbn10>0804172269</isbn10><isbn13>9780804172264</isbn13></isbn><isbn><isbn10>0345806492</isbn10><isbn13>9780345806499</isbn13></isbn><isbn><isbn10>1400079152</isbn10><isbn13>9781400079155</isbn13></isbn><isbn><isbn10>1101972971</isbn10><isbn13>9781101972977</isbn13></isbn><isbn><isbn10>1101974117</isbn10><isbn13>9781101974117</isbn13></isbn><isbn><isbn10>0385539924</isbn10><isbn13>9780385539920</isbn13></isbn></isbns><buy_links><buy_link><name>Local Booksellers</name><url>http://www.indiebound.org/book/9780385537865?aff=NYT</url></buy_link><buy_link><name>Barnes and Noble</name><url>http://www.anrdoezrs.net/click-7990613-11819508?url=http%3A%2F%2Fwww.barnesandnoble.com%2Fw%2F%3Fean%3D9780385537865</url></buy_link><buy_link><name>Amazon</name><url>http://www.amazon.com/Inferno-Robert-Langdon-Dan-Brown/dp/1400079152?tag=NYTBS-20</url></buy_link></buy_links></book><book><rank>17</rank><rank_last_week>0</rank_last_week><weeks_on_list>0</weeks_on_list><asterisk>0</asterisk><dagger>0</dagger><primary_isbn10>None</primary_isbn10><primary_isbn13>9781612130293</primary_isbn13><publisher>Vintage</publisher><description>An inexperienced college student falls in love with a tortured man who has particular sexual tastes; the first book in a trilogy.</description><price>0</price><title>FIFTY SHADES OF GREY</title><author>E L James</author><contributor>by E. L. James</contributor><contributor_note></contributor_note><book_image>https://s1.nyt.com/du/books/images/9780345803481.jpg</book_image><book_image_width>125</book_image_width><book_image_height>193</book_image_height><amazon_product_url>http://www.amazon.com/Fifty-Shades-Grey-Book-Trilogy/dp/0345803485?tag=NYTBS-20</amazon_product_url><age_group></age_group><book_review_link></book_review_link><first_chapter_link></first_chapter_link><sunday_review_link></sunday_review_link><article_chapter_link></article_chapter_link><isbns><isbn><isbn10>1612130283</isbn10><isbn13>9781612130286</isbn13></isbn><isbn><isbn10>0345803485</isbn10><isbn13>9780345803481</isbn13></isbn><isbn><isbn10>0099579936</isbn10><isbn13>9780099579939</isbn13></isbn><isbn><isbn10>0385363125</isbn10><isbn13>9780385363129</isbn13></isbn><isbn><isbn10>0385537670</isbn10><isbn13>9780385537674</isbn13></isbn><isbn><isbn10>0345806751</isbn10><isbn13>9780345806758</isbn13></isbn><isbn><isbn10>0804172072</isbn10><isbn13>9780804172073</isbn13></isbn><isbn><isbn10>0345805151</isbn10><isbn13>9780345805157</isbn13></isbn></isbns><buy_links><buy_link><name>Local Booksellers</name><url>http://www.indiebound.org/book/9781612130293?aff=NYT</url></buy_link><buy_link><name>Barnes and Noble</name><url>http://www.anrdoezrs.net/click-7990613-11819508?url=http%3A%2F%2Fwww.barnesandnoble.com%2Fw%2F%3Fean%3D9781612130293</url></buy_link><buy_link><name>Amazon</name><url>http://www.amazon.com/Fifty-Shades-Grey-Book-Trilogy/dp/0345803485?tag=NYTBS-20</url></buy_link></buy_links></book><book><rank>18</rank><rank_last_week>0</rank_last_week><weeks_on_list>0</weeks_on_list><asterisk>0</asterisk><dagger>0</dagger><primary_isbn10>147672766X</primary_isbn10><primary_isbn13>9781476727660</primary_isbn13><publisher>Scribner</publisher><description>Now grown up, Dan, the boy with psycho-intuitive powers in “The Shining,” helps another child with a spectacular gift.</description><price>0</price><title>DOCTOR SLEEP</title><author>Stephen King</author><contributor>by Stephen King</contributor><contributor_note></contributor_note><book_image>https://s1.nyt.com/du/books/images/9781451698855.jpg</book_image><book_image_width>319</book_image_width><book_image_height>495</book_image_height><amazon_product_url>http://www.amazon.com/Doctor-Sleep-Stephen-King/dp/1451698852?tag=NYTBS-20</amazon_product_url><age_group></age_group><book_review_link>https://www.nytimes.com/2013/09/16/books/doctor-sleep-is-stephen-kings-sequel-to-the-shining.html</book_review_link><first_chapter_link></first_chapter_link><sunday_review_link>https://www.nytimes.com/2013/09/22/books/review/stephen-kings-shining-sequel-doctor-sleep.html</sunday_review_link><article_chapter_link></article_chapter_link><isbns><isbn><isbn10>1476727651</isbn10><isbn13>9781476727653</isbn13></isbn><isbn><isbn10>147672766X</isbn10><isbn13>9781476727660</isbn13></isbn><isbn><isbn10>1410462447</isbn10><isbn13>9781410462442</isbn13></isbn><isbn><isbn10>1451698852</isbn10><isbn13>9781451698855</isbn13></isbn><isbn><isbn10>1476779414</isbn10><isbn13>9781476779416</isbn13></isbn><isbn><isbn10>1451698860</isbn10><isbn13>9781451698862</isbn13></isbn></isbns><buy_links><buy_link><name>Local Booksellers</name><url>http://www.indiebound.org/book/9781476727660?aff=NYT</url></buy_link><buy_link><name>Barnes and Noble</name><url>http://www.anrdoezrs.net/click-7990613-11819508?url=http%3A%2F%2Fwww.barnesandnoble.com%2Fw%2F%3Fean%3D9781476727660</url></buy_link><buy_link><name>Amazon</name><url>http://www.amazon.com/Doctor-Sleep-Stephen-King/dp/1451698852?tag=NYTBS-20</url></buy_link></buy_links></book><book><rank>19</rank><rank_last_week>0</rank_last_week><weeks_on_list>0</weeks_on_list><asterisk>0</asterisk><dagger>0</dagger><primary_isbn10>0062200593</primary_isbn10><primary_isbn13>9780062200594</primary_isbn13><publisher>Morrow</publisher><description>In a creepy battle between real and imaginary worlds, a brave biker chick is pitted against a ghoulish villain who lures children to a place where it is always Christmas. </description><price>0</price><title>NOS4A2</title><author>Joe Hill</author><contributor>by Joe Hill</contributor><contributor_note></contributor_note><book_image>https://s1.nyt.com/du/books/images/9780062200594.jpg</book_image><book_image_width>128</book_image_width><book_image_height>193</book_image_height><amazon_product_url>http://www.amazon.com/NOS4A2-Joe-Hill-ebook/dp/B009NF6Z2K?tag=NYTBS-20</amazon_product_url><age_group></age_group><book_review_link>https://www.nytimes.com/2013/04/29/books/nos4a2-a-novel-by-joe-hill.html</book_review_link><first_chapter_link></first_chapter_link><sunday_review_link></sunday_review_link><article_chapter_link></article_chapter_link><isbns><isbn><isbn10>0062200577</isbn10><isbn13>9780062200570</isbn13></isbn><isbn><isbn10>0062200593</isbn10><isbn13>9780062200594</isbn13></isbn><isbn><isbn10>0062200585</isbn10><isbn13>9780062200587</isbn13></isbn></isbns><buy_links><buy_link><name>Local Booksellers</name><url>http://www.indiebound.org/book/9780062200594?aff=NYT</url></buy_link><buy_link><name>Barnes and Noble</name><url>http://www.anrdoezrs.net/click-7990613-11819508?url=http%3A%2F%2Fwww.barnesandnoble.com%2Fw%2F%3Fean%3D9780062200594</url></buy_link><buy_link><name>Amazon</name><url>http://www.amazon.com/NOS4A2-Joe-Hill-ebook/dp/B009NF6Z2K?tag=NYTBS-20</url></buy_link></buy_links></book><book><rank>20</rank><rank_last_week>0</rank_last_week><weeks_on_list>0</weeks_on_list><asterisk>0</asterisk><dagger>0</dagger><primary_isbn10>None</primary_isbn10><primary_isbn13>9781101626368</primary_isbn13><publisher>Berkley</publisher><description>In the first book of the Cousins O'Dwyer trilogy, Iona Sheehan moves to Ireland to investigate her family's history.</description><price>0</price><title>DARK WITCH</title><author>Nora Roberts</author><contributor>by Nora Roberts</contributor><contributor_note></contributor_note><book_image>https://s1.nyt.com/du/books/images/9781101626368.jpg</book_image><book_image_width>330</book_image_width><book_image_height>487</book_image_height><amazon_product_url>http://www.amazon.com/Dark-Witch-Cousins-ODwyer-Trilogy-ebook/dp/B00BC25992?tag=NYTBS-20</amazon_product_url><age_group></age_group><book_review_link></book_review_link><first_chapter_link></first_chapter_link><sunday_review_link></sunday_review_link><article_chapter_link></article_chapter_link><isbns><isbn><isbn10>0425259854</isbn10><isbn13>9780425259856</isbn13></isbn><isbn><isbn10>1594136777</isbn10><isbn13>9781594136771</isbn13></isbn></isbns><buy_links><buy_link><name>Local Booksellers</name><url>http://www.indiebound.org/book/9781101626368?aff=NYT</url></buy_link><buy_link><name>Barnes and Noble</name><url>http://www.anrdoezrs.net/click-7990613-11819508?url=http%3A%2F%2Fwww.barnesandnoble.com%2Fw%2F%3Fean%3D9781101626368</url></buy_link><buy_link><name>Amazon</name><url>http://www.amazon.com/Dark-Witch-Cousins-ODwyer-Trilogy-ebook/dp/B00BC25992?tag=NYTBS-20</url></buy_link></buy_links></book></books><corrections><correction><correction_id>38</correction_id><list_id>4893</list_id><correction_text>An earlier version of this list misstated the year in which the novel "Outlander," by Diana Gabaldon, was first published. It was 1991, not 2004.
</correction_text><correction_date>2014-01-04</correction_date></correction></corrections></results></result_set>
