<?xml version="1.0" encoding="UTF-8"?>
<result_set><status>OK</status><copyright>Copyright (c) 2018 The New York Times Company.  All Rights Reserved.</copyright><num_results>35</num_results><last_modified>2017-03-21T13:38:01-04:00</last_modified><results><list_name>Combined Print and E-Book Fiction</list_name><list_name_encoded>combined-print-and-e-book-fiction</list_name_encoded><bestsellers_date>2013-01-26</bestsellers_date><published_date>2013-02-10</published_date><published_date_description></published_date_description><next_published_date>2013-02-17</next_published_date><previous_published_date>2013-02-03</previous_published_date><display_name><![CDATA[Combined Print & E-Book Fiction]]></display_name><normal_list_ends_at>15</normal_list_ends_at><updated>WEEKLY</updated><books><book><rank>1</rank><rank_last_week>1</rank_last_week><weeks_on_list>9</weeks_on_list><asterisk>0</asterisk><dagger>0</dagger><primary_isbn10>0446574244</primary_isbn10><primary_isbn13>9780446574242</primary_isbn13><publisher>Grand Central Publishing</publisher><description>The arrival of a mysterious young woman in a small North Carolina town raises questions about her past.</description><price>0</price><title>SAFE HAVEN</title><author>Nicholas Sparks</author><contributor>by Nicholas Sparks</contributor><contributor_note></contributor_note><book_image>https://s1.nyt.com/du/books/images/9781455523542.jpg</book_image><book_image_width>307</book_image_width><book_image_height>495</book_image_height><amazon_product_url>http://www.amazon.com/Safe-Haven-Nicholas-Sparks/dp/044654759X?tag=NYTBS-20</amazon_product_url><age_group></age_group><book_review_link></book_review_link><first_chapter_link></first_chapter_link><sunday_review_link></sunday_review_link><article_chapter_link></article_chapter_link><isbns><isbn><isbn10>044654759X</isbn10><isbn13>9780446547598</isbn13></isbn><isbn><isbn10>0446574244</isbn10><isbn13>9780446574242</isbn13></isbn><isbn><isbn10>0446573671</isbn10><isbn13>9780446573672</isbn13></isbn><isbn><isbn10>0446547603</isbn10><isbn13>9780446547604</isbn13></isbn><isbn><isbn10>0446547573</isbn10><isbn13>9780446547574</isbn13></isbn><isbn><isbn10>1455523542</isbn10><isbn13>9781455523542</isbn13></isbn><isbn><isbn10>1455523550</isbn10><isbn13>9781455523559</isbn13></isbn></isbns><buy_links><buy_link><name>Local Booksellers</name><url>http://www.indiebound.org/book/9780446574242?aff=NYT</url></buy_link><buy_link><name>Barnes and Noble</name><url>http://www.anrdoezrs.net/click-7990613-11819508?url=http%3A%2F%2Fwww.barnesandnoble.com%2Fw%2F%3Fean%3D9780446574242</url></buy_link><buy_link><name>Amazon</name><url>http://www.amazon.com/Safe-Haven-Nicholas-Sparks/dp/044654759X?tag=NYTBS-20</url></buy_link></buy_links></book><book><rank>2</rank><rank_last_week>0</rank_last_week><weeks_on_list>1</weeks_on_list><asterisk>0</asterisk><dagger>0</dagger><primary_isbn10></primary_isbn10><primary_isbn13>9780316211185</primary_isbn13><publisher><![CDATA[Little, Brown & Company]]></publisher><description>A superstar agent at the German headquarters of a powerful investigation firm disappears, and the resulting search reveals many secrets.</description><price>0</price><title>PRIVATE BERLIN</title><author>James Patterson and Mark Sullivan</author><contributor>by James Patterson and Mark Sullivan</contributor><contributor_note></contributor_note><book_image>https://s1.nyt.com/du/books/images/9780316211178.jpg</book_image><book_image_width>128</book_image_width><book_image_height>198</book_image_height><amazon_product_url>http://www.amazon.com/Private-Berlin-James-Patterson/dp/0316211176?tag=NYTBS-20</amazon_product_url><age_group></age_group><book_review_link></book_review_link><first_chapter_link></first_chapter_link><sunday_review_link></sunday_review_link><article_chapter_link></article_chapter_link><isbns><isbn><isbn10>0316211176</isbn10><isbn13>9780316211178</isbn13></isbn><isbn><isbn10>0316211168</isbn10><isbn13>9780316211161</isbn13></isbn><isbn><isbn10>1448108411</isbn10><isbn13>9781448108411</isbn13></isbn><isbn><isbn10>0316250597</isbn10><isbn13>9780316250597</isbn13></isbn><isbn><isbn10>1455521515</isbn10><isbn13>9781455521517</isbn13></isbn><isbn><isbn10>1455515949</isbn10><isbn13>9781455515943</isbn13></isbn></isbns><buy_links><buy_link><name>Local Booksellers</name><url>http://www.indiebound.org/book/9780316211185?aff=NYT</url></buy_link><buy_link><name>Barnes and Noble</name><url>http://www.anrdoezrs.net/click-7990613-11819508?url=http%3A%2F%2Fwww.barnesandnoble.com%2Fw%2F%3Fean%3D9780316211185</url></buy_link><buy_link><name>Amazon</name><url>http://www.amazon.com/Private-Berlin-James-Patterson/dp/0316211176?tag=NYTBS-20</url></buy_link></buy_links></book><book><rank>3</rank><rank_last_week>3</rank_last_week><weeks_on_list>34</weeks_on_list><asterisk>0</asterisk><dagger>0</dagger><primary_isbn10>0307588386</primary_isbn10><primary_isbn13>9780307588388</primary_isbn13><publisher>Crown Publishing</publisher><description>A woman disappears on the day of her fifth anniversary; is her husband a killer?</description><price>0</price><title>GONE GIRL</title><author>Gillian Flynn</author><contributor>by Gillian Flynn</contributor><contributor_note></contributor_note><book_image>https://s1.nyt.com/du/books/images/9780307588388.jpg</book_image><book_image_width>136</book_image_width><book_image_height>200</book_image_height><amazon_product_url>http://www.amazon.com/Gone-Girl-Novel-Gillian-Flynn-ebook/dp/B006LSZECO?tag=NYTBS-20</amazon_product_url><age_group></age_group><book_review_link>https://www.nytimes.com/2012/05/30/books/gone-girl-by-gillian-flynn.html</book_review_link><first_chapter_link></first_chapter_link><sunday_review_link>https://www.nytimes.com/2012/06/17/books/review/gillian-flynns-gone-girl-and-more.html</sunday_review_link><article_chapter_link></article_chapter_link><isbns><isbn><isbn10>030758836X</isbn10><isbn13>9780307588364</isbn13></isbn><isbn><isbn10>0307588386</isbn10><isbn13>9780307588388</isbn13></isbn><isbn><isbn10>1410450953</isbn10><isbn13>9781410450951</isbn13></isbn><isbn><isbn10>0297859382</isbn10><isbn13>9780297859383</isbn13></isbn><isbn><isbn10>0307588378</isbn10><isbn13>9780307588371</isbn13></isbn><isbn><isbn10>0297859390</isbn10><isbn13>9780297859390</isbn13></isbn><isbn><isbn10>159413605X</isbn10><isbn13>9781594136054</isbn13></isbn><isbn><isbn10>055341836X</isbn10><isbn13>9780553418361</isbn13></isbn><isbn><isbn10>0553418351</isbn10><isbn13>9780553418354</isbn13></isbn><isbn><isbn10>0606270175</isbn10><isbn13>9780606270175</isbn13></isbn></isbns><buy_links><buy_link><name>Local Booksellers</name><url>http://www.indiebound.org/book/9780307588388?aff=NYT</url></buy_link><buy_link><name>Barnes and Noble</name><url>http://www.anrdoezrs.net/click-7990613-11819508?url=http%3A%2F%2Fwww.barnesandnoble.com%2Fw%2F%3Fean%3D9780307588388</url></buy_link><buy_link><name>Amazon</name><url>http://www.amazon.com/Gone-Girl-Novel-Gillian-Flynn-ebook/dp/B006LSZECO?tag=NYTBS-20</url></buy_link></buy_links></book><book><rank>4</rank><rank_last_week>2</rank_last_week><weeks_on_list>5</weeks_on_list><asterisk>0</asterisk><dagger>0</dagger><primary_isbn10>None</primary_isbn10><primary_isbn13>A00B00AQ3K8IU</primary_isbn13><publisher>Colleen Hoover</publisher><description>The man who has been relentlessly pursuing Sky Davis is not who he pretends to be.</description><price>0</price><title>HOPELESS</title><author>Colleen Hoover</author><contributor>by Colleen Hoover</contributor><contributor_note></contributor_note><book_image>https://s1.nyt.com/du/books/images/9781481251884.jpg</book_image><book_image_width>128</book_image_width><book_image_height>128</book_image_height><amazon_product_url>http://www.amazon.com/Hopeless-Colleen-Hoover-ebook/dp/B00AQ3K8IU?tag=NYTBS-20</amazon_product_url><age_group></age_group><book_review_link></book_review_link><first_chapter_link></first_chapter_link><sunday_review_link></sunday_review_link><article_chapter_link></article_chapter_link><isbns><isbn><isbn10>1481251880</isbn10><isbn13>9781481251884</isbn13></isbn></isbns><buy_links><buy_link><name>Local Booksellers</name><url><![CDATA[http://www.indiebound.org/search/book?searchfor=HOPELESS+Colleen+Hoover&aff=NYT]]></url></buy_link><buy_link><name>Barnes and Noble</name><url>http://www.anrdoezrs.net/click-7990613-11819508?url=http%3A%2F%2Fwww.barnesandnoble.com%2Fs%2FHOPELESS+Colleen+Hoover</url></buy_link><buy_link><name>Amazon</name><url>http://www.amazon.com/Hopeless-Colleen-Hoover-ebook/dp/B00AQ3K8IU?tag=NYTBS-20</url></buy_link></buy_links></book><book><rank>5</rank><rank_last_week>5</rank_last_week><weeks_on_list>48</weeks_on_list><asterisk>0</asterisk><dagger>0</dagger><primary_isbn10>None</primary_isbn10><primary_isbn13>9781612130293</primary_isbn13><publisher>Knopf Doubleday Publishing</publisher><description>A college student falls in love with a tortured man with particular sexual tastes; the first of a trilogy.</description><price>0</price><title>FIFTY SHADES OF GREY</title><author>E L James</author><contributor>by E. L. James</contributor><contributor_note></contributor_note><book_image>https://s1.nyt.com/du/books/images/9780345803481.jpg</book_image><book_image_width>125</book_image_width><book_image_height>193</book_image_height><amazon_product_url>http://www.amazon.com/Fifty-Shades-Grey-Book-Trilogy/dp/0345803485?tag=NYTBS-20</amazon_product_url><age_group></age_group><book_review_link></book_review_link><first_chapter_link></first_chapter_link><sunday_review_link></sunday_review_link><article_chapter_link></article_chapter_link><isbns><isbn><isbn10>1612130283</isbn10><isbn13>9781612130286</isbn13></isbn><isbn><isbn10>0345803485</isbn10><isbn13>9780345803481</isbn13></isbn><isbn><isbn10>0099579936</isbn10><isbn13>9780099579939</isbn13></isbn><isbn><isbn10>0385363125</isbn10><isbn13>9780385363129</isbn13></isbn><isbn><isbn10>0385537670</isbn10><isbn13>9780385537674</isbn13></isbn><isbn><isbn10>0345806751</isbn10><isbn13>9780345806758</isbn13></isbn><isbn><isbn10>0804172072</isbn10><isbn13>9780804172073</isbn13></isbn><isbn><isbn10>0345805151</isbn10><isbn13>9780345805157</isbn13></isbn></isbns><buy_links><buy_link><name>Local Booksellers</name><url>http://www.indiebound.org/book/9781612130293?aff=NYT</url></buy_link><buy_link><name>Barnes and Noble</name><url>http://www.anrdoezrs.net/click-7990613-11819508?url=http%3A%2F%2Fwww.barnesandnoble.com%2Fw%2F%3Fean%3D9781612130293</url></buy_link><buy_link><name>Amazon</name><url>http://www.amazon.com/Fifty-Shades-Grey-Book-Trilogy/dp/0345803485?tag=NYTBS-20</url></buy_link></buy_links></book><book><rank>6</rank><rank_last_week>0</rank_last_week><weeks_on_list>1</weeks_on_list><asterisk>0</asterisk><dagger>0</dagger><primary_isbn10>None</primary_isbn10><primary_isbn13>9781101609163</primary_isbn13><publisher>Penguin Group</publisher><description>A Los Angeles policeman and a German shepherd that has worked in Iraq and Afghanistan, both suffering from PTSD, search for the killers of the cop’s partner.</description><price>0</price><title>SUSPECT</title><author>Robert Crais</author><contributor>by Robert Crais</contributor><contributor_note></contributor_note><book_image>https://s1.nyt.com/du/books/images/9780399161483.jpg</book_image><book_image_width>323</book_image_width><book_image_height>495</book_image_height><amazon_product_url>http://www.amazon.com/Suspect-Robert-Crais-ebook/dp/B008RCZLNO?tag=NYTBS-20</amazon_product_url><age_group></age_group><book_review_link></book_review_link><first_chapter_link></first_chapter_link><sunday_review_link></sunday_review_link><article_chapter_link></article_chapter_link><isbns><isbn><isbn10>0399161481</isbn10><isbn13>9780399161483</isbn13></isbn></isbns><buy_links><buy_link><name>Local Booksellers</name><url>http://www.indiebound.org/book/9781101609163?aff=NYT</url></buy_link><buy_link><name>Barnes and Noble</name><url>http://www.anrdoezrs.net/click-7990613-11819508?url=http%3A%2F%2Fwww.barnesandnoble.com%2Fw%2F%3Fean%3D9781101609163</url></buy_link><buy_link><name>Amazon</name><url>http://www.amazon.com/Suspect-Robert-Crais-ebook/dp/B008RCZLNO?tag=NYTBS-20</url></buy_link></buy_links></book><book><rank>7</rank><rank_last_week>0</rank_last_week><weeks_on_list>1</weeks_on_list><asterisk>0</asterisk><dagger>0</dagger><primary_isbn10>None</primary_isbn10><primary_isbn13>9780062228154</primary_isbn13><publisher>HarperCollins Publishers</publisher><description>The witch Rachel Morgan and an unlikely ally battle a demon in order to prevent an apocalypse</description><price>0</price><title>EVER AFTER</title><author>Kim Harrison</author><contributor>by Kim Harrison</contributor><contributor_note></contributor_note><book_image>https://s1.nyt.com/du/books/images/9780061957918.jpg</book_image><book_image_width>330</book_image_width><book_image_height>490</book_image_height><amazon_product_url>http://www.amazon.com/Ever-After-Hollows-Kim-Harrison/dp/0061957925?tag=NYTBS-20</amazon_product_url><age_group></age_group><book_review_link></book_review_link><first_chapter_link></first_chapter_link><sunday_review_link></sunday_review_link><article_chapter_link></article_chapter_link><isbns><isbn><isbn10>0061957917</isbn10><isbn13>9780061957918</isbn13></isbn><isbn><isbn10>0061957925</isbn10><isbn13>9780061957925</isbn13></isbn></isbns><buy_links><buy_link><name>Local Booksellers</name><url>http://www.indiebound.org/book/9780062228154?aff=NYT</url></buy_link><buy_link><name>Barnes and Noble</name><url>http://www.anrdoezrs.net/click-7990613-11819508?url=http%3A%2F%2Fwww.barnesandnoble.com%2Fw%2F%3Fean%3D9780062228154</url></buy_link><buy_link><name>Amazon</name><url>http://www.amazon.com/Ever-After-Hollows-Kim-Harrison/dp/0061957925?tag=NYTBS-20</url></buy_link></buy_links></book><book><rank>8</rank><rank_last_week>8</rank_last_week><weeks_on_list>48</weeks_on_list><asterisk>0</asterisk><dagger>0</dagger><primary_isbn10>1612130593</primary_isbn10><primary_isbn13>9781612130590</primary_isbn13><publisher>Knopf Doubleday Publishing</publisher><description>Ana Steele learns more about Christian Grey’s troubled past; the second book in a trilogy.</description><price>0</price><title>FIFTY SHADES DARKER</title><author>E L James</author><contributor>by E. L. James</contributor><contributor_note></contributor_note><book_image>https://s1.nyt.com/du/books/images/9780345803498.jpg</book_image><book_image_width>328</book_image_width><book_image_height>495</book_image_height><amazon_product_url>http://www.amazon.com/Fifty-Shades-Darker-E-James/dp/0345803493?tag=NYTBS-20</amazon_product_url><age_group></age_group><book_review_link></book_review_link><first_chapter_link></first_chapter_link><sunday_review_link></sunday_review_link><article_chapter_link></article_chapter_link><isbns><isbn><isbn10>1612130593</isbn10><isbn13>9781612130590</isbn13></isbn><isbn><isbn10>1612130585</isbn10><isbn13>9781612130583</isbn13></isbn><isbn><isbn10>0345803493</isbn10><isbn13>9780345803498</isbn13></isbn><isbn><isbn10>1448149460</isbn10><isbn13>9781448149469</isbn13></isbn><isbn><isbn10>0385363133</isbn10><isbn13>9780385363136</isbn13></isbn><isbn><isbn10>0099579928</isbn10><isbn13>9780099579922</isbn13></isbn><isbn><isbn10>0385537689</isbn10><isbn13>9780385537681</isbn13></isbn><isbn><isbn10>0606264485</isbn10><isbn13>9780606264488</isbn13></isbn><isbn><isbn10>0525431888</isbn10><isbn13>9780525431886</isbn13></isbn><isbn><isbn10>0525434860</isbn10><isbn13>9780525434863</isbn13></isbn></isbns><buy_links><buy_link><name>Local Booksellers</name><url>http://www.indiebound.org/book/9781612130590?aff=NYT</url></buy_link><buy_link><name>Barnes and Noble</name><url>http://www.anrdoezrs.net/click-7990613-11819508?url=http%3A%2F%2Fwww.barnesandnoble.com%2Fw%2F%3Fean%3D9781612130590</url></buy_link><buy_link><name>Amazon</name><url>http://www.amazon.com/Fifty-Shades-Darker-E-James/dp/0345803493?tag=NYTBS-20</url></buy_link></buy_links></book><book><rank>9</rank><rank_last_week>7</rank_last_week><weeks_on_list>46</weeks_on_list><asterisk>0</asterisk><dagger>0</dagger><primary_isbn10>1612130615</primary_isbn10><primary_isbn13>9781612130613</primary_isbn13><publisher>Knopf Doubleday Publishing</publisher><description>The final book in an erotic trilogy.</description><price>0</price><title>FIFTY SHADES FREED</title><author>E L James</author><contributor>by E. L. James</contributor><contributor_note></contributor_note><book_image>https://s1.nyt.com/du/books/images/9781612130606.jpg</book_image><book_image_width>330</book_image_width><book_image_height>495</book_image_height><amazon_product_url>http://www.amazon.com/Fifty-Shades-Freed-Three-Trilogy/dp/0345803507?tag=NYTBS-20</amazon_product_url><age_group></age_group><book_review_link></book_review_link><first_chapter_link></first_chapter_link><sunday_review_link></sunday_review_link><article_chapter_link></article_chapter_link><isbns><isbn><isbn10>1612130615</isbn10><isbn13>9781612130613</isbn13></isbn><isbn><isbn10>1612130607</isbn10><isbn13>9781612130606</isbn13></isbn><isbn><isbn10>0345803507</isbn10><isbn13>9780345803504</isbn13></isbn><isbn><isbn10>0385537697</isbn10><isbn13>9780385537698</isbn13></isbn></isbns><buy_links><buy_link><name>Local Booksellers</name><url>http://www.indiebound.org/book/9781612130613?aff=NYT</url></buy_link><buy_link><name>Barnes and Noble</name><url>http://www.anrdoezrs.net/click-7990613-11819508?url=http%3A%2F%2Fwww.barnesandnoble.com%2Fw%2F%3Fean%3D9781612130613</url></buy_link><buy_link><name>Amazon</name><url>http://www.amazon.com/Fifty-Shades-Freed-Three-Trilogy/dp/0345803507?tag=NYTBS-20</url></buy_link></buy_links></book><book><rank>10</rank><rank_last_week>9</rank_last_week><weeks_on_list>10</weeks_on_list><asterisk>0</asterisk><dagger>0</dagger><primary_isbn10>0446573043</primary_isbn10><primary_isbn13>9780446573047</primary_isbn13><publisher>Grand Central Publishing</publisher><description>The military investigator John Puller probes his aunt’s mysterious death in Florida.</description><price>0</price><title>THE FORGOTTEN</title><author>David Baldacci</author><contributor>by David Baldacci</contributor><contributor_note></contributor_note><book_image>https://s1.nyt.com/du/books/images/9781455523153.jpg</book_image><book_image_width>128</book_image_width><book_image_height>198</book_image_height><amazon_product_url>http://www.amazon.com/The-Forgotten-David-Baldacci/dp/1455523151?tag=NYTBS-20</amazon_product_url><age_group></age_group><book_review_link></book_review_link><first_chapter_link></first_chapter_link><sunday_review_link></sunday_review_link><article_chapter_link></article_chapter_link><isbns><isbn><isbn10>0446573051</isbn10><isbn13>9780446573054</isbn13></isbn><isbn><isbn10>1455522643</isbn10><isbn13>9781455522644</isbn13></isbn><isbn><isbn10>0446573043</isbn10><isbn13>9780446573047</isbn13></isbn><isbn><isbn10>1455523151</isbn10><isbn13>9781455523153</isbn13></isbn><isbn><isbn10>044657306X</isbn10><isbn13>9780446573061</isbn13></isbn></isbns><buy_links><buy_link><name>Local Booksellers</name><url>http://www.indiebound.org/book/9780446573047?aff=NYT</url></buy_link><buy_link><name>Barnes and Noble</name><url>http://www.anrdoezrs.net/click-7990613-11819508?url=http%3A%2F%2Fwww.barnesandnoble.com%2Fw%2F%3Fean%3D9780446573047</url></buy_link><buy_link><name>Amazon</name><url>http://www.amazon.com/The-Forgotten-David-Baldacci/dp/1455523151?tag=NYTBS-20</url></buy_link></buy_links></book><book><rank>11</rank><rank_last_week>13</rank_last_week><weeks_on_list>14</weeks_on_list><asterisk>0</asterisk><dagger>0</dagger><primary_isbn10>0385536887</primary_isbn10><primary_isbn13>9780385536882</primary_isbn13><publisher>Knopf Doubleday Publishing</publisher><description>An imprisoned ex-lawyer schemes to exchange this information about who murdered a judge for his freedom.</description><price>0</price><title>THE RACKETEER</title><author>John Grisham</author><contributor>by John Grisham</contributor><contributor_note></contributor_note><book_image>https://s1.nyt.com/du/books/images/9780385536882.jpg</book_image><book_image_width>128</book_image_width><book_image_height>194</book_image_height><amazon_product_url>http://www.amazon.com/The-Racketeer-Novel-John-Grisham/dp/0345545338?tag=NYTBS-20</amazon_product_url><age_group></age_group><book_review_link>https://www.nytimes.com/2012/10/18/books/the-racketeer-by-john-grisham.html</book_review_link><first_chapter_link></first_chapter_link><sunday_review_link></sunday_review_link><article_chapter_link></article_chapter_link><isbns><isbn><isbn10>0385535147</isbn10><isbn13>9780385535144</isbn13></isbn><isbn><isbn10>0385536887</isbn10><isbn13>9780385536882</isbn13></isbn><isbn><isbn10>0385536895</isbn10><isbn13>9780385536899</isbn13></isbn><isbn><isbn10>0345545338</isbn10><isbn13>9780345545336</isbn13></isbn><isbn><isbn10>0345530578</isbn10><isbn13>9780345530578</isbn13></isbn></isbns><buy_links><buy_link><name>Local Booksellers</name><url>http://www.indiebound.org/book/9780385536882?aff=NYT</url></buy_link><buy_link><name>Barnes and Noble</name><url>http://www.anrdoezrs.net/click-7990613-11819508?url=http%3A%2F%2Fwww.barnesandnoble.com%2Fw%2F%3Fean%3D9780385536882</url></buy_link><buy_link><name>Amazon</name><url>http://www.amazon.com/The-Racketeer-Novel-John-Grisham/dp/0345545338?tag=NYTBS-20</url></buy_link></buy_links></book><book><rank>12</rank><rank_last_week>6</rank_last_week><weeks_on_list>4</weeks_on_list><asterisk>0</asterisk><dagger>0</dagger><primary_isbn10>1624300006</primary_isbn10><primary_isbn13>9781624300004</primary_isbn13><publisher>Addison Moore</publisher><description>A one-night stand turns into love for two college students.</description><price>0</price><title>SOMEONE TO LOVE</title><author>Addison Moore</author><contributor>by Addison Moore</contributor><contributor_note></contributor_note><book_image>https://s1.nyt.com/du/books/images/9781624300004.jpg</book_image><book_image_width>330</book_image_width><book_image_height>494</book_image_height><amazon_product_url></amazon_product_url><age_group></age_group><book_review_link></book_review_link><first_chapter_link></first_chapter_link><sunday_review_link></sunday_review_link><article_chapter_link></article_chapter_link><isbns><isbn><isbn10>1624300006</isbn10><isbn13>9781624300004</isbn13></isbn></isbns><buy_links><buy_link><name>Local Booksellers</name><url>http://www.indiebound.org/book/9781624300004?aff=NYT</url></buy_link><buy_link><name>Barnes and Noble</name><url>http://www.anrdoezrs.net/click-7990613-11819508?url=http%3A%2F%2Fwww.barnesandnoble.com%2Fw%2F%3Fean%3D9781624300004</url></buy_link><buy_link><name>Amazon</name><url><![CDATA[https://www.amazon.com/gp/search?index=books&tag=NYTBS-20&field-keywords=SOMEONE+TO+LOVE+Addison+Moore]]></url></buy_link></buy_links></book><book><rank>13</rank><rank_last_week>11</rank_last_week><weeks_on_list>6</weeks_on_list><asterisk>0</asterisk><dagger>0</dagger><primary_isbn10>None</primary_isbn10><primary_isbn13>A00B00ANDLC6K</primary_isbn13><publisher>Jessica Sorensen</publisher><description>A boy and girl, both with tragedy in their past, come together after a chance encounter.</description><price>0</price><title>THE COINCIDENCE OF CALLIE AND KAYDEN</title><author>Jessica Sorensen</author><contributor>by Jessica Sorensen</contributor><contributor_note></contributor_note><book_image></book_image><book_image_width></book_image_width><book_image_height></book_image_height><amazon_product_url></amazon_product_url><age_group></age_group><book_review_link></book_review_link><first_chapter_link></first_chapter_link><sunday_review_link></sunday_review_link><article_chapter_link></article_chapter_link><isbns/><buy_links><buy_link><name>Local Booksellers</name><url><![CDATA[http://www.indiebound.org/search/book?searchfor=THE+COINCIDENCE+OF+CALLIE+AND+KAYDEN+Jessica+Sorensen&aff=NYT]]></url></buy_link><buy_link><name>Barnes and Noble</name><url>http://www.anrdoezrs.net/click-7990613-11819508?url=http%3A%2F%2Fwww.barnesandnoble.com%2Fs%2FTHE+COINCIDENCE+OF+CALLIE+AND+KAYDEN+Jessica+Sorensen</url></buy_link><buy_link><name>Amazon</name><url><![CDATA[https://www.amazon.com/gp/search?index=books&tag=NYTBS-20&field-keywords=THE+COINCIDENCE+OF+CALLIE+AND+KAYDEN+Jessica+Sorensen]]></url></buy_link></buy_links></book><book><rank>14</rank><rank_last_week>4</rank_last_week><weeks_on_list>2</weeks_on_list><asterisk>0</asterisk><dagger>0</dagger><primary_isbn10>None</primary_isbn10><primary_isbn13>9780446554008</primary_isbn13><publisher>Grand Central Publishing</publisher><description>Tracking an assassin who is recreating the crimes of the four men who murdered presidents, Beecher White discovers that they all were working together.</description><price>0</price><title>THE FIFTH ASSASSIN</title><author>Brad Meltzer</author><contributor>by Brad Meltzer</contributor><contributor_note></contributor_note><book_image>https://s1.nyt.com/du/books/images/9780446553971.jpg</book_image><book_image_width>328</book_image_width><book_image_height>495</book_image_height><amazon_product_url>http://www.amazon.com/The-Fifth-Assassin-Brad-Meltzer-ebook/dp/B007ZFIW44?tag=NYTBS-20</amazon_product_url><age_group></age_group><book_review_link></book_review_link><first_chapter_link></first_chapter_link><sunday_review_link></sunday_review_link><article_chapter_link></article_chapter_link><isbns><isbn><isbn10>0446553972</isbn10><isbn13>9780446553971</isbn13></isbn></isbns><buy_links><buy_link><name>Local Booksellers</name><url>http://www.indiebound.org/book/9780446554008?aff=NYT</url></buy_link><buy_link><name>Barnes and Noble</name><url>http://www.anrdoezrs.net/click-7990613-11819508?url=http%3A%2F%2Fwww.barnesandnoble.com%2Fw%2F%3Fean%3D9780446554008</url></buy_link><buy_link><name>Amazon</name><url>http://www.amazon.com/The-Fifth-Assassin-Brad-Meltzer-ebook/dp/B007ZFIW44?tag=NYTBS-20</url></buy_link></buy_links></book><book><rank>15</rank><rank_last_week>0</rank_last_week><weeks_on_list>21</weeks_on_list><asterisk>0</asterisk><dagger>0</dagger><primary_isbn10>None</primary_isbn10><primary_isbn13>9781101604786</primary_isbn13><publisher>Penguin Group</publisher><description>Two troubled people develop an intense, obsessive relationship.</description><price>0</price><title>BARED TO YOU</title><author>Sylvia Day</author><contributor>by Sylvia Day</contributor><contributor_note></contributor_note><book_image>https://s1.nyt.com/du/books/images/9780425263907.jpg</book_image><book_image_width>308</book_image_width><book_image_height>475</book_image_height><amazon_product_url>http://www.amazon.com/Bared-You-A-Crossfire-Novel-ebook/dp/B00846REIS?tag=NYTBS-20</amazon_product_url><age_group></age_group><book_review_link></book_review_link><first_chapter_link></first_chapter_link><sunday_review_link></sunday_review_link><article_chapter_link></article_chapter_link><isbns><isbn><isbn10>0982857195</isbn10><isbn13>9780982857199</isbn13></isbn><isbn><isbn10>0985114606</isbn10><isbn13>9780985114602</isbn13></isbn><isbn><isbn10>0425263908</isbn10><isbn13>9780425263907</isbn13></isbn></isbns><buy_links><buy_link><name>Local Booksellers</name><url>http://www.indiebound.org/book/9781101604786?aff=NYT</url></buy_link><buy_link><name>Barnes and Noble</name><url>http://www.anrdoezrs.net/click-7990613-11819508?url=http%3A%2F%2Fwww.barnesandnoble.com%2Fw%2F%3Fean%3D9781101604786</url></buy_link><buy_link><name>Amazon</name><url>http://www.amazon.com/Bared-You-A-Crossfire-Novel-ebook/dp/B00846REIS?tag=NYTBS-20</url></buy_link></buy_links></book><book><rank>16</rank><rank_last_week>0</rank_last_week><weeks_on_list>0</weeks_on_list><asterisk>0</asterisk><dagger>0</dagger><primary_isbn10>None</primary_isbn10><primary_isbn13>9781101604915</primary_isbn13><publisher>Penguin Group</publisher><description>The sensual story that began in "Bared to You" continues, as Eva and Gideon learn more about each other and deal with unexpected challenges.</description><price>0</price><title>REFLECTED IN YOU</title><author>Sylvia Day</author><contributor>by Sylvia Day</contributor><contributor_note></contributor_note><book_image>https://s1.nyt.com/du/books/images/9781101604915.jpg</book_image><book_image_width>128</book_image_width><book_image_height>192</book_image_height><amazon_product_url>http://www.amazon.com/Reflected-You-Crossfire-Sylvia-Day/dp/0425263916?tag=NYTBS-20</amazon_product_url><age_group></age_group><book_review_link></book_review_link><first_chapter_link></first_chapter_link><sunday_review_link></sunday_review_link><article_chapter_link></article_chapter_link><isbns><isbn><isbn10>0425263916</isbn10><isbn13>9780425263914</isbn13></isbn></isbns><buy_links><buy_link><name>Local Booksellers</name><url>http://www.indiebound.org/book/9781101604915?aff=NYT</url></buy_link><buy_link><name>Barnes and Noble</name><url>http://www.anrdoezrs.net/click-7990613-11819508?url=http%3A%2F%2Fwww.barnesandnoble.com%2Fw%2F%3Fean%3D9781101604915</url></buy_link><buy_link><name>Amazon</name><url>http://www.amazon.com/Reflected-You-Crossfire-Sylvia-Day/dp/0425263916?tag=NYTBS-20</url></buy_link></buy_links></book><book><rank>17</rank><rank_last_week>0</rank_last_week><weeks_on_list>0</weeks_on_list><asterisk>0</asterisk><dagger>0</dagger><primary_isbn10>0316069442</primary_isbn10><primary_isbn13>9780316069441</primary_isbn13><publisher><![CDATA[Little, Brown & Company]]></publisher><description>In a case that spans 20 years, the Los Angeles detective Harry Bosch links a recent crime to the killing of a photographer amid the 1992 race riots. </description><price>0</price><title>THE BLACK BOX</title><author>Michael Connelly</author><contributor>by Michael Connelly</contributor><contributor_note></contributor_note><book_image>https://s1.nyt.com/du/books/images/9780316069441.jpg</book_image><book_image_width>128</book_image_width><book_image_height>195</book_image_height><amazon_product_url>http://www.amazon.com/The-Black-Harry-Bosch-Novel-ebook/dp/B0076DELIG?tag=NYTBS-20</amazon_product_url><age_group></age_group><book_review_link></book_review_link><first_chapter_link></first_chapter_link><sunday_review_link></sunday_review_link><article_chapter_link></article_chapter_link><isbns><isbn><isbn10>0316069434</isbn10><isbn13>9780316069434</isbn13></isbn><isbn><isbn10>0316069442</isbn10><isbn13>9780316069441</isbn13></isbn><isbn><isbn10>0316069426</isbn10><isbn13>9780316069427</isbn13></isbn><isbn><isbn10>1455526959</isbn10><isbn13>9781455526956</isbn13></isbn><isbn><isbn10>0446556726</isbn10><isbn13>9780446556729</isbn13></isbn></isbns><buy_links><buy_link><name>Local Booksellers</name><url>http://www.indiebound.org/book/9780316069441?aff=NYT</url></buy_link><buy_link><name>Barnes and Noble</name><url>http://www.anrdoezrs.net/click-7990613-11819508?url=http%3A%2F%2Fwww.barnesandnoble.com%2Fw%2F%3Fean%3D9780316069441</url></buy_link><buy_link><name>Amazon</name><url>http://www.amazon.com/The-Black-Harry-Bosch-Novel-ebook/dp/B0076DELIG?tag=NYTBS-20</url></buy_link></buy_links></book><book><rank>18</rank><rank_last_week>0</rank_last_week><weeks_on_list>0</weeks_on_list><asterisk>0</asterisk><dagger>0</dagger><primary_isbn10>0765325950</primary_isbn10><primary_isbn13>9780765325952</primary_isbn13><publisher>Tor/Tom Doherty Associates</publisher><description>The 14th and final novel in the Wheel of Time fantasy series.</description><price>0</price><title>A MEMORY OF LIGHT</title><author>Robert Jordan and Brandon Sanderson</author><contributor>by Robert Jordan and Brandon Sanderson</contributor><contributor_note></contributor_note><book_image>https://s1.nyt.com/du/books/images/9781429997171.jpg</book_image><book_image_width>330</book_image_width><book_image_height>495</book_image_height><amazon_product_url>http://www.amazon.com/A-Memory-Light-Wheel-Time-ebook/dp/B00BMKDTNC?tag=NYTBS-20</amazon_product_url><age_group></age_group><book_review_link></book_review_link><first_chapter_link></first_chapter_link><sunday_review_link></sunday_review_link><article_chapter_link></article_chapter_link><isbns><isbn><isbn10>0765325950</isbn10><isbn13>9780765325952</isbn13></isbn><isbn><isbn10>1429997176</isbn10><isbn13>9781429997171</isbn13></isbn><isbn><isbn10>0765364883</isbn10><isbn13>9780765364883</isbn13></isbn></isbns><buy_links><buy_link><name>Local Booksellers</name><url>http://www.indiebound.org/book/9780765325952?aff=NYT</url></buy_link><buy_link><name>Barnes and Noble</name><url>http://www.anrdoezrs.net/click-7990613-11819508?url=http%3A%2F%2Fwww.barnesandnoble.com%2Fw%2F%3Fean%3D9780765325952</url></buy_link><buy_link><name>Amazon</name><url>http://www.amazon.com/A-Memory-Light-Wheel-Time-ebook/dp/B00BMKDTNC?tag=NYTBS-20</url></buy_link></buy_links></book><book><rank>19</rank><rank_last_week>0</rank_last_week><weeks_on_list>0</weeks_on_list><asterisk>0</asterisk><dagger>0</dagger><primary_isbn10>0547416113</primary_isbn10><primary_isbn13>9780547416113</primary_isbn13><publisher>Houghton Mifflin Harcourt</publisher><description>An allegory on the high seas, in which a teenage boy and a 450-pound tiger are thrown together in a lifeboat after a shipwreck.</description><price>0</price><title>LIFE OF PI</title><author>Yann Martel</author><contributor>by Yann Martel</contributor><contributor_note></contributor_note><book_image>https://s1.nyt.com/du/books/images/9780156027328.jpg</book_image><book_image_width>185</book_image_width><book_image_height>278</book_image_height><amazon_product_url>http://www.amazon.com/Life-Pi-Yann-Martel/dp/0547848412?tag=NYTBS-20</amazon_product_url><age_group></age_group><book_review_link></book_review_link><first_chapter_link></first_chapter_link><sunday_review_link></sunday_review_link><article_chapter_link></article_chapter_link><isbns><isbn><isbn10>0547848412</isbn10><isbn13>9780547848419</isbn13></isbn><isbn><isbn10>0156027321</isbn10><isbn13>9780156027328</isbn13></isbn><isbn><isbn10>0156030209</isbn10><isbn13>9780156030205</isbn13></isbn><isbn><isbn10>184195392X</isbn10><isbn13>9781841953922</isbn13></isbn><isbn><isbn10>0547416113</isbn10><isbn13>9780547416113</isbn13></isbn><isbn><isbn10>0547350651</isbn10><isbn13>9780547350653</isbn13></isbn><isbn><isbn10>0156035812</isbn10><isbn13>9780156035811</isbn13></isbn><isbn><isbn10>0151008116</isbn10><isbn13>9780151008117</isbn13></isbn><isbn><isbn10>184195425X</isbn10><isbn13>9781841954257</isbn13></isbn></isbns><buy_links><buy_link><name>Local Booksellers</name><url>http://www.indiebound.org/book/9780547416113?aff=NYT</url></buy_link><buy_link><name>Barnes and Noble</name><url>http://www.anrdoezrs.net/click-7990613-11819508?url=http%3A%2F%2Fwww.barnesandnoble.com%2Fw%2F%3Fean%3D9780547416113</url></buy_link><buy_link><name>Amazon</name><url>http://www.amazon.com/Life-Pi-Yann-Martel/dp/0547848412?tag=NYTBS-20</url></buy_link></buy_links></book><book><rank>20</rank><rank_last_week>0</rank_last_week><weeks_on_list>0</weeks_on_list><asterisk>0</asterisk><dagger>0</dagger><primary_isbn10>None</primary_isbn10><primary_isbn13>A00B00B385VCU</primary_isbn13><publisher>Gail McHugh</publisher><description>A young woman who has just graduated from college and lost her mother gives up her thoughtful boyfriend for a rich playboy.</description><price>0</price><title>COLLIDE</title><author>Gail McHugh</author><contributor>by Gail McHugh</contributor><contributor_note></contributor_note><book_image></book_image><book_image_width></book_image_width><book_image_height></book_image_height><amazon_product_url></amazon_product_url><age_group></age_group><book_review_link></book_review_link><first_chapter_link></first_chapter_link><sunday_review_link></sunday_review_link><article_chapter_link></article_chapter_link><isbns/><buy_links><buy_link><name>Local Booksellers</name><url><![CDATA[http://www.indiebound.org/search/book?searchfor=COLLIDE+Gail+McHugh&aff=NYT]]></url></buy_link><buy_link><name>Barnes and Noble</name><url>http://www.anrdoezrs.net/click-7990613-11819508?url=http%3A%2F%2Fwww.barnesandnoble.com%2Fs%2FCOLLIDE+Gail+McHugh</url></buy_link><buy_link><name>Amazon</name><url><![CDATA[https://www.amazon.com/gp/search?index=books&tag=NYTBS-20&field-keywords=COLLIDE+Gail+McHugh]]></url></buy_link></buy_links></book></books><corrections/></results></result_set>
