<?xml version="1.0" encoding="UTF-8"?>
<result_set><status>OK</status><copyright>Copyright (c) 2018 The New York Times Company.  All Rights Reserved.</copyright><num_results>20</num_results><last_modified>2017-03-21T13:38:01-04:00</last_modified><results><list_name>Combined Print and E-Book Fiction</list_name><list_name_encoded>combined-print-and-e-book-fiction</list_name_encoded><bestsellers_date>2016-11-05</bestsellers_date><published_date>2016-11-20</published_date><published_date_description></published_date_description><next_published_date>2016-11-27</next_published_date><previous_published_date>2016-11-13</previous_published_date><display_name><![CDATA[Combined Print & E-Book Fiction]]></display_name><normal_list_ends_at>15</normal_list_ends_at><updated>WEEKLY</updated><books><book><rank>1</rank><rank_last_week>0</rank_last_week><weeks_on_list>1</weeks_on_list><asterisk>0</asterisk><dagger>0</dagger><primary_isbn10>0316225959</primary_isbn10><primary_isbn13>9780316225953</primary_isbn13><publisher>Little, Brown</publisher><description>The detective Harry Bosch helps a small police department track a serial rapist, while as a P.I. he aids a billionaire in search of a possible heir.</description><price>0</price><title>THE WRONG SIDE OF GOODBYE</title><author>Michael Connelly</author><contributor>by Michael Connelly</contributor><contributor_note></contributor_note><book_image>https://s1.nyt.com/du/books/images/9780316225953.jpg</book_image><book_image_width>327</book_image_width><book_image_height>495</book_image_height><amazon_product_url>https://www.amazon.com/Wrong-Goodbye-Harry-Bosch-Novel-ebook/dp/B01BU1ITMI?tag=NYTBS-20</amazon_product_url><age_group></age_group><book_review_link></book_review_link><first_chapter_link></first_chapter_link><sunday_review_link></sunday_review_link><article_chapter_link></article_chapter_link><isbns><isbn><isbn10>0316225940</isbn10><isbn13>9780316225946</isbn13></isbn><isbn><isbn10>0316396753</isbn10><isbn13>9780316396752</isbn13></isbn><isbn><isbn10>0316225959</isbn10><isbn13>9780316225953</isbn13></isbn><isbn><isbn10>1455524212</isbn10><isbn13>9781455524211</isbn13></isbn></isbns><buy_links><buy_link><name>Local Booksellers</name><url>http://www.indiebound.org/book/9780316225953?aff=NYT</url></buy_link><buy_link><name>Barnes and Noble</name><url>http://www.anrdoezrs.net/click-7990613-11819508?url=http%3A%2F%2Fwww.barnesandnoble.com%2Fw%2F%3Fean%3D9780316225953</url></buy_link><buy_link><name>Amazon</name><url>https://www.amazon.com/Wrong-Goodbye-Harry-Bosch-Novel-ebook/dp/B01BU1ITMI?tag=NYTBS-20</url></buy_link></buy_links></book><book><rank>2</rank><rank_last_week>1</rank_last_week><weeks_on_list>2</weeks_on_list><asterisk>0</asterisk><dagger>0</dagger><primary_isbn10>0385541198</primary_isbn10><primary_isbn13>9780385541190</primary_isbn13><publisher>Doubleday</publisher><description>A whistleblower alerts a Florida investigator to judicial corruption involving the Mob and Indian casinos.</description><price>0</price><title>THE WHISTLER</title><author>John Grisham</author><contributor>by John Grisham</contributor><contributor_note></contributor_note><book_image>https://s1.nyt.com/du/books/images/9780385541206.jpg</book_image><book_image_width>326</book_image_width><book_image_height>495</book_image_height><amazon_product_url>https://www.amazon.com/Whistler-John-Grisham-ebook/dp/B01C1LUFFK?tag=NYTBS-20</amazon_product_url><age_group></age_group><book_review_link>https://www.nytimes.com/2016/11/06/books/review/john-grisham-whistler.html</book_review_link><first_chapter_link></first_chapter_link><sunday_review_link></sunday_review_link><article_chapter_link></article_chapter_link><isbns><isbn><isbn10>0385541198</isbn10><isbn13>9780385541190</isbn13></isbn><isbn><isbn10>0385541201</isbn10><isbn13>9780385541206</isbn13></isbn><isbn><isbn10>0385541570</isbn10><isbn13>9780385541572</isbn13></isbn><isbn><isbn10>1101967676</isbn10><isbn13>9781101967676</isbn13></isbn><isbn><isbn10>1101967684</isbn10><isbn13>9781101967683</isbn13></isbn></isbns><buy_links><buy_link><name>Local Booksellers</name><url>http://www.indiebound.org/book/9780385541190?aff=NYT</url></buy_link><buy_link><name>Barnes and Noble</name><url>http://www.anrdoezrs.net/click-7990613-11819508?url=http%3A%2F%2Fwww.barnesandnoble.com%2Fw%2F%3Fean%3D9780385541190</url></buy_link><buy_link><name>Amazon</name><url>https://www.amazon.com/Whistler-John-Grisham-ebook/dp/B01C1LUFFK?tag=NYTBS-20</url></buy_link></buy_links></book><book><rank>3</rank><rank_last_week>2</rank_last_week><weeks_on_list>89</weeks_on_list><asterisk>0</asterisk><dagger>0</dagger><primary_isbn10>1594634025</primary_isbn10><primary_isbn13>9781594634024</primary_isbn13><publisher>Riverhead</publisher><description>A psychological thriller set in the environs of London is full of complications and betrayals.</description><price>0</price><title>THE GIRL ON THE TRAIN</title><author>Paula Hawkins</author><contributor>by Paula Hawkins</contributor><contributor_note></contributor_note><book_image>https://s1.nyt.com/du/books/images/9781594633669.jpg</book_image><book_image_width>312</book_image_width><book_image_height>495</book_image_height><amazon_product_url>http://www.amazon.com/The-Girl-Train-A-Novel-ebook/dp/B00L9B7IKE?tag=NYTBS-20</amazon_product_url><age_group></age_group><book_review_link>https://www.nytimes.com/2015/01/05/books/the-girl-on-the-train-by-paula-hawkins.html</book_review_link><first_chapter_link></first_chapter_link><sunday_review_link>https://www.nytimes.com/2015/02/01/books/review/the-girl-on-the-train-by-paula-hawkins.html</sunday_review_link><article_chapter_link></article_chapter_link><isbns><isbn><isbn10>1594633665</isbn10><isbn13>9781594633669</isbn13></isbn><isbn><isbn10>0698185390</isbn10><isbn13>9780698185395</isbn13></isbn><isbn><isbn10>1410477762</isbn10><isbn13>9781410477767</isbn13></isbn><isbn><isbn10>0857522329</isbn10><isbn13>9780857522320</isbn13></isbn><isbn><isbn10>1448171687</isbn10><isbn13>9781448171682</isbn13></isbn><isbn><isbn10>1594634122</isbn10><isbn13>9781594634123</isbn13></isbn><isbn><isbn10>038568231X</isbn10><isbn13>9780385682312</isbn13></isbn><isbn><isbn10>1594634025</isbn10><isbn13>9781594634024</isbn13></isbn><isbn><isbn10>0735212155</isbn10><isbn13>9780735212152</isbn13></isbn><isbn><isbn10>0735212163</isbn10><isbn13>9780735212169</isbn13></isbn><isbn><isbn10>1432834355</isbn10><isbn13>9781432834357</isbn13></isbn></isbns><buy_links><buy_link><name>Local Booksellers</name><url>http://www.indiebound.org/book/9781594634024?aff=NYT</url></buy_link><buy_link><name>Barnes and Noble</name><url>http://www.anrdoezrs.net/click-7990613-11819508?url=http%3A%2F%2Fwww.barnesandnoble.com%2Fw%2F%3Fean%3D9781594634024</url></buy_link><buy_link><name>Amazon</name><url>http://www.amazon.com/The-Girl-Train-A-Novel-ebook/dp/B00L9B7IKE?tag=NYTBS-20</url></buy_link></buy_links></book><book><rank>4</rank><rank_last_week>0</rank_last_week><weeks_on_list>1</weeks_on_list><asterisk>0</asterisk><dagger>0</dagger><primary_isbn10>1101883863</primary_isbn10><primary_isbn13>9781101883860</primary_isbn13><publisher>Delacorte</publisher><description>The war looms large over a fashionable Frenchwoman.</description><price>0</price><title>THE AWARD</title><author>Danielle Steel</author><contributor>by Danielle Steel</contributor><contributor_note></contributor_note><book_image>https://s1.nyt.com/du/books/images/9781101883860.jpg</book_image><book_image_width>326</book_image_width><book_image_height>495</book_image_height><amazon_product_url>https://www.amazon.com/Award-Novel-Danielle-Steel-ebook/dp/B01BJSRSF6?tag=NYTBS-20</amazon_product_url><age_group></age_group><book_review_link></book_review_link><first_chapter_link></first_chapter_link><sunday_review_link></sunday_review_link><article_chapter_link></article_chapter_link><isbns><isbn><isbn10>1101883855</isbn10><isbn13>9781101883853</isbn13></isbn><isbn><isbn10>1101883863</isbn10><isbn13>9781101883860</isbn13></isbn><isbn><isbn10>0735210020</isbn10><isbn13>9780735210028</isbn13></isbn></isbns><buy_links><buy_link><name>Local Booksellers</name><url>http://www.indiebound.org/book/9781101883860?aff=NYT</url></buy_link><buy_link><name>Barnes and Noble</name><url>http://www.anrdoezrs.net/click-7990613-11819508?url=http%3A%2F%2Fwww.barnesandnoble.com%2Fw%2F%3Fean%3D9781101883860</url></buy_link><buy_link><name>Amazon</name><url>https://www.amazon.com/Award-Novel-Danielle-Steel-ebook/dp/B01BJSRSF6?tag=NYTBS-20</url></buy_link></buy_links></book><book><rank>5</rank><rank_last_week>5</rank_last_week><weeks_on_list>5</weeks_on_list><asterisk>0</asterisk><dagger>0</dagger><primary_isbn10>1455520691</primary_isbn10><primary_isbn13>9781455520695</primary_isbn13><publisher>Grand Central</publisher><description>A man who became a single father when his marriage and business collapsed learns to take a chance on a new love.</description><price>0</price><title>TWO BY TWO</title><author>Nicholas Sparks</author><contributor>by Nicholas Sparks</contributor><contributor_note></contributor_note><book_image>https://s1.nyt.com/du/books/images/9781455520701.jpg</book_image><book_image_width>330</book_image_width><book_image_height>494</book_image_height><amazon_product_url>http://www.amazon.com/Two-Nicholas-Sparks-ebook/dp/B01ER6Z7RI?tag=NYTBS-20</amazon_product_url><age_group></age_group><book_review_link></book_review_link><first_chapter_link></first_chapter_link><sunday_review_link></sunday_review_link><article_chapter_link></article_chapter_link><isbns><isbn><isbn10>1455520691</isbn10><isbn13>9781455520695</isbn13></isbn><isbn><isbn10>1455520705</isbn10><isbn13>9781455520701</isbn13></isbn><isbn><isbn10>1455541583</isbn10><isbn13>9781455541584</isbn13></isbn><isbn><isbn10>1455520683</isbn10><isbn13>9781455520688</isbn13></isbn><isbn><isbn10>1455520675</isbn10><isbn13>9781455520671</isbn13></isbn></isbns><buy_links><buy_link><name>Local Booksellers</name><url>http://www.indiebound.org/book/9781455520695?aff=NYT</url></buy_link><buy_link><name>Barnes and Noble</name><url>http://www.anrdoezrs.net/click-7990613-11819508?url=http%3A%2F%2Fwww.barnesandnoble.com%2Fw%2F%3Fean%3D9781455520695</url></buy_link><buy_link><name>Amazon</name><url>http://www.amazon.com/Two-Nicholas-Sparks-ebook/dp/B01ER6Z7RI?tag=NYTBS-20</url></buy_link></buy_links></book><book><rank>6</rank><rank_last_week>7</rank_last_week><weeks_on_list>24</weeks_on_list><asterisk>0</asterisk><dagger>0</dagger><primary_isbn10>1476738025</primary_isbn10><primary_isbn13>9781476738024</primary_isbn13><publisher>Washington Square</publisher><description>A curmudgeon's gruff exterior masks a generosity of spirit. Originally published in Sweden in 2014.</description><price>0</price><title>A MAN CALLED OVE</title><author>Fredrik Backman</author><contributor>by Fredrik Backman</contributor><contributor_note></contributor_note><book_image>https://s1.nyt.com/du/books/images/9781476738024.jpg</book_image><book_image_width>318</book_image_width><book_image_height>495</book_image_height><amazon_product_url>http://www.amazon.com/Man-Called-Ove-Novel/dp/1476738025?tag=NYTBS-20</amazon_product_url><age_group></age_group><book_review_link></book_review_link><first_chapter_link></first_chapter_link><sunday_review_link></sunday_review_link><article_chapter_link></article_chapter_link><isbns><isbn><isbn10>1476738025</isbn10><isbn13>9781476738024</isbn13></isbn><isbn><isbn10>1476738017</isbn10><isbn13>9781476738017</isbn13></isbn><isbn><isbn10>1594139830</isbn10><isbn13>9781594139833</isbn13></isbn><isbn><isbn10>1410472922</isbn10><isbn13>9781410472922</isbn13></isbn></isbns><buy_links><buy_link><name>Local Booksellers</name><url>http://www.indiebound.org/book/9781476738024?aff=NYT</url></buy_link><buy_link><name>Barnes and Noble</name><url>http://www.anrdoezrs.net/click-7990613-11819508?url=http%3A%2F%2Fwww.barnesandnoble.com%2Fw%2F%3Fean%3D9781476738024</url></buy_link><buy_link><name>Amazon</name><url>http://www.amazon.com/Man-Called-Ove-Novel/dp/1476738025?tag=NYTBS-20</url></buy_link></buy_links></book><book><rank>7</rank><rank_last_week>4</rank_last_week><weeks_on_list>4</weeks_on_list><asterisk>0</asterisk><dagger>0</dagger><primary_isbn10>034554496X</primary_isbn10><primary_isbn13>9780345544964</primary_isbn13><publisher>Ballantine</publisher><description>A medical crisis entangles a black nurse, a white supremacist father and a white lawyer.</description><price>0</price><title>SMALL GREAT THINGS</title><author>Jodi Picoult</author><contributor>by Jodi Picoult</contributor><contributor_note></contributor_note><book_image>https://s1.nyt.com/du/books/images/9780345544964.jpg</book_image><book_image_width>330</book_image_width><book_image_height>491</book_image_height><amazon_product_url>http://www.amazon.com/Small-Great-Things-Jodi-Picoult-ebook/dp/B01AQNYZ3I?tag=NYTBS-20</amazon_product_url><age_group></age_group><book_review_link>https://www.nytimes.com/2016/10/16/books/review/jodi-picoult-small-great-things-roxane-gay.html</book_review_link><first_chapter_link></first_chapter_link><sunday_review_link></sunday_review_link><article_chapter_link></article_chapter_link><isbns><isbn><isbn10>0345544951</isbn10><isbn13>9780345544957</isbn13></isbn><isbn><isbn10>034554496X</isbn10><isbn13>9780345544964</isbn13></isbn><isbn><isbn10>1410463745</isbn10><isbn13>9781410463746</isbn13></isbn><isbn><isbn10>0425286010</isbn10><isbn13>9780425286012</isbn13></isbn><isbn><isbn10>0345544978</isbn10><isbn13>9780345544971</isbn13></isbn></isbns><buy_links><buy_link><name>Local Booksellers</name><url>http://www.indiebound.org/book/9780345544964?aff=NYT</url></buy_link><buy_link><name>Barnes and Noble</name><url>http://www.anrdoezrs.net/click-7990613-11819508?url=http%3A%2F%2Fwww.barnesandnoble.com%2Fw%2F%3Fean%3D9780345544964</url></buy_link><buy_link><name>Amazon</name><url>http://www.amazon.com/Small-Great-Things-Jodi-Picoult-ebook/dp/B01AQNYZ3I?tag=NYTBS-20</url></buy_link></buy_links></book><book><rank>8</rank><rank_last_week>6</rank_last_week><weeks_on_list>3</weeks_on_list><asterisk>0</asterisk><dagger>0</dagger><primary_isbn10>None</primary_isbn10><primary_isbn13>9780698152670</primary_isbn13><publisher>Putnam</publisher><description>Virgil Flowers of the Minnesota Bureau of Criminal Apprehension must deal with the theft of tigers from the local zoo.</description><price>0</price><title>ESCAPE CLAUSE</title><author>John Sandford</author><contributor>by John Sandford</contributor><contributor_note></contributor_note><book_image>https://s1.nyt.com/du/books/images/9780399168918.jpg</book_image><book_image_width>328</book_image_width><book_image_height>495</book_image_height><amazon_product_url>https://www.amazon.com/Escape-Clause-Virgil-Flowers-Novel/dp/0399168915?tag=NYTBS-20</amazon_product_url><age_group></age_group><book_review_link></book_review_link><first_chapter_link></first_chapter_link><sunday_review_link></sunday_review_link><article_chapter_link></article_chapter_link><isbns><isbn><isbn10>0399168915</isbn10><isbn13>9780399168918</isbn13></isbn><isbn><isbn10>1524708720</isbn10><isbn13>9781524708726</isbn13></isbn></isbns><buy_links><buy_link><name>Local Booksellers</name><url>http://www.indiebound.org/book/9780698152670?aff=NYT</url></buy_link><buy_link><name>Barnes and Noble</name><url>http://www.anrdoezrs.net/click-7990613-11819508?url=http%3A%2F%2Fwww.barnesandnoble.com%2Fw%2F%3Fean%3D9780698152670</url></buy_link><buy_link><name>Amazon</name><url>https://www.amazon.com/Escape-Clause-Virgil-Flowers-Novel/dp/0399168915?tag=NYTBS-20</url></buy_link></buy_links></book><book><rank>9</rank><rank_last_week>0</rank_last_week><weeks_on_list>1</weeks_on_list><asterisk>0</asterisk><dagger>0</dagger><primary_isbn10></primary_isbn10><primary_isbn13>9780451488015</primary_isbn13><publisher>Berkley</publisher><description>An ancient order of angels convenes to determine a territory's fate.</description><price>0</price><title>ARCHANGEL'S HEART</title><author>Nalini Singh</author><contributor>by Nalini Singh</contributor><contributor_note></contributor_note><book_image>https://s1.nyt.com/du/books/images/9780451488008.jpg</book_image><book_image_width>307</book_image_width><book_image_height>495</book_image_height><amazon_product_url>https://www.amazon.com/Archangels-Heart-Guild-Hunter-Novel/dp/0451488008?tag=NYTBS-20</amazon_product_url><age_group></age_group><book_review_link></book_review_link><first_chapter_link></first_chapter_link><sunday_review_link></sunday_review_link><article_chapter_link></article_chapter_link><isbns><isbn><isbn10>0451488008</isbn10><isbn13>9780451488008</isbn13></isbn></isbns><buy_links><buy_link><name>Local Booksellers</name><url>http://www.indiebound.org/book/9780451488015?aff=NYT</url></buy_link><buy_link><name>Barnes and Noble</name><url>http://www.anrdoezrs.net/click-7990613-11819508?url=http%3A%2F%2Fwww.barnesandnoble.com%2Fw%2F%3Fean%3D9780451488015</url></buy_link><buy_link><name>Amazon</name><url>https://www.amazon.com/Archangels-Heart-Guild-Hunter-Novel/dp/0451488008?tag=NYTBS-20</url></buy_link></buy_links></book><book><rank>10</rank><rank_last_week>8</rank_last_week><weeks_on_list>4</weeks_on_list><asterisk>0</asterisk><dagger>0</dagger><primary_isbn10>1476783500</primary_isbn10><primary_isbn13>9781476783505</primary_isbn13><publisher>Emily Bestler/Atria</publisher><description>Vince Flynn’s character, the C.I.A. operative Mitch Rapp, uncovers a dangerous Russian plot. Flynn died in 2013.</description><price>0</price><title>VINCE FLYNN: ORDER TO KILL</title><author>Kyle Mills</author><contributor>by Kyle Mills</contributor><contributor_note></contributor_note><book_image>https://s1.nyt.com/du/books/images/9781476783505.jpg</book_image><book_image_width>327</book_image_width><book_image_height>495</book_image_height><amazon_product_url>http://www.amazon.com/Order-Kill-Novel-Mitch-Rapp-ebook/dp/B01CO34K8I?tag=NYTBS-20</amazon_product_url><age_group></age_group><book_review_link></book_review_link><first_chapter_link></first_chapter_link><sunday_review_link></sunday_review_link><article_chapter_link></article_chapter_link><isbns><isbn><isbn10>1476783489</isbn10><isbn13>9781476783482</isbn13></isbn><isbn><isbn10>1476783500</isbn10><isbn13>9781476783505</isbn13></isbn><isbn><isbn10>1471148319</isbn10><isbn13>9781471148316</isbn13></isbn></isbns><buy_links><buy_link><name>Local Booksellers</name><url>http://www.indiebound.org/book/9781476783505?aff=NYT</url></buy_link><buy_link><name>Barnes and Noble</name><url>http://www.anrdoezrs.net/click-7990613-11819508?url=http%3A%2F%2Fwww.barnesandnoble.com%2Fw%2F%3Fean%3D9781476783505</url></buy_link><buy_link><name>Amazon</name><url>http://www.amazon.com/Order-Kill-Novel-Mitch-Rapp-ebook/dp/B01CO34K8I?tag=NYTBS-20</url></buy_link></buy_links></book><book><rank>11</rank><rank_last_week>0</rank_last_week><weeks_on_list>1</weeks_on_list><asterisk>0</asterisk><dagger>0</dagger><primary_isbn10>1250121019</primary_isbn10><primary_isbn13>9781250121011</primary_isbn13><publisher>St. Martin’s</publisher><description>What cracks exist in an "it couple's" relationship?</description><price>0</price><title>BEHIND CLOSED DOORS</title><author>B A Paris</author><contributor>by B. A. Paris</contributor><contributor_note></contributor_note><book_image>https://s1.nyt.com/du/books/images/9781250121004.jpg</book_image><book_image_width>327</book_image_width><book_image_height>495</book_image_height><amazon_product_url>http://www.amazon.com/Behind-Closed-Doors-intriguing-psychological/dp/1250121000?tag=NYTBS-20</amazon_product_url><age_group></age_group><book_review_link></book_review_link><first_chapter_link></first_chapter_link><sunday_review_link></sunday_review_link><article_chapter_link></article_chapter_link><isbns><isbn><isbn10>1250121000</isbn10><isbn13>9781250121004</isbn13></isbn><isbn><isbn10>1250121019</isbn10><isbn13>9781250121011</isbn13></isbn><isbn><isbn10>1250132363</isbn10><isbn13>9781250132369</isbn13></isbn></isbns><buy_links><buy_link><name>Local Booksellers</name><url>http://www.indiebound.org/book/9781250121011?aff=NYT</url></buy_link><buy_link><name>Barnes and Noble</name><url>http://www.anrdoezrs.net/click-7990613-11819508?url=http%3A%2F%2Fwww.barnesandnoble.com%2Fw%2F%3Fean%3D9781250121011</url></buy_link><buy_link><name>Amazon</name><url>http://www.amazon.com/Behind-Closed-Doors-intriguing-psychological/dp/1250121000?tag=NYTBS-20</url></buy_link></buy_links></book><book><rank>12</rank><rank_last_week>0</rank_last_week><weeks_on_list>1</weeks_on_list><asterisk>0</asterisk><dagger>0</dagger><primary_isbn10>1942834209</primary_isbn10><primary_isbn13>9781942834205</primary_isbn13><publisher>BAAE</publisher><description>A woman's resistance to a Southern Lothario erodes.</description><price>0</price><title>SAY YOU WANT ME</title><author>Corinne Michaels</author><contributor>by Corinne Michaels</contributor><contributor_note></contributor_note><book_image>https://s1.nyt.com/du/books/images/9781942834205.jpg</book_image><book_image_width>314</book_image_width><book_image_height>495</book_image_height><amazon_product_url>https://www.amazon.com/Say-You-Want-Corinne-Michaels-ebook/dp/B01M8OXKPP?tag=NYTBS-20</amazon_product_url><age_group></age_group><book_review_link></book_review_link><first_chapter_link></first_chapter_link><sunday_review_link></sunday_review_link><article_chapter_link></article_chapter_link><isbns><isbn><isbn10>1942834209</isbn10><isbn13>9781942834205</isbn13></isbn></isbns><buy_links><buy_link><name>Local Booksellers</name><url>http://www.indiebound.org/book/9781942834205?aff=NYT</url></buy_link><buy_link><name>Barnes and Noble</name><url>http://www.anrdoezrs.net/click-7990613-11819508?url=http%3A%2F%2Fwww.barnesandnoble.com%2Fw%2F%3Fean%3D9781942834205</url></buy_link><buy_link><name>Amazon</name><url>https://www.amazon.com/Say-You-Want-Corinne-Michaels-ebook/dp/B01M8OXKPP?tag=NYTBS-20</url></buy_link></buy_links></book><book><rank>13</rank><rank_last_week>10</rank_last_week><weeks_on_list>35</weeks_on_list><asterisk>0</asterisk><dagger>0</dagger><primary_isbn10>1101972971</primary_isbn10><primary_isbn13>9781101972977</primary_isbn13><publisher>Anchor</publisher><description>The symbologist Robert Langdon, on the run in Florence, must decipher a series of codes created by a Dante-loving scientist.</description><price>0</price><title>INFERNO</title><author>Dan Brown</author><contributor>by Dan Brown</contributor><contributor_note></contributor_note><book_image>https://s1.nyt.com/du/books/images/9781400079155.jpg</book_image><book_image_width>276</book_image_width><book_image_height>495</book_image_height><amazon_product_url>http://www.amazon.com/Inferno-Robert-Langdon-Dan-Brown/dp/1400079152?tag=NYTBS-20</amazon_product_url><age_group></age_group><book_review_link>https://www.nytimes.com/2013/05/13/books/inferno-by-dan-brown.html</book_review_link><first_chapter_link></first_chapter_link><sunday_review_link></sunday_review_link><article_chapter_link></article_chapter_link><isbns><isbn><isbn10>0385537859</isbn10><isbn13>9780385537858</isbn13></isbn><isbn><isbn10>0345806484</isbn10><isbn13>9780345806482</isbn13></isbn><isbn><isbn10>0385537867</isbn10><isbn13>9780385537865</isbn13></isbn><isbn><isbn10>0804172269</isbn10><isbn13>9780804172264</isbn13></isbn><isbn><isbn10>0345806492</isbn10><isbn13>9780345806499</isbn13></isbn><isbn><isbn10>1400079152</isbn10><isbn13>9781400079155</isbn13></isbn><isbn><isbn10>1101972971</isbn10><isbn13>9781101972977</isbn13></isbn><isbn><isbn10>1101974117</isbn10><isbn13>9781101974117</isbn13></isbn><isbn><isbn10>0385539924</isbn10><isbn13>9780385539920</isbn13></isbn></isbns><buy_links><buy_link><name>Local Booksellers</name><url>http://www.indiebound.org/book/9781101972977?aff=NYT</url></buy_link><buy_link><name>Barnes and Noble</name><url>http://www.anrdoezrs.net/click-7990613-11819508?url=http%3A%2F%2Fwww.barnesandnoble.com%2Fw%2F%3Fean%3D9781101972977</url></buy_link><buy_link><name>Amazon</name><url>http://www.amazon.com/Inferno-Robert-Langdon-Dan-Brown/dp/1400079152?tag=NYTBS-20</url></buy_link></buy_links></book><book><rank>14</rank><rank_last_week>0</rank_last_week><weeks_on_list>1</weeks_on_list><asterisk>0</asterisk><dagger>0</dagger><primary_isbn10>1250105102</primary_isbn10><primary_isbn13>9781250105103</primary_isbn13><publisher>Morrow/HarperCollins</publisher><description>A disappearance devastates a web of lives.</description><price>0</price><title>THE LOST GIRLS</title><author>Allison Brennan</author><contributor>by Allison Brennan</contributor><contributor_note></contributor_note><book_image>https://s1.nyt.com/du/books/images/9781250105103.jpg</book_image><book_image_width>303</book_image_width><book_image_height>495</book_image_height><amazon_product_url>https://www.amazon.com/Lost-Girls-Novel-Kincaid-Novels-ebook/dp/B01E3PS8S8?tag=NYTBS-20</amazon_product_url><age_group></age_group><book_review_link></book_review_link><first_chapter_link></first_chapter_link><sunday_review_link></sunday_review_link><article_chapter_link></article_chapter_link><isbns><isbn><isbn10>1250105099</isbn10><isbn13>9781250105097</isbn13></isbn><isbn><isbn10>1250105102</isbn10><isbn13>9781250105103</isbn13></isbn></isbns><buy_links><buy_link><name>Local Booksellers</name><url>http://www.indiebound.org/book/9781250105103?aff=NYT</url></buy_link><buy_link><name>Barnes and Noble</name><url>http://www.anrdoezrs.net/click-7990613-11819508?url=http%3A%2F%2Fwww.barnesandnoble.com%2Fw%2F%3Fean%3D9781250105103</url></buy_link><buy_link><name>Amazon</name><url>https://www.amazon.com/Lost-Girls-Novel-Kincaid-Novels-ebook/dp/B01E3PS8S8?tag=NYTBS-20</url></buy_link></buy_links></book><book><rank>15</rank><rank_last_week>0</rank_last_week><weeks_on_list>1</weeks_on_list><asterisk>0</asterisk><dagger>0</dagger><primary_isbn10>0316361534</primary_isbn10><primary_isbn13>9780316361538</primary_isbn13><publisher>Little, Brown</publisher><description>Who's poisoning diners in New Orleans' swankiest restaurants?</description><price>0</price><title>KILLER CHEF</title><author>James Patterson and Jeffrey J Keyes</author><contributor>by James Patterson and Jeffrey J. Keyes</contributor><contributor_note></contributor_note><book_image>https://s1.nyt.com/du/books/images/9780316361538.jpg</book_image><book_image_width>330</book_image_width><book_image_height>467</book_image_height><amazon_product_url>https://www.amazon.com/Killer-Chef-BookShots-James-Patterson-ebook/dp/B01DASC6CS?tag=NYTBS-20</amazon_product_url><age_group></age_group><book_review_link></book_review_link><first_chapter_link></first_chapter_link><sunday_review_link></sunday_review_link><article_chapter_link></article_chapter_link><isbns><isbn><isbn10>0316317241</isbn10><isbn13>9780316317245</isbn13></isbn><isbn><isbn10>0316361534</isbn10><isbn13>9780316361538</isbn13></isbn></isbns><buy_links><buy_link><name>Local Booksellers</name><url>http://www.indiebound.org/book/9780316361538?aff=NYT</url></buy_link><buy_link><name>Barnes and Noble</name><url>http://www.anrdoezrs.net/click-7990613-11819508?url=http%3A%2F%2Fwww.barnesandnoble.com%2Fw%2F%3Fean%3D9780316361538</url></buy_link><buy_link><name>Amazon</name><url>https://www.amazon.com/Killer-Chef-BookShots-James-Patterson-ebook/dp/B01DASC6CS?tag=NYTBS-20</url></buy_link></buy_links></book><book><rank>16</rank><rank_last_week>0</rank_last_week><weeks_on_list>0</weeks_on_list><asterisk>0</asterisk><dagger>0</dagger><primary_isbn10>0062491814</primary_isbn10><primary_isbn13>9780062491817</primary_isbn13><publisher>Harper/HarperCollins</publisher><description>Five decades in the lives of two families remade by divorce.</description><price>0</price><title>COMMONWEALTH</title><author>Ann Patchett</author><contributor>by Ann Patchett</contributor><contributor_note></contributor_note><book_image>https://s1.nyt.com/du/books/images/9780062491817.jpg</book_image><book_image_width>329</book_image_width><book_image_height>495</book_image_height><amazon_product_url>http://www.amazon.com/Commonwealth-Ann-Patchett-ebook/dp/B019C40Z7M?tag=NYTBS-20</amazon_product_url><age_group></age_group><book_review_link>https://www.nytimes.com/2016/09/18/books/review/ann-patchett-commonwealth.html</book_review_link><first_chapter_link></first_chapter_link><sunday_review_link></sunday_review_link><article_chapter_link></article_chapter_link><isbns><isbn><isbn10>0062491792</isbn10><isbn13>9780062491794</isbn13></isbn><isbn><isbn10>0062491814</isbn10><isbn13>9780062491817</isbn13></isbn><isbn><isbn10>0062566873</isbn10><isbn13>9780062566874</isbn13></isbn><isbn><isbn10>0062491830</isbn10><isbn13>9780062491831</isbn13></isbn></isbns><buy_links><buy_link><name>Local Booksellers</name><url>http://www.indiebound.org/book/9780062491817?aff=NYT</url></buy_link><buy_link><name>Barnes and Noble</name><url>http://www.anrdoezrs.net/click-7990613-11819508?url=http%3A%2F%2Fwww.barnesandnoble.com%2Fw%2F%3Fean%3D9780062491817</url></buy_link><buy_link><name>Amazon</name><url>http://www.amazon.com/Commonwealth-Ann-Patchett-ebook/dp/B019C40Z7M?tag=NYTBS-20</url></buy_link></buy_links></book><book><rank>17</rank><rank_last_week>0</rank_last_week><weeks_on_list>0</weeks_on_list><asterisk>0</asterisk><dagger>0</dagger><primary_isbn10>1250083257</primary_isbn10><primary_isbn13>9781250083258</primary_isbn13><publisher><![CDATA[Farrar, Straus & Giroux]]></publisher><description>A satire on race in America, addressing subjects such as slavery, police violence and segregation. Winner of the Man Booker Prize.</description><price>0</price><title>THE SELLOUT</title><author>Paul Beatty</author><contributor>by Paul Beatty</contributor><contributor_note></contributor_note><book_image>https://s1.nyt.com/du/books/images/9781250083258.jpg</book_image><book_image_width>330</book_image_width><book_image_height>495</book_image_height><amazon_product_url>https://www.amazon.com/Sellout-Novel-Paul-Beatty/dp/1250083257?tag=NYTBS-20</amazon_product_url><age_group></age_group><book_review_link>https://www.nytimes.com/2015/04/12/books/review/paul-beatty-sellout.html</book_review_link><first_chapter_link></first_chapter_link><sunday_review_link>https://www.nytimes.com/2015/04/12/books/review/12bkr-young.t.html</sunday_review_link><article_chapter_link></article_chapter_link><isbns><isbn><isbn10>1250083257</isbn10><isbn13>9781250083258</isbn13></isbn><isbn><isbn10>0374712247</isbn10><isbn13>9780374712242</isbn13></isbn><isbn><isbn10>0374260508</isbn10><isbn13>9780374260507</isbn13></isbn></isbns><buy_links><buy_link><name>Local Booksellers</name><url>http://www.indiebound.org/book/9781250083258?aff=NYT</url></buy_link><buy_link><name>Barnes and Noble</name><url>http://www.anrdoezrs.net/click-7990613-11819508?url=http%3A%2F%2Fwww.barnesandnoble.com%2Fw%2F%3Fean%3D9781250083258</url></buy_link><buy_link><name>Amazon</name><url>https://www.amazon.com/Sellout-Novel-Paul-Beatty/dp/1250083257?tag=NYTBS-20</url></buy_link></buy_links></book><book><rank>18</rank><rank_last_week>0</rank_last_week><weeks_on_list>0</weeks_on_list><asterisk>0</asterisk><dagger>0</dagger><primary_isbn10>1455524158</primary_isbn10><primary_isbn13>9781455524150</primary_isbn13><publisher>Little, Brown</publisher><description>The retired detective Harry Bosch reluctantly agrees to help his half brother, a defense attorney.</description><price>0</price><title>THE CROSSING</title><author>Michael Connelly</author><contributor>by Michael Connelly</contributor><contributor_note></contributor_note><book_image>https://s1.nyt.com/du/books/images/9780316225892.jpg</book_image><book_image_width>320</book_image_width><book_image_height>495</book_image_height><amazon_product_url>http://www.amazon.com/The-Crossing-Harry-Bosch-Novel-ebook/dp/B00U6DNZOY?tag=NYTBS-20</amazon_product_url><age_group></age_group><book_review_link></book_review_link><first_chapter_link></first_chapter_link><sunday_review_link></sunday_review_link><article_chapter_link></article_chapter_link><isbns><isbn><isbn10>0316225886</isbn10><isbn13>9780316225885</isbn13></isbn><isbn><isbn10>0316387797</isbn10><isbn13>9780316387798</isbn13></isbn><isbn><isbn10>0316225894</isbn10><isbn13>9780316225892</isbn13></isbn><isbn><isbn10>145552414X</isbn10><isbn13>9781455524143</isbn13></isbn><isbn><isbn10>1455524158</isbn10><isbn13>9781455524150</isbn13></isbn></isbns><buy_links><buy_link><name>Local Booksellers</name><url>http://www.indiebound.org/book/9781455524150?aff=NYT</url></buy_link><buy_link><name>Barnes and Noble</name><url>http://www.anrdoezrs.net/click-7990613-11819508?url=http%3A%2F%2Fwww.barnesandnoble.com%2Fw%2F%3Fean%3D9781455524150</url></buy_link><buy_link><name>Amazon</name><url>http://www.amazon.com/The-Crossing-Harry-Bosch-Novel-ebook/dp/B00U6DNZOY?tag=NYTBS-20</url></buy_link></buy_links></book><book><rank>19</rank><rank_last_week>0</rank_last_week><weeks_on_list>0</weeks_on_list><asterisk>0</asterisk><dagger>0</dagger><primary_isbn10>None</primary_isbn10><primary_isbn13>9781625795465</primary_isbn13><publisher>Baen Books</publisher><description></description><price>0</price><title>SHADOW OF VICTORY</title><author>David Weber</author><contributor>by David Weber</contributor><contributor_note></contributor_note><book_image>https://s1.nyt.com/du/books/images/9781625795465.jpg</book_image><book_image_width>326</book_image_width><book_image_height>495</book_image_height><amazon_product_url>https://www.amazon.com/Shadow-Victory-Honor-Harrington-David/dp/1476781826?tag=NYTBS-20</amazon_product_url><age_group></age_group><book_review_link></book_review_link><first_chapter_link></first_chapter_link><sunday_review_link></sunday_review_link><article_chapter_link></article_chapter_link><isbns><isbn><isbn10>1476781826</isbn10><isbn13>9781476781822</isbn13></isbn></isbns><buy_links><buy_link><name>Local Booksellers</name><url>http://www.indiebound.org/book/9781625795465?aff=NYT</url></buy_link><buy_link><name>Barnes and Noble</name><url>http://www.anrdoezrs.net/click-7990613-11819508?url=http%3A%2F%2Fwww.barnesandnoble.com%2Fw%2F%3Fean%3D9781625795465</url></buy_link><buy_link><name>Amazon</name><url>https://www.amazon.com/Shadow-Victory-Honor-Harrington-David/dp/1476781826?tag=NYTBS-20</url></buy_link></buy_links></book><book><rank>20</rank><rank_last_week>0</rank_last_week><weeks_on_list>0</weeks_on_list><asterisk>0</asterisk><dagger>0</dagger><primary_isbn10>0997263636</primary_isbn10><primary_isbn13>9780997263633</primary_isbn13><publisher>KT Publishing</publisher><description></description><price>0</price><title>MR. PRESIDENT</title><author>Katy Evans</author><contributor>by Katy Evans</contributor><contributor_note></contributor_note><book_image>https://s1.nyt.com/du/books/images/9780997263633.jpg</book_image><book_image_width>310</book_image_width><book_image_height>495</book_image_height><amazon_product_url>https://www.amazon.com/Mr-President-White-House-Book-ebook/dp/B01LY39XCK?tag=NYTBS-20</amazon_product_url><age_group></age_group><book_review_link></book_review_link><first_chapter_link></first_chapter_link><sunday_review_link></sunday_review_link><article_chapter_link></article_chapter_link><isbns><isbn><isbn10>0997263636</isbn10><isbn13>9780997263633</isbn13></isbn></isbns><buy_links><buy_link><name>Local Booksellers</name><url>http://www.indiebound.org/book/9780997263633?aff=NYT</url></buy_link><buy_link><name>Barnes and Noble</name><url>http://www.anrdoezrs.net/click-7990613-11819508?url=http%3A%2F%2Fwww.barnesandnoble.com%2Fw%2F%3Fean%3D9780997263633</url></buy_link><buy_link><name>Amazon</name><url>https://www.amazon.com/Mr-President-White-House-Book-ebook/dp/B01LY39XCK?tag=NYTBS-20</url></buy_link></buy_links></book></books><corrections/></results></result_set>
