<?xml version="1.0" encoding="UTF-8"?>
<result_set><status>OK</status><copyright>Copyright (c) 2018 The New York Times Company.  All Rights Reserved.</copyright><num_results>20</num_results><last_modified>2017-03-21T13:38:01-04:00</last_modified><results><list_name>Combined Print and E-Book Fiction</list_name><list_name_encoded>combined-print-and-e-book-fiction</list_name_encoded><bestsellers_date>2015-06-20</bestsellers_date><published_date>2015-07-05</published_date><published_date_description></published_date_description><next_published_date>2015-07-12</next_published_date><previous_published_date>2015-06-28</previous_published_date><display_name><![CDATA[Combined Print & E-Book Fiction]]></display_name><normal_list_ends_at>15</normal_list_ends_at><updated>WEEKLY</updated><books><book><rank>1</rank><rank_last_week>0</rank_last_week><weeks_on_list>1</weeks_on_list><asterisk>0</asterisk><dagger>0</dagger><primary_isbn10>1101946350</primary_isbn10><primary_isbn13>9781101946350</primary_isbn13><publisher>Vintage</publisher><description>A sequel told from Christian's point of view.</description><price>0</price><title>GREY</title><author>E L James</author><contributor>by E. L. James</contributor><contributor_note></contributor_note><book_image>https://s1.nyt.com/du/books/images/9781101946350.jpg</book_image><book_image_width>322</book_image_width><book_image_height>495</book_image_height><amazon_product_url>http://www.amazon.com/Grey-Fifty-Shades-Told-Christian-ebook/dp/B00Y6QF0PE?tag=NYTBS-20</amazon_product_url><age_group></age_group><book_review_link></book_review_link><first_chapter_link></first_chapter_link><sunday_review_link></sunday_review_link><article_chapter_link></article_chapter_link><isbns><isbn><isbn10>1101946342</isbn10><isbn13>9781101946343</isbn13></isbn><isbn><isbn10>1784753254</isbn10><isbn13>9781784753252</isbn13></isbn><isbn><isbn10>1101946350</isbn10><isbn13>9781101946350</isbn13></isbn><isbn><isbn10>1101971541</isbn10><isbn13>9781101971543</isbn13></isbn><isbn><isbn10>1473535956</isbn10><isbn13>9781473535954</isbn13></isbn></isbns><buy_links><buy_link><name>Local Booksellers</name><url>http://www.indiebound.org/book/9781101946350?aff=NYT</url></buy_link><buy_link><name>Barnes and Noble</name><url>http://www.anrdoezrs.net/click-7990613-11819508?url=http%3A%2F%2Fwww.barnesandnoble.com%2Fw%2F%3Fean%3D9781101946350</url></buy_link><buy_link><name>Amazon</name><url>http://www.amazon.com/Grey-Fifty-Shades-Told-Christian-ebook/dp/B00Y6QF0PE?tag=NYTBS-20</url></buy_link></buy_links></book><book><rank>2</rank><rank_last_week>1</rank_last_week><weeks_on_list>23</weeks_on_list><asterisk>0</asterisk><dagger>0</dagger><primary_isbn10>0698185390</primary_isbn10><primary_isbn13>9780698185395</primary_isbn13><publisher>Riverhead</publisher><description>A psychological thriller set in the environs of London is full of complications and betrayals.</description><price>0</price><title>THE GIRL ON THE TRAIN</title><author>Paula Hawkins</author><contributor>by Paula Hawkins</contributor><contributor_note></contributor_note><book_image>https://s1.nyt.com/du/books/images/9781594633669.jpg</book_image><book_image_width>312</book_image_width><book_image_height>495</book_image_height><amazon_product_url>http://www.amazon.com/The-Girl-Train-A-Novel-ebook/dp/B00L9B7IKE?tag=NYTBS-20</amazon_product_url><age_group></age_group><book_review_link>https://www.nytimes.com/2015/01/05/books/the-girl-on-the-train-by-paula-hawkins.html</book_review_link><first_chapter_link></first_chapter_link><sunday_review_link>https://www.nytimes.com/2015/02/01/books/review/the-girl-on-the-train-by-paula-hawkins.html</sunday_review_link><article_chapter_link></article_chapter_link><isbns><isbn><isbn10>1594633665</isbn10><isbn13>9781594633669</isbn13></isbn><isbn><isbn10>0698185390</isbn10><isbn13>9780698185395</isbn13></isbn><isbn><isbn10>1410477762</isbn10><isbn13>9781410477767</isbn13></isbn><isbn><isbn10>0857522329</isbn10><isbn13>9780857522320</isbn13></isbn><isbn><isbn10>1448171687</isbn10><isbn13>9781448171682</isbn13></isbn><isbn><isbn10>1594634122</isbn10><isbn13>9781594634123</isbn13></isbn><isbn><isbn10>038568231X</isbn10><isbn13>9780385682312</isbn13></isbn><isbn><isbn10>1594634025</isbn10><isbn13>9781594634024</isbn13></isbn><isbn><isbn10>0735212155</isbn10><isbn13>9780735212152</isbn13></isbn><isbn><isbn10>0735212163</isbn10><isbn13>9780735212169</isbn13></isbn><isbn><isbn10>1432834355</isbn10><isbn13>9781432834357</isbn13></isbn></isbns><buy_links><buy_link><name>Local Booksellers</name><url>http://www.indiebound.org/book/9780698185395?aff=NYT</url></buy_link><buy_link><name>Barnes and Noble</name><url>http://www.anrdoezrs.net/click-7990613-11819508?url=http%3A%2F%2Fwww.barnesandnoble.com%2Fw%2F%3Fean%3D9780698185395</url></buy_link><buy_link><name>Amazon</name><url>http://www.amazon.com/The-Girl-Train-A-Novel-ebook/dp/B00L9B7IKE?tag=NYTBS-20</url></buy_link></buy_links></book><book><rank>3</rank><rank_last_week>0</rank_last_week><weeks_on_list>1</weeks_on_list><asterisk>0</asterisk><dagger>0</dagger><primary_isbn10>0316334502</primary_isbn10><primary_isbn13>9780316334501</primary_isbn13><publisher>Little, Brown</publisher><description>Two friends on Nantucket must deal with damaging gossip about themselves and their husbands.</description><price>0</price><title>THE RUMOR</title><author>Elin Hilderbrand</author><contributor>by Elin Hilderbrand</contributor><contributor_note></contributor_note><book_image>https://s1.nyt.com/du/books/images/9780316334501.jpg</book_image><book_image_width>330</book_image_width><book_image_height>494</book_image_height><amazon_product_url>http://www.amazon.com/The-Rumor-Novel-Elin-Hilderbrand-ebook/dp/B00O7X61S6?tag=NYTBS-20</amazon_product_url><age_group></age_group><book_review_link></book_review_link><first_chapter_link></first_chapter_link><sunday_review_link></sunday_review_link><article_chapter_link></article_chapter_link><isbns><isbn><isbn10>0316334529</isbn10><isbn13>9780316334525</isbn13></isbn><isbn><isbn10>0316334502</isbn10><isbn13>9780316334501</isbn13></isbn><isbn><isbn10>0316339350</isbn10><isbn13>9780316339353</isbn13></isbn></isbns><buy_links><buy_link><name>Local Booksellers</name><url>http://www.indiebound.org/book/9780316334501?aff=NYT</url></buy_link><buy_link><name>Barnes and Noble</name><url>http://www.anrdoezrs.net/click-7990613-11819508?url=http%3A%2F%2Fwww.barnesandnoble.com%2Fw%2F%3Fean%3D9780316334501</url></buy_link><buy_link><name>Amazon</name><url>http://www.amazon.com/The-Rumor-Novel-Elin-Hilderbrand-ebook/dp/B00O7X61S6?tag=NYTBS-20</url></buy_link></buy_links></book><book><rank>4</rank><rank_last_week>0</rank_last_week><weeks_on_list>1</weeks_on_list><asterisk>0</asterisk><dagger>0</dagger><primary_isbn10>None</primary_isbn10><primary_isbn13>9780698404861</primary_isbn13><publisher>Putnam</publisher><description>A former collaborator continues Clancy’s series about the covert intelligent expert Jack Ryan Jr. (Clancy died in 2013.)</description><price>0</price><title>TOM CLANCY UNDER FIRE</title><author>Grant Blackwood</author><contributor>by Grant Blackwood</contributor><contributor_note></contributor_note><book_image>https://s1.nyt.com/du/books/images/9780698404861.jpg</book_image><book_image_width>328</book_image_width><book_image_height>495</book_image_height><amazon_product_url>http://www.amazon.com/Clancy-Under-Fire-Jack-Novel-ebook/dp/B00TY3ZOBY?tag=NYTBS-20</amazon_product_url><age_group></age_group><book_review_link></book_review_link><first_chapter_link></first_chapter_link><sunday_review_link></sunday_review_link><article_chapter_link></article_chapter_link><isbns><isbn><isbn10>039917575X</isbn10><isbn13>9780399175756</isbn13></isbn><isbn><isbn10>0425283186</isbn10><isbn13>9780425283189</isbn13></isbn></isbns><buy_links><buy_link><name>Local Booksellers</name><url>http://www.indiebound.org/book/9780698404861?aff=NYT</url></buy_link><buy_link><name>Barnes and Noble</name><url>http://www.anrdoezrs.net/click-7990613-11819508?url=http%3A%2F%2Fwww.barnesandnoble.com%2Fw%2F%3Fean%3D9780698404861</url></buy_link><buy_link><name>Amazon</name><url>http://www.amazon.com/Clancy-Under-Fire-Jack-Novel-ebook/dp/B00TY3ZOBY?tag=NYTBS-20</url></buy_link></buy_links></book><book><rank>5</rank><rank_last_week>0</rank_last_week><weeks_on_list>1</weeks_on_list><asterisk>0</asterisk><dagger>0</dagger><primary_isbn10>None</primary_isbn10><primary_isbn13>9780345531025</primary_isbn13><publisher>Delacorte</publisher><description>After her husband’s sudden death, a woman falls in love with a country music superstar.</description><price>0</price><title>COUNTRY</title><author>Danielle Steel</author><contributor>by Danielle Steel</contributor><contributor_note></contributor_note><book_image>https://s1.nyt.com/du/books/images/9780345531025.jpg</book_image><book_image_width>328</book_image_width><book_image_height>495</book_image_height><amazon_product_url>http://www.amazon.com/Country-A-Novel-Danielle-Steel-ebook/dp/B00NRQLWJW?tag=NYTBS-20</amazon_product_url><age_group></age_group><book_review_link></book_review_link><first_chapter_link></first_chapter_link><sunday_review_link></sunday_review_link><article_chapter_link></article_chapter_link><isbns><isbn><isbn10>0345531000</isbn10><isbn13>9780345531001</isbn13></isbn><isbn><isbn10>0804194637</isbn10><isbn13>9780804194631</isbn13></isbn><isbn><isbn10>0345531019</isbn10><isbn13>9780345531018</isbn13></isbn></isbns><buy_links><buy_link><name>Local Booksellers</name><url>http://www.indiebound.org/book/9780345531025?aff=NYT</url></buy_link><buy_link><name>Barnes and Noble</name><url>http://www.anrdoezrs.net/click-7990613-11819508?url=http%3A%2F%2Fwww.barnesandnoble.com%2Fw%2F%3Fean%3D9780345531025</url></buy_link><buy_link><name>Amazon</name><url>http://www.amazon.com/Country-A-Novel-Danielle-Steel-ebook/dp/B00NRQLWJW?tag=NYTBS-20</url></buy_link></buy_links></book><book><rank>6</rank><rank_last_week>0</rank_last_week><weeks_on_list>1</weeks_on_list><asterisk>0</asterisk><dagger>0</dagger><primary_isbn10>None</primary_isbn10><primary_isbn13>9780446553957</primary_isbn13><publisher>Grand Central</publisher><description>In the third Culper Ring novel, a member of a secret society charged with protecting the presidency becomes involved when a severed arm is found in the White House Rose Garden.</description><price>0</price><title>THE PRESIDENT'S SHADOW</title><author>Brad Meltzer</author><contributor>by Brad Meltzer</contributor><contributor_note></contributor_note><book_image>https://s1.nyt.com/du/books/images/9780446553957.jpg</book_image><book_image_width>328</book_image_width><book_image_height>495</book_image_height><amazon_product_url>http://www.amazon.com/Presidents-Shadow-Culper-Ring-Series-ebook/dp/B00O7X61XG?tag=NYTBS-20</amazon_product_url><age_group></age_group><book_review_link></book_review_link><first_chapter_link></first_chapter_link><sunday_review_link></sunday_review_link><article_chapter_link></article_chapter_link><isbns><isbn><isbn10>044655393X</isbn10><isbn13>9780446553933</isbn13></isbn><isbn><isbn10>1455536563</isbn10><isbn13>9781455536566</isbn13></isbn><isbn><isbn10>0446553964</isbn10><isbn13>9780446553964</isbn13></isbn></isbns><buy_links><buy_link><name>Local Booksellers</name><url>http://www.indiebound.org/book/9780446553957?aff=NYT</url></buy_link><buy_link><name>Barnes and Noble</name><url>http://www.anrdoezrs.net/click-7990613-11819508?url=http%3A%2F%2Fwww.barnesandnoble.com%2Fw%2F%3Fean%3D9780446553957</url></buy_link><buy_link><name>Amazon</name><url>http://www.amazon.com/Presidents-Shadow-Culper-Ring-Series-ebook/dp/B00O7X61XG?tag=NYTBS-20</url></buy_link></buy_links></book><book><rank>7</rank><rank_last_week>2</rank_last_week><weeks_on_list>4</weeks_on_list><asterisk>0</asterisk><dagger>0</dagger><primary_isbn10>None</primary_isbn10><primary_isbn13>9780804139038</primary_isbn13><publisher>Crown</publisher><description>Abandoned by his crew, an astronaut embarks on a dogged quest to stay alive.</description><price>0</price><title>THE MARTIAN</title><author>Andy Weir</author><contributor>by Andy Weir</contributor><contributor_note></contributor_note><book_image>https://s1.nyt.com/du/books/images/9780804139038.jpg</book_image><book_image_width>128</book_image_width><book_image_height>194</book_image_height><amazon_product_url>http://www.amazon.com/The-Martian-Novel-Andy-Weir-ebook/dp/B00EMXBDMA?tag=NYTBS-20</amazon_product_url><age_group></age_group><book_review_link></book_review_link><first_chapter_link></first_chapter_link><sunday_review_link></sunday_review_link><article_chapter_link></article_chapter_link><isbns><isbn><isbn10>0804139024</isbn10><isbn13>9780804139021</isbn13></isbn><isbn><isbn10>0553418025</isbn10><isbn13>9780553418026</isbn13></isbn><isbn><isbn10>0091956145</isbn10><isbn13>9780091956141</isbn13></isbn><isbn><isbn10>1594138540</isbn10><isbn13>9781594138546</isbn13></isbn><isbn><isbn10>1101903589</isbn10><isbn13>9781101903582</isbn13></isbn><isbn><isbn10>110190500X</isbn10><isbn13>9781101905005</isbn13></isbn></isbns><buy_links><buy_link><name>Local Booksellers</name><url>http://www.indiebound.org/book/9780804139038?aff=NYT</url></buy_link><buy_link><name>Barnes and Noble</name><url>http://www.anrdoezrs.net/click-7990613-11819508?url=http%3A%2F%2Fwww.barnesandnoble.com%2Fw%2F%3Fean%3D9780804139038</url></buy_link><buy_link><name>Amazon</name><url>http://www.amazon.com/The-Martian-Novel-Andy-Weir-ebook/dp/B00EMXBDMA?tag=NYTBS-20</url></buy_link></buy_links></book><book><rank>8</rank><rank_last_week>4</rank_last_week><weeks_on_list>40</weeks_on_list><asterisk>0</asterisk><dagger>0</dagger><primary_isbn10>1476746583</primary_isbn10><primary_isbn13>9781476746586</primary_isbn13><publisher>Scribner</publisher><description>The lives of a blind French girl and a gadget-obsessed German boy before and during World War II; the winner of the 2015 Pulitzer Prize.</description><price>0</price><title>ALL THE LIGHT WE CANNOT SEE</title><author>Anthony Doerr</author><contributor>by Anthony Doerr</contributor><contributor_note></contributor_note><book_image>https://s1.nyt.com/du/books/images/9781476746586.jpg</book_image><book_image_width>128</book_image_width><book_image_height>192</book_image_height><amazon_product_url>http://www.amazon.com/All-Light-We-Cannot-See/dp/1476746583?tag=NYTBS-20</amazon_product_url><age_group></age_group><book_review_link></book_review_link><first_chapter_link></first_chapter_link><sunday_review_link>https://www.nytimes.com/2014/05/11/books/review/all-the-light-we-cannot-see-by-anthony-doerr.html</sunday_review_link><article_chapter_link></article_chapter_link><isbns><isbn><isbn10>1476746583</isbn10><isbn13>9781476746586</isbn13></isbn><isbn><isbn10>1410470229</isbn10><isbn13>9781410470225</isbn13></isbn><isbn><isbn10>1476746591</isbn10><isbn13>9781476746593</isbn13></isbn><isbn><isbn10>1501122835</isbn10><isbn13>9781501122835</isbn13></isbn><isbn><isbn10>0007548699</isbn10><isbn13>9780007548699</isbn13></isbn><isbn><isbn10>1501173219</isbn10><isbn13>9781501173219</isbn13></isbn></isbns><buy_links><buy_link><name>Local Booksellers</name><url>http://www.indiebound.org/book/9781476746586?aff=NYT</url></buy_link><buy_link><name>Barnes and Noble</name><url>http://www.anrdoezrs.net/click-7990613-11819508?url=http%3A%2F%2Fwww.barnesandnoble.com%2Fw%2F%3Fean%3D9781476746586</url></buy_link><buy_link><name>Amazon</name><url>http://www.amazon.com/All-Light-We-Cannot-See/dp/1476746583?tag=NYTBS-20</url></buy_link></buy_links></book><book><rank>9</rank><rank_last_week>3</rank_last_week><weeks_on_list>3</weeks_on_list><asterisk>0</asterisk><dagger>0</dagger><primary_isbn10>1501100076</primary_isbn10><primary_isbn13>9781501100079</primary_isbn13><publisher>Scribner</publisher><description>A deranged reader’s infatuation with a Salingeresque novelist has dangerous and long-lasting consequences.</description><price>0</price><title>FINDERS KEEPERS</title><author>Stephen King</author><contributor>by Stephen King</contributor><contributor_note></contributor_note><book_image>https://s1.nyt.com/du/books/images/9781501100130.jpg</book_image><book_image_width>326</book_image_width><book_image_height>495</book_image_height><amazon_product_url>http://www.amazon.com/Finders-Keepers-Novel-Stephen-King-ebook/dp/B00P42WROG?tag=NYTBS-20</amazon_product_url><age_group></age_group><book_review_link></book_review_link><first_chapter_link></first_chapter_link><sunday_review_link>https://www.nytimes.com/2015/05/31/books/review/stephen-kings-finders-keepers.html</sunday_review_link><article_chapter_link></article_chapter_link><isbns><isbn><isbn10>1501100076</isbn10><isbn13>9781501100079</isbn13></isbn><isbn><isbn10>1501100130</isbn10><isbn13>9781501100130</isbn13></isbn><isbn><isbn10>1410479501</isbn10><isbn13>9781410479501</isbn13></isbn><isbn><isbn10>1501100122</isbn10><isbn13>9781501100123</isbn13></isbn></isbns><buy_links><buy_link><name>Local Booksellers</name><url>http://www.indiebound.org/book/9781501100079?aff=NYT</url></buy_link><buy_link><name>Barnes and Noble</name><url>http://www.anrdoezrs.net/click-7990613-11819508?url=http%3A%2F%2Fwww.barnesandnoble.com%2Fw%2F%3Fean%3D9781501100079</url></buy_link><buy_link><name>Amazon</name><url>http://www.amazon.com/Finders-Keepers-Novel-Stephen-King-ebook/dp/B00P42WROG?tag=NYTBS-20</url></buy_link></buy_links></book><book><rank>10</rank><rank_last_week>6</rank_last_week><weeks_on_list>3</weeks_on_list><asterisk>0</asterisk><dagger>0</dagger><primary_isbn10>1101875054</primary_isbn10><primary_isbn13>9781101875056</primary_isbn13><publisher>Knopf</publisher><description>Secrets are revealed and love stories play out against the backdrop of a series of plane crashes in 1950s New Jersey.</description><price>0</price><title>IN THE UNLIKELY EVENT</title><author>Judy Blume</author><contributor>by Judy Blume</contributor><contributor_note></contributor_note><book_image>https://s1.nyt.com/du/books/images/9781101875056.jpg</book_image><book_image_width>330</book_image_width><book_image_height>491</book_image_height><amazon_product_url>http://www.amazon.com/In-Unlikely-Event-Judy-Blume-ebook/dp/B00R04MDYA?tag=NYTBS-20</amazon_product_url><age_group></age_group><book_review_link></book_review_link><first_chapter_link></first_chapter_link><sunday_review_link>https://www.nytimes.com/2015/05/31/books/review/judy-blumes-in-the-unlikely-event.html</sunday_review_link><article_chapter_link></article_chapter_link><isbns><isbn><isbn10>1101875046</isbn10><isbn13>9781101875049</isbn13></isbn><isbn><isbn10>1101875054</isbn10><isbn13>9781101875056</isbn13></isbn><isbn><isbn10>0804194769</isbn10><isbn13>9780804194761</isbn13></isbn><isbn><isbn10>1101873981</isbn10><isbn13>9781101873984</isbn13></isbn></isbns><buy_links><buy_link><name>Local Booksellers</name><url>http://www.indiebound.org/book/9781101875056?aff=NYT</url></buy_link><buy_link><name>Barnes and Noble</name><url>http://www.anrdoezrs.net/click-7990613-11819508?url=http%3A%2F%2Fwww.barnesandnoble.com%2Fw%2F%3Fean%3D9781101875056</url></buy_link><buy_link><name>Amazon</name><url>http://www.amazon.com/In-Unlikely-Event-Judy-Blume-ebook/dp/B00R04MDYA?tag=NYTBS-20</url></buy_link></buy_links></book><book><rank>11</rank><rank_last_week>7</rank_last_week><weeks_on_list>4</weeks_on_list><asterisk>0</asterisk><dagger>0</dagger><primary_isbn10>145558231X</primary_isbn10><primary_isbn13>9781455582310</primary_isbn13><publisher>Grand Central</publisher><description>A surveillance expert monitors the activities of a newly resurgent Russia.</description><price>0</price><title>RADIANT ANGEL</title><author>Nelson DeMille</author><contributor>by Nelson DeMille</contributor><contributor_note></contributor_note><book_image>https://s1.nyt.com/du/books/images/9780446580854.jpg</book_image><book_image_width>324</book_image_width><book_image_height>495</book_image_height><amazon_product_url>http://www.amazon.com/Radiant-Angel-John-Corey-Novel/dp/0446580856?tag=NYTBS-20</amazon_product_url><age_group></age_group><book_review_link></book_review_link><first_chapter_link></first_chapter_link><sunday_review_link></sunday_review_link><article_chapter_link></article_chapter_link><isbns><isbn><isbn10>0446580856</isbn10><isbn13>9780446580854</isbn13></isbn><isbn><isbn10>145558231X</isbn10><isbn13>9781455582310</isbn13></isbn><isbn><isbn10>1455589594</isbn10><isbn13>9781455589593</isbn13></isbn><isbn><isbn10>0446699624</isbn10><isbn13>9780446699624</isbn13></isbn><isbn><isbn10>0446619272</isbn10><isbn13>9780446619271</isbn13></isbn></isbns><buy_links><buy_link><name>Local Booksellers</name><url>http://www.indiebound.org/book/9781455582310?aff=NYT</url></buy_link><buy_link><name>Barnes and Noble</name><url>http://www.anrdoezrs.net/click-7990613-11819508?url=http%3A%2F%2Fwww.barnesandnoble.com%2Fw%2F%3Fean%3D9781455582310</url></buy_link><buy_link><name>Amazon</name><url>http://www.amazon.com/Radiant-Angel-John-Corey-Novel/dp/0446580856?tag=NYTBS-20</url></buy_link></buy_links></book><book><rank>12</rank><rank_last_week>11</rank_last_week><weeks_on_list>20</weeks_on_list><asterisk>0</asterisk><dagger>0</dagger><primary_isbn10>1466850604</primary_isbn10><primary_isbn13>9781466850606</primary_isbn13><publisher>St. Martin's</publisher><description>Two sisters are separated in World War II France: one in the countryside, the other in Paris.</description><price>0</price><title>THE NIGHTINGALE</title><author>Kristin Hannah</author><contributor>by Kristin Hannah</contributor><contributor_note></contributor_note><book_image>https://s1.nyt.com/du/books/images/9781466850606.jpg</book_image><book_image_width>128</book_image_width><book_image_height>195</book_image_height><amazon_product_url>http://www.amazon.com/The-Nightingale-Kristin-Hannah/dp/0312577222?tag=NYTBS-20</amazon_product_url><age_group></age_group><book_review_link></book_review_link><first_chapter_link></first_chapter_link><sunday_review_link></sunday_review_link><article_chapter_link></article_chapter_link><isbns><isbn><isbn10>0312577222</isbn10><isbn13>9780312577223</isbn13></isbn><isbn><isbn10>1466850604</isbn10><isbn13>9781466850606</isbn13></isbn><isbn><isbn10>1628995017</isbn10><isbn13>9781628995015</isbn13></isbn><isbn><isbn10>1250080401</isbn10><isbn13>9781250080400</isbn13></isbn></isbns><buy_links><buy_link><name>Local Booksellers</name><url>http://www.indiebound.org/book/9781466850606?aff=NYT</url></buy_link><buy_link><name>Barnes and Noble</name><url>http://www.anrdoezrs.net/click-7990613-11819508?url=http%3A%2F%2Fwww.barnesandnoble.com%2Fw%2F%3Fean%3D9781466850606</url></buy_link><buy_link><name>Amazon</name><url>http://www.amazon.com/The-Nightingale-Kristin-Hannah/dp/0312577222?tag=NYTBS-20</url></buy_link></buy_links></book><book><rank>13</rank><rank_last_week>9</rank_last_week><weeks_on_list>6</weeks_on_list><asterisk>0</asterisk><dagger>0</dagger><primary_isbn10>1476789657</primary_isbn10><primary_isbn13>9781476789651</primary_isbn13><publisher><![CDATA[Simon & Schuster]]></publisher><description>The life of a successful New York magazine writer is shaken when secrets from her past are revealed in a documentary.</description><price>0</price><title>LUCKIEST GIRL ALIVE</title><author>Jessica Knoll</author><contributor>by Jessica Knoll</contributor><contributor_note></contributor_note><book_image>https://s1.nyt.com/du/books/images/9781476789651.jpg</book_image><book_image_width>328</book_image_width><book_image_height>495</book_image_height><amazon_product_url>http://www.amazon.com/Luckiest-Girl-Alive-A-Novel-ebook/dp/B00LD1OITO?tag=NYTBS-20</amazon_product_url><age_group></age_group><book_review_link></book_review_link><first_chapter_link></first_chapter_link><sunday_review_link></sunday_review_link><article_chapter_link></article_chapter_link><isbns><isbn><isbn10>1476789630</isbn10><isbn13>9781476789637</isbn13></isbn><isbn><isbn10>1476789657</isbn10><isbn13>9781476789651</isbn13></isbn><isbn><isbn10>1476789649</isbn10><isbn13>9781476789644</isbn13></isbn></isbns><buy_links><buy_link><name>Local Booksellers</name><url>http://www.indiebound.org/book/9781476789651?aff=NYT</url></buy_link><buy_link><name>Barnes and Noble</name><url>http://www.anrdoezrs.net/click-7990613-11819508?url=http%3A%2F%2Fwww.barnesandnoble.com%2Fw%2F%3Fean%3D9781476789651</url></buy_link><buy_link><name>Amazon</name><url>http://www.amazon.com/Luckiest-Girl-Alive-A-Novel-ebook/dp/B00LD1OITO?tag=NYTBS-20</url></buy_link></buy_links></book><book><rank>14</rank><rank_last_week>0</rank_last_week><weeks_on_list>45</weeks_on_list><asterisk>0</asterisk><dagger>0</dagger><primary_isbn10>0553897845</primary_isbn10><primary_isbn13>9780553897845</primary_isbn13><publisher>Bantam</publisher><description>In the frozen wastes to the north of Winterfell, sinister and supernatural forces are mustering.</description><price>0</price><title>A GAME OF THRONES</title><author>George R R Martin</author><contributor>by George R. R. Martin</contributor><contributor_note></contributor_note><book_image>https://s1.nyt.com/du/books/images/9780553897845.jpg</book_image><book_image_width>301</book_image_width><book_image_height>495</book_image_height><amazon_product_url>http://www.amazon.com/Game-Thrones-Song-Fire-Book-ebook/dp/B000QCS8TW?tag=NYTBS-20</amazon_product_url><age_group></age_group><book_review_link></book_review_link><first_chapter_link></first_chapter_link><sunday_review_link></sunday_review_link><article_chapter_link>https://www.nytimes.com/2011/04/10/arts/television/game-of-thrones-on-hbo-from-george-r-r-martin-novels.html</article_chapter_link><isbns><isbn><isbn10>0553573403</isbn10><isbn13>9780553573404</isbn13></isbn><isbn><isbn10>0553386794</isbn10><isbn13>9780553386790</isbn13></isbn><isbn><isbn10>0553381687</isbn10><isbn13>9780553381689</isbn13></isbn><isbn><isbn10>0553593714</isbn10><isbn13>9780553593716</isbn13></isbn><isbn><isbn10>0553897845</isbn10><isbn13>9780553897845</isbn13></isbn><isbn><isbn10>0553103547</isbn10><isbn13>9780553103540</isbn13></isbn><isbn><isbn10>044042321X</isbn10><isbn13>9780440423218</isbn13></isbn><isbn><isbn10>0553588486</isbn10><isbn13>9780553588484</isbn13></isbn><isbn><isbn10>0345535537</isbn10><isbn13>9780345535535</isbn13></isbn></isbns><buy_links><buy_link><name>Local Booksellers</name><url>http://www.indiebound.org/book/9780553897845?aff=NYT</url></buy_link><buy_link><name>Barnes and Noble</name><url>http://www.anrdoezrs.net/click-7990613-11819508?url=http%3A%2F%2Fwww.barnesandnoble.com%2Fw%2F%3Fean%3D9780553897845</url></buy_link><buy_link><name>Amazon</name><url>http://www.amazon.com/Game-Thrones-Song-Fire-Book-ebook/dp/B000QCS8TW?tag=NYTBS-20</url></buy_link></buy_links></book><book><rank>15</rank><rank_last_week>10</rank_last_week><weeks_on_list>9</weeks_on_list><asterisk>0</asterisk><dagger>0</dagger><primary_isbn10>1455586382</primary_isbn10><primary_isbn13>9781455586387</primary_isbn13><publisher>Grand Central</publisher><description>A police detective who left the force when his family was murdered teams up with his former partner to solve the case.</description><price>0</price><title>MEMORY MAN</title><author>David Baldacci</author><contributor>by David Baldacci</contributor><contributor_note></contributor_note><book_image>https://s1.nyt.com/du/books/images/9781455586387.jpg</book_image><book_image_width>330</book_image_width><book_image_height>490</book_image_height><amazon_product_url>http://www.amazon.com/Memory-Amos-Decker-David-Baldacci-ebook/dp/B00N7TDP8K?tag=NYTBS-20</amazon_product_url><age_group></age_group><book_review_link></book_review_link><first_chapter_link></first_chapter_link><sunday_review_link></sunday_review_link><article_chapter_link></article_chapter_link><isbns><isbn><isbn10>1455559822</isbn10><isbn13>9781455559824</isbn13></isbn><isbn><isbn10>1455589489</isbn10><isbn13>9781455589487</isbn13></isbn><isbn><isbn10>1455586382</isbn10><isbn13>9781455586387</isbn13></isbn><isbn><isbn10>1455559814</isbn10><isbn13>9781455559817</isbn13></isbn><isbn><isbn10>1455559806</isbn10><isbn13>9781455559800</isbn13></isbn></isbns><buy_links><buy_link><name>Local Booksellers</name><url>http://www.indiebound.org/book/9781455586387?aff=NYT</url></buy_link><buy_link><name>Barnes and Noble</name><url>http://www.anrdoezrs.net/click-7990613-11819508?url=http%3A%2F%2Fwww.barnesandnoble.com%2Fw%2F%3Fean%3D9781455586387</url></buy_link><buy_link><name>Amazon</name><url>http://www.amazon.com/Memory-Amos-Decker-David-Baldacci-ebook/dp/B00N7TDP8K?tag=NYTBS-20</url></buy_link></buy_links></book><book><rank>16</rank><rank_last_week>0</rank_last_week><weeks_on_list>0</weeks_on_list><asterisk>0</asterisk><dagger>0</dagger><primary_isbn10>0316097438</primary_isbn10><primary_isbn13>9780316097437</primary_isbn13><publisher>Little, Brown</publisher><description>After witnessing a coordinated lion ambush in Africa, a young biologist races to warn world leaders about the reasons for escalating animal attacks on cities.</description><price>0</price><title>ZOO</title><author>James Patterson and Michael Ledwidge</author><contributor>by James Patterson and Michael Ledwidge</contributor><contributor_note></contributor_note><book_image>https://s1.nyt.com/du/books/images/9780446571791.jpg</book_image><book_image_width>321</book_image_width><book_image_height>495</book_image_height><amazon_product_url>http://www.amazon.com/Zoo-James-Patterson-ebook/dp/B0076DFB2G?tag=NYTBS-20</amazon_product_url><age_group></age_group><book_review_link></book_review_link><first_chapter_link></first_chapter_link><sunday_review_link></sunday_review_link><article_chapter_link></article_chapter_link><isbns><isbn><isbn10>0316097446</isbn10><isbn13>9780316097444</isbn13></isbn><isbn><isbn10>0316097438</isbn10><isbn13>9780316097437</isbn13></isbn><isbn><isbn10>0446571792</isbn10><isbn13>9780446571791</isbn13></isbn><isbn><isbn10>1455525154</isbn10><isbn13>9781455525157</isbn13></isbn><isbn><isbn10>1455536709</isbn10><isbn13>9781455536702</isbn13></isbn></isbns><buy_links><buy_link><name>Local Booksellers</name><url>http://www.indiebound.org/book/9780316097437?aff=NYT</url></buy_link><buy_link><name>Barnes and Noble</name><url>http://www.anrdoezrs.net/click-7990613-11819508?url=http%3A%2F%2Fwww.barnesandnoble.com%2Fw%2F%3Fean%3D9780316097437</url></buy_link><buy_link><name>Amazon</name><url>http://www.amazon.com/Zoo-James-Patterson-ebook/dp/B0076DFB2G?tag=NYTBS-20</url></buy_link></buy_links></book><book><rank>17</rank><rank_last_week>0</rank_last_week><weeks_on_list>0</weeks_on_list><asterisk>0</asterisk><dagger>0</dagger><primary_isbn10>031640876X</primary_isbn10><primary_isbn13>9780316408769</primary_isbn13><publisher>Little, Brown</publisher><description>Detective Lindsay Boxer and her friends must risk their lives to save the city and one another when a rash of murders grips San Francisco.</description><price>0</price><title>14TH DEADLY SIN</title><author>James Patterson and Maxine Paetro</author><contributor>by James Patterson and Maxine Paetro</contributor><contributor_note></contributor_note><book_image>https://s1.nyt.com/du/books/images/9780316407021.jpg</book_image><book_image_width>319</book_image_width><book_image_height>495</book_image_height><amazon_product_url>http://www.amazon.com/14th-Deadly-Womens-Murder-Club/dp/031640702X?tag=NYTBS-20</amazon_product_url><age_group></age_group><book_review_link></book_review_link><first_chapter_link></first_chapter_link><sunday_review_link></sunday_review_link><article_chapter_link></article_chapter_link><isbns><isbn><isbn10>031640702X</isbn10><isbn13>9780316407021</isbn13></isbn><isbn><isbn10>031640876X</isbn10><isbn13>9780316408769</isbn13></isbn><isbn><isbn10>1455584991</isbn10><isbn13>9781455584994</isbn13></isbn><isbn><isbn10>1455584983</isbn10><isbn13>9781455584987</isbn13></isbn></isbns><buy_links><buy_link><name>Local Booksellers</name><url>http://www.indiebound.org/book/9780316408769?aff=NYT</url></buy_link><buy_link><name>Barnes and Noble</name><url>http://www.anrdoezrs.net/click-7990613-11819508?url=http%3A%2F%2Fwww.barnesandnoble.com%2Fw%2F%3Fean%3D9780316408769</url></buy_link><buy_link><name>Amazon</name><url>http://www.amazon.com/14th-Deadly-Womens-Murder-Club/dp/031640702X?tag=NYTBS-20</url></buy_link></buy_links></book><book><rank>18</rank><rank_last_week>0</rank_last_week><weeks_on_list>0</weeks_on_list><asterisk>0</asterisk><dagger>0</dagger><primary_isbn10>0307459926</primary_isbn10><primary_isbn13>9780307459923</primary_isbn13><publisher>Broadway</publisher><description>A woman who, as a child, was spared when her mother and sisters were murdered begins to reinvestigate the case against her imprisoned brother.</description><price>0</price><title>DARK PLACES</title><author>Gillian Flynn</author><contributor>by Gillian Flynn</contributor><contributor_note></contributor_note><book_image>https://s1.nyt.com/du/books/images/9780307341570.jpg</book_image><book_image_width>302</book_image_width><book_image_height>495</book_image_height><amazon_product_url>http://www.amazon.com/Dark-Places-Novel-Gillian-Flynn/dp/0307341577?tag=NYTBS-20</amazon_product_url><age_group></age_group><book_review_link></book_review_link><first_chapter_link></first_chapter_link><sunday_review_link></sunday_review_link><article_chapter_link></article_chapter_link><isbns><isbn><isbn10>0307459926</isbn10><isbn13>9780307459923</isbn13></isbn><isbn><isbn10>0307341577</isbn10><isbn13>9780307341570</isbn13></isbn><isbn><isbn10>1101902884</isbn10><isbn13>9781101902882</isbn13></isbn><isbn><isbn10>0553418483</isbn10><isbn13>9780553418484</isbn13></isbn></isbns><buy_links><buy_link><name>Local Booksellers</name><url>http://www.indiebound.org/book/9780307459923?aff=NYT</url></buy_link><buy_link><name>Barnes and Noble</name><url>http://www.anrdoezrs.net/click-7990613-11819508?url=http%3A%2F%2Fwww.barnesandnoble.com%2Fw%2F%3Fean%3D9780307459923</url></buy_link><buy_link><name>Amazon</name><url>http://www.amazon.com/Dark-Places-Novel-Gillian-Flynn/dp/0307341577?tag=NYTBS-20</url></buy_link></buy_links></book><book><rank>19</rank><rank_last_week>0</rank_last_week><weeks_on_list>0</weeks_on_list><asterisk>0</asterisk><dagger>0</dagger><primary_isbn10>1466848901</primary_isbn10><primary_isbn13>9781466848900</primary_isbn13><publisher>St. Martin's</publisher><description></description><price>0</price><title>THE SANTANGELOS</title><author>Jackie Collins</author><contributor>by Jackie Collins</contributor><contributor_note></contributor_note><book_image>https://s1.nyt.com/du/books/images/9781466848900.jpg</book_image><book_image_width>326</book_image_width><book_image_height>495</book_image_height><amazon_product_url>http://www.amazon.com/The-Santangelos-Novel-Jackie-Collins-ebook/dp/B00Q20YECW?tag=NYTBS-20</amazon_product_url><age_group></age_group><book_review_link></book_review_link><first_chapter_link></first_chapter_link><sunday_review_link></sunday_review_link><article_chapter_link></article_chapter_link><isbns><isbn><isbn10>1250048230</isbn10><isbn13>9781250048233</isbn13></isbn><isbn><isbn10>1466848901</isbn10><isbn13>9781466848900</isbn13></isbn></isbns><buy_links><buy_link><name>Local Booksellers</name><url>http://www.indiebound.org/book/9781466848900?aff=NYT</url></buy_link><buy_link><name>Barnes and Noble</name><url>http://www.anrdoezrs.net/click-7990613-11819508?url=http%3A%2F%2Fwww.barnesandnoble.com%2Fw%2F%3Fean%3D9781466848900</url></buy_link><buy_link><name>Amazon</name><url>http://www.amazon.com/The-Santangelos-Novel-Jackie-Collins-ebook/dp/B00Q20YECW?tag=NYTBS-20</url></buy_link></buy_links></book><book><rank>20</rank><rank_last_week>0</rank_last_week><weeks_on_list>0</weeks_on_list><asterisk>0</asterisk><dagger>0</dagger><primary_isbn10>0062132563</primary_isbn10><primary_isbn13>9780062132567</primary_isbn13><publisher>Morrow/HarperCollins</publisher><description>Three friends in South Carolina’s Lowcountry grapple with the challenges of being unmarried.</description><price>0</price><title>ALL THE SINGLE LADIES</title><author>Dorothea Benton Frank</author><contributor>by Dorothea Benton Frank</contributor><contributor_note></contributor_note><book_image>https://s1.nyt.com/du/books/images/9780062132574.jpg</book_image><book_image_width>328</book_image_width><book_image_height>495</book_image_height><amazon_product_url>http://www.amazon.com/All-Single-Ladies-A-Novel-ebook/dp/B00NEOM5FM?tag=NYTBS-20</amazon_product_url><age_group></age_group><book_review_link></book_review_link><first_chapter_link></first_chapter_link><sunday_review_link></sunday_review_link><article_chapter_link></article_chapter_link><isbns><isbn><isbn10>0062132563</isbn10><isbn13>9780062132567</isbn13></isbn><isbn><isbn10>0062132571</isbn10><isbn13>9780062132574</isbn13></isbn></isbns><buy_links><buy_link><name>Local Booksellers</name><url>http://www.indiebound.org/book/9780062132567?aff=NYT</url></buy_link><buy_link><name>Barnes and Noble</name><url>http://www.anrdoezrs.net/click-7990613-11819508?url=http%3A%2F%2Fwww.barnesandnoble.com%2Fw%2F%3Fean%3D9780062132567</url></buy_link><buy_link><name>Amazon</name><url>http://www.amazon.com/All-Single-Ladies-A-Novel-ebook/dp/B00NEOM5FM?tag=NYTBS-20</url></buy_link></buy_links></book></books><corrections/></results></result_set>
