<?xml version="1.0" encoding="UTF-8"?>
<result_set><status>OK</status><copyright>Copyright (c) 2018 The New York Times Company.  All Rights Reserved.</copyright><num_results>20</num_results><last_modified>2017-03-21T13:38:01-04:00</last_modified><results><list_name>Combined Print and E-Book Fiction</list_name><list_name_encoded>combined-print-and-e-book-fiction</list_name_encoded><bestsellers_date>2016-10-01</bestsellers_date><published_date>2016-10-16</published_date><published_date_description></published_date_description><next_published_date>2016-10-23</next_published_date><previous_published_date>2016-10-09</previous_published_date><display_name><![CDATA[Combined Print & E-Book Fiction]]></display_name><normal_list_ends_at>15</normal_list_ends_at><updated>WEEKLY</updated><books><book><rank>1</rank><rank_last_week>1</rank_last_week><weeks_on_list>84</weeks_on_list><asterisk>0</asterisk><dagger>0</dagger><primary_isbn10>0698185390</primary_isbn10><primary_isbn13>9780698185395</primary_isbn13><publisher>Riverhead</publisher><description>A psychological thriller set in the environs of London is full of complications and betrayals.</description><price>0</price><title>THE GIRL ON THE TRAIN</title><author>Paula Hawkins</author><contributor>by Paula Hawkins</contributor><contributor_note></contributor_note><book_image>https://s1.nyt.com/du/books/images/9781594633669.jpg</book_image><book_image_width>312</book_image_width><book_image_height>495</book_image_height><amazon_product_url>http://www.amazon.com/The-Girl-Train-A-Novel-ebook/dp/B00L9B7IKE?tag=NYTBS-20</amazon_product_url><age_group></age_group><book_review_link>https://www.nytimes.com/2015/01/05/books/the-girl-on-the-train-by-paula-hawkins.html</book_review_link><first_chapter_link></first_chapter_link><sunday_review_link>https://www.nytimes.com/2015/02/01/books/review/the-girl-on-the-train-by-paula-hawkins.html</sunday_review_link><article_chapter_link></article_chapter_link><isbns><isbn><isbn10>1594633665</isbn10><isbn13>9781594633669</isbn13></isbn><isbn><isbn10>0698185390</isbn10><isbn13>9780698185395</isbn13></isbn><isbn><isbn10>1410477762</isbn10><isbn13>9781410477767</isbn13></isbn><isbn><isbn10>0857522329</isbn10><isbn13>9780857522320</isbn13></isbn><isbn><isbn10>1448171687</isbn10><isbn13>9781448171682</isbn13></isbn><isbn><isbn10>1594634122</isbn10><isbn13>9781594634123</isbn13></isbn><isbn><isbn10>038568231X</isbn10><isbn13>9780385682312</isbn13></isbn><isbn><isbn10>1594634025</isbn10><isbn13>9781594634024</isbn13></isbn><isbn><isbn10>0735212155</isbn10><isbn13>9780735212152</isbn13></isbn><isbn><isbn10>0735212163</isbn10><isbn13>9780735212169</isbn13></isbn><isbn><isbn10>1432834355</isbn10><isbn13>9781432834357</isbn13></isbn></isbns><buy_links><buy_link><name>Local Booksellers</name><url>http://www.indiebound.org/book/9780698185395?aff=NYT</url></buy_link><buy_link><name>Barnes and Noble</name><url>http://www.anrdoezrs.net/click-7990613-11819508?url=http%3A%2F%2Fwww.barnesandnoble.com%2Fw%2F%3Fean%3D9780698185395</url></buy_link><buy_link><name>Amazon</name><url>http://www.amazon.com/The-Girl-Train-A-Novel-ebook/dp/B00L9B7IKE?tag=NYTBS-20</url></buy_link></buy_links></book><book><rank>2</rank><rank_last_week>2</rank_last_week><weeks_on_list>2</weeks_on_list><asterisk>0</asterisk><dagger>0</dagger><primary_isbn10>0698411447</primary_isbn10><primary_isbn13>9780698411449</primary_isbn13><publisher>Dutton</publisher><description>Myron Bolitar and his friend Win locate a boy who was kidnapped 10 years earlier; the 11th Myron Bolitar novel.</description><price>0</price><title>HOME</title><author>Harlan Coben</author><contributor>by Harlan Coben</contributor><contributor_note></contributor_note><book_image>https://s1.nyt.com/du/books/images/9780698411449.jpg</book_image><book_image_width>328</book_image_width><book_image_height>495</book_image_height><amazon_product_url>http://www.amazon.com/Home-Harlan-Coben-ebook/dp/B01COJUGOE?tag=NYTBS-20</amazon_product_url><age_group></age_group><book_review_link></book_review_link><first_chapter_link></first_chapter_link><sunday_review_link></sunday_review_link><article_chapter_link></article_chapter_link><isbns><isbn><isbn10>0525955100</isbn10><isbn13>9780525955108</isbn13></isbn><isbn><isbn10>0698411447</isbn10><isbn13>9780698411449</isbn13></isbn></isbns><buy_links><buy_link><name>Local Booksellers</name><url>http://www.indiebound.org/book/9780698411449?aff=NYT</url></buy_link><buy_link><name>Barnes and Noble</name><url>http://www.anrdoezrs.net/click-7990613-11819508?url=http%3A%2F%2Fwww.barnesandnoble.com%2Fw%2F%3Fean%3D9780698411449</url></buy_link><buy_link><name>Amazon</name><url>http://www.amazon.com/Home-Harlan-Coben-ebook/dp/B01COJUGOE?tag=NYTBS-20</url></buy_link></buy_links></book><book><rank>3</rank><rank_last_week>0</rank_last_week><weeks_on_list>1</weeks_on_list><asterisk>0</asterisk><dagger>0</dagger><primary_isbn10>None</primary_isbn10><primary_isbn13>A00B01EIJC2U4</primary_isbn13><publisher>Waterhouse</publisher><description>To further his relationship with Jade, Talon must close a dark chapter from his past.</description><price>0</price><title>POSSESSION</title><author>Helen Hardt</author><contributor>by Helen Hardt</contributor><contributor_note></contributor_note><book_image>https://s1.nyt.com/du/books/images/9781943893195.jpg</book_image><book_image_width>325</book_image_width><book_image_height>495</book_image_height><amazon_product_url>http://www.amazon.com/Possession-Steel-Brothers-Helen-Hardt/dp/1943893195?tag=NYTBS-20</amazon_product_url><age_group></age_group><book_review_link></book_review_link><first_chapter_link></first_chapter_link><sunday_review_link></sunday_review_link><article_chapter_link></article_chapter_link><isbns><isbn><isbn10>1943893195</isbn10><isbn13>9781943893195</isbn13></isbn></isbns><buy_links><buy_link><name>Local Booksellers</name><url><![CDATA[http://www.indiebound.org/search/book?searchfor=POSSESSION+Helen+Hardt&aff=NYT]]></url></buy_link><buy_link><name>Barnes and Noble</name><url>http://www.anrdoezrs.net/click-7990613-11819508?url=http%3A%2F%2Fwww.barnesandnoble.com%2Fs%2FPOSSESSION+Helen+Hardt</url></buy_link><buy_link><name>Amazon</name><url>http://www.amazon.com/Possession-Steel-Brothers-Helen-Hardt/dp/1943893195?tag=NYTBS-20</url></buy_link></buy_links></book><book><rank>4</rank><rank_last_week>0</rank_last_week><weeks_on_list>1</weeks_on_list><asterisk>0</asterisk><dagger>0</dagger><primary_isbn10>0316317543</primary_isbn10><primary_isbn13>9780316317542</primary_isbn13><publisher>Little, Brown</publisher><description>The story of a (woman) doctor who, after a life of service and suffering, decides to become a Catholic priest.</description><price>0</price><title>WOMAN OF GOD</title><author>James Patterson and Maxine Paetro</author><contributor>by James Patterson and Maxine Paetro</contributor><contributor_note></contributor_note><book_image>https://s1.nyt.com/du/books/images/9780316274029.jpg</book_image><book_image_width>320</book_image_width><book_image_height>495</book_image_height><amazon_product_url>http://www.amazon.com/Woman-God-James-Patterson-ebook/dp/B01C37XEXC?tag=NYTBS-20</amazon_product_url><age_group></age_group><book_review_link></book_review_link><first_chapter_link></first_chapter_link><sunday_review_link></sunday_review_link><article_chapter_link></article_chapter_link><isbns><isbn><isbn10>031627402X</isbn10><isbn13>9780316274029</isbn13></isbn><isbn><isbn10>0316317543</isbn10><isbn13>9780316317542</isbn13></isbn></isbns><buy_links><buy_link><name>Local Booksellers</name><url>http://www.indiebound.org/book/9780316317542?aff=NYT</url></buy_link><buy_link><name>Barnes and Noble</name><url>http://www.anrdoezrs.net/click-7990613-11819508?url=http%3A%2F%2Fwww.barnesandnoble.com%2Fw%2F%3Fean%3D9780316317542</url></buy_link><buy_link><name>Amazon</name><url>http://www.amazon.com/Woman-God-James-Patterson-ebook/dp/B01C37XEXC?tag=NYTBS-20</url></buy_link></buy_links></book><book><rank>5</rank><rank_last_week>8</rank_last_week><weeks_on_list>19</weeks_on_list><asterisk>0</asterisk><dagger>0</dagger><primary_isbn10>1476738025</primary_isbn10><primary_isbn13>9781476738024</primary_isbn13><publisher>Washington Square</publisher><description>A curmudgeon's gruff exterior masks a generosity of spirit. Originally published in Sweden in 2014.</description><price>0</price><title>A MAN CALLED OVE</title><author>Fredrik Backman</author><contributor>by Fredrik Backman</contributor><contributor_note></contributor_note><book_image>https://s1.nyt.com/du/books/images/9781476738024.jpg</book_image><book_image_width>318</book_image_width><book_image_height>495</book_image_height><amazon_product_url>http://www.amazon.com/Man-Called-Ove-Novel/dp/1476738025?tag=NYTBS-20</amazon_product_url><age_group></age_group><book_review_link></book_review_link><first_chapter_link></first_chapter_link><sunday_review_link></sunday_review_link><article_chapter_link></article_chapter_link><isbns><isbn><isbn10>1476738025</isbn10><isbn13>9781476738024</isbn13></isbn><isbn><isbn10>1476738017</isbn10><isbn13>9781476738017</isbn13></isbn><isbn><isbn10>1594139830</isbn10><isbn13>9781594139833</isbn13></isbn><isbn><isbn10>1410472922</isbn10><isbn13>9781410472922</isbn13></isbn></isbns><buy_links><buy_link><name>Local Booksellers</name><url>http://www.indiebound.org/book/9781476738024?aff=NYT</url></buy_link><buy_link><name>Barnes and Noble</name><url>http://www.anrdoezrs.net/click-7990613-11819508?url=http%3A%2F%2Fwww.barnesandnoble.com%2Fw%2F%3Fean%3D9781476738024</url></buy_link><buy_link><name>Amazon</name><url>http://www.amazon.com/Man-Called-Ove-Novel/dp/1476738025?tag=NYTBS-20</url></buy_link></buy_links></book><book><rank>6</rank><rank_last_week>5</rank_last_week><weeks_on_list>3</weeks_on_list><asterisk>0</asterisk><dagger>0</dagger><primary_isbn10>0062491814</primary_isbn10><primary_isbn13>9780062491817</primary_isbn13><publisher>Harper/HarperCollins</publisher><description>Five decades in the lives of two families — parents, children, siblings, stepchildren — remade by divorce.</description><price>0</price><title>COMMONWEALTH</title><author>Ann Patchett</author><contributor>by Ann Patchett</contributor><contributor_note></contributor_note><book_image>https://s1.nyt.com/du/books/images/9780062491817.jpg</book_image><book_image_width>329</book_image_width><book_image_height>495</book_image_height><amazon_product_url>http://www.amazon.com/Commonwealth-Ann-Patchett-ebook/dp/B019C40Z7M?tag=NYTBS-20</amazon_product_url><age_group></age_group><book_review_link>https://www.nytimes.com/2016/09/18/books/review/ann-patchett-commonwealth.html</book_review_link><first_chapter_link></first_chapter_link><sunday_review_link></sunday_review_link><article_chapter_link></article_chapter_link><isbns><isbn><isbn10>0062491792</isbn10><isbn13>9780062491794</isbn13></isbn><isbn><isbn10>0062491814</isbn10><isbn13>9780062491817</isbn13></isbn><isbn><isbn10>0062566873</isbn10><isbn13>9780062566874</isbn13></isbn><isbn><isbn10>0062491830</isbn10><isbn13>9780062491831</isbn13></isbn></isbns><buy_links><buy_link><name>Local Booksellers</name><url>http://www.indiebound.org/book/9780062491817?aff=NYT</url></buy_link><buy_link><name>Barnes and Noble</name><url>http://www.anrdoezrs.net/click-7990613-11819508?url=http%3A%2F%2Fwww.barnesandnoble.com%2Fw%2F%3Fean%3D9780062491817</url></buy_link><buy_link><name>Amazon</name><url>http://www.amazon.com/Commonwealth-Ann-Patchett-ebook/dp/B019C40Z7M?tag=NYTBS-20</url></buy_link></buy_links></book><book><rank>7</rank><rank_last_week>0</rank_last_week><weeks_on_list>1</weeks_on_list><asterisk>0</asterisk><dagger>0</dagger><primary_isbn10>None</primary_isbn10><primary_isbn13>9780994054432</primary_isbn13><publisher>Elle Kennedy</publisher><description>Pregnancy complicates the budding relationship between a college senior and a hockey player.</description><price>0</price><title>THE GOAL</title><author>Elle Kennedy</author><contributor>by Elle Kennedy</contributor><contributor_note></contributor_note><book_image>https://s1.nyt.com/du/books/images/9780994054432.jpg</book_image><book_image_width>330</book_image_width><book_image_height>495</book_image_height><amazon_product_url>http://www.amazon.com/Goal-Off-Campus-4-Elle-Kennedy/dp/1533344345?tag=NYTBS-20</amazon_product_url><age_group></age_group><book_review_link></book_review_link><first_chapter_link></first_chapter_link><sunday_review_link></sunday_review_link><article_chapter_link></article_chapter_link><isbns/><buy_links><buy_link><name>Local Booksellers</name><url>http://www.indiebound.org/book/9780994054432?aff=NYT</url></buy_link><buy_link><name>Barnes and Noble</name><url>http://www.anrdoezrs.net/click-7990613-11819508?url=http%3A%2F%2Fwww.barnesandnoble.com%2Fw%2F%3Fean%3D9780994054432</url></buy_link><buy_link><name>Amazon</name><url>http://www.amazon.com/Goal-Off-Campus-4-Elle-Kennedy/dp/1533344345?tag=NYTBS-20</url></buy_link></buy_links></book><book><rank>8</rank><rank_last_week>6</rank_last_week><weeks_on_list>13</weeks_on_list><asterisk>0</asterisk><dagger>0</dagger><primary_isbn10>1451681763</primary_isbn10><primary_isbn13>9781451681765</primary_isbn13><publisher>Scribner</publisher><description>An Australian lighthouse keeper and his wife decide to keep a baby who has washed ashore.</description><price>0</price><title>THE LIGHT BETWEEN OCEANS</title><author>M L Stedman</author><contributor>by M. L. Stedman</contributor><contributor_note></contributor_note><book_image>https://s1.nyt.com/du/books/images/9781451681758.jpg</book_image><book_image_width>330</book_image_width><book_image_height>495</book_image_height><amazon_product_url>http://www.amazon.com/The-Light-Between-Oceans-Novel-ebook/dp/B0064CL1T2?tag=NYTBS-20</amazon_product_url><age_group></age_group><book_review_link></book_review_link><first_chapter_link></first_chapter_link><sunday_review_link></sunday_review_link><article_chapter_link></article_chapter_link><isbns><isbn><isbn10>1451681739</isbn10><isbn13>9781451681734</isbn13></isbn><isbn><isbn10>1451681763</isbn10><isbn13>9781451681765</isbn13></isbn><isbn><isbn10>1451681755</isbn10><isbn13>9781451681758</isbn13></isbn><isbn><isbn10>1594136327</isbn10><isbn13>9781594136320</isbn13></isbn><isbn><isbn10>1501106481</isbn10><isbn13>9781501106484</isbn13></isbn><isbn><isbn10>1501127977</isbn10><isbn13>9781501127977</isbn13></isbn></isbns><buy_links><buy_link><name>Local Booksellers</name><url>http://www.indiebound.org/book/9781451681765?aff=NYT</url></buy_link><buy_link><name>Barnes and Noble</name><url>http://www.anrdoezrs.net/click-7990613-11819508?url=http%3A%2F%2Fwww.barnesandnoble.com%2Fw%2F%3Fean%3D9781451681765</url></buy_link><buy_link><name>Amazon</name><url>http://www.amazon.com/The-Light-Between-Oceans-Novel-ebook/dp/B0064CL1T2?tag=NYTBS-20</url></buy_link></buy_links></book><book><rank>9</rank><rank_last_week>0</rank_last_week><weeks_on_list>1</weeks_on_list><asterisk>0</asterisk><dagger>0</dagger><primary_isbn10>1459294947</primary_isbn10><primary_isbn13>9781459294943</primary_isbn13><publisher>HQN</publisher><description>A blizzard puts a widow and a grumpy sheriff in close quarters.</description><price>0</price><title>SNOWFALL ON HAVEN POINT</title><author>RaeAnne Thayne</author><contributor>by RaeAnne Thayne</contributor><contributor_note></contributor_note><book_image>https://s1.nyt.com/du/books/images/9780373789894.jpg</book_image><book_image_width>313</book_image_width><book_image_height>495</book_image_height><amazon_product_url>http://www.amazon.com/Snowfall-Haven-Point-RaeAnne-Thayne-ebook/dp/B01EF30ZU2?tag=NYTBS-20</amazon_product_url><age_group></age_group><book_review_link></book_review_link><first_chapter_link></first_chapter_link><sunday_review_link></sunday_review_link><article_chapter_link></article_chapter_link><isbns><isbn><isbn10>0373789890</isbn10><isbn13>9780373789894</isbn13></isbn><isbn><isbn10>1459294947</isbn10><isbn13>9781459294943</isbn13></isbn></isbns><buy_links><buy_link><name>Local Booksellers</name><url>http://www.indiebound.org/book/9781459294943?aff=NYT</url></buy_link><buy_link><name>Barnes and Noble</name><url>http://www.anrdoezrs.net/click-7990613-11819508?url=http%3A%2F%2Fwww.barnesandnoble.com%2Fw%2F%3Fean%3D9781459294943</url></buy_link><buy_link><name>Amazon</name><url>http://www.amazon.com/Snowfall-Haven-Point-RaeAnne-Thayne-ebook/dp/B01EF30ZU2?tag=NYTBS-20</url></buy_link></buy_links></book><book><rank>10</rank><rank_last_week>15</rank_last_week><weeks_on_list>30</weeks_on_list><asterisk>0</asterisk><dagger>0</dagger><primary_isbn10>1101972971</primary_isbn10><primary_isbn13>9781101972977</primary_isbn13><publisher>Anchor</publisher><description>The symbologist Robert Langdon, on the run in Florence, must decipher a series of codes created by a Dante-loving scientist.</description><price>0</price><title>INFERNO</title><author>Dan Brown</author><contributor>by Dan Brown</contributor><contributor_note></contributor_note><book_image>https://s1.nyt.com/du/books/images/9781400079155.jpg</book_image><book_image_width>276</book_image_width><book_image_height>495</book_image_height><amazon_product_url>http://www.amazon.com/Inferno-Robert-Langdon-Dan-Brown/dp/1400079152?tag=NYTBS-20</amazon_product_url><age_group></age_group><book_review_link>https://www.nytimes.com/2013/05/13/books/inferno-by-dan-brown.html</book_review_link><first_chapter_link></first_chapter_link><sunday_review_link></sunday_review_link><article_chapter_link></article_chapter_link><isbns><isbn><isbn10>0385537859</isbn10><isbn13>9780385537858</isbn13></isbn><isbn><isbn10>0345806484</isbn10><isbn13>9780345806482</isbn13></isbn><isbn><isbn10>0385537867</isbn10><isbn13>9780385537865</isbn13></isbn><isbn><isbn10>0804172269</isbn10><isbn13>9780804172264</isbn13></isbn><isbn><isbn10>0345806492</isbn10><isbn13>9780345806499</isbn13></isbn><isbn><isbn10>1400079152</isbn10><isbn13>9781400079155</isbn13></isbn><isbn><isbn10>1101972971</isbn10><isbn13>9781101972977</isbn13></isbn><isbn><isbn10>1101974117</isbn10><isbn13>9781101974117</isbn13></isbn><isbn><isbn10>0385539924</isbn10><isbn13>9780385539920</isbn13></isbn></isbns><buy_links><buy_link><name>Local Booksellers</name><url>http://www.indiebound.org/book/9781101972977?aff=NYT</url></buy_link><buy_link><name>Barnes and Noble</name><url>http://www.anrdoezrs.net/click-7990613-11819508?url=http%3A%2F%2Fwww.barnesandnoble.com%2Fw%2F%3Fean%3D9781101972977</url></buy_link><buy_link><name>Amazon</name><url>http://www.amazon.com/Inferno-Robert-Langdon-Dan-Brown/dp/1400079152?tag=NYTBS-20</url></buy_link></buy_links></book><book><rank>11</rank><rank_last_week>0</rank_last_week><weeks_on_list>1</weeks_on_list><asterisk>0</asterisk><dagger>0</dagger><primary_isbn10>1460395921</primary_isbn10><primary_isbn13>9781460395929</primary_isbn13><publisher>Mira</publisher><description>When her father is suspected of murder, Charlie and a new member of the Krewe of Hunters team look for answers on a paddle-wheeler cruise.</description><price>0</price><title>DARKEST JOURNEY</title><author>Heather Graham</author><contributor>by Heather Graham</contributor><contributor_note></contributor_note><book_image>https://s1.nyt.com/du/books/images/9781460395929.jpg</book_image><book_image_width>313</book_image_width><book_image_height>495</book_image_height><amazon_product_url>http://www.amazon.com/Darkest-Journey-Hunters-Heather-Graham/dp/0778319482?tag=NYTBS-20</amazon_product_url><age_group></age_group><book_review_link></book_review_link><first_chapter_link></first_chapter_link><sunday_review_link></sunday_review_link><article_chapter_link></article_chapter_link><isbns><isbn><isbn10>0778319482</isbn10><isbn13>9780778319481</isbn13></isbn><isbn><isbn10>1460395921</isbn10><isbn13>9781460395929</isbn13></isbn><isbn><isbn10>0778330133</isbn10><isbn13>9780778330134</isbn13></isbn></isbns><buy_links><buy_link><name>Local Booksellers</name><url>http://www.indiebound.org/book/9781460395929?aff=NYT</url></buy_link><buy_link><name>Barnes and Noble</name><url>http://www.anrdoezrs.net/click-7990613-11819508?url=http%3A%2F%2Fwww.barnesandnoble.com%2Fw%2F%3Fean%3D9781460395929</url></buy_link><buy_link><name>Amazon</name><url>http://www.amazon.com/Darkest-Journey-Hunters-Heather-Graham/dp/0778319482?tag=NYTBS-20</url></buy_link></buy_links></book><book><rank>12</rank><rank_last_week>0</rank_last_week><weeks_on_list>1</weeks_on_list><asterisk>0</asterisk><dagger>0</dagger><primary_isbn10>161773229X</primary_isbn10><primary_isbn13>9781617732294</primary_isbn13><publisher>Kensington</publisher><description>When a corpse is discovered in the snow in Lake Eden, Minn., the baker Hannah Swensen helps the police. Recipes included. The 20th book in the series.</description><price>0</price><title>CHRISTMAS CARAMEL MURDER</title><author>Joanne Fluke</author><contributor>by Joanne Fluke</contributor><contributor_note></contributor_note><book_image>https://s1.nyt.com/du/books/images/9781617732287.jpg</book_image><book_image_width>330</book_image_width><book_image_height>470</book_image_height><amazon_product_url>http://www.amazon.com/Christmas-Caramel-Murder-Swensen-Mystery/dp/1617732281?tag=NYTBS-20</amazon_product_url><age_group></age_group><book_review_link></book_review_link><first_chapter_link></first_chapter_link><sunday_review_link></sunday_review_link><article_chapter_link></article_chapter_link><isbns><isbn><isbn10>1617732281</isbn10><isbn13>9781617732287</isbn13></isbn><isbn><isbn10>161773229X</isbn10><isbn13>9781617732294</isbn13></isbn></isbns><buy_links><buy_link><name>Local Booksellers</name><url>http://www.indiebound.org/book/9781617732294?aff=NYT</url></buy_link><buy_link><name>Barnes and Noble</name><url>http://www.anrdoezrs.net/click-7990613-11819508?url=http%3A%2F%2Fwww.barnesandnoble.com%2Fw%2F%3Fean%3D9781617732294</url></buy_link><buy_link><name>Amazon</name><url>http://www.amazon.com/Christmas-Caramel-Murder-Swensen-Mystery/dp/1617732281?tag=NYTBS-20</url></buy_link></buy_links></book><book><rank>13</rank><rank_last_week>0</rank_last_week><weeks_on_list>1</weeks_on_list><asterisk>0</asterisk><dagger>0</dagger><primary_isbn10>1460395956</primary_isbn10><primary_isbn13>9781460395950</primary_isbn13><publisher>Mira</publisher><description>A woman escaping the scandal surrounding her husband's suicide seeks out a former best friend.</description><price>0</price><title>THE LIFE SHE WANTS</title><author>Ron Carr</author><contributor>by Robyn Carr</contributor><contributor_note></contributor_note><book_image>https://s1.nyt.com/du/books/images/9781460395950.jpg</book_image><book_image_width>329</book_image_width><book_image_height>495</book_image_height><amazon_product_url>http://www.amazon.com/Life-She-Wants-Robyn-Carr/dp/0778319679?tag=NYTBS-20</amazon_product_url><age_group></age_group><book_review_link></book_review_link><first_chapter_link></first_chapter_link><sunday_review_link></sunday_review_link><article_chapter_link></article_chapter_link><isbns><isbn><isbn10>0778319679</isbn10><isbn13>9780778319672</isbn13></isbn><isbn><isbn10>1460395956</isbn10><isbn13>9781460395950</isbn13></isbn><isbn><isbn10>0778330141</isbn10><isbn13>9780778330141</isbn13></isbn></isbns><buy_links><buy_link><name>Local Booksellers</name><url>http://www.indiebound.org/book/9781460395950?aff=NYT</url></buy_link><buy_link><name>Barnes and Noble</name><url>http://www.anrdoezrs.net/click-7990613-11819508?url=http%3A%2F%2Fwww.barnesandnoble.com%2Fw%2F%3Fean%3D9781460395950</url></buy_link><buy_link><name>Amazon</name><url>http://www.amazon.com/Life-She-Wants-Robyn-Carr/dp/0778319679?tag=NYTBS-20</url></buy_link></buy_links></book><book><rank>14</rank><rank_last_week>10</rank_last_week><weeks_on_list>9</weeks_on_list><asterisk>0</asterisk><dagger>0</dagger><primary_isbn10>1501132946</primary_isbn10><primary_isbn13>9781501132940</primary_isbn13><publisher>Scout</publisher><description>A travel writer on a cruise is certain she has heard a body thrown overboard, but no one believes her.</description><price>0</price><title>THE WOMAN IN CABIN 10</title><author>Ruth Ware</author><contributor>by Ruth Ware</contributor><contributor_note></contributor_note><book_image>https://s1.nyt.com/du/books/images/9781501132940.jpg</book_image><book_image_width>330</book_image_width><book_image_height>495</book_image_height><amazon_product_url>http://www.amazon.com/Woman-Cabin-10-Ruth-Ware-ebook/dp/B019DKO5BM?tag=NYTBS-20</amazon_product_url><age_group></age_group><book_review_link></book_review_link><first_chapter_link></first_chapter_link><sunday_review_link></sunday_review_link><article_chapter_link></article_chapter_link><isbns><isbn><isbn10>1501132938</isbn10><isbn13>9781501132933</isbn13></isbn><isbn><isbn10>1501132946</isbn10><isbn13>9781501132940</isbn13></isbn><isbn><isbn10>1501132954</isbn10><isbn13>9781501132957</isbn13></isbn><isbn><isbn10>1501151797</isbn10><isbn13>9781501151798</isbn13></isbn><isbn><isbn10>1432839934</isbn10><isbn13>9781432839932</isbn13></isbn></isbns><buy_links><buy_link><name>Local Booksellers</name><url>http://www.indiebound.org/book/9781501132940?aff=NYT</url></buy_link><buy_link><name>Barnes and Noble</name><url>http://www.anrdoezrs.net/click-7990613-11819508?url=http%3A%2F%2Fwww.barnesandnoble.com%2Fw%2F%3Fean%3D9781501132940</url></buy_link><buy_link><name>Amazon</name><url>http://www.amazon.com/Woman-Cabin-10-Ruth-Ware-ebook/dp/B019DKO5BM?tag=NYTBS-20</url></buy_link></buy_links></book><book><rank>15</rank><rank_last_week>11</rank_last_week><weeks_on_list>4</weeks_on_list><asterisk>0</asterisk><dagger>0</dagger><primary_isbn10>0385349750</primary_isbn10><primary_isbn13>9780385349758</primary_isbn13><publisher>Knopf</publisher><description>The ex-cop Andrew Yancy​ from ​“Bad Monkey” gets involved in a kidnapping gone wrong.</description><price>0</price><title>RAZOR GIRL</title><author>Carl Hiaasen</author><contributor>by Carl Hiaasen</contributor><contributor_note></contributor_note><book_image>https://s1.nyt.com/du/books/images/9780385349758.jpg</book_image><book_image_width>330</book_image_width><book_image_height>493</book_image_height><amazon_product_url>http://www.amazon.com/Razor-Girl-novel-Carl-Hiaasen-ebook/dp/B019B6TVUI?tag=NYTBS-20</amazon_product_url><age_group></age_group><book_review_link>https://www.nytimes.com/2016/09/25/books/review/carl-hiaasen-razor-girl.html</book_review_link><first_chapter_link></first_chapter_link><sunday_review_link></sunday_review_link><article_chapter_link></article_chapter_link><isbns><isbn><isbn10>0385349742</isbn10><isbn13>9780385349741</isbn13></isbn><isbn><isbn10>0385349750</isbn10><isbn13>9780385349758</isbn13></isbn><isbn><isbn10>0735206007</isbn10><isbn13>9780735206007</isbn13></isbn></isbns><buy_links><buy_link><name>Local Booksellers</name><url>http://www.indiebound.org/book/9780385349758?aff=NYT</url></buy_link><buy_link><name>Barnes and Noble</name><url>http://www.anrdoezrs.net/click-7990613-11819508?url=http%3A%2F%2Fwww.barnesandnoble.com%2Fw%2F%3Fean%3D9780385349758</url></buy_link><buy_link><name>Amazon</name><url>http://www.amazon.com/Razor-Girl-novel-Carl-Hiaasen-ebook/dp/B019B6TVUI?tag=NYTBS-20</url></buy_link></buy_links></book><book><rank>16</rank><rank_last_week>0</rank_last_week><weeks_on_list>0</weeks_on_list><asterisk>0</asterisk><dagger>0</dagger><primary_isbn10>1250010721</primary_isbn10><primary_isbn13>9781250010728</primary_isbn13><publisher>St. Martin's Griffin</publisher><description>Twenty years after a sister's supposed suicide, she is discovered to be very much alive.</description><price>0</price><title>THE SILENT SISTER</title><author>Diane Chamberlain</author><contributor>by Diane Chamberlain</contributor><contributor_note></contributor_note><book_image>https://s1.nyt.com/du/books/images/9781250010728.jpg</book_image><book_image_width>330</book_image_width><book_image_height>494</book_image_height><amazon_product_url>http://www.amazon.com/Silent-Sister-Novel-Diane-Chamberlain/dp/1250074355?tag=NYTBS-20</amazon_product_url><age_group></age_group><book_review_link></book_review_link><first_chapter_link></first_chapter_link><sunday_review_link></sunday_review_link><article_chapter_link></article_chapter_link><isbns><isbn><isbn10>1250010721</isbn10><isbn13>9781250010728</isbn13></isbn><isbn><isbn10>1250074355</isbn10><isbn13>9781250074355</isbn13></isbn></isbns><buy_links><buy_link><name>Local Booksellers</name><url>http://www.indiebound.org/book/9781250010728?aff=NYT</url></buy_link><buy_link><name>Barnes and Noble</name><url>http://www.anrdoezrs.net/click-7990613-11819508?url=http%3A%2F%2Fwww.barnesandnoble.com%2Fw%2F%3Fean%3D9781250010728</url></buy_link><buy_link><name>Amazon</name><url>http://www.amazon.com/Silent-Sister-Novel-Diane-Chamberlain/dp/1250074355?tag=NYTBS-20</url></buy_link></buy_links></book><book><rank>17</rank><rank_last_week>0</rank_last_week><weeks_on_list>0</weeks_on_list><asterisk>0</asterisk><dagger>0</dagger><primary_isbn10>0062349058</primary_isbn10><primary_isbn13>9780062349057</primary_isbn13><publisher>Avon</publisher><description></description><price>0</price><title>DO YOU WANT TO START A SCANDAL</title><author>Tessa Dare</author><contributor>by Tessa Dare</contributor><contributor_note></contributor_note><book_image>https://s1.nyt.com/du/books/images/9780062349057.jpg</book_image><book_image_width>299</book_image_width><book_image_height>495</book_image_height><amazon_product_url>http://www.amazon.com/Want-Start-Scandal-Castles-After/dp/006234904X?tag=NYTBS-20</amazon_product_url><age_group></age_group><book_review_link></book_review_link><first_chapter_link></first_chapter_link><sunday_review_link></sunday_review_link><article_chapter_link></article_chapter_link><isbns><isbn><isbn10>0062349058</isbn10><isbn13>9780062349057</isbn13></isbn><isbn><isbn10>006234904X</isbn10><isbn13>9780062349040</isbn13></isbn></isbns><buy_links><buy_link><name>Local Booksellers</name><url>http://www.indiebound.org/book/9780062349057?aff=NYT</url></buy_link><buy_link><name>Barnes and Noble</name><url>http://www.anrdoezrs.net/click-7990613-11819508?url=http%3A%2F%2Fwww.barnesandnoble.com%2Fw%2F%3Fean%3D9780062349057</url></buy_link><buy_link><name>Amazon</name><url>http://www.amazon.com/Want-Start-Scandal-Castles-After/dp/006234904X?tag=NYTBS-20</url></buy_link></buy_links></book><book><rank>18</rank><rank_last_week>0</rank_last_week><weeks_on_list>0</weeks_on_list><asterisk>0</asterisk><dagger>0</dagger><primary_isbn10>0062448056</primary_isbn10><primary_isbn13>9780062448057</primary_isbn13><publisher>Avon</publisher><description></description><price>0</price><title>THE TROUBLE WITH MISTLETOE</title><author>Jill Shalvis</author><contributor>by Jill Shalvis</contributor><contributor_note></contributor_note><book_image>https://s1.nyt.com/du/books/images/9780062448040.jpg</book_image><book_image_width>328</book_image_width><book_image_height>495</book_image_height><amazon_product_url>http://www.amazon.com/Trouble-Mistletoe-Heartbreaker-Bay-Novel-ebook/dp/B01A5CEK3A?tag=NYTBS-20</amazon_product_url><age_group></age_group><book_review_link></book_review_link><first_chapter_link></first_chapter_link><sunday_review_link></sunday_review_link><article_chapter_link></article_chapter_link><isbns><isbn><isbn10>0062448048</isbn10><isbn13>9780062448040</isbn13></isbn><isbn><isbn10>0062448056</isbn10><isbn13>9780062448057</isbn13></isbn></isbns><buy_links><buy_link><name>Local Booksellers</name><url>http://www.indiebound.org/book/9780062448057?aff=NYT</url></buy_link><buy_link><name>Barnes and Noble</name><url>http://www.anrdoezrs.net/click-7990613-11819508?url=http%3A%2F%2Fwww.barnesandnoble.com%2Fw%2F%3Fean%3D9780062448057</url></buy_link><buy_link><name>Amazon</name><url>http://www.amazon.com/Trouble-Mistletoe-Heartbreaker-Bay-Novel-ebook/dp/B01A5CEK3A?tag=NYTBS-20</url></buy_link></buy_links></book><book><rank>19</rank><rank_last_week>0</rank_last_week><weeks_on_list>0</weeks_on_list><asterisk>0</asterisk><dagger>0</dagger><primary_isbn10>1942295839</primary_isbn10><primary_isbn13>9781942295839</primary_isbn13><publisher>HTJB</publisher><description>A dalliance runs deeper than either Honey or Blake intended.</description><price>0</price><title>SEX MACHINE</title><author>Marie Force</author><contributor>by Marie Force</contributor><contributor_note></contributor_note><book_image>https://s1.nyt.com/du/books/images/9781942295839.jpg</book_image><book_image_width>330</book_image_width><book_image_height>495</book_image_height><amazon_product_url>http://www.amazon.com/Sex-Machine-Marie-Force/dp/1942295847?tag=NYTBS-20</amazon_product_url><age_group></age_group><book_review_link></book_review_link><first_chapter_link></first_chapter_link><sunday_review_link></sunday_review_link><article_chapter_link></article_chapter_link><isbns><isbn><isbn10>1942295839</isbn10><isbn13>9781942295839</isbn13></isbn><isbn><isbn10>1942295847</isbn10><isbn13>9781942295846</isbn13></isbn></isbns><buy_links><buy_link><name>Local Booksellers</name><url>http://www.indiebound.org/book/9781942295839?aff=NYT</url></buy_link><buy_link><name>Barnes and Noble</name><url>http://www.anrdoezrs.net/click-7990613-11819508?url=http%3A%2F%2Fwww.barnesandnoble.com%2Fw%2F%3Fean%3D9781942295839</url></buy_link><buy_link><name>Amazon</name><url>http://www.amazon.com/Sex-Machine-Marie-Force/dp/1942295847?tag=NYTBS-20</url></buy_link></buy_links></book><book><rank>20</rank><rank_last_week>0</rank_last_week><weeks_on_list>0</weeks_on_list><asterisk>0</asterisk><dagger>0</dagger><primary_isbn10>0062430238</primary_isbn10><primary_isbn13>9780062430236</primary_isbn13><publisher>Morrow/HarperCollins</publisher><description>Will Trent of the Georgia Bureau of Investigation and his lover, the medical examiner Sara Linton, pursue a case involving a dirty Atlanta cop.</description><price>0</price><title>THE KEPT WOMAN</title><author>Karin Slaughter</author><contributor>by Karin Slaughter</contributor><contributor_note></contributor_note><book_image>https://s1.nyt.com/du/books/images/9780062430236.jpg</book_image><book_image_width>330</book_image_width><book_image_height>495</book_image_height><amazon_product_url>http://www.amazon.com/Kept-Woman-Novel-Karin-Slaughter-ebook/dp/B019WVPSUO?tag=NYTBS-20</amazon_product_url><age_group></age_group><book_review_link></book_review_link><first_chapter_link></first_chapter_link><sunday_review_link></sunday_review_link><article_chapter_link></article_chapter_link><isbns><isbn><isbn10>0062430211</isbn10><isbn13>9780062430212</isbn13></isbn><isbn><isbn10>0062430238</isbn10><isbn13>9780062430236</isbn13></isbn><isbn><isbn10>0062496654</isbn10><isbn13>9780062496652</isbn13></isbn></isbns><buy_links><buy_link><name>Local Booksellers</name><url>http://www.indiebound.org/book/9780062430236?aff=NYT</url></buy_link><buy_link><name>Barnes and Noble</name><url>http://www.anrdoezrs.net/click-7990613-11819508?url=http%3A%2F%2Fwww.barnesandnoble.com%2Fw%2F%3Fean%3D9780062430236</url></buy_link><buy_link><name>Amazon</name><url>http://www.amazon.com/Kept-Woman-Novel-Karin-Slaughter-ebook/dp/B019WVPSUO?tag=NYTBS-20</url></buy_link></buy_links></book></books><corrections/></results></result_set>
