<?xml version="1.0" encoding="UTF-8"?>
<result_set><status>OK</status><copyright>Copyright (c) 2018 The New York Times Company.  All Rights Reserved.</copyright><num_results>20</num_results><last_modified>2017-03-21T13:38:01-04:00</last_modified><results><list_name>Combined Print and E-Book Fiction</list_name><list_name_encoded>combined-print-and-e-book-fiction</list_name_encoded><bestsellers_date>2015-03-07</bestsellers_date><published_date>2015-03-22</published_date><published_date_description></published_date_description><next_published_date>2015-03-29</next_published_date><previous_published_date>2015-03-15</previous_published_date><display_name><![CDATA[Combined Print & E-Book Fiction]]></display_name><normal_list_ends_at>15</normal_list_ends_at><updated>WEEKLY</updated><books><book><rank>1</rank><rank_last_week>1</rank_last_week><weeks_on_list>8</weeks_on_list><asterisk>0</asterisk><dagger>0</dagger><primary_isbn10>0698185390</primary_isbn10><primary_isbn13>9780698185395</primary_isbn13><publisher>Riverhead</publisher><description>A psychological thriller set in London is full of complications and betrayals.</description><price>0</price><title>THE GIRL ON THE TRAIN</title><author>Paula Hawkins</author><contributor>by Paula Hawkins</contributor><contributor_note></contributor_note><book_image>https://s1.nyt.com/du/books/images/9781594633669.jpg</book_image><book_image_width>312</book_image_width><book_image_height>495</book_image_height><amazon_product_url>http://www.amazon.com/The-Girl-Train-A-Novel-ebook/dp/B00L9B7IKE?tag=NYTBS-20</amazon_product_url><age_group></age_group><book_review_link>https://www.nytimes.com/2015/01/05/books/the-girl-on-the-train-by-paula-hawkins.html</book_review_link><first_chapter_link></first_chapter_link><sunday_review_link>https://www.nytimes.com/2015/02/01/books/review/the-girl-on-the-train-by-paula-hawkins.html</sunday_review_link><article_chapter_link></article_chapter_link><isbns><isbn><isbn10>1594633665</isbn10><isbn13>9781594633669</isbn13></isbn><isbn><isbn10>0698185390</isbn10><isbn13>9780698185395</isbn13></isbn><isbn><isbn10>1410477762</isbn10><isbn13>9781410477767</isbn13></isbn><isbn><isbn10>0857522329</isbn10><isbn13>9780857522320</isbn13></isbn><isbn><isbn10>1448171687</isbn10><isbn13>9781448171682</isbn13></isbn><isbn><isbn10>1594634122</isbn10><isbn13>9781594634123</isbn13></isbn><isbn><isbn10>038568231X</isbn10><isbn13>9780385682312</isbn13></isbn><isbn><isbn10>1594634025</isbn10><isbn13>9781594634024</isbn13></isbn><isbn><isbn10>0735212155</isbn10><isbn13>9780735212152</isbn13></isbn><isbn><isbn10>0735212163</isbn10><isbn13>9780735212169</isbn13></isbn><isbn><isbn10>1432834355</isbn10><isbn13>9781432834357</isbn13></isbn></isbns><buy_links><buy_link><name>Local Booksellers</name><url>http://www.indiebound.org/book/9780698185395?aff=NYT</url></buy_link><buy_link><name>Barnes and Noble</name><url>http://www.anrdoezrs.net/click-7990613-11819508?url=http%3A%2F%2Fwww.barnesandnoble.com%2Fw%2F%3Fean%3D9780698185395</url></buy_link><buy_link><name>Amazon</name><url>http://www.amazon.com/The-Girl-Train-A-Novel-ebook/dp/B00L9B7IKE?tag=NYTBS-20</url></buy_link></buy_links></book><book><rank>2</rank><rank_last_week>0</rank_last_week><weeks_on_list>1</weeks_on_list><asterisk>0</asterisk><dagger>0</dagger><primary_isbn10></primary_isbn10><primary_isbn13>9780698184633</primary_isbn13><publisher>Ace</publisher><description>Charles and Anna, married werewolves, must stop a dangerous Fae whom they encounter during what begins as a pleasure trip.</description><price>0</price><title>DEAD HEAT</title><author>Patricia Briggs</author><contributor>by Patricia Briggs</contributor><contributor_note></contributor_note><book_image>https://s1.nyt.com/du/books/images/9780698184633.jpg</book_image><book_image_width>128</book_image_width><book_image_height>193</book_image_height><amazon_product_url>http://www.amazon.com/Dead-Heat-Alpha-Omega-Book-ebook/dp/B00L9B7CF0?tag=NYTBS-20</amazon_product_url><age_group></age_group><book_review_link></book_review_link><first_chapter_link></first_chapter_link><sunday_review_link></sunday_review_link><article_chapter_link></article_chapter_link><isbns><isbn><isbn10>0425256758</isbn10><isbn13>9780425256756</isbn13></isbn></isbns><buy_links><buy_link><name>Local Booksellers</name><url>http://www.indiebound.org/book/9780698184633?aff=NYT</url></buy_link><buy_link><name>Barnes and Noble</name><url>http://www.anrdoezrs.net/click-7990613-11819508?url=http%3A%2F%2Fwww.barnesandnoble.com%2Fw%2F%3Fean%3D9780698184633</url></buy_link><buy_link><name>Amazon</name><url>http://www.amazon.com/Dead-Heat-Alpha-Omega-Book-ebook/dp/B00L9B7CF0?tag=NYTBS-20</url></buy_link></buy_links></book><book><rank>3</rank><rank_last_week>8</rank_last_week><weeks_on_list>25</weeks_on_list><asterisk>0</asterisk><dagger>0</dagger><primary_isbn10></primary_isbn10><primary_isbn13>9781476746609</primary_isbn13><publisher>Scribner</publisher><description>The lives of a blind French girl and a gadget-obsessed German boy before and during World War II.</description><price>0</price><title>ALL THE LIGHT WE CANNOT SEE</title><author>Anthony Doerr</author><contributor>by Anthony Doerr</contributor><contributor_note></contributor_note><book_image>https://s1.nyt.com/du/books/images/9781476746586.jpg</book_image><book_image_width>128</book_image_width><book_image_height>192</book_image_height><amazon_product_url>http://www.amazon.com/All-Light-We-Cannot-See/dp/1476746583?tag=NYTBS-20</amazon_product_url><age_group></age_group><book_review_link></book_review_link><first_chapter_link></first_chapter_link><sunday_review_link>https://www.nytimes.com/2014/05/11/books/review/all-the-light-we-cannot-see-by-anthony-doerr.html</sunday_review_link><article_chapter_link></article_chapter_link><isbns><isbn><isbn10>1476746583</isbn10><isbn13>9781476746586</isbn13></isbn><isbn><isbn10>1410470229</isbn10><isbn13>9781410470225</isbn13></isbn><isbn><isbn10>1476746591</isbn10><isbn13>9781476746593</isbn13></isbn><isbn><isbn10>1501122835</isbn10><isbn13>9781501122835</isbn13></isbn><isbn><isbn10>0007548699</isbn10><isbn13>9780007548699</isbn13></isbn><isbn><isbn10>1501173219</isbn10><isbn13>9781501173219</isbn13></isbn></isbns><buy_links><buy_link><name>Local Booksellers</name><url>http://www.indiebound.org/book/9781476746609?aff=NYT</url></buy_link><buy_link><name>Barnes and Noble</name><url>http://www.anrdoezrs.net/click-7990613-11819508?url=http%3A%2F%2Fwww.barnesandnoble.com%2Fw%2F%3Fean%3D9781476746609</url></buy_link><buy_link><name>Amazon</name><url>http://www.amazon.com/All-Light-We-Cannot-See/dp/1476746583?tag=NYTBS-20</url></buy_link></buy_links></book><book><rank>4</rank><rank_last_week>0</rank_last_week><weeks_on_list>1</weeks_on_list><asterisk>0</asterisk><dagger>0</dagger><primary_isbn10></primary_isbn10><primary_isbn13>9780698169678</primary_isbn13><publisher>Putnam</publisher><description>The detective Isaac Bell investigates the murders of opponents of the Standard Oil trust in 1905.</description><price>0</price><title>THE ASSASSIN</title><author>Clive Cussler and Justin Scott</author><contributor>by Clive Cussler and Justin Scott</contributor><contributor_note></contributor_note><book_image>https://s1.nyt.com/du/books/images/9780399171758.jpg</book_image><book_image_width>128</book_image_width><book_image_height>193</book_image_height><amazon_product_url>http://www.amazon.com/The-Assassin-Isaac-Bell-Book-ebook/dp/B00L9AXY6M?tag=NYTBS-20</amazon_product_url><age_group></age_group><book_review_link></book_review_link><first_chapter_link></first_chapter_link><sunday_review_link></sunday_review_link><article_chapter_link></article_chapter_link><isbns><isbn><isbn10>0399171754</isbn10><isbn13>9780399171758</isbn13></isbn><isbn><isbn10>0425280179</isbn10><isbn13>9780425280171</isbn13></isbn></isbns><buy_links><buy_link><name>Local Booksellers</name><url>http://www.indiebound.org/book/9780698169678?aff=NYT</url></buy_link><buy_link><name>Barnes and Noble</name><url>http://www.anrdoezrs.net/click-7990613-11819508?url=http%3A%2F%2Fwww.barnesandnoble.com%2Fw%2F%3Fean%3D9780698169678</url></buy_link><buy_link><name>Amazon</name><url>http://www.amazon.com/The-Assassin-Isaac-Bell-Book-ebook/dp/B00L9AXY6M?tag=NYTBS-20</url></buy_link></buy_links></book><book><rank>5</rank><rank_last_week>3</rank_last_week><weeks_on_list>61</weeks_on_list><asterisk>0</asterisk><dagger>0</dagger><primary_isbn10>1612130593</primary_isbn10><primary_isbn13>9781612130590</primary_isbn13><publisher>Vintage</publisher><description>Daunted by Christian’s dark secrets, Anastasia ends their relationship — but desire still dominates her every thought; the second book in a trilogy.</description><price>0</price><title>FIFTY SHADES DARKER</title><author>E L James</author><contributor>by E. L. James</contributor><contributor_note></contributor_note><book_image>https://s1.nyt.com/du/books/images/9780345803498.jpg</book_image><book_image_width>328</book_image_width><book_image_height>495</book_image_height><amazon_product_url>http://www.amazon.com/Fifty-Shades-Darker-E-James/dp/0345803493?tag=NYTBS-20</amazon_product_url><age_group></age_group><book_review_link></book_review_link><first_chapter_link></first_chapter_link><sunday_review_link></sunday_review_link><article_chapter_link></article_chapter_link><isbns><isbn><isbn10>1612130593</isbn10><isbn13>9781612130590</isbn13></isbn><isbn><isbn10>1612130585</isbn10><isbn13>9781612130583</isbn13></isbn><isbn><isbn10>0345803493</isbn10><isbn13>9780345803498</isbn13></isbn><isbn><isbn10>1448149460</isbn10><isbn13>9781448149469</isbn13></isbn><isbn><isbn10>0385363133</isbn10><isbn13>9780385363136</isbn13></isbn><isbn><isbn10>0099579928</isbn10><isbn13>9780099579922</isbn13></isbn><isbn><isbn10>0385537689</isbn10><isbn13>9780385537681</isbn13></isbn><isbn><isbn10>0606264485</isbn10><isbn13>9780606264488</isbn13></isbn><isbn><isbn10>0525431888</isbn10><isbn13>9780525431886</isbn13></isbn><isbn><isbn10>0525434860</isbn10><isbn13>9780525434863</isbn13></isbn></isbns><buy_links><buy_link><name>Local Booksellers</name><url>http://www.indiebound.org/book/9781612130590?aff=NYT</url></buy_link><buy_link><name>Barnes and Noble</name><url>http://www.anrdoezrs.net/click-7990613-11819508?url=http%3A%2F%2Fwww.barnesandnoble.com%2Fw%2F%3Fean%3D9781612130590</url></buy_link><buy_link><name>Amazon</name><url>http://www.amazon.com/Fifty-Shades-Darker-E-James/dp/0345803493?tag=NYTBS-20</url></buy_link></buy_links></book><book><rank>6</rank><rank_last_week>11</rank_last_week><weeks_on_list>5</weeks_on_list><asterisk>0</asterisk><dagger>0</dagger><primary_isbn10>1466850604</primary_isbn10><primary_isbn13>9781466850606</primary_isbn13><publisher>St. Martin's</publisher><description>Two sisters are separated in World War II France: one struggling to survive in the countryside, the other joining the Resistance in Paris.</description><price>0</price><title>THE NIGHTINGALE</title><author>Kristin Hannah</author><contributor>by Kristin Hannah</contributor><contributor_note></contributor_note><book_image>https://s1.nyt.com/du/books/images/9781466850606.jpg</book_image><book_image_width>128</book_image_width><book_image_height>195</book_image_height><amazon_product_url>http://www.amazon.com/The-Nightingale-Kristin-Hannah/dp/0312577222?tag=NYTBS-20</amazon_product_url><age_group></age_group><book_review_link></book_review_link><first_chapter_link></first_chapter_link><sunday_review_link></sunday_review_link><article_chapter_link></article_chapter_link><isbns><isbn><isbn10>0312577222</isbn10><isbn13>9780312577223</isbn13></isbn><isbn><isbn10>1466850604</isbn10><isbn13>9781466850606</isbn13></isbn><isbn><isbn10>1628995017</isbn10><isbn13>9781628995015</isbn13></isbn><isbn><isbn10>1250080401</isbn10><isbn13>9781250080400</isbn13></isbn></isbns><buy_links><buy_link><name>Local Booksellers</name><url>http://www.indiebound.org/book/9781466850606?aff=NYT</url></buy_link><buy_link><name>Barnes and Noble</name><url>http://www.anrdoezrs.net/click-7990613-11819508?url=http%3A%2F%2Fwww.barnesandnoble.com%2Fw%2F%3Fean%3D9781466850606</url></buy_link><buy_link><name>Amazon</name><url>http://www.amazon.com/The-Nightingale-Kristin-Hannah/dp/0312577222?tag=NYTBS-20</url></buy_link></buy_links></book><book><rank>7</rank><rank_last_week>7</rank_last_week><weeks_on_list>58</weeks_on_list><asterisk>0</asterisk><dagger>0</dagger><primary_isbn10>1612130615</primary_isbn10><primary_isbn13>9781612130613</primary_isbn13><publisher>Vintage</publisher><description>Reunited, Anastasia and Christian face a world of possibilities, and unexpected challenges; the final volume in a trilogy.</description><price>0</price><title>FIFTY SHADES FREED</title><author>E L James</author><contributor>by E. L. James</contributor><contributor_note></contributor_note><book_image>https://s1.nyt.com/du/books/images/9781612130606.jpg</book_image><book_image_width>330</book_image_width><book_image_height>495</book_image_height><amazon_product_url>http://www.amazon.com/Fifty-Shades-Freed-Three-Trilogy/dp/0345803507?tag=NYTBS-20</amazon_product_url><age_group></age_group><book_review_link></book_review_link><first_chapter_link></first_chapter_link><sunday_review_link></sunday_review_link><article_chapter_link></article_chapter_link><isbns><isbn><isbn10>1612130615</isbn10><isbn13>9781612130613</isbn13></isbn><isbn><isbn10>1612130607</isbn10><isbn13>9781612130606</isbn13></isbn><isbn><isbn10>0345803507</isbn10><isbn13>9780345803504</isbn13></isbn><isbn><isbn10>0385537697</isbn10><isbn13>9780385537698</isbn13></isbn></isbns><buy_links><buy_link><name>Local Booksellers</name><url>http://www.indiebound.org/book/9781612130613?aff=NYT</url></buy_link><buy_link><name>Barnes and Noble</name><url>http://www.anrdoezrs.net/click-7990613-11819508?url=http%3A%2F%2Fwww.barnesandnoble.com%2Fw%2F%3Fean%3D9781612130613</url></buy_link><buy_link><name>Amazon</name><url>http://www.amazon.com/Fifty-Shades-Freed-Three-Trilogy/dp/0345803507?tag=NYTBS-20</url></buy_link></buy_links></book><book><rank>8</rank><rank_last_week>12</rank_last_week><weeks_on_list>4</weeks_on_list><asterisk>0</asterisk><dagger>0</dagger><primary_isbn10>1101874287</primary_isbn10><primary_isbn13>9781101874288</primary_isbn13><publisher>Knopf</publisher><description>Four generations of a family are drawn to a house in the Baltimore suburbs.</description><price>0</price><title>A SPOOL OF BLUE THREAD</title><author>Anne Tyler</author><contributor>by Anne Tyler</contributor><contributor_note></contributor_note><book_image>https://s1.nyt.com/du/books/images/9781101874288.jpg</book_image><book_image_width>128</book_image_width><book_image_height>191</book_image_height><amazon_product_url>http://www.amazon.com/Spool-Blue-Thread-novel-ebook/dp/B00MSS0WVY?tag=NYTBS-20</amazon_product_url><age_group></age_group><book_review_link>https://www.nytimes.com/2015/02/06/books/anne-tylers-20th-novel-a-spool-of-blue-thread.html</book_review_link><first_chapter_link></first_chapter_link><sunday_review_link>https://www.nytimes.com/2015/02/15/books/review/a-spool-of-blue-thread-by-anne-tyler.html</sunday_review_link><article_chapter_link></article_chapter_link><isbns><isbn><isbn10>1101874279</isbn10><isbn13>9781101874271</isbn13></isbn><isbn><isbn10>0804194726</isbn10><isbn13>9780804194723</isbn13></isbn><isbn><isbn10>1101874287</isbn10><isbn13>9781101874288</isbn13></isbn><isbn><isbn10>0553394398</isbn10><isbn13>9780553394399</isbn13></isbn></isbns><buy_links><buy_link><name>Local Booksellers</name><url>http://www.indiebound.org/book/9781101874288?aff=NYT</url></buy_link><buy_link><name>Barnes and Noble</name><url>http://www.anrdoezrs.net/click-7990613-11819508?url=http%3A%2F%2Fwww.barnesandnoble.com%2Fw%2F%3Fean%3D9781101874288</url></buy_link><buy_link><name>Amazon</name><url>http://www.amazon.com/Spool-Blue-Thread-novel-ebook/dp/B00MSS0WVY?tag=NYTBS-20</url></buy_link></buy_links></book><book><rank>9</rank><rank_last_week>6</rank_last_week><weeks_on_list>80</weeks_on_list><asterisk>0</asterisk><dagger>0</dagger><primary_isbn10>None</primary_isbn10><primary_isbn13>9781612130293</primary_isbn13><publisher>Vintage</publisher><description>An innocent college student falls in love with a tortured man with particular sexual tastes; the first of a trilogy.</description><price>0</price><title>FIFTY SHADES OF GREY</title><author>E L James</author><contributor>by E. L. James</contributor><contributor_note></contributor_note><book_image>https://s1.nyt.com/du/books/images/9780345803481.jpg</book_image><book_image_width>125</book_image_width><book_image_height>193</book_image_height><amazon_product_url>http://www.amazon.com/Fifty-Shades-Grey-Book-Trilogy/dp/0345803485?tag=NYTBS-20</amazon_product_url><age_group></age_group><book_review_link></book_review_link><first_chapter_link></first_chapter_link><sunday_review_link></sunday_review_link><article_chapter_link></article_chapter_link><isbns><isbn><isbn10>1612130283</isbn10><isbn13>9781612130286</isbn13></isbn><isbn><isbn10>0345803485</isbn10><isbn13>9780345803481</isbn13></isbn><isbn><isbn10>0099579936</isbn10><isbn13>9780099579939</isbn13></isbn><isbn><isbn10>0385363125</isbn10><isbn13>9780385363129</isbn13></isbn><isbn><isbn10>0385537670</isbn10><isbn13>9780385537674</isbn13></isbn><isbn><isbn10>0345806751</isbn10><isbn13>9780345806758</isbn13></isbn><isbn><isbn10>0804172072</isbn10><isbn13>9780804172073</isbn13></isbn><isbn><isbn10>0345805151</isbn10><isbn13>9780345805157</isbn13></isbn></isbns><buy_links><buy_link><name>Local Booksellers</name><url>http://www.indiebound.org/book/9781612130293?aff=NYT</url></buy_link><buy_link><name>Barnes and Noble</name><url>http://www.anrdoezrs.net/click-7990613-11819508?url=http%3A%2F%2Fwww.barnesandnoble.com%2Fw%2F%3Fean%3D9781612130293</url></buy_link><buy_link><name>Amazon</name><url>http://www.amazon.com/Fifty-Shades-Grey-Book-Trilogy/dp/0345803485?tag=NYTBS-20</url></buy_link></buy_links></book><book><rank>10</rank><rank_last_week>10</rank_last_week><weeks_on_list>8</weeks_on_list><asterisk>0</asterisk><dagger>0</dagger><primary_isbn10>1439157030</primary_isbn10><primary_isbn13>9781439157039</primary_isbn13><publisher>Pocket Books</publisher><description>A 50-year-old Harvard professor learns she has early-onset Alzheimer's disease; now a movie.</description><price>0</price><title>STILL ALICE</title><author>Lisa Genova</author><contributor>by Lisa Genova</contributor><contributor_note></contributor_note><book_image>https://s1.nyt.com/du/books/images/9781439102817.jpg</book_image><book_image_width>128</book_image_width><book_image_height>192</book_image_height><amazon_product_url>http://www.amazon.com/Still-Alice-Lisa-Genova/dp/1439102813?tag=NYTBS-20</amazon_product_url><age_group></age_group><book_review_link></book_review_link><first_chapter_link></first_chapter_link><sunday_review_link></sunday_review_link><article_chapter_link>https://www.nytimes.com/2009/01/28/books/28selfpub.html</article_chapter_link><isbns><isbn><isbn10>1439102813</isbn10><isbn13>9781439102817</isbn13></isbn><isbn><isbn10>1501106422</isbn10><isbn13>9781501106422</isbn13></isbn><isbn><isbn10>1501107739</isbn10><isbn13>9781501107733</isbn13></isbn><isbn><isbn10>1439157030</isbn10><isbn13>9781439157039</isbn13></isbn><isbn><isbn10>1594138567</isbn10><isbn13>9781594138560</isbn13></isbn></isbns><buy_links><buy_link><name>Local Booksellers</name><url>http://www.indiebound.org/book/9781439157039?aff=NYT</url></buy_link><buy_link><name>Barnes and Noble</name><url>http://www.anrdoezrs.net/click-7990613-11819508?url=http%3A%2F%2Fwww.barnesandnoble.com%2Fw%2F%3Fean%3D9781439157039</url></buy_link><buy_link><name>Amazon</name><url>http://www.amazon.com/Still-Alice-Lisa-Genova/dp/1439102813?tag=NYTBS-20</url></buy_link></buy_links></book><book><rank>11</rank><rank_last_week>13</rank_last_week><weeks_on_list>119</weeks_on_list><asterisk>0</asterisk><dagger>0</dagger><primary_isbn10>0307588386</primary_isbn10><primary_isbn13>9780307588388</primary_isbn13><publisher>Crown</publisher><description>A woman disappears on the day of her fifth anniversary; is her husband a killer?</description><price>0</price><title>GONE GIRL</title><author>Gillian Flynn</author><contributor>by Gillian Flynn</contributor><contributor_note></contributor_note><book_image>https://s1.nyt.com/du/books/images/9780307588388.jpg</book_image><book_image_width>136</book_image_width><book_image_height>200</book_image_height><amazon_product_url>http://www.amazon.com/Gone-Girl-Novel-Gillian-Flynn-ebook/dp/B006LSZECO?tag=NYTBS-20</amazon_product_url><age_group></age_group><book_review_link>https://www.nytimes.com/2012/05/30/books/gone-girl-by-gillian-flynn.html</book_review_link><first_chapter_link></first_chapter_link><sunday_review_link>https://www.nytimes.com/2012/06/17/books/review/gillian-flynns-gone-girl-and-more.html</sunday_review_link><article_chapter_link></article_chapter_link><isbns><isbn><isbn10>030758836X</isbn10><isbn13>9780307588364</isbn13></isbn><isbn><isbn10>0307588386</isbn10><isbn13>9780307588388</isbn13></isbn><isbn><isbn10>1410450953</isbn10><isbn13>9781410450951</isbn13></isbn><isbn><isbn10>0297859382</isbn10><isbn13>9780297859383</isbn13></isbn><isbn><isbn10>0307588378</isbn10><isbn13>9780307588371</isbn13></isbn><isbn><isbn10>0297859390</isbn10><isbn13>9780297859390</isbn13></isbn><isbn><isbn10>159413605X</isbn10><isbn13>9781594136054</isbn13></isbn><isbn><isbn10>055341836X</isbn10><isbn13>9780553418361</isbn13></isbn><isbn><isbn10>0553418351</isbn10><isbn13>9780553418354</isbn13></isbn><isbn><isbn10>0606270175</isbn10><isbn13>9780606270175</isbn13></isbn></isbns><buy_links><buy_link><name>Local Booksellers</name><url>http://www.indiebound.org/book/9780307588388?aff=NYT</url></buy_link><buy_link><name>Barnes and Noble</name><url>http://www.anrdoezrs.net/click-7990613-11819508?url=http%3A%2F%2Fwww.barnesandnoble.com%2Fw%2F%3Fean%3D9780307588388</url></buy_link><buy_link><name>Amazon</name><url>http://www.amazon.com/Gone-Girl-Novel-Gillian-Flynn-ebook/dp/B006LSZECO?tag=NYTBS-20</url></buy_link></buy_links></book><book><rank>12</rank><rank_last_week>0</rank_last_week><weeks_on_list>1</weeks_on_list><asterisk>0</asterisk><dagger>0</dagger><primary_isbn10></primary_isbn10><primary_isbn13>9780698164048</primary_isbn13><publisher>Berkley</publisher><description>Megan, once enamored of Hunter's brother, finds her affections are shifting.</description><price>0</price><title>AND I LOVE HER</title><author>Marie Force</author><contributor>by Marie Force</contributor><contributor_note></contributor_note><book_image>https://s1.nyt.com/du/books/images/9780698164048.jpg</book_image><book_image_width>128</book_image_width><book_image_height>206</book_image_height><amazon_product_url>http://www.amazon.com/Love-Green-Mountain-Romance-Book-ebook/dp/B00LMGM06I?tag=NYTBS-20</amazon_product_url><age_group></age_group><book_review_link></book_review_link><first_chapter_link></first_chapter_link><sunday_review_link></sunday_review_link><article_chapter_link></article_chapter_link><isbns><isbn><isbn10>0425275493</isbn10><isbn13>9780425275498</isbn13></isbn></isbns><buy_links><buy_link><name>Local Booksellers</name><url>http://www.indiebound.org/book/9780698164048?aff=NYT</url></buy_link><buy_link><name>Barnes and Noble</name><url>http://www.anrdoezrs.net/click-7990613-11819508?url=http%3A%2F%2Fwww.barnesandnoble.com%2Fw%2F%3Fean%3D9780698164048</url></buy_link><buy_link><name>Amazon</name><url>http://www.amazon.com/Love-Green-Mountain-Romance-Book-ebook/dp/B00LMGM06I?tag=NYTBS-20</url></buy_link></buy_links></book><book><rank>13</rank><rank_last_week>0</rank_last_week><weeks_on_list>1</weeks_on_list><asterisk>0</asterisk><dagger>0</dagger><primary_isbn10>030727103X</primary_isbn10><primary_isbn13>9780307271037</primary_isbn13><publisher>Knopf</publisher><description>In a semi-historical ancient Britain, an elderly couple set out in search of their son.</description><price>0</price><title>THE BURIED GIANT</title><author>Kazuo Ishiguro</author><contributor>by Kazuo Ishiguro</contributor><contributor_note></contributor_note><book_image>https://s1.nyt.com/du/books/images/9780307271037.jpg</book_image><book_image_width>128</book_image_width><book_image_height>187</book_image_height><amazon_product_url>http://www.amazon.com/The-Buried-Giant-A-novel/dp/030727103X?tag=NYTBS-20</amazon_product_url><age_group></age_group><book_review_link></book_review_link><first_chapter_link></first_chapter_link><sunday_review_link>https://www.nytimes.com/2015/03/01/books/review/kazuo-ishiguros-the-buried-giant.html</sunday_review_link><article_chapter_link></article_chapter_link><isbns><isbn><isbn10>030727103X</isbn10><isbn13>9780307271037</isbn13></isbn><isbn><isbn10>0385353227</isbn10><isbn13>9780385353229</isbn13></isbn></isbns><buy_links><buy_link><name>Local Booksellers</name><url>http://www.indiebound.org/book/9780307271037?aff=NYT</url></buy_link><buy_link><name>Barnes and Noble</name><url>http://www.anrdoezrs.net/click-7990613-11819508?url=http%3A%2F%2Fwww.barnesandnoble.com%2Fw%2F%3Fean%3D9780307271037</url></buy_link><buy_link><name>Amazon</name><url>http://www.amazon.com/The-Buried-Giant-A-novel/dp/030727103X?tag=NYTBS-20</url></buy_link></buy_links></book><book><rank>14</rank><rank_last_week>4</rank_last_week><weeks_on_list>2</weeks_on_list><asterisk>0</asterisk><dagger>0</dagger><primary_isbn10>080417962X</primary_isbn10><primary_isbn13>9780804179621</primary_isbn13><publisher>Random House</publisher><description>Twins, one good and one bad, reunite after 20 years when one of them returns to their hometown. But it is no longer clear who the good and who the bad one is.</description><price>0</price><title>PRODIGAL SON</title><author>Danielle Steel</author><contributor>by Danielle Steel</contributor><contributor_note></contributor_note><book_image>https://s1.nyt.com/du/books/images/9780385343152.jpg</book_image><book_image_width>128</book_image_width><book_image_height>194</book_image_height><amazon_product_url>http://www.amazon.com/Prodigal-Son-Novel-Danielle-Steel-ebook/dp/B00LYXV5WE?tag=NYTBS-20</amazon_product_url><age_group></age_group><book_review_link></book_review_link><first_chapter_link></first_chapter_link><sunday_review_link></sunday_review_link><article_chapter_link></article_chapter_link><isbns><isbn><isbn10>0385343159</isbn10><isbn13>9780385343152</isbn13></isbn><isbn><isbn10>080417962X</isbn10><isbn13>9780804179621</isbn13></isbn><isbn><isbn10>0804194629</isbn10><isbn13>9780804194624</isbn13></isbn><isbn><isbn10>0440245184</isbn10><isbn13>9780440245186</isbn13></isbn></isbns><buy_links><buy_link><name>Local Booksellers</name><url>http://www.indiebound.org/book/9780804179621?aff=NYT</url></buy_link><buy_link><name>Barnes and Noble</name><url>http://www.anrdoezrs.net/click-7990613-11819508?url=http%3A%2F%2Fwww.barnesandnoble.com%2Fw%2F%3Fean%3D9780804179621</url></buy_link><buy_link><name>Amazon</name><url>http://www.amazon.com/Prodigal-Son-Novel-Danielle-Steel-ebook/dp/B00LYXV5WE?tag=NYTBS-20</url></buy_link></buy_links></book><book><rank>15</rank><rank_last_week>0</rank_last_week><weeks_on_list>43</weeks_on_list><asterisk>0</asterisk><dagger>0</dagger><primary_isbn10></primary_isbn10><primary_isbn13>9781101636237</primary_isbn13><publisher>Amy Einhorn/Putnam</publisher><description>A woman’s life is upended when she discovers a letter from her husband she was not yet meant to read.</description><price>0</price><title>THE HUSBAND'S SECRET</title><author>Liane Moriarty</author><contributor>by Liane Moriarty</contributor><contributor_note></contributor_note><book_image>https://s1.nyt.com/du/books/images/9781101636237.jpg</book_image><book_image_width>330</book_image_width><book_image_height>495</book_image_height><amazon_product_url>http://www.amazon.com/The-Husbands-Secret-Liane-Moriarty-ebook/dp/B00D7Z4GQY?tag=NYTBS-20</amazon_product_url><age_group></age_group><book_review_link></book_review_link><first_chapter_link></first_chapter_link><sunday_review_link></sunday_review_link><article_chapter_link></article_chapter_link><isbns><isbn><isbn10>0399159347</isbn10><isbn13>9780399159343</isbn13></isbn><isbn><isbn10>0425267725</isbn10><isbn13>9780425267721</isbn13></isbn><isbn><isbn10>1594137226</isbn10><isbn13>9781594137228</isbn13></isbn></isbns><buy_links><buy_link><name>Local Booksellers</name><url>http://www.indiebound.org/book/9781101636237?aff=NYT</url></buy_link><buy_link><name>Barnes and Noble</name><url>http://www.anrdoezrs.net/click-7990613-11819508?url=http%3A%2F%2Fwww.barnesandnoble.com%2Fw%2F%3Fean%3D9781101636237</url></buy_link><buy_link><name>Amazon</name><url>http://www.amazon.com/The-Husbands-Secret-Liane-Moriarty-ebook/dp/B00D7Z4GQY?tag=NYTBS-20</url></buy_link></buy_links></book><book><rank>16</rank><rank_last_week>0</rank_last_week><weeks_on_list>0</weeks_on_list><asterisk>0</asterisk><dagger>0</dagger><primary_isbn10>1460380401</primary_isbn10><primary_isbn13>9781460380406</primary_isbn13><publisher>Mira</publisher><description>Grace Dillon, a champion figure skater, moved to Thunder Point to escape the ruthless world of fame and competition. But her past has caught up with her.</description><price>0</price><title>ONE WISH</title><author>Ron Carr</author><contributor>by Robyn Carr</contributor><contributor_note></contributor_note><book_image>https://s1.nyt.com/du/books/images/9781460380406.jpg</book_image><book_image_width>128</book_image_width><book_image_height>202</book_image_height><amazon_product_url>http://www.amazon.com/Wish-Thunder-Point-Robyn-Carr-ebook/dp/B00OYBCSZG?tag=NYTBS-20</amazon_product_url><age_group></age_group><book_review_link></book_review_link><first_chapter_link></first_chapter_link><sunday_review_link></sunday_review_link><article_chapter_link></article_chapter_link><isbns><isbn><isbn10>0778317722</isbn10><isbn13>9780778317722</isbn13></isbn><isbn><isbn10>1460380401</isbn10><isbn13>9781460380406</isbn13></isbn></isbns><buy_links><buy_link><name>Local Booksellers</name><url>http://www.indiebound.org/book/9781460380406?aff=NYT</url></buy_link><buy_link><name>Barnes and Noble</name><url>http://www.anrdoezrs.net/click-7990613-11819508?url=http%3A%2F%2Fwww.barnesandnoble.com%2Fw%2F%3Fean%3D9781460380406</url></buy_link><buy_link><name>Amazon</name><url>http://www.amazon.com/Wish-Thunder-Point-Robyn-Carr-ebook/dp/B00OYBCSZG?tag=NYTBS-20</url></buy_link></buy_links></book><book><rank>17</rank><rank_last_week>0</rank_last_week><weeks_on_list>0</weeks_on_list><asterisk>0</asterisk><dagger>0</dagger><primary_isbn10>1633500047</primary_isbn10><primary_isbn13>9781633500044</primary_isbn13><publisher>Ampersand</publisher><description></description><price>0</price><title>EASY LOVE</title><author>Kristen Pro</author><contributor>by Kristen Proby</contributor><contributor_note></contributor_note><book_image>https://s1.nyt.com/du/books/images/9781633500044.jpg</book_image><book_image_width>330</book_image_width><book_image_height>495</book_image_height><amazon_product_url>http://www.amazon.com/Easy-Love-Boudreaux-Series-Book-ebook/dp/B00ROFITIE?tag=NYTBS-20</amazon_product_url><age_group></age_group><book_review_link></book_review_link><first_chapter_link></first_chapter_link><sunday_review_link></sunday_review_link><article_chapter_link></article_chapter_link><isbns><isbn><isbn10>1633500047</isbn10><isbn13>9781633500044</isbn13></isbn></isbns><buy_links><buy_link><name>Local Booksellers</name><url>http://www.indiebound.org/book/9781633500044?aff=NYT</url></buy_link><buy_link><name>Barnes and Noble</name><url>http://www.anrdoezrs.net/click-7990613-11819508?url=http%3A%2F%2Fwww.barnesandnoble.com%2Fw%2F%3Fean%3D9781633500044</url></buy_link><buy_link><name>Amazon</name><url>http://www.amazon.com/Easy-Love-Boudreaux-Series-Book-ebook/dp/B00ROFITIE?tag=NYTBS-20</url></buy_link></buy_links></book><book><rank>18</rank><rank_last_week>0</rank_last_week><weeks_on_list>0</weeks_on_list><asterisk>0</asterisk><dagger>0</dagger><primary_isbn10>0759524920</primary_isbn10><primary_isbn13>9780759524927</primary_isbn13><publisher>Vision</publisher><description></description><price>0</price><title>TOTAL CONTROL</title><author>David Baldacci</author><contributor>by David Baldacci</contributor><contributor_note></contributor_note><book_image>https://s1.nyt.com/du/books/images/9780759524927.jpg</book_image><book_image_width>128</book_image_width><book_image_height>206</book_image_height><amazon_product_url>http://www.amazon.com/Total-Control-David-Baldacci-ebook/dp/B000FA5STS?tag=NYTBS-20</amazon_product_url><age_group></age_group><book_review_link></book_review_link><first_chapter_link></first_chapter_link><sunday_review_link></sunday_review_link><article_chapter_link></article_chapter_link><isbns><isbn><isbn10>0759524920</isbn10><isbn13>9780759524927</isbn13></isbn><isbn><isbn10>0446604844</isbn10><isbn13>9780446604840</isbn13></isbn><isbn><isbn10>0446520950</isbn10><isbn13>9780446520959</isbn13></isbn></isbns><buy_links><buy_link><name>Local Booksellers</name><url>http://www.indiebound.org/book/9780759524927?aff=NYT</url></buy_link><buy_link><name>Barnes and Noble</name><url>http://www.anrdoezrs.net/click-7990613-11819508?url=http%3A%2F%2Fwww.barnesandnoble.com%2Fw%2F%3Fean%3D9780759524927</url></buy_link><buy_link><name>Amazon</name><url>http://www.amazon.com/Total-Control-David-Baldacci-ebook/dp/B000FA5STS?tag=NYTBS-20</url></buy_link></buy_links></book><book><rank>19</rank><rank_last_week>0</rank_last_week><weeks_on_list>0</weeks_on_list><asterisk>0</asterisk><dagger>0</dagger><primary_isbn10>1940218381</primary_isbn10><primary_isbn13>9781940218380</primary_isbn13><publisher>J. S. Cooper</publisher><description>Alice finds it increasingly hard to forget about her one night stand with Aiden.</description><price>0</price><title>FALLING FOR MY BEST FRIEND'S BROTHER</title><author>J S Cooper</author><contributor>by J. S. Cooper</contributor><contributor_note></contributor_note><book_image>https://s1.nyt.com/du/books/images/9781940218380.jpg</book_image><book_image_width>330</book_image_width><book_image_height>495</book_image_height><amazon_product_url>http://www.amazon.com/Falling-For-Best-Friends-Brother-ebook/dp/B00SX587EU?tag=NYTBS-20</amazon_product_url><age_group></age_group><book_review_link></book_review_link><first_chapter_link></first_chapter_link><sunday_review_link></sunday_review_link><article_chapter_link></article_chapter_link><isbns><isbn><isbn10>1940218381</isbn10><isbn13>9781940218380</isbn13></isbn></isbns><buy_links><buy_link><name>Local Booksellers</name><url>http://www.indiebound.org/book/9781940218380?aff=NYT</url></buy_link><buy_link><name>Barnes and Noble</name><url>http://www.anrdoezrs.net/click-7990613-11819508?url=http%3A%2F%2Fwww.barnesandnoble.com%2Fw%2F%3Fean%3D9781940218380</url></buy_link><buy_link><name>Amazon</name><url>http://www.amazon.com/Falling-For-Best-Friends-Brother-ebook/dp/B00SX587EU?tag=NYTBS-20</url></buy_link></buy_links></book><book><rank>20</rank><rank_last_week>0</rank_last_week><weeks_on_list>0</weeks_on_list><asterisk>0</asterisk><dagger>0</dagger><primary_isbn10>1455520667</primary_isbn10><primary_isbn13>9781455520664</primary_isbn13><publisher>Grand Central</publisher><description>The lives of two couples converge unexpectedly. While 91-year-old Ira is visited by his beloved wife (who passed away years earlier), Sophia, a college student, is enthralled by a young cowboy.</description><price>0</price><title>THE LONGEST RIDE</title><author>Nicholas Sparks</author><contributor>by Nicholas Sparks</contributor><contributor_note></contributor_note><book_image>https://s1.nyt.com/du/books/images/9781455520640.jpg</book_image><book_image_width>327</book_image_width><book_image_height>495</book_image_height><amazon_product_url>http://www.amazon.com/The-Longest-Ride-Nicholas-Sparks/dp/1455520640?tag=NYTBS-20</amazon_product_url><age_group></age_group><book_review_link></book_review_link><first_chapter_link></first_chapter_link><sunday_review_link></sunday_review_link><article_chapter_link></article_chapter_link><isbns><isbn><isbn10>1455520659</isbn10><isbn13>9781455520657</isbn13></isbn><isbn><isbn10>1455576018</isbn10><isbn13>9781455576012</isbn13></isbn><isbn><isbn10>1455520667</isbn10><isbn13>9781455520664</isbn13></isbn><isbn><isbn10>1455520640</isbn10><isbn13>9781455520640</isbn13></isbn><isbn><isbn10>1455520632</isbn10><isbn13>9781455520633</isbn13></isbn><isbn><isbn10>1455584738</isbn10><isbn13>9781455584734</isbn13></isbn><isbn><isbn10>145558472X</isbn10><isbn13>9781455584727</isbn13></isbn></isbns><buy_links><buy_link><name>Local Booksellers</name><url>http://www.indiebound.org/book/9781455520664?aff=NYT</url></buy_link><buy_link><name>Barnes and Noble</name><url>http://www.anrdoezrs.net/click-7990613-11819508?url=http%3A%2F%2Fwww.barnesandnoble.com%2Fw%2F%3Fean%3D9781455520664</url></buy_link><buy_link><name>Amazon</name><url>http://www.amazon.com/The-Longest-Ride-Nicholas-Sparks/dp/1455520640?tag=NYTBS-20</url></buy_link></buy_links></book></books><corrections/></results></result_set>
