<?xml version="1.0" encoding="UTF-8"?>
<result_set><status>OK</status><copyright>Copyright (c) 2018 The New York Times Company.  All Rights Reserved.</copyright><num_results>35</num_results><last_modified>2017-03-21T13:38:01-04:00</last_modified><results><list_name>Combined Print and E-Book Fiction</list_name><list_name_encoded>combined-print-and-e-book-fiction</list_name_encoded><bestsellers_date>2012-02-25</bestsellers_date><published_date>2012-03-11</published_date><published_date_description></published_date_description><next_published_date>2012-03-18</next_published_date><previous_published_date>2012-03-04</previous_published_date><display_name><![CDATA[Combined Print & E-Book Fiction]]></display_name><normal_list_ends_at>15</normal_list_ends_at><updated>WEEKLY</updated><books><book><rank>1</rank><rank_last_week>0</rank_last_week><weeks_on_list>1</weeks_on_list><asterisk>0</asterisk><dagger>0</dagger><primary_isbn10>None</primary_isbn10><primary_isbn13>9781101560365</primary_isbn13><publisher>Penguin Group</publisher><description>Lt. Eve Dallas investigates when an actress drowns at the opening party for a movie based on one of her cases; by Nora Roberts, writing pseudonymously.</description><price>0</price><title>CELEBRITY IN DEATH</title><author>J D Robb</author><contributor>by J. D. Robb</contributor><contributor_note></contributor_note><book_image>https://s1.nyt.com/du/books/images/9781101560365.jpg</book_image><book_image_width>307</book_image_width><book_image_height>495</book_image_height><amazon_product_url>http://www.amazon.com/Celebrity-Death-J-D-Robb/dp/0425250350?tag=NYTBS-20</amazon_product_url><age_group></age_group><book_review_link></book_review_link><first_chapter_link></first_chapter_link><sunday_review_link></sunday_review_link><article_chapter_link></article_chapter_link><isbns><isbn><isbn10>0399158308</isbn10><isbn13>9780399158308</isbn13></isbn><isbn><isbn10>0425250350</isbn10><isbn13>9780425250358</isbn13></isbn></isbns><buy_links><buy_link><name>Local Booksellers</name><url>http://www.indiebound.org/book/9781101560365?aff=NYT</url></buy_link><buy_link><name>Barnes and Noble</name><url>http://www.anrdoezrs.net/click-7990613-11819508?url=http%3A%2F%2Fwww.barnesandnoble.com%2Fw%2F%3Fean%3D9781101560365</url></buy_link><buy_link><name>Amazon</name><url>http://www.amazon.com/Celebrity-Death-J-D-Robb/dp/0425250350?tag=NYTBS-20</url></buy_link></buy_links></book><book><rank>2</rank><rank_last_week>10</rank_last_week><weeks_on_list>27</weeks_on_list><asterisk>0</asterisk><dagger>0</dagger><primary_isbn10>0307454568</primary_isbn10><primary_isbn13>9780307454560</primary_isbn13><publisher>Knopf Doubleday Publishing</publisher><description>Volume 3 of the Millennium trilogy, about a Swedish hacker and a journalist.</description><price>0</price><title>THE GIRL WHO KICKED THE HORNET’S NEST</title><author>Stieg Larsson</author><contributor>by Stieg Larsson</contributor><contributor_note></contributor_note><book_image>https://s1.nyt.com/du/books/images/9780307593672.jpg</book_image><book_image_width>330</book_image_width><book_image_height>485</book_image_height><amazon_product_url>http://www.amazon.com/Girl-Kicked-Hornets-Millennium-Trilogy/dp/030726999X?tag=NYTBS-20</amazon_product_url><age_group></age_group><book_review_link>https://www.nytimes.com/2010/05/21/books/21book.html</book_review_link><first_chapter_link></first_chapter_link><sunday_review_link>https://www.nytimes.com/2010/05/30/books/review/Kamp-t.html</sunday_review_link><article_chapter_link></article_chapter_link><isbns><isbn><isbn10>030726999X</isbn10><isbn13>9780307269997</isbn13></isbn><isbn><isbn10>0307593673</isbn10><isbn13>9780307593672</isbn13></isbn><isbn><isbn10>073937771X</isbn10><isbn13>9780739377710</isbn13></isbn><isbn><isbn10>0307454568</isbn10><isbn13>9780307454560</isbn13></isbn><isbn><isbn10>0307742539</isbn10><isbn13>9780307742537</isbn13></isbn><isbn><isbn10>1849162743</isbn10><isbn13>9781849162746</isbn13></isbn></isbns><buy_links><buy_link><name>Local Booksellers</name><url>http://www.indiebound.org/book/9780307454560?aff=NYT</url></buy_link><buy_link><name>Barnes and Noble</name><url>http://www.anrdoezrs.net/click-7990613-11819508?url=http%3A%2F%2Fwww.barnesandnoble.com%2Fw%2F%3Fean%3D9780307454560</url></buy_link><buy_link><name>Amazon</name><url>http://www.amazon.com/Girl-Kicked-Hornets-Millennium-Trilogy/dp/030726999X?tag=NYTBS-20</url></buy_link></buy_links></book><book><rank>3</rank><rank_last_week>0</rank_last_week><weeks_on_list>1</weeks_on_list><asterisk>0</asterisk><dagger>0</dagger><primary_isbn10>0062101021</primary_isbn10><primary_isbn13>9780062101020</primary_isbn13><publisher>HarperCollins Publishers</publisher><description>The witch Rachel Morgan faces a human hate group that is trying to create its own demons; Book 10 of the Hollows series.</description><price>0</price><title>A PERFECT BLOOD</title><author>Kim Harrison</author><contributor>by Kim Harrison</contributor><contributor_note></contributor_note><book_image>https://s1.nyt.com/du/books/images/9780061957901.jpg</book_image><book_image_width>128</book_image_width><book_image_height>193</book_image_height><amazon_product_url>http://www.amazon.com/Perfect-Blood-Hollows-Kim-Harrison/dp/0061957909?tag=NYTBS-20</amazon_product_url><age_group></age_group><book_review_link></book_review_link><first_chapter_link></first_chapter_link><sunday_review_link></sunday_review_link><article_chapter_link></article_chapter_link><isbns><isbn><isbn10>0061957895</isbn10><isbn13>9780061957895</isbn13></isbn><isbn><isbn10>0062101021</isbn10><isbn13>9780062101020</isbn13></isbn><isbn><isbn10>0061957909</isbn10><isbn13>9780061957901</isbn13></isbn></isbns><buy_links><buy_link><name>Local Booksellers</name><url>http://www.indiebound.org/book/9780062101020?aff=NYT</url></buy_link><buy_link><name>Barnes and Noble</name><url>http://www.anrdoezrs.net/click-7990613-11819508?url=http%3A%2F%2Fwww.barnesandnoble.com%2Fw%2F%3Fean%3D9780062101020</url></buy_link><buy_link><name>Amazon</name><url>http://www.amazon.com/Perfect-Blood-Hollows-Kim-Harrison/dp/0061957909?tag=NYTBS-20</url></buy_link></buy_links></book><book><rank>4</rank><rank_last_week>2</rank_last_week><weeks_on_list>3</weeks_on_list><asterisk>0</asterisk><dagger>0</dagger><primary_isbn10>None</primary_isbn10><primary_isbn13>9781439100523</primary_isbn13><publisher>Atria Books</publisher><description>Mitch Rapp, a C.I.A. super-agent hunting down perpetrators of the Pan Am Lockerbie bombing, finds himself caught in a dangerous trap.</description><price>0</price><title>KILL SHOT</title><author>Vince Flynn</author><contributor>by Vince Flynn</contributor><contributor_note></contributor_note><book_image>https://s1.nyt.com/du/books/images/9781439100523.jpg</book_image><book_image_width>323</book_image_width><book_image_height>495</book_image_height><amazon_product_url>http://www.amazon.com/Kill-Shot-American-Assassin-Thriller/dp/1416595228?tag=NYTBS-20</amazon_product_url><age_group></age_group><book_review_link></book_review_link><first_chapter_link></first_chapter_link><sunday_review_link></sunday_review_link><article_chapter_link></article_chapter_link><isbns><isbn><isbn10>1416595201</isbn10><isbn13>9781416595205</isbn13></isbn><isbn><isbn10>1416595228</isbn10><isbn13>9781416595229</isbn13></isbn></isbns><buy_links><buy_link><name>Local Booksellers</name><url>http://www.indiebound.org/book/9781439100523?aff=NYT</url></buy_link><buy_link><name>Barnes and Noble</name><url>http://www.anrdoezrs.net/click-7990613-11819508?url=http%3A%2F%2Fwww.barnesandnoble.com%2Fw%2F%3Fean%3D9781439100523</url></buy_link><buy_link><name>Amazon</name><url>http://www.amazon.com/Kill-Shot-American-Assassin-Thriller/dp/1416595228?tag=NYTBS-20</url></buy_link></buy_links></book><book><rank>5</rank><rank_last_week>4</rank_last_week><weeks_on_list>4</weeks_on_list><asterisk>0</asterisk><dagger>0</dagger><primary_isbn10>0345527593</primary_isbn10><primary_isbn13>9780345527592</primary_isbn13><publisher>Delacorte Press</publisher><description>An assistant district attorney’s life is shaken when his 14-year-old son is accused of murder.</description><price>0</price><title>DEFENDING JACOB</title><author>William Landay</author><contributor>by William Landay</contributor><contributor_note></contributor_note><book_image>https://s1.nyt.com/du/books/images/9780345527592.jpg</book_image><book_image_width>300</book_image_width><book_image_height>495</book_image_height><amazon_product_url>http://www.amazon.com/Defending-Jacob-Novel-William-Landay/dp/0385344228?tag=NYTBS-20</amazon_product_url><age_group></age_group><book_review_link>https://www.nytimes.com/2012/02/13/books/defending-jacob-by-william-landay.html</book_review_link><first_chapter_link></first_chapter_link><sunday_review_link></sunday_review_link><article_chapter_link></article_chapter_link><isbns><isbn><isbn10>0385344228</isbn10><isbn13>9780385344227</isbn13></isbn><isbn><isbn10>0345527593</isbn10><isbn13>9780345527592</isbn13></isbn><isbn><isbn10>1410446948</isbn10><isbn13>9781410446947</isbn13></isbn><isbn><isbn10>044024613X</isbn10><isbn13>9780440246138</isbn13></isbn><isbn><isbn10>0345533666</isbn10><isbn13>9780345533661</isbn13></isbn></isbns><buy_links><buy_link><name>Local Booksellers</name><url>http://www.indiebound.org/book/9780345527592?aff=NYT</url></buy_link><buy_link><name>Barnes and Noble</name><url>http://www.anrdoezrs.net/click-7990613-11819508?url=http%3A%2F%2Fwww.barnesandnoble.com%2Fw%2F%3Fean%3D9780345527592</url></buy_link><buy_link><name>Amazon</name><url>http://www.amazon.com/Defending-Jacob-Novel-William-Landay/dp/0385344228?tag=NYTBS-20</url></buy_link></buy_links></book><book><rank>6</rank><rank_last_week>1</rank_last_week><weeks_on_list>2</weeks_on_list><asterisk>0</asterisk><dagger>0</dagger><primary_isbn10>0316206814</primary_isbn10><primary_isbn13>9780316206815</primary_isbn13><publisher><![CDATA[Little, Brown & Company]]></publisher><description>Peter Knight pursues a murderer who is trying to destroy the London Olympics.</description><price>0</price><title>PRIVATE GAMES</title><author>James Patterson and Mark Sullivan</author><contributor>by James Patterson and Mark Sullivan</contributor><contributor_note></contributor_note><book_image>https://s1.nyt.com/du/books/images/9781455512973.jpg</book_image><book_image_width>276</book_image_width><book_image_height>495</book_image_height><amazon_product_url>http://www.amazon.com/Private-Games-James-Patterson/dp/1455513024?tag=NYTBS-20</amazon_product_url><age_group></age_group><book_review_link></book_review_link><first_chapter_link></first_chapter_link><sunday_review_link></sunday_review_link><article_chapter_link></article_chapter_link><isbns><isbn><isbn10>0316206822</isbn10><isbn13>9780316206822</isbn13></isbn><isbn><isbn10>0316206814</isbn10><isbn13>9780316206815</isbn13></isbn><isbn><isbn10>1455512974</isbn10><isbn13>9781455512973</isbn13></isbn><isbn><isbn10>1455513024</isbn10><isbn13>9781455513024</isbn13></isbn></isbns><buy_links><buy_link><name>Local Booksellers</name><url>http://www.indiebound.org/book/9780316206815?aff=NYT</url></buy_link><buy_link><name>Barnes and Noble</name><url>http://www.anrdoezrs.net/click-7990613-11819508?url=http%3A%2F%2Fwww.barnesandnoble.com%2Fw%2F%3Fean%3D9780316206815</url></buy_link><buy_link><name>Amazon</name><url>http://www.amazon.com/Private-Games-James-Patterson/dp/1455513024?tag=NYTBS-20</url></buy_link></buy_links></book><book><rank>7</rank><rank_last_week>8</rank_last_week><weeks_on_list>3</weeks_on_list><asterisk>0</asterisk><dagger>0</dagger><primary_isbn10>None</primary_isbn10><primary_isbn13>A00B004T3RQQK</primary_isbn13><publisher>Barbara Freethy</publisher><description>An entrepreneur must deal with his dotty grandfather, the sudden death of his ex-wife and the appearance of a beautiful redhead.</description><price>0</price><title>THE SWEETEST THING</title><author>Barbara Freethy</author><contributor>by Barbara Freethy</contributor><contributor_note></contributor_note><book_image>https://s1.nyt.com/du/books/images/A00B004T3RQQK.jpg</book_image><book_image_width>309</book_image_width><book_image_height>495</book_image_height><amazon_product_url>http://www.amazon.com/Sweetest-Thing-Barbara-Freethy-ebook/dp/B004T3RQQK?tag=NYTBS-20</amazon_product_url><age_group></age_group><book_review_link></book_review_link><first_chapter_link></first_chapter_link><sunday_review_link></sunday_review_link><article_chapter_link></article_chapter_link><isbns/><buy_links><buy_link><name>Local Booksellers</name><url><![CDATA[http://www.indiebound.org/search/book?searchfor=THE+SWEETEST+THING+Barbara+Freethy&aff=NYT]]></url></buy_link><buy_link><name>Barnes and Noble</name><url>http://www.anrdoezrs.net/click-7990613-11819508?url=http%3A%2F%2Fwww.barnesandnoble.com%2Fs%2FTHE+SWEETEST+THING+Barbara+Freethy</url></buy_link><buy_link><name>Amazon</name><url>http://www.amazon.com/Sweetest-Thing-Barbara-Freethy-ebook/dp/B004T3RQQK?tag=NYTBS-20</url></buy_link></buy_links></book><book><rank>8</rank><rank_last_week>5</rank_last_week><weeks_on_list>54</weeks_on_list><asterisk>0</asterisk><dagger>0</dagger><primary_isbn10>1440697663</primary_isbn10><primary_isbn13>9781440697661</primary_isbn13><publisher>Penguin Group</publisher><description>A young white woman and two black maids in 1960s Mississippi.</description><price>0</price><title>THE HELP</title><author>Kathryn Stockett</author><contributor>by Kathryn Stockett</contributor><contributor_note></contributor_note><book_image>https://s1.nyt.com/du/books/images/9781440697661.jpg</book_image><book_image_width>330</book_image_width><book_image_height>440</book_image_height><amazon_product_url>http://www.amazon.com/The-Help-Kathryn-Stockett/dp/0425232204?tag=NYTBS-20</amazon_product_url><age_group></age_group><book_review_link>https://www.nytimes.com/2009/02/19/books/19masl.html</book_review_link><first_chapter_link></first_chapter_link><sunday_review_link></sunday_review_link><article_chapter_link>https://www.nytimes.com/2011/08/14/movies/black-and-white-struggle-through-hollywoods-rosy-glow.html</article_chapter_link><isbns><isbn><isbn10>0399155341</isbn10><isbn13>9780399155345</isbn13></isbn><isbn><isbn10>1440697663</isbn10><isbn13>9781440697661</isbn13></isbn><isbn><isbn10>0425232204</isbn10><isbn13>9780425232200</isbn13></isbn><isbn><isbn10>1594133883</isbn10><isbn13>9781594133886</isbn13></isbn><isbn><isbn10>0425245136</isbn10><isbn13>9780425245132</isbn13></isbn><isbn><isbn10>0399157913</isbn10><isbn13>9780399157912</isbn13></isbn></isbns><buy_links><buy_link><name>Local Booksellers</name><url>http://www.indiebound.org/book/9781440697661?aff=NYT</url></buy_link><buy_link><name>Barnes and Noble</name><url>http://www.anrdoezrs.net/click-7990613-11819508?url=http%3A%2F%2Fwww.barnesandnoble.com%2Fw%2F%3Fean%3D9781440697661</url></buy_link><buy_link><name>Amazon</name><url>http://www.amazon.com/The-Help-Kathryn-Stockett/dp/0425232204?tag=NYTBS-20</url></buy_link></buy_links></book><book><rank>9</rank><rank_last_week>3</rank_last_week><weeks_on_list>2</weeks_on_list><asterisk>0</asterisk><dagger>0</dagger><primary_isbn10>0679644687</primary_isbn10><primary_isbn13>9780679644682</primary_isbn13><publisher>Random House Publishing</publisher><description>A frazzled bride-to-be creates havoc when she appropriates a cellphone she found in the trash.</description><price>0</price><title>I'VE GOT YOUR NUMBER</title><author>Sophie Kinsella</author><contributor>by Sophie Kinsella</contributor><contributor_note></contributor_note><book_image>https://s1.nyt.com/du/books/images/9780679644682.jpg</book_image><book_image_width>321</book_image_width><book_image_height>495</book_image_height><amazon_product_url>http://www.amazon.com/Ive-Got-Your-Number-Novel-ebook/dp/B005723JSQ?tag=NYTBS-20</amazon_product_url><age_group></age_group><book_review_link></book_review_link><first_chapter_link></first_chapter_link><sunday_review_link></sunday_review_link><article_chapter_link></article_chapter_link><isbns><isbn><isbn10>0385342063</isbn10><isbn13>9780385342063</isbn13></isbn><isbn><isbn10>0679644687</isbn10><isbn13>9780679644682</isbn13></isbn><isbn><isbn10>0385342071</isbn10><isbn13>9780385342070</isbn13></isbn></isbns><buy_links><buy_link><name>Local Booksellers</name><url>http://www.indiebound.org/book/9780679644682?aff=NYT</url></buy_link><buy_link><name>Barnes and Noble</name><url>http://www.anrdoezrs.net/click-7990613-11819508?url=http%3A%2F%2Fwww.barnesandnoble.com%2Fw%2F%3Fean%3D9780679644682</url></buy_link><buy_link><name>Amazon</name><url>http://www.amazon.com/Ive-Got-Your-Number-Novel-ebook/dp/B005723JSQ?tag=NYTBS-20</url></buy_link></buy_links></book><book><rank>10</rank><rank_last_week>11</rank_last_week><weeks_on_list>20</weeks_on_list><asterisk>0</asterisk><dagger>0</dagger><primary_isbn10>0307272303</primary_isbn10><primary_isbn13>9780307272300</primary_isbn13><publisher>Knopf Doubleday Publishing</publisher><description>In Volume 2 of the Millennium trilogy, a Swedish hacker becomes a murder suspect.</description><price>0</price><title>THE GIRL WHO PLAYED WITH FIRE</title><author>Stieg Larsson</author><contributor>by Stieg Larsson</contributor><contributor_note></contributor_note><book_image>https://s1.nyt.com/du/books/images/9780307476159.jpg</book_image><book_image_width>302</book_image_width><book_image_height>495</book_image_height><amazon_product_url>http://www.amazon.com/Girl-Played-Fire-Millennium-Trilogy/dp/0307476154?tag=NYTBS-20</amazon_product_url><age_group></age_group><book_review_link>https://www.nytimes.com/2009/07/17/books/17book.html</book_review_link><first_chapter_link>https://www.nytimes.com/2009/07/17/books/excerpt-girl-who-played-with-fire.html</first_chapter_link><sunday_review_link>https://www.nytimes.com/2009/08/16/books/review/Crime-t.html</sunday_review_link><article_chapter_link></article_chapter_link><isbns><isbn><isbn10>030745455X</isbn10><isbn13>9780307454553</isbn13></isbn><isbn><isbn10>0307476154</isbn10><isbn13>9780307476159</isbn13></isbn><isbn><isbn10>0307272303</isbn10><isbn13>9780307272300</isbn13></isbn><isbn><isbn10>0739384163</isbn10><isbn13>9780739384169</isbn13></isbn><isbn><isbn10>0307269981</isbn10><isbn13>9780307269980</isbn13></isbn><isbn><isbn10>0307949508</isbn10><isbn13>9780307949509</isbn13></isbn></isbns><buy_links><buy_link><name>Local Booksellers</name><url>http://www.indiebound.org/book/9780307272300?aff=NYT</url></buy_link><buy_link><name>Barnes and Noble</name><url>http://www.anrdoezrs.net/click-7990613-11819508?url=http%3A%2F%2Fwww.barnesandnoble.com%2Fw%2F%3Fean%3D9780307272300</url></buy_link><buy_link><name>Amazon</name><url>http://www.amazon.com/Girl-Played-Fire-Millennium-Trilogy/dp/0307476154?tag=NYTBS-20</url></buy_link></buy_links></book><book><rank>11</rank><rank_last_week>12</rank_last_week><weeks_on_list>2</weeks_on_list><asterisk>0</asterisk><dagger>0</dagger><primary_isbn10>0446542180</primary_isbn10><primary_isbn13>9780446542180</primary_isbn13><publisher>Grand Central Publishing</publisher><description>A Marine returning home sets out to track down the woman whose photo he found in Iraq.</description><price>0</price><title>THE LUCKY ONE</title><author>Nicholas Sparks</author><contributor>by Nicholas Sparks</contributor><contributor_note></contributor_note><book_image>https://s1.nyt.com/du/books/images/9780446542180.jpg</book_image><book_image_width>330</book_image_width><book_image_height>440</book_image_height><amazon_product_url>http://www.amazon.com/The-Lucky-One-Nicholas-Sparks-ebook/dp/B0018QQQK8?tag=NYTBS-20</amazon_product_url><age_group></age_group><book_review_link></book_review_link><first_chapter_link></first_chapter_link><sunday_review_link></sunday_review_link><article_chapter_link></article_chapter_link><isbns><isbn><isbn10>0446618322</isbn10><isbn13>9780446618328</isbn13></isbn><isbn><isbn10>0446698342</isbn10><isbn13>9780446698344</isbn13></isbn><isbn><isbn10>0446542180</isbn10><isbn13>9780446542180</isbn13></isbn><isbn><isbn10>1455508969</isbn10><isbn13>9781455508969</isbn13></isbn><isbn><isbn10>1455508977</isbn10><isbn13>9781455508976</isbn13></isbn><isbn><isbn10>0446579939</isbn10><isbn13>9780446579933</isbn13></isbn></isbns><buy_links><buy_link><name>Local Booksellers</name><url>http://www.indiebound.org/book/9780446542180?aff=NYT</url></buy_link><buy_link><name>Barnes and Noble</name><url>http://www.anrdoezrs.net/click-7990613-11819508?url=http%3A%2F%2Fwww.barnesandnoble.com%2Fw%2F%3Fean%3D9780446542180</url></buy_link><buy_link><name>Amazon</name><url>http://www.amazon.com/The-Lucky-One-Nicholas-Sparks-ebook/dp/B0018QQQK8?tag=NYTBS-20</url></buy_link></buy_links></book><book><rank>12</rank><rank_last_week>13</rank_last_week><weeks_on_list>28</weeks_on_list><asterisk>0</asterisk><dagger>0</dagger><primary_isbn10>0307272117</primary_isbn10><primary_isbn13>9780307272119</primary_isbn13><publisher>Knopf Doubleday Publishing</publisher><description>A hacker and a journalist investigate the 40-year-old disappearance of a Swedish heiress.</description><price>0</price><title>THE GIRL WITH THE DRAGON TATTOO</title><author>Stieg Larsson</author><contributor>by Stieg Larsson</contributor><contributor_note></contributor_note><book_image>https://s1.nyt.com/du/books/images/9780307949486.jpg</book_image><book_image_width>277</book_image_width><book_image_height>495</book_image_height><amazon_product_url>http://www.amazon.com/Girl-Dragon-Tattoo-Stieg-Larsson/dp/0307269752?tag=NYTBS-20</amazon_product_url><age_group></age_group><book_review_link>https://www.nytimes.com/2008/09/30/books/30kaku.html</book_review_link><first_chapter_link></first_chapter_link><sunday_review_link>https://www.nytimes.com/2008/09/14/books/review/Berenson-t.html</sunday_review_link><article_chapter_link></article_chapter_link><isbns><isbn><isbn10>0307454541</isbn10><isbn13>9780307454546</isbn13></isbn><isbn><isbn10>0307473473</isbn10><isbn13>9780307473479</isbn13></isbn><isbn><isbn10>0307272117</isbn10><isbn13>9780307272119</isbn13></isbn><isbn><isbn10>0739384155</isbn10><isbn13>9780739384152</isbn13></isbn><isbn><isbn10>0307269752</isbn10><isbn13>9780307269751</isbn13></isbn><isbn><isbn10>0307949494</isbn10><isbn13>9780307949493</isbn13></isbn><isbn><isbn10>0307949486</isbn10><isbn13>9780307949486</isbn13></isbn></isbns><buy_links><buy_link><name>Local Booksellers</name><url>http://www.indiebound.org/book/9780307272119?aff=NYT</url></buy_link><buy_link><name>Barnes and Noble</name><url>http://www.anrdoezrs.net/click-7990613-11819508?url=http%3A%2F%2Fwww.barnesandnoble.com%2Fw%2F%3Fean%3D9780307272119</url></buy_link><buy_link><name>Amazon</name><url>http://www.amazon.com/Girl-Dragon-Tattoo-Stieg-Larsson/dp/0307269752?tag=NYTBS-20</url></buy_link></buy_links></book><book><rank>13</rank><rank_last_week>0</rank_last_week><weeks_on_list>1</weeks_on_list><asterisk>0</asterisk><dagger>0</dagger><primary_isbn10>1429959304</primary_isbn10><primary_isbn13>9781429959308</primary_isbn13><publisher>St. Martin's Press</publisher><description>A businessman who has lost his job, family and home adopts a former fighting pit bull from a shelter, to the benefit of both.</description><price>0</price><title>ONE GOOD DOG</title><author>Susan Wilson</author><contributor>by Susan Wilson</contributor><contributor_note></contributor_note><book_image>https://s1.nyt.com/du/books/images/9780312571252.jpg</book_image><book_image_width>328</book_image_width><book_image_height>495</book_image_height><amazon_product_url>http://www.amazon.com/One-Good-Dog-Susan-Wilson/dp/0312662955?tag=NYTBS-20</amazon_product_url><age_group></age_group><book_review_link></book_review_link><first_chapter_link></first_chapter_link><sunday_review_link></sunday_review_link><article_chapter_link></article_chapter_link><isbns><isbn><isbn10>0312571259</isbn10><isbn13>9780312571252</isbn13></isbn><isbn><isbn10>0312662955</isbn10><isbn13>9780312662950</isbn13></isbn><isbn><isbn10>1429959304</isbn10><isbn13>9781429959308</isbn13></isbn></isbns><buy_links><buy_link><name>Local Booksellers</name><url>http://www.indiebound.org/book/9781429959308?aff=NYT</url></buy_link><buy_link><name>Barnes and Noble</name><url>http://www.anrdoezrs.net/click-7990613-11819508?url=http%3A%2F%2Fwww.barnesandnoble.com%2Fw%2F%3Fean%3D9781429959308</url></buy_link><buy_link><name>Amazon</name><url>http://www.amazon.com/One-Good-Dog-Susan-Wilson/dp/0312662955?tag=NYTBS-20</url></buy_link></buy_links></book><book><rank>14</rank><rank_last_week>7</rank_last_week><weeks_on_list>3</weeks_on_list><asterisk>0</asterisk><dagger>0</dagger><primary_isbn10></primary_isbn10><primary_isbn13>9781101559963</primary_isbn13><publisher>Penguin Group</publisher><description>A woman asks the Boston detective D.D. Warren to prevent her being murdered in four days’ time.</description><price>0</price><title>CATCH ME</title><author>Lisa Gardner</author><contributor>by Lisa Gardner</contributor><contributor_note></contributor_note><book_image>https://s1.nyt.com/du/books/images/9780451413437.jpg</book_image><book_image_width>279</book_image_width><book_image_height>495</book_image_height><amazon_product_url>http://www.amazon.com/Catch-Me-Detective-Warren-Novel/dp/0451413431?tag=NYTBS-20</amazon_product_url><age_group></age_group><book_review_link></book_review_link><first_chapter_link></first_chapter_link><sunday_review_link></sunday_review_link><article_chapter_link></article_chapter_link><isbns><isbn><isbn10>0525952764</isbn10><isbn13>9780525952763</isbn13></isbn><isbn><isbn10>0451413431</isbn10><isbn13>9780451413437</isbn13></isbn></isbns><buy_links><buy_link><name>Local Booksellers</name><url>http://www.indiebound.org/book/9781101559963?aff=NYT</url></buy_link><buy_link><name>Barnes and Noble</name><url>http://www.anrdoezrs.net/click-7990613-11819508?url=http%3A%2F%2Fwww.barnesandnoble.com%2Fw%2F%3Fean%3D9781101559963</url></buy_link><buy_link><name>Amazon</name><url>http://www.amazon.com/Catch-Me-Detective-Warren-Novel/dp/0451413431?tag=NYTBS-20</url></buy_link></buy_links></book><book><rank>15</rank><rank_last_week>15</rank_last_week><weeks_on_list>16</weeks_on_list><asterisk>0</asterisk><dagger>0</dagger><primary_isbn10>None</primary_isbn10><primary_isbn13>9781451627305</primary_isbn13><publisher>Scribner</publisher><description>An English teacher travels back to 1958 by way of a time portal in a Maine diner. His assignment is to stop Lee Harvey Oswald.</description><price>0</price><title>11/22/63</title><author>Stephen King</author><contributor>by Stephen King</contributor><contributor_note></contributor_note><book_image>https://s1.nyt.com/du/books/images/9781451627299.jpg</book_image><book_image_width>328</book_image_width><book_image_height>495</book_image_height><amazon_product_url>http://www.amazon.com/11-22-63-A-Novel/dp/1451627297?tag=NYTBS-20</amazon_product_url><age_group></age_group><book_review_link>https://www.nytimes.com/2011/10/31/books/stephen-kings-11-23-63-review.html</book_review_link><first_chapter_link></first_chapter_link><sunday_review_link>https://www.nytimes.com/2011/11/13/books/review/11-22-63-by-stephen-king-book-review.html</sunday_review_link><article_chapter_link></article_chapter_link><isbns><isbn><isbn10>1451627289</isbn10><isbn13>9781451627282</isbn13></isbn><isbn><isbn10>1451627297</isbn10><isbn13>9781451627299</isbn13></isbn><isbn><isbn10>030795143X</isbn10><isbn13>9780307951434</isbn13></isbn><isbn><isbn10>1594135592</isbn10><isbn13>9781594135590</isbn13></isbn><isbn><isbn10>1501120603</isbn10><isbn13>9781501120602</isbn13></isbn></isbns><buy_links><buy_link><name>Local Booksellers</name><url>http://www.indiebound.org/book/9781451627305?aff=NYT</url></buy_link><buy_link><name>Barnes and Noble</name><url>http://www.anrdoezrs.net/click-7990613-11819508?url=http%3A%2F%2Fwww.barnesandnoble.com%2Fw%2F%3Fean%3D9781451627305</url></buy_link><buy_link><name>Amazon</name><url>http://www.amazon.com/11-22-63-A-Novel/dp/1451627297?tag=NYTBS-20</url></buy_link></buy_links></book><book><rank>16</rank><rank_last_week>0</rank_last_week><weeks_on_list>0</weeks_on_list><asterisk>0</asterisk><dagger>0</dagger><primary_isbn10>None</primary_isbn10><primary_isbn13>9781101560389</primary_isbn13><publisher>Penguin Group</publisher><description>The former C.I.A. operative John Wells returns to Afghanistan to pursue a possible leak from the agency’s station in Kabul. </description><price>0</price><title>THE SHADOW PATROL</title><author>Alex Berenson</author><contributor>by Alex Berenson</contributor><contributor_note></contributor_note><book_image>https://s1.nyt.com/du/books/images/9781101560389.jpg</book_image><book_image_width>280</book_image_width><book_image_height>495</book_image_height><amazon_product_url>http://www.amazon.com/Shadow-Patrol-John-Wells-Novel/dp/0399158294?tag=NYTBS-20</amazon_product_url><age_group></age_group><book_review_link></book_review_link><first_chapter_link></first_chapter_link><sunday_review_link></sunday_review_link><article_chapter_link></article_chapter_link><isbns><isbn><isbn10>0399158294</isbn10><isbn13>9780399158292</isbn13></isbn><isbn><isbn10>0515151300</isbn10><isbn13>9780515151305</isbn13></isbn></isbns><buy_links><buy_link><name>Local Booksellers</name><url>http://www.indiebound.org/book/9781101560389?aff=NYT</url></buy_link><buy_link><name>Barnes and Noble</name><url>http://www.anrdoezrs.net/click-7990613-11819508?url=http%3A%2F%2Fwww.barnesandnoble.com%2Fw%2F%3Fean%3D9781101560389</url></buy_link><buy_link><name>Amazon</name><url>http://www.amazon.com/Shadow-Patrol-John-Wells-Novel/dp/0399158294?tag=NYTBS-20</url></buy_link></buy_links></book><book><rank>17</rank><rank_last_week>0</rank_last_week><weeks_on_list>0</weeks_on_list><asterisk>0</asterisk><dagger>0</dagger><primary_isbn10>0547416210</primary_isbn10><primary_isbn13>9780547416212</primary_isbn13><publisher>Houghton Mifflin Harcourt Publishing</publisher><description>A precocious boy goes on a scavenger hunt through New York’s five boroughs in search of the lock that fits a key belonging to his father, who died on Sept. 11.</description><price>0</price><title>EXTREMELY LOUD AND INCREDIBLY CLOSE</title><author>Jonathan Safran Foer</author><contributor>by Jonathan Safran Foer</contributor><contributor_note></contributor_note><book_image>https://s1.nyt.com/du/books/images/9780618711659.jpg</book_image><book_image_width>330</book_image_width><book_image_height>495</book_image_height><amazon_product_url>http://www.amazon.com/Extremely-Loud-Incredibly-Close-Novel-ebook/dp/B003K16PXC?tag=NYTBS-20</amazon_product_url><age_group></age_group><book_review_link>https://www.nytimes.com/2005/03/22/books/22kaku.html</book_review_link><first_chapter_link></first_chapter_link><sunday_review_link>https://www.nytimes.com/2005/04/03/books/review/0403cover-kirn.html</sunday_review_link><article_chapter_link></article_chapter_link><isbns><isbn><isbn10>0618711651</isbn10><isbn13>9780618711659</isbn13></isbn><isbn><isbn10>0547735022</isbn10><isbn13>9780547735023</isbn13></isbn><isbn><isbn10>0547416210</isbn10><isbn13>9780547416212</isbn13></isbn><isbn><isbn10>0618329706</isbn10><isbn13>9780618329700</isbn13></isbn></isbns><buy_links><buy_link><name>Local Booksellers</name><url>http://www.indiebound.org/book/9780547416212?aff=NYT</url></buy_link><buy_link><name>Barnes and Noble</name><url>http://www.anrdoezrs.net/click-7990613-11819508?url=http%3A%2F%2Fwww.barnesandnoble.com%2Fw%2F%3Fean%3D9780547416212</url></buy_link><buy_link><name>Amazon</name><url>http://www.amazon.com/Extremely-Loud-Incredibly-Close-Novel-ebook/dp/B003K16PXC?tag=NYTBS-20</url></buy_link></buy_links></book><book><rank>18</rank><rank_last_week>0</rank_last_week><weeks_on_list>0</weeks_on_list><asterisk>0</asterisk><dagger>0</dagger><primary_isbn10>0316097411</primary_isbn10><primary_isbn13>9780316097413</primary_isbn13><publisher>Grand Central Publishing</publisher><description>Jack Morgan, a former Marine and the head of an investigative firm, is accused of murder.</description><price>0</price><title>PRIVATE: #1 SUSPECT</title><author>James Patterson and Maxine Paetro</author><contributor>by James Patterson and Maxine Paetro</contributor><contributor_note></contributor_note><book_image>https://s1.nyt.com/du/books/images/9780316097413.jpg</book_image><book_image_width>322</book_image_width><book_image_height>495</book_image_height><amazon_product_url>http://www.amazon.com/Private-1-Suspect-James-Patterson-ebook/dp/B004QZ9P4M?tag=NYTBS-20</amazon_product_url><age_group></age_group><book_review_link></book_review_link><first_chapter_link></first_chapter_link><sunday_review_link></sunday_review_link><article_chapter_link></article_chapter_link><isbns><isbn><isbn10>1607884623</isbn10><isbn13>9781607884620</isbn13></isbn><isbn><isbn10>0316097411</isbn10><isbn13>9780316097413</isbn13></isbn></isbns><buy_links><buy_link><name>Local Booksellers</name><url>http://www.indiebound.org/book/9780316097413?aff=NYT</url></buy_link><buy_link><name>Barnes and Noble</name><url>http://www.anrdoezrs.net/click-7990613-11819508?url=http%3A%2F%2Fwww.barnesandnoble.com%2Fw%2F%3Fean%3D9780316097413</url></buy_link><buy_link><name>Amazon</name><url>http://www.amazon.com/Private-1-Suspect-James-Patterson-ebook/dp/B004QZ9P4M?tag=NYTBS-20</url></buy_link></buy_links></book><book><rank>19</rank><rank_last_week>0</rank_last_week><weeks_on_list>0</weeks_on_list><asterisk>0</asterisk><dagger>0</dagger><primary_isbn10>1429942215</primary_isbn10><primary_isbn13>9781429942218</primary_isbn13><publisher>St. Martin’s Press</publisher><description>Michael and Jolene Zarkades know the pressures of everyday life — children, careers, bills. But then Jolene is deployed to Iraq, leaving Michael unaccustomed to being a single parent to their two girls.</description><price>0</price><title>HOME FRONT</title><author>Kristin Hannah</author><contributor>by Kristin Hannah</contributor><contributor_note></contributor_note><book_image>https://s1.nyt.com/du/books/images/9781429942218.jpg</book_image><book_image_width>330</book_image_width><book_image_height>495</book_image_height><amazon_product_url>http://www.amazon.com/Home-Front-Novel-Kristin-Hannah/dp/1250023270?tag=NYTBS-20</amazon_product_url><age_group></age_group><book_review_link></book_review_link><first_chapter_link></first_chapter_link><sunday_review_link></sunday_review_link><article_chapter_link></article_chapter_link><isbns><isbn><isbn10>0312577206</isbn10><isbn13>9780312577209</isbn13></isbn><isbn><isbn10>1429942215</isbn10><isbn13>9781429942218</isbn13></isbn><isbn><isbn10>1250023270</isbn10><isbn13>9781250023278</isbn13></isbn></isbns><buy_links><buy_link><name>Local Booksellers</name><url>http://www.indiebound.org/book/9781429942218?aff=NYT</url></buy_link><buy_link><name>Barnes and Noble</name><url>http://www.anrdoezrs.net/click-7990613-11819508?url=http%3A%2F%2Fwww.barnesandnoble.com%2Fw%2F%3Fean%3D9781429942218</url></buy_link><buy_link><name>Amazon</name><url>http://www.amazon.com/Home-Front-Novel-Kristin-Hannah/dp/1250023270?tag=NYTBS-20</url></buy_link></buy_links></book><book><rank>20</rank><rank_last_week>0</rank_last_week><weeks_on_list>0</weeks_on_list><asterisk>0</asterisk><dagger>0</dagger><primary_isbn10>0307595110</primary_isbn10><primary_isbn13>9780307595119</primary_isbn13><publisher>Knopf Doubleday Publishing</publisher><description>The making of a modern werewolf.</description><price>0</price><title>THE WOLF GIFT</title><author>Anne Rice</author><contributor>by Anne Rice</contributor><contributor_note></contributor_note><book_image>https://s1.nyt.com/du/books/images/9780307700476.jpg</book_image><book_image_width>128</book_image_width><book_image_height>190</book_image_height><amazon_product_url>http://www.amazon.com/The-Wolf-Gift-Chronicles/dp/0307742105?tag=NYTBS-20</amazon_product_url><age_group></age_group><book_review_link></book_review_link><first_chapter_link></first_chapter_link><sunday_review_link></sunday_review_link><article_chapter_link></article_chapter_link><isbns><isbn><isbn10>0307595110</isbn10><isbn13>9780307595119</isbn13></isbn><isbn><isbn10>030770047X</isbn10><isbn13>9780307700476</isbn13></isbn><isbn><isbn10>0307742105</isbn10><isbn13>9780307742100</isbn13></isbn><isbn><isbn10>0307990761</isbn10><isbn13>9780307990761</isbn13></isbn></isbns><buy_links><buy_link><name>Local Booksellers</name><url>http://www.indiebound.org/book/9780307595119?aff=NYT</url></buy_link><buy_link><name>Barnes and Noble</name><url>http://www.anrdoezrs.net/click-7990613-11819508?url=http%3A%2F%2Fwww.barnesandnoble.com%2Fw%2F%3Fean%3D9780307595119</url></buy_link><buy_link><name>Amazon</name><url>http://www.amazon.com/The-Wolf-Gift-Chronicles/dp/0307742105?tag=NYTBS-20</url></buy_link></buy_links></book></books><corrections/></results></result_set>
