<?xml version="1.0" encoding="UTF-8"?>
<result_set><status>OK</status><copyright>Copyright (c) 2018 The New York Times Company.  All Rights Reserved.</copyright><num_results>25</num_results><last_modified>2017-03-21T13:38:01-04:00</last_modified><results><list_name>Combined Print and E-Book Fiction</list_name><list_name_encoded>combined-print-and-e-book-fiction</list_name_encoded><bestsellers_date>2013-08-31</bestsellers_date><published_date>2013-09-15</published_date><published_date_description></published_date_description><next_published_date>2013-09-22</next_published_date><previous_published_date>2013-09-08</previous_published_date><display_name><![CDATA[Combined Print & E-Book Fiction]]></display_name><normal_list_ends_at>15</normal_list_ends_at><updated>WEEKLY</updated><books><book><rank>1</rank><rank_last_week>0</rank_last_week><weeks_on_list>1</weeks_on_list><asterisk>0</asterisk><dagger>0</dagger><primary_isbn10>1460317971</primary_isbn10><primary_isbn13>9781460317976</primary_isbn13><publisher>Harlequin Mira</publisher><description>In a moment of desperation, Devon McAllister takes her daughter and flees to Thunder Point, Ore., where she meets the man who could heal her wounded heart.</description><price>0</price><title>THE HERO</title><author>Ron Carr</author><contributor>by Robyn Carr</contributor><contributor_note></contributor_note><book_image>https://s1.nyt.com/du/books/images/9781460317976.jpg</book_image><book_image_width>313</book_image_width><book_image_height>495</book_image_height><amazon_product_url>http://www.amazon.com/The-Hero-Book-Thunder-Point-ebook/dp/B00C84GE1U?tag=NYTBS-20</amazon_product_url><age_group></age_group><book_review_link></book_review_link><first_chapter_link></first_chapter_link><sunday_review_link></sunday_review_link><article_chapter_link></article_chapter_link><isbns><isbn><isbn10>0778314596</isbn10><isbn13>9780778314592</isbn13></isbn><isbn><isbn10>1460317971</isbn10><isbn13>9781460317976</isbn13></isbn></isbns><buy_links><buy_link><name>Local Booksellers</name><url>http://www.indiebound.org/book/9781460317976?aff=NYT</url></buy_link><buy_link><name>Barnes and Noble</name><url>http://www.anrdoezrs.net/click-7990613-11819508?url=http%3A%2F%2Fwww.barnesandnoble.com%2Fw%2F%3Fean%3D9781460317976</url></buy_link><buy_link><name>Amazon</name><url>http://www.amazon.com/The-Hero-Book-Thunder-Point-ebook/dp/B00C84GE1U?tag=NYTBS-20</url></buy_link></buy_links></book><book><rank>2</rank><rank_last_week>2</rank_last_week><weeks_on_list>4</weeks_on_list><asterisk>0</asterisk><dagger>0</dagger><primary_isbn10></primary_isbn10><primary_isbn13>9781101636237</primary_isbn13><publisher>Amy Einhorn/Putnam</publisher><description>A woman’s life is upended when she discovers a letter from her husband she was not meant to read.</description><price>0</price><title>THE HUSBAND'S SECRET</title><author>Liane Moriarty</author><contributor>by Liane Moriarty</contributor><contributor_note></contributor_note><book_image>https://s1.nyt.com/du/books/images/9781101636237.jpg</book_image><book_image_width>330</book_image_width><book_image_height>495</book_image_height><amazon_product_url>http://www.amazon.com/The-Husbands-Secret-Liane-Moriarty-ebook/dp/B00D7Z4GQY?tag=NYTBS-20</amazon_product_url><age_group></age_group><book_review_link></book_review_link><first_chapter_link></first_chapter_link><sunday_review_link></sunday_review_link><article_chapter_link></article_chapter_link><isbns><isbn><isbn10>0399159347</isbn10><isbn13>9780399159343</isbn13></isbn><isbn><isbn10>0425267725</isbn10><isbn13>9780425267721</isbn13></isbn><isbn><isbn10>1594137226</isbn10><isbn13>9781594137228</isbn13></isbn></isbns><buy_links><buy_link><name>Local Booksellers</name><url>http://www.indiebound.org/book/9781101636237?aff=NYT</url></buy_link><buy_link><name>Barnes and Noble</name><url>http://www.anrdoezrs.net/click-7990613-11819508?url=http%3A%2F%2Fwww.barnesandnoble.com%2Fw%2F%3Fean%3D9781101636237</url></buy_link><buy_link><name>Amazon</name><url>http://www.amazon.com/The-Husbands-Secret-Liane-Moriarty-ebook/dp/B00D7Z4GQY?tag=NYTBS-20</url></buy_link></buy_links></book><book><rank>3</rank><rank_last_week>0</rank_last_week><weeks_on_list>1</weeks_on_list><asterisk>0</asterisk><dagger>0</dagger><primary_isbn10>1466834706</primary_isbn10><primary_isbn13>9781466834705</primary_isbn13><publisher>Minotaur</publisher><description>Chief Inspector Armand Gamache of the Sûreté du Québec seeks a refuge in the tiny village of Three Pines.  </description><price>0</price><title>HOW THE LIGHT GETS IN</title><author>Louise Penny</author><contributor>by Louise Penny</contributor><contributor_note></contributor_note><book_image>https://s1.nyt.com/du/books/images/9780312655471.jpg</book_image><book_image_width>328</book_image_width><book_image_height>495</book_image_height><amazon_product_url>http://www.amazon.com/How-Light-Gets-In-Inspector/dp/0312655479?tag=NYTBS-20</amazon_product_url><age_group></age_group><book_review_link></book_review_link><first_chapter_link></first_chapter_link><sunday_review_link></sunday_review_link><article_chapter_link></article_chapter_link><isbns><isbn><isbn10>0312655479</isbn10><isbn13>9780312655471</isbn13></isbn><isbn><isbn10>1466834706</isbn10><isbn13>9781466834705</isbn13></isbn><isbn><isbn10>1410460150</isbn10><isbn13>9781410460158</isbn13></isbn><isbn><isbn10>1250047277</isbn10><isbn13>9781250047274</isbn13></isbn></isbns><buy_links><buy_link><name>Local Booksellers</name><url>http://www.indiebound.org/book/9781466834705?aff=NYT</url></buy_link><buy_link><name>Barnes and Noble</name><url>http://www.anrdoezrs.net/click-7990613-11819508?url=http%3A%2F%2Fwww.barnesandnoble.com%2Fw%2F%3Fean%3D9781466834705</url></buy_link><buy_link><name>Amazon</name><url>http://www.amazon.com/How-Light-Gets-In-Inspector/dp/0312655479?tag=NYTBS-20</url></buy_link></buy_links></book><book><rank>4</rank><rank_last_week>1</rank_last_week><weeks_on_list>7</weeks_on_list><asterisk>0</asterisk><dagger>0</dagger><primary_isbn10>0316206865</primary_isbn10><primary_isbn13>9780316206860</primary_isbn13><publisher>Mulholland/Little, Brown</publisher><description>The struggling detective Cormoran Strike investigates a supermodel’s suicide; by J.K. Rowling, writing pseudonymously.</description><price>0</price><title>THE CUCKOO'S CALLING</title><author>Robert Galbraith</author><contributor>by Robert Galbraith</contributor><contributor_note></contributor_note><book_image>https://s1.nyt.com/du/books/images/9780316206860.jpg</book_image><book_image_width>330</book_image_width><book_image_height>495</book_image_height><amazon_product_url>http://www.amazon.com/The-Cuckoos-Calling-Robert-Galbraith-ebook/dp/B00AA20E5Y?tag=NYTBS-20</amazon_product_url><age_group></age_group><book_review_link>https://www.nytimes.com/2013/07/18/books/in-j-k-rowlings-cuckoos-calling-model-dies-but-why.html</book_review_link><first_chapter_link></first_chapter_link><sunday_review_link></sunday_review_link><article_chapter_link></article_chapter_link><isbns><isbn><isbn10>0316206849</isbn10><isbn13>9780316206846</isbn13></isbn><isbn><isbn10>0316206865</isbn10><isbn13>9780316206860</isbn13></isbn><isbn><isbn10>0316330167</isbn10><isbn13>9780316330169</isbn13></isbn><isbn><isbn10>0316206857</isbn10><isbn13>9780316206853</isbn13></isbn><isbn><isbn10>1611134935</isbn10><isbn13>9781611134933</isbn13></isbn></isbns><buy_links><buy_link><name>Local Booksellers</name><url>http://www.indiebound.org/book/9780316206860?aff=NYT</url></buy_link><buy_link><name>Barnes and Noble</name><url>http://www.anrdoezrs.net/click-7990613-11819508?url=http%3A%2F%2Fwww.barnesandnoble.com%2Fw%2F%3Fean%3D9780316206860</url></buy_link><buy_link><name>Amazon</name><url>http://www.amazon.com/The-Cuckoos-Calling-Robert-Galbraith-ebook/dp/B00AA20E5Y?tag=NYTBS-20</url></buy_link></buy_links></book><book><rank>5</rank><rank_last_week>0</rank_last_week><weeks_on_list>1</weeks_on_list><asterisk>0</asterisk><dagger>0</dagger><primary_isbn10></primary_isbn10><primary_isbn13>9781439112830</primary_isbn13><publisher>Scribner</publisher><description>The investigation of a hit-and-run leads the forensic anthropologist Temperance Brennan into the world of human trafficking; the 16th novel in the series behind the show “Bones.” </description><price>0</price><title>BONES OF THE LOST</title><author>Kathy Reichs</author><contributor>by Kathy Reichs</contributor><contributor_note></contributor_note><book_image>https://s1.nyt.com/du/books/images/9781476754741.jpg</book_image><book_image_width>304</book_image_width><book_image_height>495</book_image_height><amazon_product_url>http://www.amazon.com/Bones-Lost-Temperance-Brennan-Novel/dp/1476754748?tag=NYTBS-20</amazon_product_url><age_group></age_group><book_review_link></book_review_link><first_chapter_link></first_chapter_link><sunday_review_link></sunday_review_link><article_chapter_link></article_chapter_link><isbns><isbn><isbn10>1439102457</isbn10><isbn13>9781439102459</isbn13></isbn><isbn><isbn10>1476754748</isbn10><isbn13>9781476754741</isbn13></isbn></isbns><buy_links><buy_link><name>Local Booksellers</name><url>http://www.indiebound.org/book/9781439112830?aff=NYT</url></buy_link><buy_link><name>Barnes and Noble</name><url>http://www.anrdoezrs.net/click-7990613-11819508?url=http%3A%2F%2Fwww.barnesandnoble.com%2Fw%2F%3Fean%3D9781439112830</url></buy_link><buy_link><name>Amazon</name><url>http://www.amazon.com/Bones-Lost-Temperance-Brennan-Novel/dp/1476754748?tag=NYTBS-20</url></buy_link></buy_links></book><book><rank>6</rank><rank_last_week>0</rank_last_week><weeks_on_list>1</weeks_on_list><asterisk>0</asterisk><dagger>0</dagger><primary_isbn10>None</primary_isbn10><primary_isbn13>9781101625132</primary_isbn13><publisher>Jove</publisher><description>The business mogul Drake Sebastian thinks Alice, a light-talent, is the key to finding two missing Old World crystals.</description><price>0</price><title>DECEPTION COVE</title><author>Jayne Castle</author><contributor>by Jayne Castle</contributor><contributor_note></contributor_note><book_image>https://s1.nyt.com/du/books/images/9780515152852.jpg</book_image><book_image_width>304</book_image_width><book_image_height>495</book_image_height><amazon_product_url>http://www.amazon.com/Deception-Cove-A-Rainshadow-Novel-ebook/dp/B00BDQ3B7O?tag=NYTBS-20</amazon_product_url><age_group></age_group><book_review_link></book_review_link><first_chapter_link></first_chapter_link><sunday_review_link></sunday_review_link><article_chapter_link></article_chapter_link><isbns><isbn><isbn10>0515152854</isbn10><isbn13>9780515152852</isbn13></isbn></isbns><buy_links><buy_link><name>Local Booksellers</name><url>http://www.indiebound.org/book/9781101625132?aff=NYT</url></buy_link><buy_link><name>Barnes and Noble</name><url>http://www.anrdoezrs.net/click-7990613-11819508?url=http%3A%2F%2Fwww.barnesandnoble.com%2Fw%2F%3Fean%3D9781101625132</url></buy_link><buy_link><name>Amazon</name><url>http://www.amazon.com/Deception-Cove-A-Rainshadow-Novel-ebook/dp/B00BDQ3B7O?tag=NYTBS-20</url></buy_link></buy_links></book><book><rank>7</rank><rank_last_week>0</rank_last_week><weeks_on_list>1</weeks_on_list><asterisk>0</asterisk><dagger>0</dagger><primary_isbn10>1460318064</primary_isbn10><primary_isbn13>9781460318065</primary_isbn13><publisher>Harlequin</publisher><description>The Hollywood actor Zane Sutton has returned to his rodeo roots in Parable, Mont. Is he home for good?</description><price>0</price><title>BIG SKY WEDDING</title><author>Linda Lael Miller</author><contributor>by Linda Lael Miller</contributor><contributor_note></contributor_note><book_image>https://s1.nyt.com/du/books/images/9780373777747.jpg</book_image><book_image_width>313</book_image_width><book_image_height>495</book_image_height><amazon_product_url>http://www.amazon.com/Big-Wedding-Linda-Lael-Miller/dp/0373777744?tag=NYTBS-20</amazon_product_url><age_group></age_group><book_review_link></book_review_link><first_chapter_link></first_chapter_link><sunday_review_link></sunday_review_link><article_chapter_link></article_chapter_link><isbns><isbn><isbn10>0373777744</isbn10><isbn13>9780373777747</isbn13></isbn><isbn><isbn10>1460318064</isbn10><isbn13>9781460318065</isbn13></isbn></isbns><buy_links><buy_link><name>Local Booksellers</name><url>http://www.indiebound.org/book/9781460318065?aff=NYT</url></buy_link><buy_link><name>Barnes and Noble</name><url>http://www.anrdoezrs.net/click-7990613-11819508?url=http%3A%2F%2Fwww.barnesandnoble.com%2Fw%2F%3Fean%3D9781460318065</url></buy_link><buy_link><name>Amazon</name><url>http://www.amazon.com/Big-Wedding-Linda-Lael-Miller/dp/0373777744?tag=NYTBS-20</url></buy_link></buy_links></book><book><rank>8</rank><rank_last_week>4</rank_last_week><weeks_on_list>4</weeks_on_list><asterisk>0</asterisk><dagger>0</dagger><primary_isbn10>0316211060</primary_isbn10><primary_isbn13>9780316211062</primary_isbn13><publisher>Little, Brown</publisher><description>When he begins to investigate a friend’s mysterious death, a man discovers she was leading a double life.</description><price>0</price><title>MISTRESS</title><author>James Patterson and David Ellis</author><contributor>by James Patterson and David Ellis</contributor><contributor_note></contributor_note><book_image>https://s1.nyt.com/du/books/images/9780316211079.jpg</book_image><book_image_width>326</book_image_width><book_image_height>495</book_image_height><amazon_product_url>http://www.amazon.com/Mistress-James-Patterson/dp/1455515892?tag=NYTBS-20</amazon_product_url><age_group></age_group><book_review_link></book_review_link><first_chapter_link></first_chapter_link><sunday_review_link></sunday_review_link><article_chapter_link></article_chapter_link><isbns><isbn><isbn10>0316211079</isbn10><isbn13>9780316211079</isbn13></isbn><isbn><isbn10>0316211060</isbn10><isbn13>9780316211062</isbn13></isbn><isbn><isbn10>0316211052</isbn10><isbn13>9780316211055</isbn13></isbn><isbn><isbn10>1455515892</isbn10><isbn13>9781455515899</isbn13></isbn><isbn><isbn10>1455515884</isbn10><isbn13>9781455515882</isbn13></isbn></isbns><buy_links><buy_link><name>Local Booksellers</name><url>http://www.indiebound.org/book/9780316211062?aff=NYT</url></buy_link><buy_link><name>Barnes and Noble</name><url>http://www.anrdoezrs.net/click-7990613-11819508?url=http%3A%2F%2Fwww.barnesandnoble.com%2Fw%2F%3Fean%3D9780316211062</url></buy_link><buy_link><name>Amazon</name><url>http://www.amazon.com/Mistress-James-Patterson/dp/1455515892?tag=NYTBS-20</url></buy_link></buy_links></book><book><rank>9</rank><rank_last_week>0</rank_last_week><weeks_on_list>1</weeks_on_list><asterisk>0</asterisk><dagger>0</dagger><primary_isbn10></primary_isbn10><primary_isbn13>9780062184740</primary_isbn13><publisher>Morrow/HarperCollins</publisher><description>Someone is stalking the caterer and sleuth Goldy Schulz. </description><price>0</price><title>THE WHOLE ENCHILADA</title><author>Diane Mott Davidson</author><contributor>by Diane Mott Davidson</contributor><contributor_note></contributor_note><book_image>https://s1.nyt.com/du/books/images/9780061348181.jpg</book_image><book_image_width>304</book_image_width><book_image_height>495</book_image_height><amazon_product_url>http://www.amazon.com/The-Whole-Enchilada-Suspense-Schulz/dp/006134818X?tag=NYTBS-20</amazon_product_url><age_group></age_group><book_review_link></book_review_link><first_chapter_link></first_chapter_link><sunday_review_link></sunday_review_link><article_chapter_link></article_chapter_link><isbns><isbn><isbn10>0061348171</isbn10><isbn13>9780061348174</isbn13></isbn><isbn><isbn10>006134818X</isbn10><isbn13>9780061348181</isbn13></isbn></isbns><buy_links><buy_link><name>Local Booksellers</name><url>http://www.indiebound.org/book/9780062184740?aff=NYT</url></buy_link><buy_link><name>Barnes and Noble</name><url>http://www.anrdoezrs.net/click-7990613-11819508?url=http%3A%2F%2Fwww.barnesandnoble.com%2Fw%2F%3Fean%3D9780062184740</url></buy_link><buy_link><name>Amazon</name><url>http://www.amazon.com/The-Whole-Enchilada-Suspense-Schulz/dp/006134818X?tag=NYTBS-20</url></buy_link></buy_links></book><book><rank>10</rank><rank_last_week>5</rank_last_week><weeks_on_list>4</weeks_on_list><asterisk>0</asterisk><dagger>0</dagger><primary_isbn10>None</primary_isbn10><primary_isbn13>9780345546647</primary_isbn13><publisher>Delacorte</publisher><description>With New York City blacked out, a 16-year-old Jack Reacher helps a woman with a problem; a Jack Reacher novella.</description><price>0</price><title>HIGH HEAT</title><author>Lee Child</author><contributor>by Lee Child</contributor><contributor_note></contributor_note><book_image>https://s1.nyt.com/du/books/images/9780345546647.jpg</book_image><book_image_width>330</book_image_width><book_image_height>438</book_image_height><amazon_product_url>http://www.amazon.com/High-Heat-Reacher-Novella-Kindle-ebook/dp/B00DFIE80W?tag=NYTBS-20</amazon_product_url><age_group></age_group><book_review_link></book_review_link><first_chapter_link></first_chapter_link><sunday_review_link></sunday_review_link><article_chapter_link></article_chapter_link><isbns/><buy_links><buy_link><name>Local Booksellers</name><url>http://www.indiebound.org/book/9780345546647?aff=NYT</url></buy_link><buy_link><name>Barnes and Noble</name><url>http://www.anrdoezrs.net/click-7990613-11819508?url=http%3A%2F%2Fwww.barnesandnoble.com%2Fw%2F%3Fean%3D9780345546647</url></buy_link><buy_link><name>Amazon</name><url>http://www.amazon.com/High-Heat-Reacher-Novella-Kindle-ebook/dp/B00DFIE80W?tag=NYTBS-20</url></buy_link></buy_links></book><book><rank>11</rank><rank_last_week>7</rank_last_week><weeks_on_list>16</weeks_on_list><asterisk>0</asterisk><dagger>0</dagger><primary_isbn10>0385537867</primary_isbn10><primary_isbn13>9780385537865</primary_isbn13><publisher>Doubleday</publisher><description>The symbologist Robert Langdon, on the run in Florence, must decipher a series of codes created by a Dante-loving scientist.</description><price>0</price><title>INFERNO</title><author>Dan Brown</author><contributor>by Dan Brown</contributor><contributor_note></contributor_note><book_image>https://s1.nyt.com/du/books/images/9781400079155.jpg</book_image><book_image_width>276</book_image_width><book_image_height>495</book_image_height><amazon_product_url>http://www.amazon.com/Inferno-Robert-Langdon-Dan-Brown/dp/1400079152?tag=NYTBS-20</amazon_product_url><age_group></age_group><book_review_link>https://www.nytimes.com/2013/05/13/books/inferno-by-dan-brown.html</book_review_link><first_chapter_link></first_chapter_link><sunday_review_link></sunday_review_link><article_chapter_link></article_chapter_link><isbns><isbn><isbn10>0385537859</isbn10><isbn13>9780385537858</isbn13></isbn><isbn><isbn10>0345806484</isbn10><isbn13>9780345806482</isbn13></isbn><isbn><isbn10>0385537867</isbn10><isbn13>9780385537865</isbn13></isbn><isbn><isbn10>0804172269</isbn10><isbn13>9780804172264</isbn13></isbn><isbn><isbn10>0345806492</isbn10><isbn13>9780345806499</isbn13></isbn><isbn><isbn10>1400079152</isbn10><isbn13>9781400079155</isbn13></isbn><isbn><isbn10>1101972971</isbn10><isbn13>9781101972977</isbn13></isbn><isbn><isbn10>1101974117</isbn10><isbn13>9781101974117</isbn13></isbn><isbn><isbn10>0385539924</isbn10><isbn13>9780385539920</isbn13></isbn></isbns><buy_links><buy_link><name>Local Booksellers</name><url>http://www.indiebound.org/book/9780385537865?aff=NYT</url></buy_link><buy_link><name>Barnes and Noble</name><url>http://www.anrdoezrs.net/click-7990613-11819508?url=http%3A%2F%2Fwww.barnesandnoble.com%2Fw%2F%3Fean%3D9780385537865</url></buy_link><buy_link><name>Amazon</name><url>http://www.amazon.com/Inferno-Robert-Langdon-Dan-Brown/dp/1400079152?tag=NYTBS-20</url></buy_link></buy_links></book><book><rank>12</rank><rank_last_week>0</rank_last_week><weeks_on_list>1</weeks_on_list><asterisk>0</asterisk><dagger>0</dagger><primary_isbn10>145554647X</primary_isbn10><primary_isbn13>9781455546473</primary_isbn13><publisher>Grand Central Publishing</publisher><description>An editor receives an  anonymous manuscript and sets out to discover its author's identity. Originally published in 2001.</description><price>0</price><title>ENVY</title><author>Sandra Brown</author><contributor>by Sandra Brown</contributor><contributor_note></contributor_note><book_image>https://s1.nyt.com/du/books/images/9781455546473.jpg</book_image><book_image_width>307</book_image_width><book_image_height>495</book_image_height><amazon_product_url>http://www.amazon.com/Envy-Sandra-Brown-ebook/dp/B00BEK703U?tag=NYTBS-20</amazon_product_url><age_group></age_group><book_review_link></book_review_link><first_chapter_link></first_chapter_link><sunday_review_link></sunday_review_link><article_chapter_link></article_chapter_link><isbns><isbn><isbn10>145554647X</isbn10><isbn13>9781455546473</isbn13></isbn><isbn><isbn10>0446611808</isbn10><isbn13>9780446611800</isbn13></isbn></isbns><buy_links><buy_link><name>Local Booksellers</name><url>http://www.indiebound.org/book/9781455546473?aff=NYT</url></buy_link><buy_link><name>Barnes and Noble</name><url>http://www.anrdoezrs.net/click-7990613-11819508?url=http%3A%2F%2Fwww.barnesandnoble.com%2Fw%2F%3Fean%3D9781455546473</url></buy_link><buy_link><name>Amazon</name><url>http://www.amazon.com/Envy-Sandra-Brown-ebook/dp/B00BEK703U?tag=NYTBS-20</url></buy_link></buy_links></book><book><rank>13</rank><rank_last_week>0</rank_last_week><weeks_on_list>1</weeks_on_list><asterisk>0</asterisk><dagger>0</dagger><primary_isbn10>None</primary_isbn10><primary_isbn13>9781455546299</primary_isbn13><publisher>Grand Central Publishing</publisher><description>Should a television reporter broadcast the secrets confided to her by the first lady? Originally published in 1996.</description><price>0</price><title>EXCLUSIVE</title><author>Sandra Brown</author><contributor>by Sandra Brown</contributor><contributor_note></contributor_note><book_image>https://s1.nyt.com/du/books/images/9781455546299.jpg</book_image><book_image_width>303</book_image_width><book_image_height>495</book_image_height><amazon_product_url>http://www.amazon.com/Exclusive-Sandra-Brown-ebook/dp/B00BEK6ZEK?tag=NYTBS-20</amazon_product_url><age_group></age_group><book_review_link></book_review_link><first_chapter_link></first_chapter_link><sunday_review_link></sunday_review_link><article_chapter_link></article_chapter_link><isbns/><buy_links><buy_link><name>Local Booksellers</name><url>http://www.indiebound.org/book/9781455546299?aff=NYT</url></buy_link><buy_link><name>Barnes and Noble</name><url>http://www.anrdoezrs.net/click-7990613-11819508?url=http%3A%2F%2Fwww.barnesandnoble.com%2Fw%2F%3Fean%3D9781455546299</url></buy_link><buy_link><name>Amazon</name><url>http://www.amazon.com/Exclusive-Sandra-Brown-ebook/dp/B00BEK6ZEK?tag=NYTBS-20</url></buy_link></buy_links></book><book><rank>14</rank><rank_last_week>6</rank_last_week><weeks_on_list>6</weeks_on_list><asterisk>0</asterisk><dagger>0</dagger><primary_isbn10></primary_isbn10><primary_isbn13>9781101608067</primary_isbn13><publisher>Penguin</publisher><description>A chilling portrait of a marriage gone terribly awry is presented in alternating voices.</description><price>0</price><title>THE SILENT WIFE</title><author>A S A Harrison</author><contributor>by A. S. A. Harrison</contributor><contributor_note></contributor_note><book_image>https://s1.nyt.com/du/books/images/9781101608067.jpg</book_image><book_image_width>324</book_image_width><book_image_height>495</book_image_height><amazon_product_url>http://www.amazon.com/The-Silent-Wife-A-Novel-ebook/dp/B00AEDDSZW?tag=NYTBS-20</amazon_product_url><age_group></age_group><book_review_link></book_review_link><first_chapter_link></first_chapter_link><sunday_review_link></sunday_review_link><article_chapter_link></article_chapter_link><isbns><isbn><isbn10>0143123238</isbn10><isbn13>9780143123231</isbn13></isbn></isbns><buy_links><buy_link><name>Local Booksellers</name><url>http://www.indiebound.org/book/9781101608067?aff=NYT</url></buy_link><buy_link><name>Barnes and Noble</name><url>http://www.anrdoezrs.net/click-7990613-11819508?url=http%3A%2F%2Fwww.barnesandnoble.com%2Fw%2F%3Fean%3D9781101608067</url></buy_link><buy_link><name>Amazon</name><url>http://www.amazon.com/The-Silent-Wife-A-Novel-ebook/dp/B00AEDDSZW?tag=NYTBS-20</url></buy_link></buy_links></book><book><rank>15</rank><rank_last_week>0</rank_last_week><weeks_on_list>15</weeks_on_list><asterisk>0</asterisk><dagger>0</dagger><primary_isbn10>0345530578</primary_isbn10><primary_isbn13>9780345530578</primary_isbn13><publisher>Doubleday</publisher><description>An imprisoned ex-lawyer schemes to exchange information about who murdered a judge for his freedom.</description><price>0</price><title>THE RACKETEER</title><author>John Grisham</author><contributor>by John Grisham</contributor><contributor_note></contributor_note><book_image>https://s1.nyt.com/du/books/images/9780385536882.jpg</book_image><book_image_width>128</book_image_width><book_image_height>194</book_image_height><amazon_product_url>http://www.amazon.com/The-Racketeer-Novel-John-Grisham/dp/0345545338?tag=NYTBS-20</amazon_product_url><age_group></age_group><book_review_link>https://www.nytimes.com/2012/10/18/books/the-racketeer-by-john-grisham.html</book_review_link><first_chapter_link></first_chapter_link><sunday_review_link></sunday_review_link><article_chapter_link></article_chapter_link><isbns><isbn><isbn10>0385535147</isbn10><isbn13>9780385535144</isbn13></isbn><isbn><isbn10>0385536887</isbn10><isbn13>9780385536882</isbn13></isbn><isbn><isbn10>0385536895</isbn10><isbn13>9780385536899</isbn13></isbn><isbn><isbn10>0345545338</isbn10><isbn13>9780345545336</isbn13></isbn><isbn><isbn10>0345530578</isbn10><isbn13>9780345530578</isbn13></isbn></isbns><buy_links><buy_link><name>Local Booksellers</name><url>http://www.indiebound.org/book/9780345530578?aff=NYT</url></buy_link><buy_link><name>Barnes and Noble</name><url>http://www.anrdoezrs.net/click-7990613-11819508?url=http%3A%2F%2Fwww.barnesandnoble.com%2Fw%2F%3Fean%3D9780345530578</url></buy_link><buy_link><name>Amazon</name><url>http://www.amazon.com/The-Racketeer-Novel-John-Grisham/dp/0345545338?tag=NYTBS-20</url></buy_link></buy_links></book><book><rank>16</rank><rank_last_week>0</rank_last_week><weeks_on_list>0</weeks_on_list><asterisk>0</asterisk><dagger>0</dagger><primary_isbn10>None</primary_isbn10><primary_isbn13>9780989078375</primary_isbn13><publisher>Rachel Van Dyken</publisher><description>Two troubled people come together.</description><price>0</price><title>RUIN</title><author>Rachel Van Dyken</author><contributor>by Rachel Van Dyken</contributor><contributor_note></contributor_note><book_image>https://s1.nyt.com/du/books/images/9780989078375.jpg</book_image><book_image_width>330</book_image_width><book_image_height>495</book_image_height><amazon_product_url>http://www.amazon.com/Ruin-Rachel-Van-Dyken-ebook/dp/B00EH3EIFO?tag=NYTBS-20</amazon_product_url><age_group></age_group><book_review_link></book_review_link><first_chapter_link></first_chapter_link><sunday_review_link></sunday_review_link><article_chapter_link></article_chapter_link><isbns/><buy_links><buy_link><name>Local Booksellers</name><url>http://www.indiebound.org/book/9780989078375?aff=NYT</url></buy_link><buy_link><name>Barnes and Noble</name><url>http://www.anrdoezrs.net/click-7990613-11819508?url=http%3A%2F%2Fwww.barnesandnoble.com%2Fw%2F%3Fean%3D9780989078375</url></buy_link><buy_link><name>Amazon</name><url>http://www.amazon.com/Ruin-Rachel-Van-Dyken-ebook/dp/B00EH3EIFO?tag=NYTBS-20</url></buy_link></buy_links></book><book><rank>17</rank><rank_last_week>0</rank_last_week><weeks_on_list>0</weeks_on_list><asterisk>0</asterisk><dagger>0</dagger><primary_isbn10>None</primary_isbn10><primary_isbn13>9781101626276</primary_isbn13><publisher>Riverhead</publisher><description>A multigenerational family saga, by the author of “The Kite Runner,” centering on a brother and sister from a remote, impoverished village in Afghanistan.</description><price>0</price><title>AND THE MOUNTAINS ECHOED</title><author>Khaled Hosseini</author><contributor>by Khaled Hosseini</contributor><contributor_note></contributor_note><book_image>https://s1.nyt.com/du/books/images/9781594632389.jpg</book_image><book_image_width>317</book_image_width><book_image_height>495</book_image_height><amazon_product_url>http://www.amazon.com/And-Mountains-Echoed-Khaled-Hosseini/dp/1594632383?tag=NYTBS-20</amazon_product_url><age_group></age_group><book_review_link>https://www.nytimes.com/2013/05/21/books/and-the-mountains-echoed-by-khaled-hosseini.html</book_review_link><first_chapter_link></first_chapter_link><sunday_review_link></sunday_review_link><article_chapter_link></article_chapter_link><isbns><isbn><isbn10>159463176X</isbn10><isbn13>9781594631764</isbn13></isbn><isbn><isbn10>159463209X</isbn10><isbn13>9781594632099</isbn13></isbn><isbn><isbn10>1410458792</isbn10><isbn13>9781410458797</isbn13></isbn><isbn><isbn10>1408842440</isbn10><isbn13>9781408842447</isbn13></isbn><isbn><isbn10>1594632383</isbn10><isbn13>9781594632389</isbn13></isbn></isbns><buy_links><buy_link><name>Local Booksellers</name><url>http://www.indiebound.org/book/9781101626276?aff=NYT</url></buy_link><buy_link><name>Barnes and Noble</name><url>http://www.anrdoezrs.net/click-7990613-11819508?url=http%3A%2F%2Fwww.barnesandnoble.com%2Fw%2F%3Fean%3D9781101626276</url></buy_link><buy_link><name>Amazon</name><url>http://www.amazon.com/And-Mountains-Echoed-Khaled-Hosseini/dp/1594632383?tag=NYTBS-20</url></buy_link></buy_links></book><book><rank>18</rank><rank_last_week>0</rank_last_week><weeks_on_list>0</weeks_on_list><asterisk>0</asterisk><dagger>0</dagger><primary_isbn10>0988986221</primary_isbn10><primary_isbn13>9780988986220</primary_isbn13><publisher>Indie Six</publisher><description>ix stories of first loves and first times.</description><price>0</price><title>WICKED FIRSTS</title><author>Elisabeth Naughton and others</author><contributor>by Elisabeth Naughton and others</contributor><contributor_note></contributor_note><book_image>https://s1.nyt.com/du/books/images/9780988986220.jpg</book_image><book_image_width>330</book_image_width><book_image_height>495</book_image_height><amazon_product_url>http://www.amazon.com/Wicked-Firsts-Elisabeth-Naughton-ebook/dp/B00E7TQCLQ?tag=NYTBS-20</amazon_product_url><age_group></age_group><book_review_link></book_review_link><first_chapter_link></first_chapter_link><sunday_review_link></sunday_review_link><article_chapter_link></article_chapter_link><isbns><isbn><isbn10>0988986221</isbn10><isbn13>9780988986220</isbn13></isbn></isbns><buy_links><buy_link><name>Local Booksellers</name><url>http://www.indiebound.org/book/9780988986220?aff=NYT</url></buy_link><buy_link><name>Barnes and Noble</name><url>http://www.anrdoezrs.net/click-7990613-11819508?url=http%3A%2F%2Fwww.barnesandnoble.com%2Fw%2F%3Fean%3D9780988986220</url></buy_link><buy_link><name>Amazon</name><url>http://www.amazon.com/Wicked-Firsts-Elisabeth-Naughton-ebook/dp/B00E7TQCLQ?tag=NYTBS-20</url></buy_link></buy_links></book><book><rank>19</rank><rank_last_week>0</rank_last_week><weeks_on_list>0</weeks_on_list><asterisk>0</asterisk><dagger>0</dagger><primary_isbn10>0307588386</primary_isbn10><primary_isbn13>9780307588388</primary_isbn13><publisher>Crown</publisher><description>A woman disappears from her Missouri home on her fifth anniversary; is her bitter, oddly evasive husband a killer?</description><price>0</price><title>GONE GIRL</title><author>Gillian Flynn</author><contributor>by Gillian Flynn</contributor><contributor_note></contributor_note><book_image>https://s1.nyt.com/du/books/images/9780307588388.jpg</book_image><book_image_width>136</book_image_width><book_image_height>200</book_image_height><amazon_product_url>http://www.amazon.com/Gone-Girl-Novel-Gillian-Flynn-ebook/dp/B006LSZECO?tag=NYTBS-20</amazon_product_url><age_group></age_group><book_review_link>https://www.nytimes.com/2012/05/30/books/gone-girl-by-gillian-flynn.html</book_review_link><first_chapter_link></first_chapter_link><sunday_review_link>https://www.nytimes.com/2012/06/17/books/review/gillian-flynns-gone-girl-and-more.html</sunday_review_link><article_chapter_link></article_chapter_link><isbns><isbn><isbn10>030758836X</isbn10><isbn13>9780307588364</isbn13></isbn><isbn><isbn10>0307588386</isbn10><isbn13>9780307588388</isbn13></isbn><isbn><isbn10>1410450953</isbn10><isbn13>9781410450951</isbn13></isbn><isbn><isbn10>0297859382</isbn10><isbn13>9780297859383</isbn13></isbn><isbn><isbn10>0307588378</isbn10><isbn13>9780307588371</isbn13></isbn><isbn><isbn10>0297859390</isbn10><isbn13>9780297859390</isbn13></isbn><isbn><isbn10>159413605X</isbn10><isbn13>9781594136054</isbn13></isbn><isbn><isbn10>055341836X</isbn10><isbn13>9780553418361</isbn13></isbn><isbn><isbn10>0553418351</isbn10><isbn13>9780553418354</isbn13></isbn><isbn><isbn10>0606270175</isbn10><isbn13>9780606270175</isbn13></isbn></isbns><buy_links><buy_link><name>Local Booksellers</name><url>http://www.indiebound.org/book/9780307588388?aff=NYT</url></buy_link><buy_link><name>Barnes and Noble</name><url>http://www.anrdoezrs.net/click-7990613-11819508?url=http%3A%2F%2Fwww.barnesandnoble.com%2Fw%2F%3Fean%3D9780307588388</url></buy_link><buy_link><name>Amazon</name><url>http://www.amazon.com/Gone-Girl-Novel-Gillian-Flynn-ebook/dp/B006LSZECO?tag=NYTBS-20</url></buy_link></buy_links></book><book><rank>20</rank><rank_last_week>0</rank_last_week><weeks_on_list>0</weeks_on_list><asterisk>0</asterisk><dagger>0</dagger><primary_isbn10>142996393X</primary_isbn10><primary_isbn13>9781429963930</primary_isbn13><publisher>Tor/Tom Doherty</publisher><description>To develop a secure defense against a hostile alien race's next attack, government agencies breed child geniuses and train them as soldiers.</description><price>0</price><title>ENDER'S GAME</title><author>Orson Scott Card</author><contributor>by Orson Scott Card</contributor><contributor_note></contributor_note><book_image>https://s1.nyt.com/du/books/images/9780812550702.jpg</book_image><book_image_width>291</book_image_width><book_image_height>475</book_image_height><amazon_product_url>http://www.amazon.com/Enders-Game-The-Ender-Quintet/dp/0812550706?tag=NYTBS-20</amazon_product_url><age_group></age_group><book_review_link></book_review_link><first_chapter_link></first_chapter_link><sunday_review_link></sunday_review_link><article_chapter_link></article_chapter_link><isbns><isbn><isbn10>0812550706</isbn10><isbn13>9780812550702</isbn13></isbn><isbn><isbn10>0765342294</isbn10><isbn13>9780765342294</isbn13></isbn><isbn><isbn10>142996393X</isbn10><isbn13>9781429963930</isbn13></isbn><isbn><isbn10>0765337541</isbn10><isbn13>9780765337542</isbn13></isbn><isbn><isbn10>0312853238</isbn10><isbn13>9780312853235</isbn13></isbn><isbn><isbn10>0765317389</isbn10><isbn13>9780765317384</isbn13></isbn><isbn><isbn10>0312932081</isbn10><isbn13>9780312932084</isbn13></isbn><isbn><isbn10>0765338149</isbn10><isbn13>9780765338143</isbn13></isbn><isbn><isbn10>076537062X</isbn10><isbn13>9780765370624</isbn13></isbn><isbn><isbn10>0765337320</isbn10><isbn13>9780765337320</isbn13></isbn><isbn><isbn10>0765374811</isbn10><isbn13>9780765374813</isbn13></isbn><isbn><isbn10>0765374722</isbn10><isbn13>9780765374721</isbn13></isbn><isbn><isbn10>0765338211</isbn10><isbn13>9780765338211</isbn13></isbn><isbn><isbn10>0812532538</isbn10><isbn13>9780812532531</isbn13></isbn></isbns><buy_links><buy_link><name>Local Booksellers</name><url>http://www.indiebound.org/book/9781429963930?aff=NYT</url></buy_link><buy_link><name>Barnes and Noble</name><url>http://www.anrdoezrs.net/click-7990613-11819508?url=http%3A%2F%2Fwww.barnesandnoble.com%2Fw%2F%3Fean%3D9781429963930</url></buy_link><buy_link><name>Amazon</name><url>http://www.amazon.com/Enders-Game-The-Ender-Quintet/dp/0812550706?tag=NYTBS-20</url></buy_link></buy_links></book></books><corrections/></results></result_set>
