<?xml version="1.0" encoding="UTF-8"?>
<result_set><status>OK</status><copyright>Copyright (c) 2018 The New York Times Company.  All Rights Reserved.</copyright><num_results>25</num_results><last_modified>2016-04-28T15:03:27-04:00</last_modified><results><list_name>Combined Print and E-Book Fiction</list_name><list_name_encoded>combined-print-and-e-book-fiction</list_name_encoded><bestsellers_date>2014-06-14</bestsellers_date><published_date>2014-06-29</published_date><published_date_description></published_date_description><next_published_date>2014-07-06</next_published_date><previous_published_date>2014-06-22</previous_published_date><display_name><![CDATA[Combined Print & E-Book Fiction]]></display_name><normal_list_ends_at>15</normal_list_ends_at><updated>WEEKLY</updated><books><book><rank>1</rank><rank_last_week>0</rank_last_week><weeks_on_list>1</weeks_on_list><asterisk>0</asterisk><dagger>0</dagger><primary_isbn10>044024644X</primary_isbn10><primary_isbn13>9780440246442</primary_isbn13><publisher>Delacorte</publisher><description>In the eighth Outlander time-traveling romance, Jamie Fraser and his family face challenges in the 18th and 20th centuries.</description><price>0</price><title>WRITTEN IN MY OWN HEART'S BLOOD</title><author>Diana Gabaldon</author><contributor>by Diana Gabaldon</contributor><contributor_note></contributor_note><book_image>https://s1.nyt.com/du/books/images/9780440246442.jpg</book_image><book_image_width>128</book_image_width><book_image_height>195</book_image_height><amazon_product_url>http://www.amazon.com/Written-Own-Hearts-Blood-Outlander-ebook/dp/B00C8S9W0G?tag=NYTBS-20</amazon_product_url><age_group></age_group><book_review_link></book_review_link><first_chapter_link></first_chapter_link><sunday_review_link></sunday_review_link><article_chapter_link></article_chapter_link><isbns><isbn><isbn10>0385344430</isbn10><isbn13>9780385344432</isbn13></isbn><isbn><isbn10>044024644X</isbn10><isbn13>9780440246442</isbn13></isbn><isbn><isbn10>0553386883</isbn10><isbn13>9780553386882</isbn13></isbn></isbns><buy_links><buy_link><name>Local Booksellers</name><url>http://www.indiebound.org/book/9780440246442?aff=NYT</url></buy_link><buy_link><name>Barnes and Noble</name><url>http://www.anrdoezrs.net/click-7990613-11819508?url=http%3A%2F%2Fwww.barnesandnoble.com%2Fw%2F%3Fean%3D9780440246442</url></buy_link><buy_link><name>Amazon</name><url>http://www.amazon.com/Written-Own-Hearts-Blood-Outlander-ebook/dp/B00C8S9W0G?tag=NYTBS-20</url></buy_link></buy_links></book><book><rank>2</rank><rank_last_week>1</rank_last_week><weeks_on_list>2</weeks_on_list><asterisk>0</asterisk><dagger>0</dagger><primary_isbn10>1476754454</primary_isbn10><primary_isbn13>9781476754451</primary_isbn13><publisher>Scribner</publisher><description>A driver plows into a crowd at a job fair, killing eight. The killer then taunts a suicidal ex-cop, who must stop a deadlier attack.</description><price>0</price><title>MR. MERCEDES</title><author>Stephen King</author><contributor>by Stephen King</contributor><contributor_note></contributor_note><book_image>https://s1.nyt.com/du/books/images/9781476754468.jpg</book_image><book_image_width>128</book_image_width><book_image_height>194</book_image_height><amazon_product_url>http://www.amazon.com/Mr-Mercedes-Novel-Stephen-King-ebook/dp/B00GEEB52S?tag=NYTBS-20</amazon_product_url><age_group></age_group><book_review_link></book_review_link><first_chapter_link></first_chapter_link><sunday_review_link>https://www.nytimes.com/2014/06/08/books/review/stephen-kings-mr-mercedes.html</sunday_review_link><article_chapter_link></article_chapter_link><isbns><isbn><isbn10>1476754454</isbn10><isbn13>9781476754451</isbn13></isbn><isbn><isbn10>1476754462</isbn10><isbn13>9781476754468</isbn13></isbn><isbn><isbn10>141046900X</isbn10><isbn13>9781410469007</isbn13></isbn><isbn><isbn10>1476754470</isbn10><isbn13>9781476754475</isbn13></isbn><isbn><isbn10>1501125605</isbn10><isbn13>9781501125607</isbn13></isbn></isbns><buy_links><buy_link><name>Local Booksellers</name><url>http://www.indiebound.org/book/9781476754451?aff=NYT</url></buy_link><buy_link><name>Barnes and Noble</name><url>http://www.anrdoezrs.net/click-7990613-11819508?url=http%3A%2F%2Fwww.barnesandnoble.com%2Fw%2F%3Fean%3D9781476754451</url></buy_link><buy_link><name>Amazon</name><url>http://www.amazon.com/Mr-Mercedes-Novel-Stephen-King-ebook/dp/B00GEEB52S?tag=NYTBS-20</url></buy_link></buy_links></book><book><rank>3</rank><rank_last_week>3</rank_last_week><weeks_on_list>34</weeks_on_list><asterisk>0</asterisk><dagger>0</dagger><primary_isbn10></primary_isbn10><primary_isbn13>9780316248679</primary_isbn13><publisher>Little, Brown</publisher><description>A painting smuggled out of the Metropolitan Museum of Art after a bombing becomes a boy’s prize, guilt and burden.</description><price>0</price><title>THE GOLDFINCH</title><author>Donna Tartt</author><contributor>by Donna Tartt</contributor><contributor_note></contributor_note><book_image>https://s1.nyt.com/du/books/images/9780316248679.jpg</book_image><book_image_width>323</book_image_width><book_image_height>495</book_image_height><amazon_product_url>http://www.amazon.com/The-Goldfinch-Novel-Pulitzer-Fiction-ebook/dp/B00BAXFECK?tag=NYTBS-20</amazon_product_url><age_group></age_group><book_review_link>https://www.nytimes.com/2013/10/08/books/the-goldfinch-a-dickensian-novel-by-donna-tartt.html</book_review_link><first_chapter_link></first_chapter_link><sunday_review_link>https://www.nytimes.com/2013/10/13/books/review/donna-tartts-goldfinch.html</sunday_review_link><article_chapter_link></article_chapter_link><isbns><isbn><isbn10>0316055433</isbn10><isbn13>9780316055437</isbn13></isbn><isbn><isbn10>0316239879</isbn10><isbn13>9780316239875</isbn13></isbn><isbn><isbn10>0316055441</isbn10><isbn13>9780316055444</isbn13></isbn><isbn><isbn10>0349139636</isbn10><isbn13>9780349139630</isbn13></isbn></isbns><buy_links><buy_link><name>Local Booksellers</name><url>http://www.indiebound.org/book/9780316248679?aff=NYT</url></buy_link><buy_link><name>Barnes and Noble</name><url>http://www.anrdoezrs.net/click-7990613-11819508?url=http%3A%2F%2Fwww.barnesandnoble.com%2Fw%2F%3Fean%3D9780316248679</url></buy_link><buy_link><name>Amazon</name><url>http://www.amazon.com/The-Goldfinch-Novel-Pulitzer-Fiction-ebook/dp/B00BAXFECK?tag=NYTBS-20</url></buy_link></buy_links></book><book><rank>4</rank><rank_last_week>6</rank_last_week><weeks_on_list>81</weeks_on_list><asterisk>0</asterisk><dagger>0</dagger><primary_isbn10>0307588378</primary_isbn10><primary_isbn13>9780307588371</primary_isbn13><publisher>Crown</publisher><description>A woman disappears on the day of her fifth anniversary; is her husband a killer?</description><price>0</price><title>GONE GIRL</title><author>Gillian Flynn</author><contributor>by Gillian Flynn</contributor><contributor_note></contributor_note><book_image>https://s1.nyt.com/du/books/images/9780307588388.jpg</book_image><book_image_width>136</book_image_width><book_image_height>200</book_image_height><amazon_product_url>http://www.amazon.com/Gone-Girl-Novel-Gillian-Flynn-ebook/dp/B006LSZECO?tag=NYTBS-20</amazon_product_url><age_group></age_group><book_review_link>https://www.nytimes.com/2012/05/30/books/gone-girl-by-gillian-flynn.html</book_review_link><first_chapter_link></first_chapter_link><sunday_review_link>https://www.nytimes.com/2012/06/17/books/review/gillian-flynns-gone-girl-and-more.html</sunday_review_link><article_chapter_link></article_chapter_link><isbns><isbn><isbn10>030758836X</isbn10><isbn13>9780307588364</isbn13></isbn><isbn><isbn10>0307588386</isbn10><isbn13>9780307588388</isbn13></isbn><isbn><isbn10>1410450953</isbn10><isbn13>9781410450951</isbn13></isbn><isbn><isbn10>0297859382</isbn10><isbn13>9780297859383</isbn13></isbn><isbn><isbn10>0307588378</isbn10><isbn13>9780307588371</isbn13></isbn><isbn><isbn10>0297859390</isbn10><isbn13>9780297859390</isbn13></isbn><isbn><isbn10>159413605X</isbn10><isbn13>9781594136054</isbn13></isbn><isbn><isbn10>055341836X</isbn10><isbn13>9780553418361</isbn13></isbn><isbn><isbn10>0553418351</isbn10><isbn13>9780553418354</isbn13></isbn><isbn><isbn10>0606270175</isbn10><isbn13>9780606270175</isbn13></isbn></isbns><buy_links><buy_link><name>Local Booksellers</name><url>http://www.indiebound.org/book/9780307588371?aff=NYT</url></buy_link><buy_link><name>Barnes and Noble</name><url>http://www.anrdoezrs.net/click-7990613-11819508?url=http%3A%2F%2Fwww.barnesandnoble.com%2Fw%2F%3Fean%3D9780307588371</url></buy_link><buy_link><name>Amazon</name><url>http://www.amazon.com/Gone-Girl-Novel-Gillian-Flynn-ebook/dp/B006LSZECO?tag=NYTBS-20</url></buy_link></buy_links></book><book><rank>5</rank><rank_last_week>0</rank_last_week><weeks_on_list>1</weeks_on_list><asterisk>0</asterisk><dagger>0</dagger><primary_isbn10></primary_isbn10><primary_isbn13>9780316329026</primary_isbn13><publisher>Little, Brown</publisher><description>A Nantucket resident’s life is shaken by a diagnosis and the return to the island of her high school sweetheart.</description><price>0</price><title>THE MATCHMAKER</title><author>Elin Hilderbrand</author><contributor>by Elin Hilderbrand</contributor><contributor_note></contributor_note><book_image>https://s1.nyt.com/du/books/images/9780316329026.jpg</book_image><book_image_width>128</book_image_width><book_image_height>201</book_image_height><amazon_product_url>http://www.amazon.com/The-Matchmaker-Novel-Elin-Hilderbrand-ebook/dp/B00FPQA7HK?tag=NYTBS-20</amazon_product_url><age_group></age_group><book_review_link></book_review_link><first_chapter_link></first_chapter_link><sunday_review_link></sunday_review_link><article_chapter_link></article_chapter_link><isbns><isbn><isbn10>0316099759</isbn10><isbn13>9780316099752</isbn13></isbn><isbn><isbn10>031637864X</isbn10><isbn13>9780316378642</isbn13></isbn><isbn><isbn10>0316404675</isbn10><isbn13>9780316404679</isbn13></isbn><isbn><isbn10>0316099694</isbn10><isbn13>9780316099691</isbn13></isbn><isbn><isbn10>0316099686</isbn10><isbn13>9780316099684</isbn13></isbn></isbns><buy_links><buy_link><name>Local Booksellers</name><url>http://www.indiebound.org/book/9780316329026?aff=NYT</url></buy_link><buy_link><name>Barnes and Noble</name><url>http://www.anrdoezrs.net/click-7990613-11819508?url=http%3A%2F%2Fwww.barnesandnoble.com%2Fw%2F%3Fean%3D9780316329026</url></buy_link><buy_link><name>Amazon</name><url>http://www.amazon.com/The-Matchmaker-Novel-Elin-Hilderbrand-ebook/dp/B00FPQA7HK?tag=NYTBS-20</url></buy_link></buy_links></book><book><rank>6</rank><rank_last_week>5</rank_last_week><weeks_on_list>6</weeks_on_list><asterisk>0</asterisk><dagger>0</dagger><primary_isbn10>0316211281</primary_isbn10><primary_isbn13>9780316211284</primary_isbn13><publisher>Little, Brown</publisher><description>With the return of a killer who was presumed dead, the San Francisco detective Lindsay Boxer and the Women’s Murder Club take action.</description><price>0</price><title>UNLUCKY 13</title><author>James Patterson and Maxine Paetro</author><contributor>by James Patterson and Maxine Paetro</contributor><contributor_note></contributor_note><book_image>https://s1.nyt.com/du/books/images/9780316211291.jpg</book_image><book_image_width>128</book_image_width><book_image_height>198</book_image_height><amazon_product_url>http://www.amazon.com/Unlucky-13-Womens-Murder-Club/dp/031621129X?tag=NYTBS-20</amazon_product_url><age_group></age_group><book_review_link></book_review_link><first_chapter_link></first_chapter_link><sunday_review_link></sunday_review_link><article_chapter_link></article_chapter_link><isbns><isbn><isbn10>031621129X</isbn10><isbn13>9780316211291</isbn13></isbn><isbn><isbn10>0316211281</isbn10><isbn13>9780316211284</isbn13></isbn><isbn><isbn10>0316211273</isbn10><isbn13>9780316211277</isbn13></isbn><isbn><isbn10>1455516007</isbn10><isbn13>9781455516001</isbn13></isbn><isbn><isbn10>145551599X</isbn10><isbn13>9781455515998</isbn13></isbn></isbns><buy_links><buy_link><name>Local Booksellers</name><url>http://www.indiebound.org/book/9780316211284?aff=NYT</url></buy_link><buy_link><name>Barnes and Noble</name><url>http://www.anrdoezrs.net/click-7990613-11819508?url=http%3A%2F%2Fwww.barnesandnoble.com%2Fw%2F%3Fean%3D9780316211284</url></buy_link><buy_link><name>Amazon</name><url>http://www.amazon.com/Unlucky-13-Womens-Murder-Club/dp/031621129X?tag=NYTBS-20</url></buy_link></buy_links></book><book><rank>7</rank><rank_last_week>10</rank_last_week><weeks_on_list>8</weeks_on_list><asterisk>0</asterisk><dagger>0</dagger><primary_isbn10>145552123X</primary_isbn10><primary_isbn13>9781455521234</primary_isbn13><publisher>Grand Central</publisher><description>As the government hit man Will Robie and his partner, Jessica Reel, prepare for a mission, they face a new adversary.</description><price>0</price><title>THE TARGET</title><author>David Baldacci</author><contributor>by David Baldacci</contributor><contributor_note></contributor_note><book_image>https://s1.nyt.com/du/books/images/9781455521234.jpg</book_image><book_image_width>128</book_image_width><book_image_height>193</book_image_height><amazon_product_url>http://www.amazon.com/Target-Will-Robie-David-Baldacci-ebook/dp/B00EHMFC78?tag=NYTBS-20</amazon_product_url><age_group></age_group><book_review_link></book_review_link><first_chapter_link></first_chapter_link><sunday_review_link></sunday_review_link><article_chapter_link></article_chapter_link><isbns><isbn><isbn10>1455521205</isbn10><isbn13>9781455521203</isbn13></isbn><isbn><isbn10>1455581984</isbn10><isbn13>9781455581986</isbn13></isbn><isbn><isbn10>145552123X</isbn10><isbn13>9781455521234</isbn13></isbn><isbn><isbn10>1455521183</isbn10><isbn13>9781455521180</isbn13></isbn><isbn><isbn10>1455521264</isbn10><isbn13>9781455521265</isbn13></isbn></isbns><buy_links><buy_link><name>Local Booksellers</name><url>http://www.indiebound.org/book/9781455521234?aff=NYT</url></buy_link><buy_link><name>Barnes and Noble</name><url>http://www.anrdoezrs.net/click-7990613-11819508?url=http%3A%2F%2Fwww.barnesandnoble.com%2Fw%2F%3Fean%3D9781455521234</url></buy_link><buy_link><name>Amazon</name><url>http://www.amazon.com/Target-Will-Robie-David-Baldacci-ebook/dp/B00EHMFC78?tag=NYTBS-20</url></buy_link></buy_links></book><book><rank>8</rank><rank_last_week>14</rank_last_week><weeks_on_list>21</weeks_on_list><asterisk>0</asterisk><dagger>0</dagger><primary_isbn10></primary_isbn10><primary_isbn13>9780062101204</primary_isbn13><publisher>Morrow/HarperCollins</publisher><description>A historical novel about orphans swept off the streets of New York and sent to the Midwest in the 1920s.</description><price>0</price><title>ORPHAN TRAIN</title><author>Christina Baker Kline</author><contributor>by Christina Baker Kline</contributor><contributor_note></contributor_note><book_image>https://s1.nyt.com/du/books/images/9780062101204.jpg</book_image><book_image_width>329</book_image_width><book_image_height>495</book_image_height><amazon_product_url>http://www.amazon.com/Orphan-Train-Christina-Baker-Kline-ebook/dp/B0089LOG02?tag=NYTBS-20</amazon_product_url><age_group></age_group><book_review_link></book_review_link><first_chapter_link></first_chapter_link><sunday_review_link></sunday_review_link><article_chapter_link></article_chapter_link><isbns><isbn><isbn10>0061950726</isbn10><isbn13>9780061950728</isbn13></isbn><isbn><isbn10>1594137374</isbn10><isbn13>9781594137372</isbn13></isbn><isbn><isbn10>0606356649</isbn10><isbn13>9780606356640</isbn13></isbn><isbn><isbn10>006195070X</isbn10><isbn13>9780061950704</isbn13></isbn></isbns><buy_links><buy_link><name>Local Booksellers</name><url>http://www.indiebound.org/book/9780062101204?aff=NYT</url></buy_link><buy_link><name>Barnes and Noble</name><url>http://www.anrdoezrs.net/click-7990613-11819508?url=http%3A%2F%2Fwww.barnesandnoble.com%2Fw%2F%3Fean%3D9780062101204</url></buy_link><buy_link><name>Amazon</name><url>http://www.amazon.com/Orphan-Train-Christina-Baker-Kline-ebook/dp/B0089LOG02?tag=NYTBS-20</url></buy_link></buy_links></book><book><rank>9</rank><rank_last_week>7</rank_last_week><weeks_on_list>4</weeks_on_list><asterisk>0</asterisk><dagger>0</dagger><primary_isbn10>034554689X</primary_isbn10><primary_isbn13>9780345546890</primary_isbn13><publisher>Ballantine</publisher><description>A woman who has grown up and made her life in a small, football-obsessed Texas town begins to expand her horizons.</description><price>0</price><title>THE ONE AND ONLY</title><author>Emily Giffin</author><contributor>by Emily Giffin</contributor><contributor_note></contributor_note><book_image>https://s1.nyt.com/du/books/images/9780345546890.jpg</book_image><book_image_width>128</book_image_width><book_image_height>195</book_image_height><amazon_product_url>http://www.amazon.com/The-One-Only-A-Novel-ebook/dp/B00F1W0DF4?tag=NYTBS-20</amazon_product_url><age_group></age_group><book_review_link></book_review_link><first_chapter_link></first_chapter_link><sunday_review_link></sunday_review_link><article_chapter_link></article_chapter_link><isbns><isbn><isbn10>0345546881</isbn10><isbn13>9780345546883</isbn13></isbn><isbn><isbn10>034554689X</isbn10><isbn13>9780345546890</isbn13></isbn><isbn><isbn10>0345546903</isbn10><isbn13>9780345546906</isbn13></isbn></isbns><buy_links><buy_link><name>Local Booksellers</name><url>http://www.indiebound.org/book/9780345546890?aff=NYT</url></buy_link><buy_link><name>Barnes and Noble</name><url>http://www.anrdoezrs.net/click-7990613-11819508?url=http%3A%2F%2Fwww.barnesandnoble.com%2Fw%2F%3Fean%3D9780345546890</url></buy_link><buy_link><name>Amazon</name><url>http://www.amazon.com/The-One-Only-A-Novel-ebook/dp/B00F1W0DF4?tag=NYTBS-20</url></buy_link></buy_links></book><book><rank>10</rank><rank_last_week>9</rank_last_week><weeks_on_list>6</weeks_on_list><asterisk>0</asterisk><dagger>0</dagger><primary_isbn10>None</primary_isbn10><primary_isbn13>9781101597781</primary_isbn13><publisher>Putnam</publisher><description>Lucas Davenport investigates when multiple bodies are found in the middle of the Minnesota cornfields.</description><price>0</price><title>FIELD OF PREY</title><author>John Sandford</author><contributor>by John Sandford</contributor><contributor_note></contributor_note><book_image>https://s1.nyt.com/du/books/images/9781101597781.jpg</book_image><book_image_width>128</book_image_width><book_image_height>194</book_image_height><amazon_product_url>http://www.amazon.com/Field-Prey-John-Sandford-ebook/dp/B00FX7UL72?tag=NYTBS-20</amazon_product_url><age_group></age_group><book_review_link></book_review_link><first_chapter_link></first_chapter_link><sunday_review_link></sunday_review_link><article_chapter_link></article_chapter_link><isbns><isbn><isbn10>0399162380</isbn10><isbn13>9780399162381</isbn13></isbn><isbn><isbn10>141046668X</isbn10><isbn13>9781410466686</isbn13></isbn><isbn><isbn10>0425275116</isbn10><isbn13>9780425275115</isbn13></isbn></isbns><buy_links><buy_link><name>Local Booksellers</name><url>http://www.indiebound.org/book/9781101597781?aff=NYT</url></buy_link><buy_link><name>Barnes and Noble</name><url>http://www.anrdoezrs.net/click-7990613-11819508?url=http%3A%2F%2Fwww.barnesandnoble.com%2Fw%2F%3Fean%3D9781101597781</url></buy_link><buy_link><name>Amazon</name><url>http://www.amazon.com/Field-Prey-John-Sandford-ebook/dp/B00FX7UL72?tag=NYTBS-20</url></buy_link></buy_links></book><book><rank>11</rank><rank_last_week>0</rank_last_week><weeks_on_list>43</weeks_on_list><asterisk>0</asterisk><dagger>0</dagger><primary_isbn10>0553897845</primary_isbn10><primary_isbn13>9780553897845</primary_isbn13><publisher>Bantam</publisher><description>In the frozen wastes to the north of Winterfell, sinister and supernatural forces are mustering.</description><price>0</price><title>A GAME OF THRONES</title><author>George R R Martin</author><contributor>by George R. R. Martin</contributor><contributor_note></contributor_note><book_image>https://s1.nyt.com/du/books/images/9780553897845.jpg</book_image><book_image_width>301</book_image_width><book_image_height>495</book_image_height><amazon_product_url>http://www.amazon.com/Game-Thrones-Song-Fire-Book-ebook/dp/B000QCS8TW?tag=NYTBS-20</amazon_product_url><age_group></age_group><book_review_link></book_review_link><first_chapter_link></first_chapter_link><sunday_review_link></sunday_review_link><article_chapter_link>https://www.nytimes.com/2011/04/10/arts/television/game-of-thrones-on-hbo-from-george-r-r-martin-novels.html</article_chapter_link><isbns><isbn><isbn10>0553573403</isbn10><isbn13>9780553573404</isbn13></isbn><isbn><isbn10>0553386794</isbn10><isbn13>9780553386790</isbn13></isbn><isbn><isbn10>0553381687</isbn10><isbn13>9780553381689</isbn13></isbn><isbn><isbn10>0553593714</isbn10><isbn13>9780553593716</isbn13></isbn><isbn><isbn10>0553897845</isbn10><isbn13>9780553897845</isbn13></isbn><isbn><isbn10>0553103547</isbn10><isbn13>9780553103540</isbn13></isbn><isbn><isbn10>044042321X</isbn10><isbn13>9780440423218</isbn13></isbn><isbn><isbn10>0553588486</isbn10><isbn13>9780553588484</isbn13></isbn><isbn><isbn10>0345535537</isbn10><isbn13>9780345535535</isbn13></isbn></isbns><buy_links><buy_link><name>Local Booksellers</name><url>http://www.indiebound.org/book/9780553897845?aff=NYT</url></buy_link><buy_link><name>Barnes and Noble</name><url>http://www.anrdoezrs.net/click-7990613-11819508?url=http%3A%2F%2Fwww.barnesandnoble.com%2Fw%2F%3Fean%3D9780553897845</url></buy_link><buy_link><name>Amazon</name><url>http://www.amazon.com/Game-Thrones-Song-Fire-Book-ebook/dp/B000QCS8TW?tag=NYTBS-20</url></buy_link></buy_links></book><book><rank>12</rank><rank_last_week>0</rank_last_week><weeks_on_list>41</weeks_on_list><asterisk>0</asterisk><dagger>0</dagger><primary_isbn10></primary_isbn10><primary_isbn13>9781101636237</primary_isbn13><publisher>Amy Einhorn/Putnam</publisher><description>A woman’s life is upended when she discovers a letter from her husband she was not meant to read until after his death.</description><price>0</price><title>THE HUSBAND'S SECRET</title><author>Liane Moriarty</author><contributor>by Liane Moriarty</contributor><contributor_note></contributor_note><book_image>https://s1.nyt.com/du/books/images/9781101636237.jpg</book_image><book_image_width>330</book_image_width><book_image_height>495</book_image_height><amazon_product_url>http://www.amazon.com/The-Husbands-Secret-Liane-Moriarty-ebook/dp/B00D7Z4GQY?tag=NYTBS-20</amazon_product_url><age_group></age_group><book_review_link></book_review_link><first_chapter_link></first_chapter_link><sunday_review_link></sunday_review_link><article_chapter_link></article_chapter_link><isbns><isbn><isbn10>0399159347</isbn10><isbn13>9780399159343</isbn13></isbn><isbn><isbn10>0425267725</isbn10><isbn13>9780425267721</isbn13></isbn><isbn><isbn10>1594137226</isbn10><isbn13>9781594137228</isbn13></isbn></isbns><buy_links><buy_link><name>Local Booksellers</name><url>http://www.indiebound.org/book/9781101636237?aff=NYT</url></buy_link><buy_link><name>Barnes and Noble</name><url>http://www.anrdoezrs.net/click-7990613-11819508?url=http%3A%2F%2Fwww.barnesandnoble.com%2Fw%2F%3Fean%3D9781101636237</url></buy_link><buy_link><name>Amazon</name><url>http://www.amazon.com/The-Husbands-Secret-Liane-Moriarty-ebook/dp/B00D7Z4GQY?tag=NYTBS-20</url></buy_link></buy_links></book><book><rank>13</rank><rank_last_week>0</rank_last_week><weeks_on_list>2</weeks_on_list><asterisk>0</asterisk><dagger>0</dagger><primary_isbn10></primary_isbn10><primary_isbn13>9781476746609</primary_isbn13><publisher>Scribner</publisher><description>The lives of a blind French girl and a gadget-obsessed German boy before and during World War II.</description><price>0</price><title>ALL THE LIGHT WE CANNOT SEE</title><author>Anthony Doerr</author><contributor>by Anthony Doerr</contributor><contributor_note></contributor_note><book_image>https://s1.nyt.com/du/books/images/9781476746586.jpg</book_image><book_image_width>128</book_image_width><book_image_height>192</book_image_height><amazon_product_url>http://www.amazon.com/All-Light-We-Cannot-See/dp/1476746583?tag=NYTBS-20</amazon_product_url><age_group></age_group><book_review_link></book_review_link><first_chapter_link></first_chapter_link><sunday_review_link>https://www.nytimes.com/2014/05/11/books/review/all-the-light-we-cannot-see-by-anthony-doerr.html</sunday_review_link><article_chapter_link></article_chapter_link><isbns><isbn><isbn10>1476746583</isbn10><isbn13>9781476746586</isbn13></isbn><isbn><isbn10>1410470229</isbn10><isbn13>9781410470225</isbn13></isbn><isbn><isbn10>1476746591</isbn10><isbn13>9781476746593</isbn13></isbn><isbn><isbn10>1501122835</isbn10><isbn13>9781501122835</isbn13></isbn><isbn><isbn10>0007548699</isbn10><isbn13>9780007548699</isbn13></isbn><isbn><isbn10>1501173219</isbn10><isbn13>9781501173219</isbn13></isbn></isbns><buy_links><buy_link><name>Local Booksellers</name><url>http://www.indiebound.org/book/9781476746609?aff=NYT</url></buy_link><buy_link><name>Barnes and Noble</name><url>http://www.anrdoezrs.net/click-7990613-11819508?url=http%3A%2F%2Fwww.barnesandnoble.com%2Fw%2F%3Fean%3D9781476746609</url></buy_link><buy_link><name>Amazon</name><url>http://www.amazon.com/All-Light-We-Cannot-See/dp/1476746583?tag=NYTBS-20</url></buy_link></buy_links></book><book><rank>14</rank><rank_last_week>0</rank_last_week><weeks_on_list>28</weeks_on_list><asterisk>0</asterisk><dagger>0</dagger><primary_isbn10>1400079152</primary_isbn10><primary_isbn13>9781400079155</primary_isbn13><publisher>Anchor</publisher><description>The symbologist Robert Langdon, on the run in Florence, must decipher a series of codes created by a Dante-loving scientist.</description><price>0</price><title>INFERNO</title><author>Dan Brown</author><contributor>by Dan Brown</contributor><contributor_note></contributor_note><book_image>https://s1.nyt.com/du/books/images/9781400079155.jpg</book_image><book_image_width>276</book_image_width><book_image_height>495</book_image_height><amazon_product_url>http://www.amazon.com/Inferno-Robert-Langdon-Dan-Brown/dp/1400079152?tag=NYTBS-20</amazon_product_url><age_group></age_group><book_review_link>https://www.nytimes.com/2013/05/13/books/inferno-by-dan-brown.html</book_review_link><first_chapter_link></first_chapter_link><sunday_review_link></sunday_review_link><article_chapter_link></article_chapter_link><isbns><isbn><isbn10>0385537859</isbn10><isbn13>9780385537858</isbn13></isbn><isbn><isbn10>0345806484</isbn10><isbn13>9780345806482</isbn13></isbn><isbn><isbn10>0385537867</isbn10><isbn13>9780385537865</isbn13></isbn><isbn><isbn10>0804172269</isbn10><isbn13>9780804172264</isbn13></isbn><isbn><isbn10>0345806492</isbn10><isbn13>9780345806499</isbn13></isbn><isbn><isbn10>1400079152</isbn10><isbn13>9781400079155</isbn13></isbn><isbn><isbn10>1101972971</isbn10><isbn13>9781101972977</isbn13></isbn><isbn><isbn10>1101974117</isbn10><isbn13>9781101974117</isbn13></isbn><isbn><isbn10>0385539924</isbn10><isbn13>9780385539920</isbn13></isbn></isbns><buy_links><buy_link><name>Local Booksellers</name><url>http://www.indiebound.org/book/9781400079155?aff=NYT</url></buy_link><buy_link><name>Barnes and Noble</name><url>http://www.anrdoezrs.net/click-7990613-11819508?url=http%3A%2F%2Fwww.barnesandnoble.com%2Fw%2F%3Fean%3D9781400079155</url></buy_link><buy_link><name>Amazon</name><url>http://www.amazon.com/Inferno-Robert-Langdon-Dan-Brown/dp/1400079152?tag=NYTBS-20</url></buy_link></buy_links></book><book><rank>15</rank><rank_last_week>8</rank_last_week><weeks_on_list>3</weeks_on_list><asterisk>0</asterisk><dagger>0</dagger><primary_isbn10>None</primary_isbn10><primary_isbn13>9780698157897</primary_isbn13><publisher>Roc</publisher><description>The Chicago wizard Harry Dresden is forced to help an enemy break into a high-security vault; the 15th Dresden Files novel.</description><price>0</price><title>SKIN GAME</title><author>Jim Butcher</author><contributor>by Jim Butcher</contributor><contributor_note></contributor_note><book_image>https://s1.nyt.com/du/books/images/9780451464392.jpg</book_image><book_image_width>128</book_image_width><book_image_height>193</book_image_height><amazon_product_url>http://www.amazon.com/Skin-Game-Dresden-Files-Butcher/dp/0451464397?tag=NYTBS-20</amazon_product_url><age_group></age_group><book_review_link></book_review_link><first_chapter_link></first_chapter_link><sunday_review_link></sunday_review_link><article_chapter_link></article_chapter_link><isbns><isbn><isbn10>0451464397</isbn10><isbn13>9780451464392</isbn13></isbn><isbn><isbn10>0451470044</isbn10><isbn13>9780451470041</isbn13></isbn></isbns><buy_links><buy_link><name>Local Booksellers</name><url>http://www.indiebound.org/book/9780698157897?aff=NYT</url></buy_link><buy_link><name>Barnes and Noble</name><url>http://www.anrdoezrs.net/click-7990613-11819508?url=http%3A%2F%2Fwww.barnesandnoble.com%2Fw%2F%3Fean%3D9780698157897</url></buy_link><buy_link><name>Amazon</name><url>http://www.amazon.com/Skin-Game-Dresden-Files-Butcher/dp/0451464397?tag=NYTBS-20</url></buy_link></buy_links></book><book><rank>16</rank><rank_last_week>0</rank_last_week><weeks_on_list>0</weeks_on_list><asterisk>0</asterisk><dagger>0</dagger><primary_isbn10>1476714312</primary_isbn10><primary_isbn13>9781476714318</primary_isbn13><publisher>Gallery</publisher><description>Two young cousins in England set sail for America; a Malory novel.</description><price>0</price><title>STORMY PERSUASION</title><author>Johanna Lindsey</author><contributor>by Johanna Lindsey</contributor><contributor_note></contributor_note><book_image>https://s1.nyt.com/du/books/images/9781476714318.jpg</book_image><book_image_width>128</book_image_width><book_image_height>193</book_image_height><amazon_product_url>http://www.amazon.com/Stormy-Persuasion-Johanna-Lindsey-ebook/dp/B00GEEB8FC?tag=NYTBS-20</amazon_product_url><age_group></age_group><book_review_link></book_review_link><first_chapter_link></first_chapter_link><sunday_review_link></sunday_review_link><article_chapter_link></article_chapter_link><isbns><isbn><isbn10>1476714312</isbn10><isbn13>9781476714318</isbn13></isbn><isbn><isbn10>1476714274</isbn10><isbn13>9781476714271</isbn13></isbn></isbns><buy_links><buy_link><name>Local Booksellers</name><url>http://www.indiebound.org/book/9781476714318?aff=NYT</url></buy_link><buy_link><name>Barnes and Noble</name><url>http://www.anrdoezrs.net/click-7990613-11819508?url=http%3A%2F%2Fwww.barnesandnoble.com%2Fw%2F%3Fean%3D9781476714318</url></buy_link><buy_link><name>Amazon</name><url>http://www.amazon.com/Stormy-Persuasion-Johanna-Lindsey-ebook/dp/B00GEEB8FC?tag=NYTBS-20</url></buy_link></buy_links></book><book><rank>17</rank><rank_last_week>0</rank_last_week><weeks_on_list>0</weeks_on_list><asterisk>0</asterisk><dagger>0</dagger><primary_isbn10></primary_isbn10><primary_isbn13>9780698140752</primary_isbn13><publisher>Putnam</publisher><description>Kurt Austin, Joe Zavala and the rest of the NUMA crew investigate a sinister organization responsible for vanishing scientists, suspicious accidents and a human trafficking ring.</description><price>0</price><title>GHOST SHIP</title><author>Clive Cussler and Graham Brown</author><contributor>by Clive Cussler and Graham Brown</contributor><contributor_note></contributor_note><book_image>https://s1.nyt.com/du/books/images/9780399167317.jpg</book_image><book_image_width>128</book_image_width><book_image_height>194</book_image_height><amazon_product_url>http://www.amazon.com/Ghost-Ship-The-Numa-Files/dp/0399167315?tag=NYTBS-20</amazon_product_url><age_group></age_group><book_review_link></book_review_link><first_chapter_link></first_chapter_link><sunday_review_link></sunday_review_link><article_chapter_link></article_chapter_link><isbns><isbn><isbn10>0399167315</isbn10><isbn13>9780399167317</isbn13></isbn><isbn><isbn10>0425275140</isbn10><isbn13>9780425275146</isbn13></isbn></isbns><buy_links><buy_link><name>Local Booksellers</name><url>http://www.indiebound.org/book/9780698140752?aff=NYT</url></buy_link><buy_link><name>Barnes and Noble</name><url>http://www.anrdoezrs.net/click-7990613-11819508?url=http%3A%2F%2Fwww.barnesandnoble.com%2Fw%2F%3Fean%3D9780698140752</url></buy_link><buy_link><name>Amazon</name><url>http://www.amazon.com/Ghost-Ship-The-Numa-Files/dp/0399167315?tag=NYTBS-20</url></buy_link></buy_links></book><book><rank>18</rank><rank_last_week>0</rank_last_week><weeks_on_list>0</weeks_on_list><asterisk>0</asterisk><dagger>0</dagger><primary_isbn10>1101618043</primary_isbn10><primary_isbn13>9781101618042</primary_isbn13><publisher>Riverhead</publisher><description>Well-heeled New Yorkers and their friends spend two weeks in Majorca, a time when rivalries and secrets come to light.</description><price>0</price><title>THE VACATIONERS</title><author>Emma Straub</author><contributor>by Emma Straub</contributor><contributor_note></contributor_note><book_image>https://s1.nyt.com/du/books/images/9781594631573.jpg</book_image><book_image_width>128</book_image_width><book_image_height>192</book_image_height><amazon_product_url>http://www.amazon.com/The-Vacationers-Novel-Emma-Straub/dp/1594631573?tag=NYTBS-20</amazon_product_url><age_group></age_group><book_review_link></book_review_link><first_chapter_link></first_chapter_link><sunday_review_link></sunday_review_link><article_chapter_link></article_chapter_link><isbns><isbn><isbn10>1594631573</isbn10><isbn13>9781594631573</isbn13></isbn><isbn><isbn10>1101618043</isbn10><isbn13>9781101618042</isbn13></isbn><isbn><isbn10>1594633886</isbn10><isbn13>9781594633881</isbn13></isbn></isbns><buy_links><buy_link><name>Local Booksellers</name><url>http://www.indiebound.org/book/9781101618042?aff=NYT</url></buy_link><buy_link><name>Barnes and Noble</name><url>http://www.anrdoezrs.net/click-7990613-11819508?url=http%3A%2F%2Fwww.barnesandnoble.com%2Fw%2F%3Fean%3D9781101618042</url></buy_link><buy_link><name>Amazon</name><url>http://www.amazon.com/The-Vacationers-Novel-Emma-Straub/dp/1594631573?tag=NYTBS-20</url></buy_link></buy_links></book><book><rank>19</rank><rank_last_week>0</rank_last_week><weeks_on_list>0</weeks_on_list><asterisk>0</asterisk><dagger>0</dagger><primary_isbn10>0062132520</primary_isbn10><primary_isbn13>9780062132529</primary_isbn13><publisher>Morrow/HarperCollins</publisher><description>Three generations of women endure a stormy summer in South Carolina's Lowcountry.</description><price>0</price><title>THE HURRICANE SISTERS</title><author>Dorothea Benton Frank</author><contributor>by Dorothea Benton Frank</contributor><contributor_note></contributor_note><book_image>https://s1.nyt.com/du/books/images/9780062132529.jpg</book_image><book_image_width>328</book_image_width><book_image_height>495</book_image_height><amazon_product_url>http://www.amazon.com/The-Hurricane-Sisters-A-Novel/dp/0062132520?tag=NYTBS-20</amazon_product_url><age_group></age_group><book_review_link></book_review_link><first_chapter_link></first_chapter_link><sunday_review_link></sunday_review_link><article_chapter_link></article_chapter_link><isbns><isbn><isbn10>0062132520</isbn10><isbn13>9780062132529</isbn13></isbn></isbns><buy_links><buy_link><name>Local Booksellers</name><url>http://www.indiebound.org/book/9780062132529?aff=NYT</url></buy_link><buy_link><name>Barnes and Noble</name><url>http://www.anrdoezrs.net/click-7990613-11819508?url=http%3A%2F%2Fwww.barnesandnoble.com%2Fw%2F%3Fean%3D9780062132529</url></buy_link><buy_link><name>Amazon</name><url>http://www.amazon.com/The-Hurricane-Sisters-A-Novel/dp/0062132520?tag=NYTBS-20</url></buy_link></buy_links></book><book><rank>20</rank><rank_last_week>0</rank_last_week><weeks_on_list>0</weeks_on_list><asterisk>0</asterisk><dagger>0</dagger><primary_isbn10>0062311107</primary_isbn10><primary_isbn13>9780062311108</primary_isbn13><publisher>Morrow/HarperCollins</publisher><description>Penn Cage, a former prosecutor in Natchez, Miss., delves into the secrets of his father, a doctor who has been accused of murdering an African-American nurse.</description><price>0</price><title>NATCHEZ BURNING</title><author>Greg Iles</author><contributor>by Greg Iles</contributor><contributor_note></contributor_note><book_image>https://s1.nyt.com/du/books/images/9780062311078.jpg</book_image><book_image_width>330</book_image_width><book_image_height>484</book_image_height><amazon_product_url>http://www.amazon.com/Natchez-Burning-Novel-Penn-Cage/dp/0062311077?tag=NYTBS-20</amazon_product_url><age_group></age_group><book_review_link></book_review_link><first_chapter_link></first_chapter_link><sunday_review_link></sunday_review_link><article_chapter_link></article_chapter_link><isbns><isbn><isbn10>0062311077</isbn10><isbn13>9780062311078</isbn13></isbn><isbn><isbn10>0062311107</isbn10><isbn13>9780062311108</isbn13></isbn><isbn><isbn10>0062326392</isbn10><isbn13>9780062326393</isbn13></isbn><isbn><isbn10>0062311093</isbn10><isbn13>9780062311092</isbn13></isbn></isbns><buy_links><buy_link><name>Local Booksellers</name><url>http://www.indiebound.org/book/9780062311108?aff=NYT</url></buy_link><buy_link><name>Barnes and Noble</name><url>http://www.anrdoezrs.net/click-7990613-11819508?url=http%3A%2F%2Fwww.barnesandnoble.com%2Fw%2F%3Fean%3D9780062311108</url></buy_link><buy_link><name>Amazon</name><url>http://www.amazon.com/Natchez-Burning-Novel-Penn-Cage/dp/0062311077?tag=NYTBS-20</url></buy_link></buy_links></book></books><corrections><correction><correction_id>31</correction_id><list_id>5311</list_id><correction_text>On an earlier version of this list, the entry for "Written in My Own Heart's Blood" misstated one of the centuries in which the book's action takes place. It is the 20th, not the 21st.
</correction_text><correction_date>2014-06-14</correction_date></correction></corrections></results></result_set>
