<?xml version="1.0" encoding="UTF-8"?>
<result_set><status>OK</status><copyright>Copyright (c) 2018 The New York Times Company.  All Rights Reserved.</copyright><num_results>25</num_results><last_modified>2016-04-28T15:03:27-04:00</last_modified><results><list_name>Combined Print and E-Book Fiction</list_name><list_name_encoded>combined-print-and-e-book-fiction</list_name_encoded><bestsellers_date>2014-08-30</bestsellers_date><published_date>2014-09-14</published_date><published_date_description></published_date_description><next_published_date>2014-09-21</next_published_date><previous_published_date>2014-09-07</previous_published_date><display_name><![CDATA[Combined Print & E-Book Fiction]]></display_name><normal_list_ends_at>15</normal_list_ends_at><updated>WEEKLY</updated><books><book><rank>1</rank><rank_last_week>0</rank_last_week><weeks_on_list>1</weeks_on_list><asterisk>0</asterisk><dagger>0</dagger><primary_isbn10></primary_isbn10><primary_isbn13>9781250022073</primary_isbn13><publisher>Minotaur</publisher><description>Chief Inspector Armand Gamache, retired from the Sûreté du Québec and settled in the village of Three Pines, searches for a neighbor’s missing husband.</description><price>0</price><title>THE LONG WAY HOME</title><author>Louise Penny</author><contributor>by Louise Penny</contributor><contributor_note></contributor_note><book_image>https://s1.nyt.com/du/books/images/9781250022073.jpg</book_image><book_image_width>128</book_image_width><book_image_height>195</book_image_height><amazon_product_url>http://www.amazon.com/The-Long-Way-Home-Inspector-ebook/dp/B00HY09X5W?tag=NYTBS-20</amazon_product_url><age_group></age_group><book_review_link>https://www.nytimes.com/2014/08/29/books/louise-pennys-the-long-way-home.html</book_review_link><first_chapter_link></first_chapter_link><sunday_review_link></sunday_review_link><article_chapter_link></article_chapter_link><isbns><isbn><isbn10>1250022061</isbn10><isbn13>9781250022066</isbn13></isbn><isbn><isbn10>1250060613</isbn10><isbn13>9781250060617</isbn13></isbn></isbns><buy_links><buy_link><name>Local Booksellers</name><url>http://www.indiebound.org/book/9781250022073?aff=NYT</url></buy_link><buy_link><name>Barnes and Noble</name><url>http://www.anrdoezrs.net/click-7990613-11819508?url=http%3A%2F%2Fwww.barnesandnoble.com%2Fw%2F%3Fean%3D9781250022073</url></buy_link><buy_link><name>Amazon</name><url>http://www.amazon.com/The-Long-Way-Home-Inspector-ebook/dp/B00HY09X5W?tag=NYTBS-20</url></buy_link></buy_links></book><book><rank>2</rank><rank_last_week>0</rank_last_week><weeks_on_list>1</weeks_on_list><asterisk>0</asterisk><dagger>0</dagger><primary_isbn10>None</primary_isbn10><primary_isbn13>9781460338391</primary_isbn13><publisher>Harlequin Mira</publisher><description>After a terrible accident puts an end to his professional football career, a young man returns home to Thunder Point to face his mistakes.</description><price>0</price><title>THE HOMECOMING</title><author>Ron Carr</author><contributor>by Robyn Carr</contributor><contributor_note></contributor_note><book_image>https://s1.nyt.com/du/books/images/9781460338391.jpg</book_image><book_image_width>128</book_image_width><book_image_height>203</book_image_height><amazon_product_url>http://www.amazon.com/The-Homecoming-Book-Thunder-Point-ebook/dp/B00JIHA76I?tag=NYTBS-20</amazon_product_url><age_group></age_group><book_review_link></book_review_link><first_chapter_link></first_chapter_link><sunday_review_link></sunday_review_link><article_chapter_link></article_chapter_link><isbns><isbn><isbn10>0778316440</isbn10><isbn13>9780778316442</isbn13></isbn></isbns><buy_links><buy_link><name>Local Booksellers</name><url>http://www.indiebound.org/book/9781460338391?aff=NYT</url></buy_link><buy_link><name>Barnes and Noble</name><url>http://www.anrdoezrs.net/click-7990613-11819508?url=http%3A%2F%2Fwww.barnesandnoble.com%2Fw%2F%3Fean%3D9781460338391</url></buy_link><buy_link><name>Amazon</name><url>http://www.amazon.com/The-Homecoming-Book-Thunder-Point-ebook/dp/B00JIHA76I?tag=NYTBS-20</url></buy_link></buy_links></book><book><rank>3</rank><rank_last_week>0</rank_last_week><weeks_on_list>1</weeks_on_list><asterisk>0</asterisk><dagger>0</dagger><primary_isbn10>145552977X</primary_isbn10><primary_isbn13>9781455529773</primary_isbn13><publisher>Grand Central</publisher><description>The world’s most exclusive detective agency has opened an office in Australia, and within days Craig Gisto and his new team have their hands full with a series of grisly crimes.</description><price>0</price><title>PRIVATE DOWN UNDER</title><author>James Patterson and Michael White</author><contributor>by James Patterson and Michael White</contributor><contributor_note></contributor_note><book_image>https://s1.nyt.com/du/books/images/9781455529780.jpg</book_image><book_image_width>128</book_image_width><book_image_height>193</book_image_height><amazon_product_url>http://www.amazon.com/Private-Down-Under-James-Patterson-ebook/dp/B00H25FJ20?tag=NYTBS-20</amazon_product_url><age_group></age_group><book_review_link></book_review_link><first_chapter_link></first_chapter_link><sunday_review_link></sunday_review_link><article_chapter_link></article_chapter_link><isbns><isbn><isbn10>1455529788</isbn10><isbn13>9781455529780</isbn13></isbn><isbn><isbn10>145552977X</isbn10><isbn13>9781455529773</isbn13></isbn><isbn><isbn10>1455529761</isbn10><isbn13>9781455529766</isbn13></isbn><isbn><isbn10>1455582212</isbn10><isbn13>9781455582211</isbn13></isbn><isbn><isbn10>1455529753</isbn10><isbn13>9781455529759</isbn13></isbn></isbns><buy_links><buy_link><name>Local Booksellers</name><url>http://www.indiebound.org/book/9781455529773?aff=NYT</url></buy_link><buy_link><name>Barnes and Noble</name><url>http://www.anrdoezrs.net/click-7990613-11819508?url=http%3A%2F%2Fwww.barnesandnoble.com%2Fw%2F%3Fean%3D9781455529773</url></buy_link><buy_link><name>Amazon</name><url>http://www.amazon.com/Private-Down-Under-James-Patterson-ebook/dp/B00H25FJ20?tag=NYTBS-20</url></buy_link></buy_links></book><book><rank>4</rank><rank_last_week>4</rank_last_week><weeks_on_list>92</weeks_on_list><asterisk>0</asterisk><dagger>0</dagger><primary_isbn10>0307588386</primary_isbn10><primary_isbn13>9780307588388</primary_isbn13><publisher>Crown</publisher><description>A woman disappears on the day of her fifth anniversary; is her husband a killer?</description><price>0</price><title>GONE GIRL</title><author>Gillian Flynn</author><contributor>by Gillian Flynn</contributor><contributor_note></contributor_note><book_image>https://s1.nyt.com/du/books/images/9780307588388.jpg</book_image><book_image_width>136</book_image_width><book_image_height>200</book_image_height><amazon_product_url>http://www.amazon.com/Gone-Girl-Novel-Gillian-Flynn-ebook/dp/B006LSZECO?tag=NYTBS-20</amazon_product_url><age_group></age_group><book_review_link>https://www.nytimes.com/2012/05/30/books/gone-girl-by-gillian-flynn.html</book_review_link><first_chapter_link></first_chapter_link><sunday_review_link>https://www.nytimes.com/2012/06/17/books/review/gillian-flynns-gone-girl-and-more.html</sunday_review_link><article_chapter_link></article_chapter_link><isbns><isbn><isbn10>030758836X</isbn10><isbn13>9780307588364</isbn13></isbn><isbn><isbn10>0307588386</isbn10><isbn13>9780307588388</isbn13></isbn><isbn><isbn10>1410450953</isbn10><isbn13>9781410450951</isbn13></isbn><isbn><isbn10>0297859382</isbn10><isbn13>9780297859383</isbn13></isbn><isbn><isbn10>0307588378</isbn10><isbn13>9780307588371</isbn13></isbn><isbn><isbn10>0297859390</isbn10><isbn13>9780297859390</isbn13></isbn><isbn><isbn10>159413605X</isbn10><isbn13>9781594136054</isbn13></isbn><isbn><isbn10>055341836X</isbn10><isbn13>9780553418361</isbn13></isbn><isbn><isbn10>0553418351</isbn10><isbn13>9780553418354</isbn13></isbn><isbn><isbn10>0606270175</isbn10><isbn13>9780606270175</isbn13></isbn></isbns><buy_links><buy_link><name>Local Booksellers</name><url>http://www.indiebound.org/book/9780307588388?aff=NYT</url></buy_link><buy_link><name>Barnes and Noble</name><url>http://www.anrdoezrs.net/click-7990613-11819508?url=http%3A%2F%2Fwww.barnesandnoble.com%2Fw%2F%3Fean%3D9780307588388</url></buy_link><buy_link><name>Amazon</name><url>http://www.amazon.com/Gone-Girl-Novel-Gillian-Flynn-ebook/dp/B006LSZECO?tag=NYTBS-20</url></buy_link></buy_links></book><book><rank>5</rank><rank_last_week>2</rank_last_week><weeks_on_list>5</weeks_on_list><asterisk>0</asterisk><dagger>0</dagger><primary_isbn10>0698138635</primary_isbn10><primary_isbn13>9780698138636</primary_isbn13><publisher>Amy Einhorn/Putnam</publisher><description>Who will end up dead, and how, when three mothers with children in the same school become friends?</description><price>0</price><title>BIG LITTLE LIES</title><author>Liane Moriarty</author><contributor>by Liane Moriarty</contributor><contributor_note></contributor_note><book_image>https://s1.nyt.com/du/books/images/9780698138636.jpg</book_image><book_image_width>128</book_image_width><book_image_height>193</book_image_height><amazon_product_url>http://www.amazon.com/Big-Little-Lies-Liane-Moriarty-ebook/dp/B00HDMMISA?tag=NYTBS-20</amazon_product_url><age_group></age_group><book_review_link>https://www.nytimes.com/2014/07/25/books/in-big-little-lies-liane-moriarty-finds-new-complications.html</book_review_link><first_chapter_link></first_chapter_link><sunday_review_link></sunday_review_link><article_chapter_link></article_chapter_link><isbns><isbn><isbn10>0399167064</isbn10><isbn13>9780399167065</isbn13></isbn><isbn><isbn10>0698138635</isbn10><isbn13>9780698138636</isbn13></isbn><isbn><isbn10>1410472035</isbn10><isbn13>9781410472038</isbn13></isbn><isbn><isbn10>0425274861</isbn10><isbn13>9780425274866</isbn13></isbn><isbn><isbn10>1594139067</isbn10><isbn13>9781594139062</isbn13></isbn><isbn><isbn10>0399587195</isbn10><isbn13>9780399587191</isbn13></isbn><isbn><isbn10>0399587209</isbn10><isbn13>9780399587207</isbn13></isbn><isbn><isbn10>1312731796</isbn10><isbn13>9781312731790</isbn13></isbn></isbns><buy_links><buy_link><name>Local Booksellers</name><url>http://www.indiebound.org/book/9780698138636?aff=NYT</url></buy_link><buy_link><name>Barnes and Noble</name><url>http://www.anrdoezrs.net/click-7990613-11819508?url=http%3A%2F%2Fwww.barnesandnoble.com%2Fw%2F%3Fean%3D9780698138636</url></buy_link><buy_link><name>Amazon</name><url>http://www.amazon.com/Big-Little-Lies-Liane-Moriarty-ebook/dp/B00HDMMISA?tag=NYTBS-20</url></buy_link></buy_links></book><book><rank>6</rank><rank_last_week>0</rank_last_week><weeks_on_list>1</weeks_on_list><asterisk>0</asterisk><dagger>0</dagger><primary_isbn10>0698140958</primary_isbn10><primary_isbn13>9780698140950</primary_isbn13><publisher>Jove</publisher><description>Sedona’s new job managing a hotel and tavern on Rainshadow Island is helping her move on from her tragic past, but a bizarre disaster has brought a pack of rowdy ghost hunters to her inn.</description><price>0</price><title>THE HOT ZONE</title><author>Jayne Castle</author><contributor>by Jayne Castle</contributor><contributor_note></contributor_note><book_image>https://s1.nyt.com/du/books/images/9780515154726.jpg</book_image><book_image_width>128</book_image_width><book_image_height>208</book_image_height><amazon_product_url>http://www.amazon.com/The-Zone-Rainshadow-Novel-Book-ebook/dp/B00IOE3PPG?tag=NYTBS-20</amazon_product_url><age_group></age_group><book_review_link></book_review_link><first_chapter_link></first_chapter_link><sunday_review_link></sunday_review_link><article_chapter_link></article_chapter_link><isbns><isbn><isbn10>0515154725</isbn10><isbn13>9780515154726</isbn13></isbn><isbn><isbn10>0698140958</isbn10><isbn13>9780698140950</isbn13></isbn></isbns><buy_links><buy_link><name>Local Booksellers</name><url>http://www.indiebound.org/book/9780698140950?aff=NYT</url></buy_link><buy_link><name>Barnes and Noble</name><url>http://www.anrdoezrs.net/click-7990613-11819508?url=http%3A%2F%2Fwww.barnesandnoble.com%2Fw%2F%3Fean%3D9780698140950</url></buy_link><buy_link><name>Amazon</name><url>http://www.amazon.com/The-Zone-Rainshadow-Novel-Book-ebook/dp/B00IOE3PPG?tag=NYTBS-20</url></buy_link></buy_links></book><book><rank>7</rank><rank_last_week>1</rank_last_week><weeks_on_list>5</weeks_on_list><asterisk>0</asterisk><dagger>0</dagger><primary_isbn10>0440335167</primary_isbn10><primary_isbn13>9780440335160</primary_isbn13><publisher>Dell</publisher><description>Claire Randall, an English nurse, is transported back to 1743 during a second honeymoon in the Scottish Highlands. There she begins an affair with James Fraser, a redheaded soldier. Originally published in 1991.</description><price>0</price><title>OUTLANDER</title><author>Diana Gabaldon</author><contributor>by Diana Gabaldon</contributor><contributor_note></contributor_note><book_image>https://s1.nyt.com/du/books/images/9780440212560.jpg</book_image><book_image_width>301</book_image_width><book_image_height>495</book_image_height><amazon_product_url>http://www.amazon.com/Outlander-Diana-Gabaldon/dp/0440212561?tag=NYTBS-20</amazon_product_url><age_group></age_group><book_review_link></book_review_link><first_chapter_link></first_chapter_link><sunday_review_link></sunday_review_link><article_chapter_link></article_chapter_link><isbns><isbn><isbn10>0440335167</isbn10><isbn13>9780440335160</isbn13></isbn><isbn><isbn10>0440212561</isbn10><isbn13>9780440212560</isbn13></isbn><isbn><isbn10>0385319959</isbn10><isbn13>9780385319959</isbn13></isbn><isbn><isbn10>0553393693</isbn10><isbn13>9780553393699</isbn13></isbn><isbn><isbn10>0553393707</isbn10><isbn13>9780553393705</isbn13></isbn><isbn><isbn10>0440423201</isbn10><isbn13>9780440423201</isbn13></isbn><isbn><isbn10>0385302304</isbn10><isbn13>9780385302302</isbn13></isbn></isbns><buy_links><buy_link><name>Local Booksellers</name><url>http://www.indiebound.org/book/9780440335160?aff=NYT</url></buy_link><buy_link><name>Barnes and Noble</name><url>http://www.anrdoezrs.net/click-7990613-11819508?url=http%3A%2F%2Fwww.barnesandnoble.com%2Fw%2F%3Fean%3D9780440335160</url></buy_link><buy_link><name>Amazon</name><url>http://www.amazon.com/Outlander-Diana-Gabaldon/dp/0440212561?tag=NYTBS-20</url></buy_link></buy_links></book><book><rank>8</rank><rank_last_week>3</rank_last_week><weeks_on_list>2</weeks_on_list><asterisk>0</asterisk><dagger>0</dagger><primary_isbn10>None</primary_isbn10><primary_isbn13>9781455581139</primary_isbn13><publisher>Grand Central</publisher><description>A North Carolina pediatrician is held captive by a mysterious man who forces her to question her life.</description><price>0</price><title>MEAN STREAK</title><author>Sandra Brown</author><contributor>by Sandra Brown</contributor><contributor_note></contributor_note><book_image>https://s1.nyt.com/du/books/images/9781455581139.jpg</book_image><book_image_width>128</book_image_width><book_image_height>193</book_image_height><amazon_product_url>http://www.amazon.com/Mean-Streak-Sandra-Brown/dp/1455581127?tag=NYTBS-20</amazon_product_url><age_group></age_group><book_review_link></book_review_link><first_chapter_link></first_chapter_link><sunday_review_link></sunday_review_link><article_chapter_link></article_chapter_link><isbns><isbn><isbn10>1455581127</isbn10><isbn13>9781455581122</isbn13></isbn><isbn><isbn10>1455530085</isbn10><isbn13>9781455530083</isbn13></isbn><isbn><isbn10>1455559121</isbn10><isbn13>9781455559121</isbn13></isbn><isbn><isbn10>1455581143</isbn10><isbn13>9781455581146</isbn13></isbn><isbn><isbn10>1455581151</isbn10><isbn13>9781455581153</isbn13></isbn></isbns><buy_links><buy_link><name>Local Booksellers</name><url>http://www.indiebound.org/book/9781455581139?aff=NYT</url></buy_link><buy_link><name>Barnes and Noble</name><url>http://www.anrdoezrs.net/click-7990613-11819508?url=http%3A%2F%2Fwww.barnesandnoble.com%2Fw%2F%3Fean%3D9781455581139</url></buy_link><buy_link><name>Amazon</name><url>http://www.amazon.com/Mean-Streak-Sandra-Brown/dp/1455581127?tag=NYTBS-20</url></buy_link></buy_links></book><book><rank>9</rank><rank_last_week>7</rank_last_week><weeks_on_list>25</weeks_on_list><asterisk>0</asterisk><dagger>0</dagger><primary_isbn10>0345543246</primary_isbn10><primary_isbn13>9780345543240</primary_isbn13><publisher>Doubleday</publisher><description>A sequel, about race and inheritance, to “A Time to Kill.”</description><price>0</price><title>SYCAMORE ROW</title><author>John Grisham</author><contributor>by John Grisham</contributor><contributor_note></contributor_note><book_image>https://s1.nyt.com/du/books/images/9780385537926.jpg</book_image><book_image_width>326</book_image_width><book_image_height>495</book_image_height><amazon_product_url>http://www.amazon.com/Sycamore-Jake-Brigance-John-Grisham/dp/0385537131?tag=NYTBS-20</amazon_product_url><age_group></age_group><book_review_link>https://www.nytimes.com/2013/10/31/books/sycamore-row-by-john-grisham.html</book_review_link><first_chapter_link></first_chapter_link><sunday_review_link>https://www.nytimes.com/2013/11/10/books/review/sycamore-row-by-john-grisham.html</sunday_review_link><article_chapter_link></article_chapter_link><isbns><isbn><isbn10>0385537131</isbn10><isbn13>9780385537131</isbn13></isbn><isbn><isbn10>0385537921</isbn10><isbn13>9780385537926</isbn13></isbn><isbn><isbn10>0553393618</isbn10><isbn13>9780553393613</isbn13></isbn><isbn><isbn10>0345543246</isbn10><isbn13>9780345543240</isbn13></isbn></isbns><buy_links><buy_link><name>Local Booksellers</name><url>http://www.indiebound.org/book/9780345543240?aff=NYT</url></buy_link><buy_link><name>Barnes and Noble</name><url>http://www.anrdoezrs.net/click-7990613-11819508?url=http%3A%2F%2Fwww.barnesandnoble.com%2Fw%2F%3Fean%3D9780345543240</url></buy_link><buy_link><name>Amazon</name><url>http://www.amazon.com/Sycamore-Jake-Brigance-John-Grisham/dp/0385537131?tag=NYTBS-20</url></buy_link></buy_links></book><book><rank>10</rank><rank_last_week>6</rank_last_week><weeks_on_list>45</weeks_on_list><asterisk>0</asterisk><dagger>0</dagger><primary_isbn10></primary_isbn10><primary_isbn13>9780316248679</primary_isbn13><publisher>Little, Brown</publisher><description>A painting smuggled out of the Metropolitan Museum of Art after a bombing becomes a boy’s prize, guilt and burden.</description><price>0</price><title>THE GOLDFINCH</title><author>Donna Tartt</author><contributor>by Donna Tartt</contributor><contributor_note></contributor_note><book_image>https://s1.nyt.com/du/books/images/9780316248679.jpg</book_image><book_image_width>323</book_image_width><book_image_height>495</book_image_height><amazon_product_url>http://www.amazon.com/The-Goldfinch-Novel-Pulitzer-Fiction-ebook/dp/B00BAXFECK?tag=NYTBS-20</amazon_product_url><age_group></age_group><book_review_link>https://www.nytimes.com/2013/10/08/books/the-goldfinch-a-dickensian-novel-by-donna-tartt.html</book_review_link><first_chapter_link></first_chapter_link><sunday_review_link>https://www.nytimes.com/2013/10/13/books/review/donna-tartts-goldfinch.html</sunday_review_link><article_chapter_link></article_chapter_link><isbns><isbn><isbn10>0316055433</isbn10><isbn13>9780316055437</isbn13></isbn><isbn><isbn10>0316239879</isbn10><isbn13>9780316239875</isbn13></isbn><isbn><isbn10>0316055441</isbn10><isbn13>9780316055444</isbn13></isbn><isbn><isbn10>0349139636</isbn10><isbn13>9780349139630</isbn13></isbn></isbns><buy_links><buy_link><name>Local Booksellers</name><url>http://www.indiebound.org/book/9780316248679?aff=NYT</url></buy_link><buy_link><name>Barnes and Noble</name><url>http://www.anrdoezrs.net/click-7990613-11819508?url=http%3A%2F%2Fwww.barnesandnoble.com%2Fw%2F%3Fean%3D9780316248679</url></buy_link><buy_link><name>Amazon</name><url>http://www.amazon.com/The-Goldfinch-Novel-Pulitzer-Fiction-ebook/dp/B00BAXFECK?tag=NYTBS-20</url></buy_link></buy_links></book><book><rank>11</rank><rank_last_week>0</rank_last_week><weeks_on_list>1</weeks_on_list><asterisk>0</asterisk><dagger>0</dagger><primary_isbn10>0316235555</primary_isbn10><primary_isbn13>9780316235556</primary_isbn13><publisher>Orbit</publisher><description>A fantasy sequel to “The Black Prism” and “The Blinding Knife.” </description><price>0</price><title>THE BROKEN EYE</title><author>Brent Weeks</author><contributor>by Brent Weeks</contributor><contributor_note></contributor_note><book_image>https://s1.nyt.com/du/books/images/9780316079921.jpg</book_image><book_image_width>128</book_image_width><book_image_height>197</book_image_height><amazon_product_url>http://www.amazon.com/The-Broken-Lightbringer-Brent-Weeks/dp/0316079928?tag=NYTBS-20</amazon_product_url><age_group></age_group><book_review_link></book_review_link><first_chapter_link></first_chapter_link><sunday_review_link></sunday_review_link><article_chapter_link></article_chapter_link><isbns><isbn><isbn10>0316079928</isbn10><isbn13>9780316079921</isbn13></isbn><isbn><isbn10>0316235555</isbn10><isbn13>9780316235556</isbn13></isbn></isbns><buy_links><buy_link><name>Local Booksellers</name><url>http://www.indiebound.org/book/9780316235556?aff=NYT</url></buy_link><buy_link><name>Barnes and Noble</name><url>http://www.anrdoezrs.net/click-7990613-11819508?url=http%3A%2F%2Fwww.barnesandnoble.com%2Fw%2F%3Fean%3D9780316235556</url></buy_link><buy_link><name>Amazon</name><url>http://www.amazon.com/The-Broken-Lightbringer-Brent-Weeks/dp/0316079928?tag=NYTBS-20</url></buy_link></buy_links></book><book><rank>12</rank><rank_last_week>8</rank_last_week><weeks_on_list>32</weeks_on_list><asterisk>0</asterisk><dagger>0</dagger><primary_isbn10></primary_isbn10><primary_isbn13>9780062101204</primary_isbn13><publisher>Morrow/HarperCollins</publisher><description>A historical novel about orphans swept off the streets of New York and sent to the Midwest in the 1920s.</description><price>0</price><title>ORPHAN TRAIN</title><author>Christina Baker Kline</author><contributor>by Christina Baker Kline</contributor><contributor_note></contributor_note><book_image>https://s1.nyt.com/du/books/images/9780062101204.jpg</book_image><book_image_width>329</book_image_width><book_image_height>495</book_image_height><amazon_product_url>http://www.amazon.com/Orphan-Train-Christina-Baker-Kline-ebook/dp/B0089LOG02?tag=NYTBS-20</amazon_product_url><age_group></age_group><book_review_link></book_review_link><first_chapter_link></first_chapter_link><sunday_review_link></sunday_review_link><article_chapter_link></article_chapter_link><isbns><isbn><isbn10>0061950726</isbn10><isbn13>9780061950728</isbn13></isbn><isbn><isbn10>1594137374</isbn10><isbn13>9781594137372</isbn13></isbn><isbn><isbn10>0606356649</isbn10><isbn13>9780606356640</isbn13></isbn><isbn><isbn10>006195070X</isbn10><isbn13>9780061950704</isbn13></isbn></isbns><buy_links><buy_link><name>Local Booksellers</name><url>http://www.indiebound.org/book/9780062101204?aff=NYT</url></buy_link><buy_link><name>Barnes and Noble</name><url>http://www.anrdoezrs.net/click-7990613-11819508?url=http%3A%2F%2Fwww.barnesandnoble.com%2Fw%2F%3Fean%3D9780062101204</url></buy_link><buy_link><name>Amazon</name><url>http://www.amazon.com/Orphan-Train-Christina-Baker-Kline-ebook/dp/B0089LOG02?tag=NYTBS-20</url></buy_link></buy_links></book><book><rank>13</rank><rank_last_week>0</rank_last_week><weeks_on_list>1</weeks_on_list><asterisk>0</asterisk><dagger>0</dagger><primary_isbn10>1617735183</primary_isbn10><primary_isbn13>9781617735189</primary_isbn13><publisher>Kensington</publisher><description>Sarah McAdams returns to her childhood home with her daughters. But there are rumors that their house is haunted, and it holds other dark memories for Sarah.</description><price>0</price><title>CLOSE TO HOME</title><author>Lisa Jackson</author><contributor>by Lisa Jackson</contributor><contributor_note></contributor_note><book_image>https://s1.nyt.com/du/books/images/9781617735189.jpg</book_image><book_image_width>128</book_image_width><book_image_height>191</book_image_height><amazon_product_url>http://www.amazon.com/Close-Home-Lisa-Jackson-ebook/dp/B00IGGXR3W?tag=NYTBS-20</amazon_product_url><age_group></age_group><book_review_link></book_review_link><first_chapter_link></first_chapter_link><sunday_review_link></sunday_review_link><article_chapter_link></article_chapter_link><isbns><isbn><isbn10>0758258593</isbn10><isbn13>9780758258595</isbn13></isbn><isbn><isbn10>1617735183</isbn10><isbn13>9781617735189</isbn13></isbn><isbn><isbn10>1420118552</isbn10><isbn13>9781420118551</isbn13></isbn></isbns><buy_links><buy_link><name>Local Booksellers</name><url>http://www.indiebound.org/book/9781617735189?aff=NYT</url></buy_link><buy_link><name>Barnes and Noble</name><url>http://www.anrdoezrs.net/click-7990613-11819508?url=http%3A%2F%2Fwww.barnesandnoble.com%2Fw%2F%3Fean%3D9781617735189</url></buy_link><buy_link><name>Amazon</name><url>http://www.amazon.com/Close-Home-Lisa-Jackson-ebook/dp/B00IGGXR3W?tag=NYTBS-20</url></buy_link></buy_links></book><book><rank>14</rank><rank_last_week>9</rank_last_week><weeks_on_list>3</weeks_on_list><asterisk>0</asterisk><dagger>0</dagger><primary_isbn10>0440335183</primary_isbn10><primary_isbn13>9780440335184</primary_isbn13><publisher>Dell</publisher><description>Volume 2 of the Outlander series, about an 18th-century Scottish warrior and a time-traveling World War II-era nurse; first published in 1992.</description><price>0</price><title>DRAGONFLY IN AMBER</title><author>Diana Gabaldon</author><contributor>by Diana Gabaldon</contributor><contributor_note></contributor_note><book_image>https://s1.nyt.com/du/books/images/9780440335184.jpg</book_image><book_image_width>314</book_image_width><book_image_height>475</book_image_height><amazon_product_url>http://www.amazon.com/Dragonfly-Amber-Outlander-Book-2-ebook/dp/B000FC2L28?tag=NYTBS-20</amazon_product_url><age_group></age_group><book_review_link></book_review_link><first_chapter_link></first_chapter_link><sunday_review_link></sunday_review_link><article_chapter_link></article_chapter_link><isbns><isbn><isbn10>0440215625</isbn10><isbn13>9780440215622</isbn13></isbn><isbn><isbn10>0440335183</isbn10><isbn13>9780440335184</isbn13></isbn><isbn><isbn10>0385335970</isbn10><isbn13>9780385335973</isbn13></isbn></isbns><buy_links><buy_link><name>Local Booksellers</name><url>http://www.indiebound.org/book/9780440335184?aff=NYT</url></buy_link><buy_link><name>Barnes and Noble</name><url>http://www.anrdoezrs.net/click-7990613-11819508?url=http%3A%2F%2Fwww.barnesandnoble.com%2Fw%2F%3Fean%3D9780440335184</url></buy_link><buy_link><name>Amazon</name><url>http://www.amazon.com/Dragonfly-Amber-Outlander-Book-2-ebook/dp/B000FC2L28?tag=NYTBS-20</url></buy_link></buy_links></book><book><rank>15</rank><rank_last_week>0</rank_last_week><weeks_on_list>1</weeks_on_list><asterisk>0</asterisk><dagger>0</dagger><primary_isbn10>None</primary_isbn10><primary_isbn13>9781460338445</primary_isbn13><publisher>Harlequin</publisher><description>An inheritance reunites a mixed martial arts fighter with the woman he’s never forgotten.</description><price>0</price><title>NO LIMITS</title><author>Lori Foster</author><contributor>by Lori Foster</contributor><contributor_note></contributor_note><book_image>https://s1.nyt.com/du/books/images/9781460338445.jpg</book_image><book_image_width>128</book_image_width><book_image_height>203</book_image_height><amazon_product_url>http://www.amazon.com/No-Limits-Hqn-Lori-Foster-ebook/dp/B00JIH8WZQ?tag=NYTBS-20</amazon_product_url><age_group></age_group><book_review_link></book_review_link><first_chapter_link></first_chapter_link><sunday_review_link></sunday_review_link><article_chapter_link></article_chapter_link><isbns><isbn><isbn10>0373779046</isbn10><isbn13>9780373779048</isbn13></isbn></isbns><buy_links><buy_link><name>Local Booksellers</name><url>http://www.indiebound.org/book/9781460338445?aff=NYT</url></buy_link><buy_link><name>Barnes and Noble</name><url>http://www.anrdoezrs.net/click-7990613-11819508?url=http%3A%2F%2Fwww.barnesandnoble.com%2Fw%2F%3Fean%3D9781460338445</url></buy_link><buy_link><name>Amazon</name><url>http://www.amazon.com/No-Limits-Hqn-Lori-Foster-ebook/dp/B00JIH8WZQ?tag=NYTBS-20</url></buy_link></buy_links></book><book><rank>16</rank><rank_last_week>0</rank_last_week><weeks_on_list>0</weeks_on_list><asterisk>0</asterisk><dagger>0</dagger><primary_isbn10>1455529516</primary_isbn10><primary_isbn13>9781455529513</primary_isbn13><publisher>Grand Central</publisher><description>Becca Thorpe escapes the city for the beach, but will a surfer and the ocean be enough to keep her there forever?</description><price>0</price><title>IT'S IN HIS KISS</title><author>Jill Shalvis</author><contributor>by Jill Shalvis</contributor><contributor_note></contributor_note><book_image>https://s1.nyt.com/du/books/images/9781455529513.jpg</book_image><book_image_width>128</book_image_width><book_image_height>206</book_image_height><amazon_product_url>http://www.amazon.com/Its-Kiss-Lucky-Harbor-Book-ebook/dp/B00H25FJ0C?tag=NYTBS-20</amazon_product_url><age_group></age_group><book_review_link></book_review_link><first_chapter_link></first_chapter_link><sunday_review_link></sunday_review_link><article_chapter_link></article_chapter_link><isbns><isbn><isbn10>1455529516</isbn10><isbn13>9781455529513</isbn13></isbn><isbn><isbn10>1455529524</isbn10><isbn13>9781455529520</isbn13></isbn></isbns><buy_links><buy_link><name>Local Booksellers</name><url>http://www.indiebound.org/book/9781455529513?aff=NYT</url></buy_link><buy_link><name>Barnes and Noble</name><url>http://www.anrdoezrs.net/click-7990613-11819508?url=http%3A%2F%2Fwww.barnesandnoble.com%2Fw%2F%3Fean%3D9781455529513</url></buy_link><buy_link><name>Amazon</name><url>http://www.amazon.com/Its-Kiss-Lucky-Harbor-Book-ebook/dp/B00H25FJ0C?tag=NYTBS-20</url></buy_link></buy_links></book><book><rank>17</rank><rank_last_week>0</rank_last_week><weeks_on_list>0</weeks_on_list><asterisk>0</asterisk><dagger>0</dagger><primary_isbn10>0062106112</primary_isbn10><primary_isbn13>9780062106117</primary_isbn13><publisher>Morrow</publisher><description>An actress who stages puppet shows arrives on an island off the wintry coast of Maine and encounters a man who once betrayed her. </description><price>0</price><title>HEROES ARE MY WEAKNESS</title><author>Susan Elizabeth Phillips</author><contributor>by Susan Elizabeth Phillips</contributor><contributor_note></contributor_note><book_image>https://s1.nyt.com/du/books/images/9780062106070.jpg</book_image><book_image_width>128</book_image_width><book_image_height>193</book_image_height><amazon_product_url>http://www.amazon.com/Heroes-Are-My-Weakness-Novel-ebook/dp/B00H7LT5II?tag=NYTBS-20</amazon_product_url><age_group></age_group><book_review_link></book_review_link><first_chapter_link></first_chapter_link><sunday_review_link></sunday_review_link><article_chapter_link></article_chapter_link><isbns><isbn><isbn10>0062106074</isbn10><isbn13>9780062106070</isbn13></isbn><isbn><isbn10>0062106112</isbn10><isbn13>9780062106117</isbn13></isbn></isbns><buy_links><buy_link><name>Local Booksellers</name><url>http://www.indiebound.org/book/9780062106117?aff=NYT</url></buy_link><buy_link><name>Barnes and Noble</name><url>http://www.anrdoezrs.net/click-7990613-11819508?url=http%3A%2F%2Fwww.barnesandnoble.com%2Fw%2F%3Fean%3D9780062106117</url></buy_link><buy_link><name>Amazon</name><url>http://www.amazon.com/Heroes-Are-My-Weakness-Novel-ebook/dp/B00H7LT5II?tag=NYTBS-20</url></buy_link></buy_links></book><book><rank>18</rank><rank_last_week>0</rank_last_week><weeks_on_list>0</weeks_on_list><asterisk>0</asterisk><dagger>0</dagger><primary_isbn10>None</primary_isbn10><primary_isbn13>9781926440033</primary_isbn13><publisher>Deborah Bladon</publisher><description>Alexa Jackson has fallen for a famous photographer, but his past presents challenges for both of them.</description><price>0</price><title>VAIN - PART THREE</title><author>Deborah Bladon</author><contributor>by Deborah Bladon</contributor><contributor_note></contributor_note><book_image>https://s1.nyt.com/du/books/images/9781926440033.jpg</book_image><book_image_width>330</book_image_width><book_image_height>495</book_image_height><amazon_product_url>http://www.amazon.com/VAIN-Part-Three-Series-Book-ebook/dp/B00N27UEPE?tag=NYTBS-20</amazon_product_url><age_group></age_group><book_review_link></book_review_link><first_chapter_link></first_chapter_link><sunday_review_link></sunday_review_link><article_chapter_link></article_chapter_link><isbns/><buy_links><buy_link><name>Local Booksellers</name><url>http://www.indiebound.org/book/9781926440033?aff=NYT</url></buy_link><buy_link><name>Barnes and Noble</name><url>http://www.anrdoezrs.net/click-7990613-11819508?url=http%3A%2F%2Fwww.barnesandnoble.com%2Fw%2F%3Fean%3D9781926440033</url></buy_link><buy_link><name>Amazon</name><url>http://www.amazon.com/VAIN-Part-Three-Series-Book-ebook/dp/B00N27UEPE?tag=NYTBS-20</url></buy_link></buy_links></book><book><rank>19</rank><rank_last_week>0</rank_last_week><weeks_on_list>0</weeks_on_list><asterisk>0</asterisk><dagger>0</dagger><primary_isbn10>0804178836</primary_isbn10><primary_isbn13>9780804178839</primary_isbn13><publisher>Delacorte</publisher><description>In this e-book short story, Jack Reacher is on a summer hike when the trail is suddenly closed and the military police show up.</description><price>0</price><title>NOT A DRILL</title><author>Lee Child</author><contributor>by Lee Child</contributor><contributor_note></contributor_note><book_image>https://s1.nyt.com/du/books/images/9780804178839.jpg</book_image><book_image_width>330</book_image_width><book_image_height>439</book_image_height><amazon_product_url>http://www.amazon.com/Not-Drill-Reacher-Kindle-Single-ebook/dp/B00L0F018U?tag=NYTBS-20</amazon_product_url><age_group></age_group><book_review_link></book_review_link><first_chapter_link></first_chapter_link><sunday_review_link></sunday_review_link><article_chapter_link></article_chapter_link><isbns><isbn><isbn10>0804178836</isbn10><isbn13>9780804178839</isbn13></isbn></isbns><buy_links><buy_link><name>Local Booksellers</name><url>http://www.indiebound.org/book/9780804178839?aff=NYT</url></buy_link><buy_link><name>Barnes and Noble</name><url>http://www.anrdoezrs.net/click-7990613-11819508?url=http%3A%2F%2Fwww.barnesandnoble.com%2Fw%2F%3Fean%3D9780804178839</url></buy_link><buy_link><name>Amazon</name><url>http://www.amazon.com/Not-Drill-Reacher-Kindle-Single-ebook/dp/B00L0F018U?tag=NYTBS-20</url></buy_link></buy_links></book><book><rank>20</rank><rank_last_week>0</rank_last_week><weeks_on_list>0</weeks_on_list><asterisk>0</asterisk><dagger>0</dagger><primary_isbn10></primary_isbn10><primary_isbn13>9781476746609</primary_isbn13><publisher>Scribner</publisher><description>The lives of a blind French girl and a gadget-obsessed German boy before and during World War II.</description><price>0</price><title>ALL THE LIGHT WE CANNOT SEE</title><author>Anthony Doerr</author><contributor>by Anthony Doerr</contributor><contributor_note></contributor_note><book_image>https://s1.nyt.com/du/books/images/9781476746586.jpg</book_image><book_image_width>128</book_image_width><book_image_height>192</book_image_height><amazon_product_url>http://www.amazon.com/All-Light-We-Cannot-See/dp/1476746583?tag=NYTBS-20</amazon_product_url><age_group></age_group><book_review_link></book_review_link><first_chapter_link></first_chapter_link><sunday_review_link>https://www.nytimes.com/2014/05/11/books/review/all-the-light-we-cannot-see-by-anthony-doerr.html</sunday_review_link><article_chapter_link></article_chapter_link><isbns><isbn><isbn10>1476746583</isbn10><isbn13>9781476746586</isbn13></isbn><isbn><isbn10>1410470229</isbn10><isbn13>9781410470225</isbn13></isbn><isbn><isbn10>1476746591</isbn10><isbn13>9781476746593</isbn13></isbn><isbn><isbn10>1501122835</isbn10><isbn13>9781501122835</isbn13></isbn><isbn><isbn10>0007548699</isbn10><isbn13>9780007548699</isbn13></isbn><isbn><isbn10>1501173219</isbn10><isbn13>9781501173219</isbn13></isbn></isbns><buy_links><buy_link><name>Local Booksellers</name><url>http://www.indiebound.org/book/9781476746609?aff=NYT</url></buy_link><buy_link><name>Barnes and Noble</name><url>http://www.anrdoezrs.net/click-7990613-11819508?url=http%3A%2F%2Fwww.barnesandnoble.com%2Fw%2F%3Fean%3D9781476746609</url></buy_link><buy_link><name>Amazon</name><url>http://www.amazon.com/All-Light-We-Cannot-See/dp/1476746583?tag=NYTBS-20</url></buy_link></buy_links></book></books><corrections/></results></result_set>
