<?xml version="1.0" encoding="UTF-8"?>
<result_set><status>OK</status><copyright>Copyright (c) 2018 The New York Times Company.  All Rights Reserved.</copyright><num_results>35</num_results><last_modified>2016-04-28T15:03:27-04:00</last_modified><results><list_name>Combined Print and E-Book Fiction</list_name><list_name_encoded>combined-print-and-e-book-fiction</list_name_encoded><bestsellers_date>2012-08-11</bestsellers_date><published_date>2012-08-26</published_date><published_date_description></published_date_description><next_published_date>2012-09-02</next_published_date><previous_published_date>2012-08-19</previous_published_date><display_name><![CDATA[Combined Print & E-Book Fiction]]></display_name><normal_list_ends_at>15</normal_list_ends_at><updated>WEEKLY</updated><books><book><rank>1</rank><rank_last_week>1</rank_last_week><weeks_on_list>24</weeks_on_list><asterisk>0</asterisk><dagger>0</dagger><primary_isbn10>0345803485</primary_isbn10><primary_isbn13>9780345803481</primary_isbn13><publisher>Knopf Doubleday Publishing</publisher><description>An inexperienced college student falls in love with a tortured man who has particular sexual tastes; the first book in a trilogy.</description><price>0</price><title>FIFTY SHADES OF GREY</title><author>E L James</author><contributor>by E. L. James</contributor><contributor_note></contributor_note><book_image>https://s1.nyt.com/du/books/images/9780345803481.jpg</book_image><book_image_width>125</book_image_width><book_image_height>193</book_image_height><amazon_product_url>http://www.amazon.com/Fifty-Shades-Grey-Book-Trilogy/dp/0345803485?tag=NYTBS-20</amazon_product_url><age_group></age_group><book_review_link></book_review_link><first_chapter_link></first_chapter_link><sunday_review_link></sunday_review_link><article_chapter_link></article_chapter_link><isbns><isbn><isbn10>1612130283</isbn10><isbn13>9781612130286</isbn13></isbn><isbn><isbn10>0345803485</isbn10><isbn13>9780345803481</isbn13></isbn><isbn><isbn10>0099579936</isbn10><isbn13>9780099579939</isbn13></isbn><isbn><isbn10>0385363125</isbn10><isbn13>9780385363129</isbn13></isbn><isbn><isbn10>0385537670</isbn10><isbn13>9780385537674</isbn13></isbn><isbn><isbn10>0345806751</isbn10><isbn13>9780345806758</isbn13></isbn><isbn><isbn10>0804172072</isbn10><isbn13>9780804172073</isbn13></isbn><isbn><isbn10>0345805151</isbn10><isbn13>9780345805157</isbn13></isbn></isbns><buy_links><buy_link><name>Local Booksellers</name><url>http://www.indiebound.org/book/9780345803481?aff=NYT</url></buy_link><buy_link><name>Barnes and Noble</name><url>http://www.anrdoezrs.net/click-7990613-11819508?url=http%3A%2F%2Fwww.barnesandnoble.com%2Fw%2F%3Fean%3D9780345803481</url></buy_link><buy_link><name>Amazon</name><url>http://www.amazon.com/Fifty-Shades-Grey-Book-Trilogy/dp/0345803485?tag=NYTBS-20</url></buy_link></buy_links></book><book><rank>2</rank><rank_last_week>2</rank_last_week><weeks_on_list>24</weeks_on_list><asterisk>0</asterisk><dagger>0</dagger><primary_isbn10>1612130593</primary_isbn10><primary_isbn13>9781612130590</primary_isbn13><publisher>Knopf Doubleday Publishing</publisher><description>Ana Steele learns more about Christian Grey’s troubled past; the second book in a trilogy.</description><price>0</price><title>FIFTY SHADES DARKER</title><author>E L James</author><contributor>by E. L. James</contributor><contributor_note></contributor_note><book_image>https://s1.nyt.com/du/books/images/9780345803498.jpg</book_image><book_image_width>328</book_image_width><book_image_height>495</book_image_height><amazon_product_url>http://www.amazon.com/Fifty-Shades-Darker-E-James/dp/0345803493?tag=NYTBS-20</amazon_product_url><age_group></age_group><book_review_link></book_review_link><first_chapter_link></first_chapter_link><sunday_review_link></sunday_review_link><article_chapter_link></article_chapter_link><isbns><isbn><isbn10>1612130593</isbn10><isbn13>9781612130590</isbn13></isbn><isbn><isbn10>1612130585</isbn10><isbn13>9781612130583</isbn13></isbn><isbn><isbn10>0345803493</isbn10><isbn13>9780345803498</isbn13></isbn><isbn><isbn10>1448149460</isbn10><isbn13>9781448149469</isbn13></isbn><isbn><isbn10>0385363133</isbn10><isbn13>9780385363136</isbn13></isbn><isbn><isbn10>0099579928</isbn10><isbn13>9780099579922</isbn13></isbn><isbn><isbn10>0385537689</isbn10><isbn13>9780385537681</isbn13></isbn><isbn><isbn10>0606264485</isbn10><isbn13>9780606264488</isbn13></isbn><isbn><isbn10>0525431888</isbn10><isbn13>9780525431886</isbn13></isbn><isbn><isbn10>0525434860</isbn10><isbn13>9780525434863</isbn13></isbn></isbns><buy_links><buy_link><name>Local Booksellers</name><url>http://www.indiebound.org/book/9781612130590?aff=NYT</url></buy_link><buy_link><name>Barnes and Noble</name><url>http://www.anrdoezrs.net/click-7990613-11819508?url=http%3A%2F%2Fwww.barnesandnoble.com%2Fw%2F%3Fean%3D9781612130590</url></buy_link><buy_link><name>Amazon</name><url>http://www.amazon.com/Fifty-Shades-Darker-E-James/dp/0345803493?tag=NYTBS-20</url></buy_link></buy_links></book><book><rank>3</rank><rank_last_week>3</rank_last_week><weeks_on_list>23</weeks_on_list><asterisk>0</asterisk><dagger>0</dagger><primary_isbn10>1612130615</primary_isbn10><primary_isbn13>9781612130613</primary_isbn13><publisher>Knopf Doubleday Publishing</publisher><description>The final book in an erotic trilogy.</description><price>0</price><title>FIFTY SHADES FREED</title><author>E L James</author><contributor>by E. L. James</contributor><contributor_note></contributor_note><book_image>https://s1.nyt.com/du/books/images/9781612130606.jpg</book_image><book_image_width>330</book_image_width><book_image_height>495</book_image_height><amazon_product_url>http://www.amazon.com/Fifty-Shades-Freed-Three-Trilogy/dp/0345803507?tag=NYTBS-20</amazon_product_url><age_group></age_group><book_review_link></book_review_link><first_chapter_link></first_chapter_link><sunday_review_link></sunday_review_link><article_chapter_link></article_chapter_link><isbns><isbn><isbn10>1612130615</isbn10><isbn13>9781612130613</isbn13></isbn><isbn><isbn10>1612130607</isbn10><isbn13>9781612130606</isbn13></isbn><isbn><isbn10>0345803507</isbn10><isbn13>9780345803504</isbn13></isbn><isbn><isbn10>0385537697</isbn10><isbn13>9780385537698</isbn13></isbn></isbns><buy_links><buy_link><name>Local Booksellers</name><url>http://www.indiebound.org/book/9781612130613?aff=NYT</url></buy_link><buy_link><name>Barnes and Noble</name><url>http://www.anrdoezrs.net/click-7990613-11819508?url=http%3A%2F%2Fwww.barnesandnoble.com%2Fw%2F%3Fean%3D9781612130613</url></buy_link><buy_link><name>Amazon</name><url>http://www.amazon.com/Fifty-Shades-Freed-Three-Trilogy/dp/0345803507?tag=NYTBS-20</url></buy_link></buy_links></book><book><rank>4</rank><rank_last_week>4</rank_last_week><weeks_on_list>10</weeks_on_list><asterisk>0</asterisk><dagger>0</dagger><primary_isbn10>0307588386</primary_isbn10><primary_isbn13>9780307588388</primary_isbn13><publisher>Crown Publishing</publisher><description>A woman disappears on the day of her fifth anniversary; is her husband a killer?</description><price>0</price><title>GONE GIRL</title><author>Gillian Flynn</author><contributor>by Gillian Flynn</contributor><contributor_note></contributor_note><book_image>https://s1.nyt.com/du/books/images/9780307588388.jpg</book_image><book_image_width>136</book_image_width><book_image_height>200</book_image_height><amazon_product_url>http://www.amazon.com/Gone-Girl-Novel-Gillian-Flynn-ebook/dp/B006LSZECO?tag=NYTBS-20</amazon_product_url><age_group></age_group><book_review_link>https://www.nytimes.com/2012/05/30/books/gone-girl-by-gillian-flynn.html</book_review_link><first_chapter_link></first_chapter_link><sunday_review_link>https://www.nytimes.com/2012/06/17/books/review/gillian-flynns-gone-girl-and-more.html</sunday_review_link><article_chapter_link></article_chapter_link><isbns><isbn><isbn10>030758836X</isbn10><isbn13>9780307588364</isbn13></isbn><isbn><isbn10>0307588386</isbn10><isbn13>9780307588388</isbn13></isbn><isbn><isbn10>1410450953</isbn10><isbn13>9781410450951</isbn13></isbn><isbn><isbn10>0297859382</isbn10><isbn13>9780297859383</isbn13></isbn><isbn><isbn10>0307588378</isbn10><isbn13>9780307588371</isbn13></isbn><isbn><isbn10>0297859390</isbn10><isbn13>9780297859390</isbn13></isbn><isbn><isbn10>159413605X</isbn10><isbn13>9781594136054</isbn13></isbn><isbn><isbn10>055341836X</isbn10><isbn13>9780553418361</isbn13></isbn><isbn><isbn10>0553418351</isbn10><isbn13>9780553418354</isbn13></isbn><isbn><isbn10>0606270175</isbn10><isbn13>9780606270175</isbn13></isbn></isbns><buy_links><buy_link><name>Local Booksellers</name><url>http://www.indiebound.org/book/9780307588388?aff=NYT</url></buy_link><buy_link><name>Barnes and Noble</name><url>http://www.anrdoezrs.net/click-7990613-11819508?url=http%3A%2F%2Fwww.barnesandnoble.com%2Fw%2F%3Fean%3D9780307588388</url></buy_link><buy_link><name>Amazon</name><url>http://www.amazon.com/Gone-Girl-Novel-Gillian-Flynn-ebook/dp/B006LSZECO?tag=NYTBS-20</url></buy_link></buy_links></book><book><rank>5</rank><rank_last_week>6</rank_last_week><weeks_on_list>10</weeks_on_list><asterisk>0</asterisk><dagger>0</dagger><primary_isbn10>None</primary_isbn10><primary_isbn13>9781101604786</primary_isbn13><publisher>Penguin Group</publisher><description>Two troubled people develop an intense, obsessive relationship.</description><price>0</price><title>BARED TO YOU</title><author>Sylvia Day</author><contributor>by Sylvia Day</contributor><contributor_note></contributor_note><book_image>https://s1.nyt.com/du/books/images/9780425263907.jpg</book_image><book_image_width>308</book_image_width><book_image_height>475</book_image_height><amazon_product_url>http://www.amazon.com/Bared-You-A-Crossfire-Novel-ebook/dp/B00846REIS?tag=NYTBS-20</amazon_product_url><age_group></age_group><book_review_link></book_review_link><first_chapter_link></first_chapter_link><sunday_review_link></sunday_review_link><article_chapter_link></article_chapter_link><isbns><isbn><isbn10>0982857195</isbn10><isbn13>9780982857199</isbn13></isbn><isbn><isbn10>0985114606</isbn10><isbn13>9780985114602</isbn13></isbn><isbn><isbn10>0425263908</isbn10><isbn13>9780425263907</isbn13></isbn></isbns><buy_links><buy_link><name>Local Booksellers</name><url>http://www.indiebound.org/book/9781101604786?aff=NYT</url></buy_link><buy_link><name>Barnes and Noble</name><url>http://www.anrdoezrs.net/click-7990613-11819508?url=http%3A%2F%2Fwww.barnesandnoble.com%2Fw%2F%3Fean%3D9781101604786</url></buy_link><buy_link><name>Amazon</name><url>http://www.amazon.com/Bared-You-A-Crossfire-Novel-ebook/dp/B00846REIS?tag=NYTBS-20</url></buy_link></buy_links></book><book><rank>6</rank><rank_last_week>0</rank_last_week><weeks_on_list>1</weeks_on_list><asterisk>0</asterisk><dagger>0</dagger><primary_isbn10></primary_isbn10><primary_isbn13>9781101590898</primary_isbn13><publisher>Penguin Group</publisher><description>An I.R.S. officer and an F.B.I. agent fight corruption, and a mutual attraction, while investigating a Ponzi scheme.</description><price>0</price><title>SWEET TALK</title><author>Julie Garwood</author><contributor>by Julie Garwood</contributor><contributor_note></contributor_note><book_image>https://s1.nyt.com/du/books/images/9780525952862.jpg</book_image><book_image_width>328</book_image_width><book_image_height>495</book_image_height><amazon_product_url>http://www.amazon.com/Sweet-Talk-Buchanan-Renard-Book-10/dp/045141523X?tag=NYTBS-20</amazon_product_url><age_group></age_group><book_review_link></book_review_link><first_chapter_link></first_chapter_link><sunday_review_link></sunday_review_link><article_chapter_link></article_chapter_link><isbns><isbn><isbn10>0525952861</isbn10><isbn13>9780525952862</isbn13></isbn><isbn><isbn10>045141523X</isbn10><isbn13>9780451415233</isbn13></isbn></isbns><buy_links><buy_link><name>Local Booksellers</name><url>http://www.indiebound.org/book/9781101590898?aff=NYT</url></buy_link><buy_link><name>Barnes and Noble</name><url>http://www.anrdoezrs.net/click-7990613-11819508?url=http%3A%2F%2Fwww.barnesandnoble.com%2Fw%2F%3Fean%3D9781101590898</url></buy_link><buy_link><name>Amazon</name><url>http://www.amazon.com/Sweet-Talk-Buchanan-Renard-Book-10/dp/045141523X?tag=NYTBS-20</url></buy_link></buy_links></book><book><rank>7</rank><rank_last_week>7</rank_last_week><weeks_on_list>3</weeks_on_list><asterisk>0</asterisk><dagger>0</dagger><primary_isbn10>1429957867</primary_isbn10><primary_isbn13>9781429957861</primary_isbn13><publisher>St. Martin's Press</publisher><description>A woman’s successful life is disrupted by the appearance of an 18-year-old girl with a link to her past.</description><price>0</price><title>WHERE WE BELONG</title><author>Emily Giffin</author><contributor>by Emily Giffin</contributor><contributor_note></contributor_note><book_image>https://s1.nyt.com/du/books/images/9781429957861.jpg</book_image><book_image_width>128</book_image_width><book_image_height>192</book_image_height><amazon_product_url>http://www.amazon.com/Where-We-Belong-Emily-Giffin-ebook/dp/B0071NMK66?tag=NYTBS-20</amazon_product_url><age_group></age_group><book_review_link></book_review_link><first_chapter_link></first_chapter_link><sunday_review_link></sunday_review_link><article_chapter_link></article_chapter_link><isbns><isbn><isbn10>0312554192</isbn10><isbn13>9780312554194</isbn13></isbn><isbn><isbn10>1429957867</isbn10><isbn13>9781429957861</isbn13></isbn><isbn><isbn10>0312554184</isbn10><isbn13>9780312554187</isbn13></isbn></isbns><buy_links><buy_link><name>Local Booksellers</name><url>http://www.indiebound.org/book/9781429957861?aff=NYT</url></buy_link><buy_link><name>Barnes and Noble</name><url>http://www.anrdoezrs.net/click-7990613-11819508?url=http%3A%2F%2Fwww.barnesandnoble.com%2Fw%2F%3Fean%3D9781429957861</url></buy_link><buy_link><name>Amazon</name><url>http://www.amazon.com/Where-We-Belong-Emily-Giffin-ebook/dp/B0071NMK66?tag=NYTBS-20</url></buy_link></buy_links></book><book><rank>8</rank><rank_last_week>0</rank_last_week><weeks_on_list>1</weeks_on_list><asterisk>0</asterisk><dagger>0</dagger><primary_isbn10>None</primary_isbn10><primary_isbn13>9781101561232</primary_isbn13><publisher>Penguin Group</publisher><description>Stygian’s mission is to find Honor Roberts, a missing Breed, no matter the cost.</description><price>0</price><title>STYGIAN'S HONOR</title><author>Lora Leigh</author><contributor>by Lora Leigh</contributor><contributor_note></contributor_note><book_image>https://s1.nyt.com/du/books/images/9780425246078.jpg</book_image><book_image_width>307</book_image_width><book_image_height>495</book_image_height><amazon_product_url>http://www.amazon.com/Stygians-Honor-Breeds-Lora-Leigh/dp/0425246078?tag=NYTBS-20</amazon_product_url><age_group></age_group><book_review_link></book_review_link><first_chapter_link></first_chapter_link><sunday_review_link></sunday_review_link><article_chapter_link></article_chapter_link><isbns><isbn><isbn10>0425246078</isbn10><isbn13>9780425246078</isbn13></isbn></isbns><buy_links><buy_link><name>Local Booksellers</name><url>http://www.indiebound.org/book/9781101561232?aff=NYT</url></buy_link><buy_link><name>Barnes and Noble</name><url>http://www.anrdoezrs.net/click-7990613-11819508?url=http%3A%2F%2Fwww.barnesandnoble.com%2Fw%2F%3Fean%3D9781101561232</url></buy_link><buy_link><name>Amazon</name><url>http://www.amazon.com/Stygians-Honor-Breeds-Lora-Leigh/dp/0425246078?tag=NYTBS-20</url></buy_link></buy_links></book><book><rank>9</rank><rank_last_week>0</rank_last_week><weeks_on_list>1</weeks_on_list><asterisk>0</asterisk><dagger>0</dagger><primary_isbn10>None</primary_isbn10><primary_isbn13>9781466801981</primary_isbn13><publisher>St. Martin's Press</publisher><description>Kateri Avani must face a Keetoowah warrior, and Ren Waya must come back from the dead to prevent the world from ending in this Dark-Hunter novel.</description><price>0</price><title>TIME UNTIME</title><author>Sherrilyn Kenyon</author><contributor>by Sherrilyn Kenyon</contributor><contributor_note></contributor_note><book_image>https://s1.nyt.com/du/books/images/9780312550004.jpg</book_image><book_image_width>128</book_image_width><book_image_height>194</book_image_height><amazon_product_url>http://www.amazon.com/Time-Untime-Dark-Hunter-Sherrilyn-Kenyon/dp/0312550006?tag=NYTBS-20</amazon_product_url><age_group></age_group><book_review_link></book_review_link><first_chapter_link></first_chapter_link><sunday_review_link></sunday_review_link><article_chapter_link></article_chapter_link><isbns><isbn><isbn10>0312546610</isbn10><isbn13>9780312546618</isbn13></isbn><isbn><isbn10>0312550006</isbn10><isbn13>9780312550004</isbn13></isbn></isbns><buy_links><buy_link><name>Local Booksellers</name><url>http://www.indiebound.org/book/9781466801981?aff=NYT</url></buy_link><buy_link><name>Barnes and Noble</name><url>http://www.anrdoezrs.net/click-7990613-11819508?url=http%3A%2F%2Fwww.barnesandnoble.com%2Fw%2F%3Fean%3D9781466801981</url></buy_link><buy_link><name>Amazon</name><url>http://www.amazon.com/Time-Untime-Dark-Hunter-Sherrilyn-Kenyon/dp/0312550006?tag=NYTBS-20</url></buy_link></buy_links></book><book><rank>10</rank><rank_last_week>11</rank_last_week><weeks_on_list>5</weeks_on_list><asterisk>0</asterisk><dagger>0</dagger><primary_isbn10>None</primary_isbn10><primary_isbn13>A00B006RUJST6</primary_isbn13><publisher>Colleen Hoover</publisher><description>A girl falls in love with a neighbor who enjoys slam poetry, but they encounter obstacles.</description><price>0</price><title>SLAMMED</title><author>Colleen Hoover</author><contributor>by Colleen Hoover</contributor><contributor_note></contributor_note><book_image></book_image><book_image_width></book_image_width><book_image_height></book_image_height><amazon_product_url></amazon_product_url><age_group></age_group><book_review_link></book_review_link><first_chapter_link></first_chapter_link><sunday_review_link></sunday_review_link><article_chapter_link></article_chapter_link><isbns/><buy_links><buy_link><name>Local Booksellers</name><url><![CDATA[http://www.indiebound.org/search/book?searchfor=SLAMMED+Colleen+Hoover&aff=NYT]]></url></buy_link><buy_link><name>Barnes and Noble</name><url>http://www.anrdoezrs.net/click-7990613-11819508?url=http%3A%2F%2Fwww.barnesandnoble.com%2Fs%2FSLAMMED+Colleen+Hoover</url></buy_link><buy_link><name>Amazon</name><url><![CDATA[https://www.amazon.com/gp/search?index=books&tag=NYTBS-20&field-keywords=SLAMMED+Colleen+Hoover]]></url></buy_link></buy_links></book><book><rank>11</rank><rank_last_week>12</rank_last_week><weeks_on_list>3</weeks_on_list><asterisk>0</asterisk><dagger>0</dagger><primary_isbn10>1439193061</primary_isbn10><primary_isbn13>9781439193068</primary_isbn13><publisher><![CDATA[Simon & Schuster]]></publisher><description>If the counterterrorism operative Scot Harvath can discover who has targeted him for death, he can prevent a terrorist attack.</description><price>0</price><title>BLACK LIST</title><author>Brad Thor</author><contributor>by Brad Thor</contributor><contributor_note></contributor_note><book_image>https://s1.nyt.com/du/books/images/9781439193020.jpg</book_image><book_image_width>272</book_image_width><book_image_height>495</book_image_height><amazon_product_url>http://www.amazon.com/Black-List-Thriller-Brad-Thor-ebook/dp/B004T4KX0U?tag=NYTBS-20</amazon_product_url><age_group></age_group><book_review_link></book_review_link><first_chapter_link></first_chapter_link><sunday_review_link></sunday_review_link><article_chapter_link></article_chapter_link><isbns><isbn><isbn10>1439192987</isbn10><isbn13>9781439192986</isbn13></isbn><isbn><isbn10>1439193061</isbn10><isbn13>9781439193068</isbn13></isbn><isbn><isbn10>1439193029</isbn10><isbn13>9781439193020</isbn13></isbn></isbns><buy_links><buy_link><name>Local Booksellers</name><url>http://www.indiebound.org/book/9781439193068?aff=NYT</url></buy_link><buy_link><name>Barnes and Noble</name><url>http://www.anrdoezrs.net/click-7990613-11819508?url=http%3A%2F%2Fwww.barnesandnoble.com%2Fw%2F%3Fean%3D9781439193068</url></buy_link><buy_link><name>Amazon</name><url>http://www.amazon.com/Black-List-Thriller-Brad-Thor-ebook/dp/B004T4KX0U?tag=NYTBS-20</url></buy_link></buy_links></book><book><rank>12</rank><rank_last_week>13</rank_last_week><weeks_on_list>2</weeks_on_list><asterisk>0</asterisk><dagger>0</dagger><primary_isbn10>1451681763</primary_isbn10><primary_isbn13>9781451681765</primary_isbn13><publisher>Scribner</publisher><description>An Australian lighthouse keeper and his wife decide to keep a baby who has washed ashore.</description><price>0</price><title>THE LIGHT BETWEEN OCEANS</title><author>M L Stedman</author><contributor>by M. L. Stedman</contributor><contributor_note></contributor_note><book_image>https://s1.nyt.com/du/books/images/9781451681758.jpg</book_image><book_image_width>330</book_image_width><book_image_height>495</book_image_height><amazon_product_url>http://www.amazon.com/The-Light-Between-Oceans-Novel-ebook/dp/B0064CL1T2?tag=NYTBS-20</amazon_product_url><age_group></age_group><book_review_link></book_review_link><first_chapter_link></first_chapter_link><sunday_review_link></sunday_review_link><article_chapter_link></article_chapter_link><isbns><isbn><isbn10>1451681739</isbn10><isbn13>9781451681734</isbn13></isbn><isbn><isbn10>1451681763</isbn10><isbn13>9781451681765</isbn13></isbn><isbn><isbn10>1451681755</isbn10><isbn13>9781451681758</isbn13></isbn><isbn><isbn10>1594136327</isbn10><isbn13>9781594136320</isbn13></isbn><isbn><isbn10>1501106481</isbn10><isbn13>9781501106484</isbn13></isbn><isbn><isbn10>1501127977</isbn10><isbn13>9781501127977</isbn13></isbn></isbns><buy_links><buy_link><name>Local Booksellers</name><url>http://www.indiebound.org/book/9781451681765?aff=NYT</url></buy_link><buy_link><name>Barnes and Noble</name><url>http://www.anrdoezrs.net/click-7990613-11819508?url=http%3A%2F%2Fwww.barnesandnoble.com%2Fw%2F%3Fean%3D9781451681765</url></buy_link><buy_link><name>Amazon</name><url>http://www.amazon.com/The-Light-Between-Oceans-Novel-ebook/dp/B0064CL1T2?tag=NYTBS-20</url></buy_link></buy_links></book><book><rank>13</rank><rank_last_week>0</rank_last_week><weeks_on_list>1</weeks_on_list><asterisk>0</asterisk><dagger>0</dagger><primary_isbn10>1250014271</primary_isbn10><primary_isbn13>9781250014276</primary_isbn13><publisher>St. Martin's Press</publisher><description>Zoe, an innkeeper in the town of Friday Harbor, has been so hurt in the past that she dare not trust her heart with anyone — especially not the bitter Alex Nolan, who drinks to keep his own demons at bay.</description><price>0</price><title>DREAM LAKE</title><author>Lisa Kleypas</author><contributor>by Lisa Kleypas</contributor><contributor_note></contributor_note><book_image>https://s1.nyt.com/du/books/images/9781250014276.jpg</book_image><book_image_width>330</book_image_width><book_image_height>495</book_image_height><amazon_product_url>http://www.amazon.com/Dream-Lake-Friday-Harbor-Kleypas/dp/1250008298?tag=NYTBS-20</amazon_product_url><age_group></age_group><book_review_link></book_review_link><first_chapter_link></first_chapter_link><sunday_review_link></sunday_review_link><article_chapter_link></article_chapter_link><isbns><isbn><isbn10>1250008298</isbn10><isbn13>9781250008299</isbn13></isbn><isbn><isbn10>1250014271</isbn10><isbn13>9781250014276</isbn13></isbn><isbn><isbn10>0748119949</isbn10><isbn13>9780748119943</isbn13></isbn><isbn><isbn10>0312605919</isbn10><isbn13>9780312605919</isbn13></isbn></isbns><buy_links><buy_link><name>Local Booksellers</name><url>http://www.indiebound.org/book/9781250014276?aff=NYT</url></buy_link><buy_link><name>Barnes and Noble</name><url>http://www.anrdoezrs.net/click-7990613-11819508?url=http%3A%2F%2Fwww.barnesandnoble.com%2Fw%2F%3Fean%3D9781250014276</url></buy_link><buy_link><name>Amazon</name><url>http://www.amazon.com/Dream-Lake-Friday-Harbor-Kleypas/dp/1250008298?tag=NYTBS-20</url></buy_link></buy_links></book><book><rank>14</rank><rank_last_week>0</rank_last_week><weeks_on_list>1</weeks_on_list><asterisk>0</asterisk><dagger>0</dagger><primary_isbn10>0758279590</primary_isbn10><primary_isbn13>9780758279590</primary_isbn13><publisher>Kensington Publishing</publisher><description>A woman whose toddler went missing two years ago suspects that he’s still alive.</description><price>0</price><title>YOU DON’T WANT TO KNOW</title><author>Lisa Jackson</author><contributor>by Lisa Jackson</contributor><contributor_note></contributor_note><book_image>https://s1.nyt.com/du/books/images/9781420118537.jpg</book_image><book_image_width>302</book_image_width><book_image_height>495</book_image_height><amazon_product_url>http://www.amazon.com/Dont-Want-Know-Zebra-Books/dp/1420118536?tag=NYTBS-20</amazon_product_url><age_group></age_group><book_review_link></book_review_link><first_chapter_link></first_chapter_link><sunday_review_link></sunday_review_link><article_chapter_link></article_chapter_link><isbns><isbn><isbn10>0758258577</isbn10><isbn13>9780758258571</isbn13></isbn><isbn><isbn10>0758279590</isbn10><isbn13>9780758279590</isbn13></isbn><isbn><isbn10>1420118536</isbn10><isbn13>9781420118537</isbn13></isbn></isbns><buy_links><buy_link><name>Local Booksellers</name><url>http://www.indiebound.org/book/9780758279590?aff=NYT</url></buy_link><buy_link><name>Barnes and Noble</name><url>http://www.anrdoezrs.net/click-7990613-11819508?url=http%3A%2F%2Fwww.barnesandnoble.com%2Fw%2F%3Fean%3D9780758279590</url></buy_link><buy_link><name>Amazon</name><url>http://www.amazon.com/Dont-Want-Know-Zebra-Books/dp/1420118536?tag=NYTBS-20</url></buy_link></buy_links></book><book><rank>15</rank><rank_last_week>15</rank_last_week><weeks_on_list>5</weeks_on_list><asterisk>0</asterisk><dagger>0</dagger><primary_isbn10>0316097470</primary_isbn10><primary_isbn13>9780316097475</primary_isbn13><publisher><![CDATA[Little, Brown & Company]]></publisher><description>A New York detective takes refuge with his 10 children in an upstate cabin.</description><price>0</price><title>I, MICHAEL BENNETT</title><author>James Patterson and Michael Ledwidge</author><contributor>by James Patterson and Michael Ledwidge</contributor><contributor_note></contributor_note><book_image>https://s1.nyt.com/du/books/images/9780446571807.jpg</book_image><book_image_width>320</book_image_width><book_image_height>495</book_image_height><amazon_product_url>http://www.amazon.com/I-Michael-Bennett-James-Patterson/dp/0446571814?tag=NYTBS-20</amazon_product_url><age_group></age_group><book_review_link></book_review_link><first_chapter_link></first_chapter_link><sunday_review_link></sunday_review_link><article_chapter_link></article_chapter_link><isbns><isbn><isbn10>0316097462</isbn10><isbn13>9780316097468</isbn13></isbn><isbn><isbn10>0316097470</isbn10><isbn13>9780316097475</isbn13></isbn><isbn><isbn10>0316224065</isbn10><isbn13>9780316224062</isbn13></isbn><isbn><isbn10>1409038823</isbn10><isbn13>9781409038825</isbn13></isbn><isbn><isbn10>0446571806</isbn10><isbn13>9780446571807</isbn13></isbn><isbn><isbn10>0446571814</isbn10><isbn13>9780446571814</isbn13></isbn></isbns><buy_links><buy_link><name>Local Booksellers</name><url>http://www.indiebound.org/book/9780316097475?aff=NYT</url></buy_link><buy_link><name>Barnes and Noble</name><url>http://www.anrdoezrs.net/click-7990613-11819508?url=http%3A%2F%2Fwww.barnesandnoble.com%2Fw%2F%3Fean%3D9780316097475</url></buy_link><buy_link><name>Amazon</name><url>http://www.amazon.com/I-Michael-Bennett-James-Patterson/dp/0446571814?tag=NYTBS-20</url></buy_link></buy_links></book><book><rank>16</rank><rank_last_week>0</rank_last_week><weeks_on_list>0</weeks_on_list><asterisk>0</asterisk><dagger>0</dagger><primary_isbn10>None</primary_isbn10><primary_isbn13>9781101517680</primary_isbn13><publisher>Penguin Group</publisher><description>In the seventh book in the Men at War series, O.S.S. agents must sabotage Germany’s rocket plans and protect the Manhattan Project.</description><price>0</price><title>THE SPYMASTERS</title><author>W E B Griffin and William E Butterworth IV</author><contributor>by W. E. B. Griffin and William E. Butterworth IV</contributor><contributor_note></contributor_note><book_image>https://s1.nyt.com/du/books/images/9781101517680.jpg</book_image><book_image_width>128</book_image_width><book_image_height>171</book_image_height><amazon_product_url>http://www.amazon.com/The-Spymasters-Men-War-Novel/dp/B00F6EABQI?tag=NYTBS-20</amazon_product_url><age_group></age_group><book_review_link></book_review_link><first_chapter_link></first_chapter_link><sunday_review_link></sunday_review_link><article_chapter_link></article_chapter_link><isbns><isbn><isbn10>0399157514</isbn10><isbn13>9780399157516</isbn13></isbn></isbns><buy_links><buy_link><name>Local Booksellers</name><url>http://www.indiebound.org/book/9781101517680?aff=NYT</url></buy_link><buy_link><name>Barnes and Noble</name><url>http://www.anrdoezrs.net/click-7990613-11819508?url=http%3A%2F%2Fwww.barnesandnoble.com%2Fw%2F%3Fean%3D9781101517680</url></buy_link><buy_link><name>Amazon</name><url>http://www.amazon.com/The-Spymasters-Men-War-Novel/dp/B00F6EABQI?tag=NYTBS-20</url></buy_link></buy_links></book><book><rank>17</rank><rank_last_week>0</rank_last_week><weeks_on_list>0</weeks_on_list><asterisk>0</asterisk><dagger>0</dagger><primary_isbn10>0062073176</primary_isbn10><primary_isbn13>9780062073174</primary_isbn13><publisher>HarperCollins Publishers</publisher><description>Gabriel Allon, an art restorer and spy for the Israeli secret service, discovers a global criminal enterprise behind a murder at the Vatican. </description><price>0</price><title>THE FALLEN ANGEL</title><author>Daniel Silva</author><contributor>by Daniel Silva</contributor><contributor_note></contributor_note><book_image>https://s1.nyt.com/du/books/images/9780062253835.jpg</book_image><book_image_width>128</book_image_width><book_image_height>205</book_image_height><amazon_product_url>http://www.amazon.com/The-Fallen-Angel-Gabriel-Allon/dp/006207315X?tag=NYTBS-20</amazon_product_url><age_group></age_group><book_review_link></book_review_link><first_chapter_link></first_chapter_link><sunday_review_link></sunday_review_link><article_chapter_link></article_chapter_link><isbns><isbn><isbn10>0062073125</isbn10><isbn13>9780062073129</isbn13></isbn><isbn><isbn10>0062073176</isbn10><isbn13>9780062073174</isbn13></isbn><isbn><isbn10>0007433328</isbn10><isbn13>9780007433322</isbn13></isbn><isbn><isbn10>0062128140</isbn10><isbn13>9780062128140</isbn13></isbn><isbn><isbn10>0062253832</isbn10><isbn13>9780062253835</isbn13></isbn><isbn><isbn10>006207315X</isbn10><isbn13>9780062073150</isbn13></isbn></isbns><buy_links><buy_link><name>Local Booksellers</name><url>http://www.indiebound.org/book/9780062073174?aff=NYT</url></buy_link><buy_link><name>Barnes and Noble</name><url>http://www.anrdoezrs.net/click-7990613-11819508?url=http%3A%2F%2Fwww.barnesandnoble.com%2Fw%2F%3Fean%3D9780062073174</url></buy_link><buy_link><name>Amazon</name><url>http://www.amazon.com/The-Fallen-Angel-Gabriel-Allon/dp/006207315X?tag=NYTBS-20</url></buy_link></buy_links></book><book><rank>18</rank><rank_last_week>0</rank_last_week><weeks_on_list>0</weeks_on_list><asterisk>0</asterisk><dagger>0</dagger><primary_isbn10>0345533569</primary_isbn10><primary_isbn13>9780345533562</primary_isbn13><publisher>Random House Publishing</publisher><description>Five children — Gabby, Billy, Izzie, Andy and Sean — who meet in kindergarten maintain their bonds as they grow to adulthood. </description><price>0</price><title>FRIENDS FOREVER</title><author>Danielle Steel</author><contributor>by Danielle Steel</contributor><contributor_note></contributor_note><book_image>https://s1.nyt.com/du/books/images/9780385343213.jpg</book_image><book_image_width>128</book_image_width><book_image_height>195</book_image_height><amazon_product_url>http://www.amazon.com/Friends-Forever-Novel-Danielle-Steel-ebook/dp/B0062OCNX0?tag=NYTBS-20</amazon_product_url><age_group></age_group><book_review_link></book_review_link><first_chapter_link></first_chapter_link><sunday_review_link></sunday_review_link><article_chapter_link></article_chapter_link><isbns><isbn><isbn10>0385343213</isbn10><isbn13>9780385343213</isbn13></isbn><isbn><isbn10>0345533569</isbn10><isbn13>9780345533562</isbn13></isbn><isbn><isbn10>1409092593</isbn10><isbn13>9781409092599</isbn13></isbn><isbn><isbn10>0307990656</isbn10><isbn13>9780307990655</isbn13></isbn><isbn><isbn10>0440245249</isbn10><isbn13>9780440245247</isbn13></isbn></isbns><buy_links><buy_link><name>Local Booksellers</name><url>http://www.indiebound.org/book/9780345533562?aff=NYT</url></buy_link><buy_link><name>Barnes and Noble</name><url>http://www.anrdoezrs.net/click-7990613-11819508?url=http%3A%2F%2Fwww.barnesandnoble.com%2Fw%2F%3Fean%3D9780345533562</url></buy_link><buy_link><name>Amazon</name><url>http://www.amazon.com/Friends-Forever-Novel-Danielle-Steel-ebook/dp/B0062OCNX0?tag=NYTBS-20</url></buy_link></buy_links></book><book><rank>19</rank><rank_last_week>0</rank_last_week><weeks_on_list>0</weeks_on_list><asterisk>0</asterisk><dagger>0</dagger><primary_isbn10>0345533585</primary_isbn10><primary_isbn13>9780345533586</primary_isbn13><publisher>Random House Publishing</publisher><description>Odd Thomas, who can communicate with the dead, explores the mysteries of an old estate now owned by a reclusive billionaire. </description><price>0</price><title>ODD APOCALYPSE</title><author>Dean Koontz</author><contributor>by Dean Koontz</contributor><contributor_note></contributor_note><book_image>https://s1.nyt.com/du/books/images/9780553593099.jpg</book_image><book_image_width>276</book_image_width><book_image_height>495</book_image_height><amazon_product_url>http://www.amazon.com/Odd-Apocalypse-An-Thomas-Novel-ebook/dp/B0064C3TWE?tag=NYTBS-20</amazon_product_url><age_group></age_group><book_review_link></book_review_link><first_chapter_link></first_chapter_link><sunday_review_link></sunday_review_link><article_chapter_link></article_chapter_link><isbns><isbn><isbn10>0553807749</isbn10><isbn13>9780553807745</isbn13></isbn><isbn><isbn10>0345533585</isbn10><isbn13>9780345533586</isbn13></isbn><isbn><isbn10>0007327110</isbn10><isbn13>9780007327119</isbn13></isbn><isbn><isbn10>0307990672</isbn10><isbn13>9780307990679</isbn13></isbn><isbn><isbn10>0553593099</isbn10><isbn13>9780553593099</isbn13></isbn></isbns><buy_links><buy_link><name>Local Booksellers</name><url>http://www.indiebound.org/book/9780345533586?aff=NYT</url></buy_link><buy_link><name>Barnes and Noble</name><url>http://www.anrdoezrs.net/click-7990613-11819508?url=http%3A%2F%2Fwww.barnesandnoble.com%2Fw%2F%3Fean%3D9780345533586</url></buy_link><buy_link><name>Amazon</name><url>http://www.amazon.com/Odd-Apocalypse-An-Thomas-Novel-ebook/dp/B0064C3TWE?tag=NYTBS-20</url></buy_link></buy_links></book><book><rank>20</rank><rank_last_week>0</rank_last_week><weeks_on_list>0</weeks_on_list><asterisk>0</asterisk><dagger>0</dagger><primary_isbn10>None</primary_isbn10><primary_isbn13>9780345537102</primary_isbn13><publisher>Delacorte Press</publisher><description>In this e-book story, Jack Reacher is summoned to Washington to find out who is leaking information about plans for a state-of-the-art sniper rifle for U.S. forces.</description><price>0</price><title>DEEP DOWN</title><author>Lee Child</author><contributor>by Lee Child</contributor><contributor_note></contributor_note><book_image>https://s1.nyt.com/du/books/images/9780345537102.jpg</book_image><book_image_width>128</book_image_width><book_image_height>197</book_image_height><amazon_product_url>http://www.amazon.com/Deep-Down-Jack-Reacher-Story-ebook/dp/B008ED5G9A?tag=NYTBS-20</amazon_product_url><age_group></age_group><book_review_link></book_review_link><first_chapter_link></first_chapter_link><sunday_review_link></sunday_review_link><article_chapter_link></article_chapter_link><isbns><isbn><isbn10>1448153875</isbn10><isbn13>9781448153879</isbn13></isbn></isbns><buy_links><buy_link><name>Local Booksellers</name><url>http://www.indiebound.org/book/9780345537102?aff=NYT</url></buy_link><buy_link><name>Barnes and Noble</name><url>http://www.anrdoezrs.net/click-7990613-11819508?url=http%3A%2F%2Fwww.barnesandnoble.com%2Fw%2F%3Fean%3D9780345537102</url></buy_link><buy_link><name>Amazon</name><url>http://www.amazon.com/Deep-Down-Jack-Reacher-Story-ebook/dp/B008ED5G9A?tag=NYTBS-20</url></buy_link></buy_links></book></books><corrections/></results></result_set>
