<?xml version="1.0" encoding="UTF-8"?>
<result_set><status>OK</status><copyright>Copyright (c) 2018 The New York Times Company.  All Rights Reserved.</copyright><num_results>20</num_results><last_modified>2017-03-21T13:38:01-04:00</last_modified><results><list_name>Combined Print and E-Book Fiction</list_name><list_name_encoded>combined-print-and-e-book-fiction</list_name_encoded><bestsellers_date>2015-12-19</bestsellers_date><published_date>2016-01-03</published_date><published_date_description></published_date_description><next_published_date>2016-01-10</next_published_date><previous_published_date>2015-12-27</previous_published_date><display_name><![CDATA[Combined Print & E-Book Fiction]]></display_name><normal_list_ends_at>15</normal_list_ends_at><updated>WEEKLY</updated><books><book><rank>1</rank><rank_last_week>1</rank_last_week><weeks_on_list>9</weeks_on_list><asterisk>0</asterisk><dagger>0</dagger><primary_isbn10>0385539436</primary_isbn10><primary_isbn13>9780385539432</primary_isbn13><publisher>Doubleday</publisher><description>The attorney Sebastian Rudd is a “lone gunman” who hates injustice and the system and defends unpopular clients.</description><price>0</price><title>ROGUE LAWYER</title><author>John Grisham</author><contributor>by John Grisham</contributor><contributor_note></contributor_note><book_image>https://s1.nyt.com/du/books/images/9780385539449.jpg</book_image><book_image_width>326</book_image_width><book_image_height>495</book_image_height><amazon_product_url>http://www.amazon.com/Rogue-Lawyer-John-Grisham-ebook/dp/B00UEKRTW8?tag=NYTBS-20</amazon_product_url><age_group></age_group><book_review_link></book_review_link><first_chapter_link></first_chapter_link><sunday_review_link></sunday_review_link><article_chapter_link></article_chapter_link><isbns><isbn><isbn10>0385539436</isbn10><isbn13>9780385539432</isbn13></isbn><isbn><isbn10>0385539444</isbn10><isbn13>9780385539449</isbn13></isbn><isbn><isbn10>0385539452</isbn10><isbn13>9780385539456</isbn13></isbn><isbn><isbn10>1101967668</isbn10><isbn13>9781101967669</isbn13></isbn><isbn><isbn10>0553393480</isbn10><isbn13>9780553393484</isbn13></isbn></isbns><buy_links><buy_link><name>Local Booksellers</name><url>http://www.indiebound.org/book/9780385539432?aff=NYT</url></buy_link><buy_link><name>Barnes and Noble</name><url>http://www.anrdoezrs.net/click-7990613-11819508?url=http%3A%2F%2Fwww.barnesandnoble.com%2Fw%2F%3Fean%3D9780385539432</url></buy_link><buy_link><name>Amazon</name><url>http://www.amazon.com/Rogue-Lawyer-John-Grisham-ebook/dp/B00UEKRTW8?tag=NYTBS-20</url></buy_link></buy_links></book><book><rank>2</rank><rank_last_week>4</rank_last_week><weeks_on_list>30</weeks_on_list><asterisk>0</asterisk><dagger>0</dagger><primary_isbn10>0553418025</primary_isbn10><primary_isbn13>9780553418026</primary_isbn13><publisher>Crown</publisher><description>Abandoned by his crew, an astronaut embarks on a dogged quest to stay alive.</description><price>0</price><title>THE MARTIAN</title><author>Andy Weir</author><contributor>by Andy Weir</contributor><contributor_note></contributor_note><book_image>https://s1.nyt.com/du/books/images/9780804139038.jpg</book_image><book_image_width>128</book_image_width><book_image_height>194</book_image_height><amazon_product_url>http://www.amazon.com/The-Martian-Novel-Andy-Weir-ebook/dp/B00EMXBDMA?tag=NYTBS-20</amazon_product_url><age_group></age_group><book_review_link></book_review_link><first_chapter_link></first_chapter_link><sunday_review_link></sunday_review_link><article_chapter_link></article_chapter_link><isbns><isbn><isbn10>0804139024</isbn10><isbn13>9780804139021</isbn13></isbn><isbn><isbn10>0553418025</isbn10><isbn13>9780553418026</isbn13></isbn><isbn><isbn10>0091956145</isbn10><isbn13>9780091956141</isbn13></isbn><isbn><isbn10>1594138540</isbn10><isbn13>9781594138546</isbn13></isbn><isbn><isbn10>1101903589</isbn10><isbn13>9781101903582</isbn13></isbn><isbn><isbn10>110190500X</isbn10><isbn13>9781101905005</isbn13></isbn></isbns><buy_links><buy_link><name>Local Booksellers</name><url>http://www.indiebound.org/book/9780553418026?aff=NYT</url></buy_link><buy_link><name>Barnes and Noble</name><url>http://www.anrdoezrs.net/click-7990613-11819508?url=http%3A%2F%2Fwww.barnesandnoble.com%2Fw%2F%3Fean%3D9780553418026</url></buy_link><buy_link><name>Amazon</name><url>http://www.amazon.com/The-Martian-Novel-Andy-Weir-ebook/dp/B00EMXBDMA?tag=NYTBS-20</url></buy_link></buy_links></book><book><rank>3</rank><rank_last_week>2</rank_last_week><weeks_on_list>4</weeks_on_list><asterisk>0</asterisk><dagger>0</dagger><primary_isbn10>0316407046</primary_isbn10><primary_isbn13>9780316407045</primary_isbn13><publisher>Little, Brown</publisher><description>Detective Alex Cross returns home, for the first time in 35 years, to help a cousin who has been accused of murder.</description><price>0</price><title>CROSS JUSTICE</title><author>James Patterson</author><contributor>by James Patterson</contributor><contributor_note></contributor_note><book_image>https://s1.nyt.com/du/books/images/9780316407045.jpg</book_image><book_image_width>318</book_image_width><book_image_height>495</book_image_height><amazon_product_url>http://www.amazon.com/Cross-Justice-Alex-James-Patterson/dp/0316407046?tag=NYTBS-20</amazon_product_url><age_group></age_group><book_review_link></book_review_link><first_chapter_link></first_chapter_link><sunday_review_link></sunday_review_link><article_chapter_link></article_chapter_link><isbns><isbn><isbn10>0316407046</isbn10><isbn13>9780316407045</isbn13></isbn><isbn><isbn10>0316407143</isbn10><isbn13>9780316407144</isbn13></isbn><isbn><isbn10>0316407135</isbn10><isbn13>9780316407137</isbn13></isbn><isbn><isbn10>1455585122</isbn10><isbn13>9781455585120</isbn13></isbn><isbn><isbn10>1455585130</isbn10><isbn13>9781455585137</isbn13></isbn></isbns><buy_links><buy_link><name>Local Booksellers</name><url>http://www.indiebound.org/book/9780316407045?aff=NYT</url></buy_link><buy_link><name>Barnes and Noble</name><url>http://www.anrdoezrs.net/click-7990613-11819508?url=http%3A%2F%2Fwww.barnesandnoble.com%2Fw%2F%3Fean%3D9780316407045</url></buy_link><buy_link><name>Amazon</name><url>http://www.amazon.com/Cross-Justice-Alex-James-Patterson/dp/0316407046?tag=NYTBS-20</url></buy_link></buy_links></book><book><rank>4</rank><rank_last_week>9</rank_last_week><weeks_on_list>65</weeks_on_list><asterisk>0</asterisk><dagger>0</dagger><primary_isbn10>1476746583</primary_isbn10><primary_isbn13>9781476746586</primary_isbn13><publisher>Scribner</publisher><description>The lives of a blind French girl and a gadget-obsessed German boy before and during World War II.</description><price>0</price><title>ALL THE LIGHT WE CANNOT SEE</title><author>Anthony Doerr</author><contributor>by Anthony Doerr</contributor><contributor_note></contributor_note><book_image>https://s1.nyt.com/du/books/images/9781476746586.jpg</book_image><book_image_width>128</book_image_width><book_image_height>192</book_image_height><amazon_product_url>http://www.amazon.com/All-Light-We-Cannot-See/dp/1476746583?tag=NYTBS-20</amazon_product_url><age_group></age_group><book_review_link></book_review_link><first_chapter_link></first_chapter_link><sunday_review_link>https://www.nytimes.com/2014/05/11/books/review/all-the-light-we-cannot-see-by-anthony-doerr.html</sunday_review_link><article_chapter_link></article_chapter_link><isbns><isbn><isbn10>1476746583</isbn10><isbn13>9781476746586</isbn13></isbn><isbn><isbn10>1410470229</isbn10><isbn13>9781410470225</isbn13></isbn><isbn><isbn10>1476746591</isbn10><isbn13>9781476746593</isbn13></isbn><isbn><isbn10>1501122835</isbn10><isbn13>9781501122835</isbn13></isbn><isbn><isbn10>0007548699</isbn10><isbn13>9780007548699</isbn13></isbn><isbn><isbn10>1501173219</isbn10><isbn13>9781501173219</isbn13></isbn></isbns><buy_links><buy_link><name>Local Booksellers</name><url>http://www.indiebound.org/book/9781476746586?aff=NYT</url></buy_link><buy_link><name>Barnes and Noble</name><url>http://www.anrdoezrs.net/click-7990613-11819508?url=http%3A%2F%2Fwww.barnesandnoble.com%2Fw%2F%3Fean%3D9781476746586</url></buy_link><buy_link><name>Amazon</name><url>http://www.amazon.com/All-Light-We-Cannot-See/dp/1476746583?tag=NYTBS-20</url></buy_link></buy_links></book><book><rank>5</rank><rank_last_week>10</rank_last_week><weeks_on_list>46</weeks_on_list><asterisk>0</asterisk><dagger>0</dagger><primary_isbn10>1594633665</primary_isbn10><primary_isbn13>9781594633669</primary_isbn13><publisher>Riverhead</publisher><description>A psychological thriller set in the environs of London is full of complications and betrayals.</description><price>0</price><title>THE GIRL ON THE TRAIN</title><author>Paula Hawkins</author><contributor>by Paula Hawkins</contributor><contributor_note></contributor_note><book_image>https://s1.nyt.com/du/books/images/9781594633669.jpg</book_image><book_image_width>312</book_image_width><book_image_height>495</book_image_height><amazon_product_url>http://www.amazon.com/The-Girl-Train-A-Novel-ebook/dp/B00L9B7IKE?tag=NYTBS-20</amazon_product_url><age_group></age_group><book_review_link>https://www.nytimes.com/2015/01/05/books/the-girl-on-the-train-by-paula-hawkins.html</book_review_link><first_chapter_link></first_chapter_link><sunday_review_link>https://www.nytimes.com/2015/02/01/books/review/the-girl-on-the-train-by-paula-hawkins.html</sunday_review_link><article_chapter_link></article_chapter_link><isbns><isbn><isbn10>1594633665</isbn10><isbn13>9781594633669</isbn13></isbn><isbn><isbn10>0698185390</isbn10><isbn13>9780698185395</isbn13></isbn><isbn><isbn10>1410477762</isbn10><isbn13>9781410477767</isbn13></isbn><isbn><isbn10>0857522329</isbn10><isbn13>9780857522320</isbn13></isbn><isbn><isbn10>1448171687</isbn10><isbn13>9781448171682</isbn13></isbn><isbn><isbn10>1594634122</isbn10><isbn13>9781594634123</isbn13></isbn><isbn><isbn10>038568231X</isbn10><isbn13>9780385682312</isbn13></isbn><isbn><isbn10>1594634025</isbn10><isbn13>9781594634024</isbn13></isbn><isbn><isbn10>0735212155</isbn10><isbn13>9780735212152</isbn13></isbn><isbn><isbn10>0735212163</isbn10><isbn13>9780735212169</isbn13></isbn><isbn><isbn10>1432834355</isbn10><isbn13>9781432834357</isbn13></isbn></isbns><buy_links><buy_link><name>Local Booksellers</name><url>http://www.indiebound.org/book/9781594633669?aff=NYT</url></buy_link><buy_link><name>Barnes and Noble</name><url>http://www.anrdoezrs.net/click-7990613-11819508?url=http%3A%2F%2Fwww.barnesandnoble.com%2Fw%2F%3Fean%3D9781594633669</url></buy_link><buy_link><name>Amazon</name><url>http://www.amazon.com/The-Girl-Train-A-Novel-ebook/dp/B00L9B7IKE?tag=NYTBS-20</url></buy_link></buy_links></book><book><rank>6</rank><rank_last_week>7</rank_last_week><weeks_on_list>10</weeks_on_list><asterisk>0</asterisk><dagger>0</dagger><primary_isbn10>1455520616</primary_isbn10><primary_isbn13>9781455520619</primary_isbn13><publisher>Grand Central</publisher><description>A couple in love are threatened by secrets from the past.</description><price>0</price><title>SEE ME</title><author>Nicholas Sparks</author><contributor>by Nicholas Sparks</contributor><contributor_note></contributor_note><book_image>https://s1.nyt.com/du/books/images/9781455520619.jpg</book_image><book_image_width>328</book_image_width><book_image_height>495</book_image_height><amazon_product_url>http://www.amazon.com/See-Me-Nicholas-Sparks/dp/1455520616?tag=NYTBS-20</amazon_product_url><age_group></age_group><book_review_link></book_review_link><first_chapter_link></first_chapter_link><sunday_review_link></sunday_review_link><article_chapter_link></article_chapter_link><isbns><isbn><isbn10>1455520616</isbn10><isbn13>9781455520619</isbn13></isbn><isbn><isbn10>1455530069</isbn10><isbn13>9781455530069</isbn13></isbn><isbn><isbn10>1455520594</isbn10><isbn13>9781455520596</isbn13></isbn><isbn><isbn10>1455520624</isbn10><isbn13>9781455520626</isbn13></isbn><isbn><isbn10>1455520608</isbn10><isbn13>9781455520602</isbn13></isbn></isbns><buy_links><buy_link><name>Local Booksellers</name><url>http://www.indiebound.org/book/9781455520619?aff=NYT</url></buy_link><buy_link><name>Barnes and Noble</name><url>http://www.anrdoezrs.net/click-7990613-11819508?url=http%3A%2F%2Fwww.barnesandnoble.com%2Fw%2F%3Fean%3D9781455520619</url></buy_link><buy_link><name>Amazon</name><url>http://www.amazon.com/See-Me-Nicholas-Sparks/dp/1455520616?tag=NYTBS-20</url></buy_link></buy_links></book><book><rank>7</rank><rank_last_week>3</rank_last_week><weeks_on_list>5</weeks_on_list><asterisk>0</asterisk><dagger>0</dagger><primary_isbn10>1455586420</primary_isbn10><primary_isbn13>9781455586424</primary_isbn13><publisher>Grand Central</publisher><description>The government hit man Will Robie investigates murder charges against his estranged father in their Mississippi hometown.</description><price>0</price><title>THE GUILTY</title><author>David Baldacci</author><contributor>by David Baldacci</contributor><contributor_note></contributor_note><book_image>https://s1.nyt.com/du/books/images/9781455586431.jpg</book_image><book_image_width>329</book_image_width><book_image_height>495</book_image_height><amazon_product_url>http://www.amazon.com/Guilty-Will-Robie-David-Baldacci/dp/1455586439?tag=NYTBS-20</amazon_product_url><age_group></age_group><book_review_link></book_review_link><first_chapter_link></first_chapter_link><sunday_review_link></sunday_review_link><article_chapter_link></article_chapter_link><isbns><isbn><isbn10>1455586420</isbn10><isbn13>9781455586424</isbn13></isbn><isbn><isbn10>1455536253</isbn10><isbn13>9781455536252</isbn13></isbn><isbn><isbn10>1455586439</isbn10><isbn13>9781455586431</isbn13></isbn><isbn><isbn10>1455586404</isbn10><isbn13>9781455586400</isbn13></isbn></isbns><buy_links><buy_link><name>Local Booksellers</name><url>http://www.indiebound.org/book/9781455586424?aff=NYT</url></buy_link><buy_link><name>Barnes and Noble</name><url>http://www.anrdoezrs.net/click-7990613-11819508?url=http%3A%2F%2Fwww.barnesandnoble.com%2Fw%2F%3Fean%3D9781455586424</url></buy_link><buy_link><name>Amazon</name><url>http://www.amazon.com/Guilty-Will-Robie-David-Baldacci/dp/1455586439?tag=NYTBS-20</url></buy_link></buy_links></book><book><rank>8</rank><rank_last_week>11</rank_last_week><weeks_on_list>7</weeks_on_list><asterisk>0</asterisk><dagger>0</dagger><primary_isbn10>1501111671</primary_isbn10><primary_isbn13>9781501111679</primary_isbn13><publisher>Scribner</publisher><description>Twenty stories, some never before published.</description><price>0</price><title>THE BAZAAR OF BAD DREAMS</title><author>Stephen King</author><contributor>by Stephen King</contributor><contributor_note></contributor_note><book_image>https://s1.nyt.com/du/books/images/9781501111686.jpg</book_image><book_image_width>326</book_image_width><book_image_height>495</book_image_height><amazon_product_url>http://www.amazon.com/The-Bazaar-Bad-Dreams-Stories-ebook/dp/B00UDCI1AG?tag=NYTBS-20</amazon_product_url><age_group></age_group><book_review_link></book_review_link><first_chapter_link></first_chapter_link><sunday_review_link></sunday_review_link><article_chapter_link></article_chapter_link><isbns><isbn><isbn10>1501111671</isbn10><isbn13>9781501111679</isbn13></isbn><isbn><isbn10>150111168X</isbn10><isbn13>9781501111686</isbn13></isbn><isbn><isbn10>150112787X</isbn10><isbn13>9781501127878</isbn13></isbn></isbns><buy_links><buy_link><name>Local Booksellers</name><url>http://www.indiebound.org/book/9781501111679?aff=NYT</url></buy_link><buy_link><name>Barnes and Noble</name><url>http://www.anrdoezrs.net/click-7990613-11819508?url=http%3A%2F%2Fwww.barnesandnoble.com%2Fw%2F%3Fean%3D9781501111679</url></buy_link><buy_link><name>Amazon</name><url>http://www.amazon.com/The-Bazaar-Bad-Dreams-Stories-ebook/dp/B00UDCI1AG?tag=NYTBS-20</url></buy_link></buy_links></book><book><rank>9</rank><rank_last_week>0</rank_last_week><weeks_on_list>1</weeks_on_list><asterisk>0</asterisk><dagger>0</dagger><primary_isbn10>0062381636</primary_isbn10><primary_isbn13>9780062381637</primary_isbn13><publisher>Morrow/HarperCollins</publisher><description>A techno-thriller follows a government think tank's elite military unit as it takes on spies, counterspies and simian hybrids.</description><price>0</price><title>THE BONE LABYRINTH</title><author>James Rollins</author><contributor>by James Rollins</contributor><contributor_note></contributor_note><book_image>https://s1.nyt.com/du/books/images/9780062381644.jpg</book_image><book_image_width>328</book_image_width><book_image_height>495</book_image_height><amazon_product_url>http://www.amazon.com/The-Bone-Labyrinth-Sigma-Novels/dp/0062381644?tag=NYTBS-20</amazon_product_url><age_group></age_group><book_review_link></book_review_link><first_chapter_link></first_chapter_link><sunday_review_link></sunday_review_link><article_chapter_link></article_chapter_link><isbns><isbn><isbn10>0062381644</isbn10><isbn13>9780062381644</isbn13></isbn><isbn><isbn10>0062381636</isbn10><isbn13>9780062381637</isbn13></isbn><isbn><isbn10>0062381652</isbn10><isbn13>9780062381651</isbn13></isbn></isbns><buy_links><buy_link><name>Local Booksellers</name><url>http://www.indiebound.org/book/9780062381637?aff=NYT</url></buy_link><buy_link><name>Barnes and Noble</name><url>http://www.anrdoezrs.net/click-7990613-11819508?url=http%3A%2F%2Fwww.barnesandnoble.com%2Fw%2F%3Fean%3D9780062381637</url></buy_link><buy_link><name>Amazon</name><url>http://www.amazon.com/The-Bone-Labyrinth-Sigma-Novels/dp/0062381644?tag=NYTBS-20</url></buy_link></buy_links></book><book><rank>10</rank><rank_last_week>12</rank_last_week><weeks_on_list>34</weeks_on_list><asterisk>0</asterisk><dagger>0</dagger><primary_isbn10>0312577222</primary_isbn10><primary_isbn13>9780312577223</primary_isbn13><publisher>St. Martin's</publisher><description>Two sisters are separated in World War II France: one in the countryside, the other in Paris.</description><price>0</price><title>THE NIGHTINGALE</title><author>Kristin Hannah</author><contributor>by Kristin Hannah</contributor><contributor_note></contributor_note><book_image>https://s1.nyt.com/du/books/images/9781466850606.jpg</book_image><book_image_width>128</book_image_width><book_image_height>195</book_image_height><amazon_product_url>http://www.amazon.com/The-Nightingale-Kristin-Hannah/dp/0312577222?tag=NYTBS-20</amazon_product_url><age_group></age_group><book_review_link></book_review_link><first_chapter_link></first_chapter_link><sunday_review_link></sunday_review_link><article_chapter_link></article_chapter_link><isbns><isbn><isbn10>0312577222</isbn10><isbn13>9780312577223</isbn13></isbn><isbn><isbn10>1466850604</isbn10><isbn13>9781466850606</isbn13></isbn><isbn><isbn10>1628995017</isbn10><isbn13>9781628995015</isbn13></isbn><isbn><isbn10>1250080401</isbn10><isbn13>9781250080400</isbn13></isbn></isbns><buy_links><buy_link><name>Local Booksellers</name><url>http://www.indiebound.org/book/9780312577223?aff=NYT</url></buy_link><buy_link><name>Barnes and Noble</name><url>http://www.anrdoezrs.net/click-7990613-11819508?url=http%3A%2F%2Fwww.barnesandnoble.com%2Fw%2F%3Fean%3D9780312577223</url></buy_link><buy_link><name>Amazon</name><url>http://www.amazon.com/The-Nightingale-Kristin-Hannah/dp/0312577222?tag=NYTBS-20</url></buy_link></buy_links></book><book><rank>11</rank><rank_last_week>6</rank_last_week><weeks_on_list>3</weeks_on_list><asterisk>0</asterisk><dagger>0</dagger><primary_isbn10>0399176764</primary_isbn10><primary_isbn13>9780399176760</primary_isbn13><publisher>Putnam</publisher><description>President Jack Ryan detects a pattern in outbreaks of violence around the world that point to the Russian president, but he must unite the Western allies before he can take action.</description><price>0</price><title>TOM CLANCY: COMMANDER IN CHIEF</title><author>Mark Greaney</author><contributor>by Mark Greaney</contributor><contributor_note></contributor_note><book_image>https://s1.nyt.com/du/books/images/9780399176760.jpg</book_image><book_image_width>328</book_image_width><book_image_height>495</book_image_height><amazon_product_url>http://www.amazon.com/Tom-Clancy-Commander-Chief-Novel/dp/0399176764?tag=NYTBS-20</amazon_product_url><age_group></age_group><book_review_link></book_review_link><first_chapter_link></first_chapter_link><sunday_review_link></sunday_review_link><article_chapter_link></article_chapter_link><isbns><isbn><isbn10>0399176764</isbn10><isbn13>9780399176760</isbn13></isbn><isbn><isbn10>0698410610</isbn10><isbn13>9780698410619</isbn13></isbn><isbn><isbn10>1410484726</isbn10><isbn13>9781410484727</isbn13></isbn><isbn><isbn10>1101988819</isbn10><isbn13>9781101988817</isbn13></isbn></isbns><buy_links><buy_link><name>Local Booksellers</name><url>http://www.indiebound.org/book/9780399176760?aff=NYT</url></buy_link><buy_link><name>Barnes and Noble</name><url>http://www.anrdoezrs.net/click-7990613-11819508?url=http%3A%2F%2Fwww.barnesandnoble.com%2Fw%2F%3Fean%3D9780399176760</url></buy_link><buy_link><name>Amazon</name><url>http://www.amazon.com/Tom-Clancy-Commander-Chief-Novel/dp/0399176764?tag=NYTBS-20</url></buy_link></buy_links></book><book><rank>12</rank><rank_last_week>8</rank_last_week><weeks_on_list>5</weeks_on_list><asterisk>0</asterisk><dagger>0</dagger><primary_isbn10>0345542967</primary_isbn10><primary_isbn13>9780345542960</primary_isbn13><publisher>Bantam</publisher><description>Stephanie Plum pursues a fraternity member arrested for beating up a college dean and investigates a murder.</description><price>0</price><title>TRICKY TWENTY-TWO</title><author>Janet Evanovich</author><contributor>by Janet Evanovich</contributor><contributor_note></contributor_note><book_image>https://s1.nyt.com/du/books/images/9780345542984.jpg</book_image><book_image_width>326</book_image_width><book_image_height>495</book_image_height><amazon_product_url>http://www.amazon.com/Tricky-Twenty-Two-Stephanie-Plum-Novel-ebook/dp/B00TND3N7C?tag=NYTBS-20</amazon_product_url><age_group></age_group><book_review_link></book_review_link><first_chapter_link></first_chapter_link><sunday_review_link></sunday_review_link><article_chapter_link></article_chapter_link><isbns><isbn><isbn10>0345542967</isbn10><isbn13>9780345542960</isbn13></isbn><isbn><isbn10>0345542983</isbn10><isbn13>9780345542984</isbn13></isbn><isbn><isbn10>0385363230</isbn10><isbn13>9780385363235</isbn13></isbn><isbn><isbn10>0345542975</isbn10><isbn13>9780345542977</isbn13></isbn></isbns><buy_links><buy_link><name>Local Booksellers</name><url>http://www.indiebound.org/book/9780345542960?aff=NYT</url></buy_link><buy_link><name>Barnes and Noble</name><url>http://www.anrdoezrs.net/click-7990613-11819508?url=http%3A%2F%2Fwww.barnesandnoble.com%2Fw%2F%3Fean%3D9780345542960</url></buy_link><buy_link><name>Amazon</name><url>http://www.amazon.com/Tricky-Twenty-Two-Stephanie-Plum-Novel-ebook/dp/B00TND3N7C?tag=NYTBS-20</url></buy_link></buy_links></book><book><rank>13</rank><rank_last_week>14</rank_last_week><weeks_on_list>4</weeks_on_list><asterisk>0</asterisk><dagger>0</dagger><primary_isbn10>0062294415</primary_isbn10><primary_isbn13>9780062294418</primary_isbn13><publisher>Harper/HarperCollins</publisher><description>A preternaturally gifted guitarist uses his talent to alter lives.</description><price>0</price><title>THE MAGIC STRINGS OF FRANKIE PRESTO</title><author>Mitch Albom</author><contributor>by Mitch Albom</contributor><contributor_note></contributor_note><book_image>https://s1.nyt.com/du/books/images/9780062294418.jpg</book_image><book_image_width>330</book_image_width><book_image_height>467</book_image_height><amazon_product_url>http://www.amazon.com/The-Magic-Strings-Frankie-Presto/dp/0062294415?tag=NYTBS-20</amazon_product_url><age_group></age_group><book_review_link></book_review_link><first_chapter_link></first_chapter_link><sunday_review_link></sunday_review_link><article_chapter_link></article_chapter_link><isbns><isbn><isbn10>0062294415</isbn10><isbn13>9780062294418</isbn13></isbn><isbn><isbn10>0062416863</isbn10><isbn13>9780062416865</isbn13></isbn><isbn><isbn10>0062433245</isbn10><isbn13>9780062433244</isbn13></isbn><isbn><isbn10>0062294431</isbn10><isbn13>9780062294432</isbn13></isbn></isbns><buy_links><buy_link><name>Local Booksellers</name><url>http://www.indiebound.org/book/9780062294418?aff=NYT</url></buy_link><buy_link><name>Barnes and Noble</name><url>http://www.anrdoezrs.net/click-7990613-11819508?url=http%3A%2F%2Fwww.barnesandnoble.com%2Fw%2F%3Fean%3D9780062294418</url></buy_link><buy_link><name>Amazon</name><url>http://www.amazon.com/The-Magic-Strings-Frankie-Presto/dp/0062294415?tag=NYTBS-20</url></buy_link></buy_links></book><book><rank>14</rank><rank_last_week>0</rank_last_week><weeks_on_list>14</weeks_on_list><asterisk>0</asterisk><dagger>0</dagger><primary_isbn10>0062409859</primary_isbn10><primary_isbn13>9780062409850</primary_isbn13><publisher>Harper</publisher><description>In the mid-1950s, a grown-up Jean Louise Finch returns to Maycomb and realizes that her adored father is a racist.</description><price>0</price><title>GO SET A WATCHMAN</title><author>Harper Lee</author><contributor>by Harper Lee</contributor><contributor_note></contributor_note><book_image>https://s1.nyt.com/du/books/images/9780062409850.jpg</book_image><book_image_width>328</book_image_width><book_image_height>495</book_image_height><amazon_product_url>http://www.amazon.com/Go-Set-Watchman-A-Novel/dp/0062409859?tag=NYTBS-20</amazon_product_url><age_group></age_group><book_review_link>https://www.nytimes.com/2015/07/11/books/review-harper-lees-go-set-a-watchman-gives-atticus-finch-a-dark-side.html</book_review_link><first_chapter_link></first_chapter_link><sunday_review_link>https://www.nytimes.com/2015/07/14/books/review/harper-lees-go-set-a-watchman.html</sunday_review_link><article_chapter_link></article_chapter_link><isbns><isbn><isbn10>0062409859</isbn10><isbn13>9780062409850</isbn13></isbn><isbn><isbn10>0062409883</isbn10><isbn13>9780062409881</isbn13></isbn><isbn><isbn10>0062409875</isbn10><isbn13>9780062409874</isbn13></isbn><isbn><isbn10>1473535409</isbn10><isbn13>9781473535404</isbn13></isbn><isbn><isbn10>0062454811</isbn10><isbn13>9780062454812</isbn13></isbn><isbn><isbn10>0062409867</isbn10><isbn13>9780062409867</isbn13></isbn><isbn><isbn10>0062561022</isbn10><isbn13>9780062561022</isbn13></isbn></isbns><buy_links><buy_link><name>Local Booksellers</name><url>http://www.indiebound.org/book/9780062409850?aff=NYT</url></buy_link><buy_link><name>Barnes and Noble</name><url>http://www.anrdoezrs.net/click-7990613-11819508?url=http%3A%2F%2Fwww.barnesandnoble.com%2Fw%2F%3Fean%3D9780062409850</url></buy_link><buy_link><name>Amazon</name><url>http://www.amazon.com/Go-Set-Watchman-A-Novel/dp/0062409859?tag=NYTBS-20</url></buy_link></buy_links></book><book><rank>15</rank><rank_last_week>5</rank_last_week><weeks_on_list>2</weeks_on_list><asterisk>0</asterisk><dagger>0</dagger><primary_isbn10>0345545966</primary_isbn10><primary_isbn13>9780345545961</primary_isbn13><publisher>Bantam</publisher><description>A young Southern California writer who survived a fatal diagnosis sets out to find a woman she has been told she must save, overcoming many obstacles in the process.</description><price>0</price><title>ASHLEY BELL</title><author>Dean Koontz</author><contributor>by Dean Koontz</contributor><contributor_note></contributor_note><book_image>https://s1.nyt.com/du/books/images/9780345545978.jpg</book_image><book_image_width>326</book_image_width><book_image_height>495</book_image_height><amazon_product_url>http://www.amazon.com/Ashley-Bell-Novel-Dean-Koontz-ebook/dp/B00VCZOKM6?tag=NYTBS-20</amazon_product_url><age_group></age_group><book_review_link></book_review_link><first_chapter_link></first_chapter_link><sunday_review_link></sunday_review_link><article_chapter_link></article_chapter_link><isbns><isbn><isbn10>0345545966</isbn10><isbn13>9780345545961</isbn13></isbn><isbn><isbn10>1410484955</isbn10><isbn13>9781410484956</isbn13></isbn><isbn><isbn10>0345545974</isbn10><isbn13>9780345545978</isbn13></isbn><isbn><isbn10>0345545982</isbn10><isbn13>9780345545985</isbn13></isbn></isbns><buy_links><buy_link><name>Local Booksellers</name><url>http://www.indiebound.org/book/9780345545961?aff=NYT</url></buy_link><buy_link><name>Barnes and Noble</name><url>http://www.anrdoezrs.net/click-7990613-11819508?url=http%3A%2F%2Fwww.barnesandnoble.com%2Fw%2F%3Fean%3D9780345545961</url></buy_link><buy_link><name>Amazon</name><url>http://www.amazon.com/Ashley-Bell-Novel-Dean-Koontz-ebook/dp/B00VCZOKM6?tag=NYTBS-20</url></buy_link></buy_links></book><book><rank>16</rank><rank_last_week>0</rank_last_week><weeks_on_list>0</weeks_on_list><asterisk>0</asterisk><dagger>0</dagger><primary_isbn10>0316225886</primary_isbn10><primary_isbn13>9780316225885</primary_isbn13><publisher>Little, Brown</publisher><description>The retired detective Harry Bosch reluctantly agrees to help his half brother, a defense attorney.</description><price>0</price><title>THE CROSSING</title><author>Michael Connelly</author><contributor>by Michael Connelly</contributor><contributor_note></contributor_note><book_image>https://s1.nyt.com/du/books/images/9780316225892.jpg</book_image><book_image_width>320</book_image_width><book_image_height>495</book_image_height><amazon_product_url>http://www.amazon.com/The-Crossing-Harry-Bosch-Novel-ebook/dp/B00U6DNZOY?tag=NYTBS-20</amazon_product_url><age_group></age_group><book_review_link></book_review_link><first_chapter_link></first_chapter_link><sunday_review_link></sunday_review_link><article_chapter_link></article_chapter_link><isbns><isbn><isbn10>0316225886</isbn10><isbn13>9780316225885</isbn13></isbn><isbn><isbn10>0316387797</isbn10><isbn13>9780316387798</isbn13></isbn><isbn><isbn10>0316225894</isbn10><isbn13>9780316225892</isbn13></isbn><isbn><isbn10>145552414X</isbn10><isbn13>9781455524143</isbn13></isbn><isbn><isbn10>1455524158</isbn10><isbn13>9781455524150</isbn13></isbn></isbns><buy_links><buy_link><name>Local Booksellers</name><url>http://www.indiebound.org/book/9780316225885?aff=NYT</url></buy_link><buy_link><name>Barnes and Noble</name><url>http://www.anrdoezrs.net/click-7990613-11819508?url=http%3A%2F%2Fwww.barnesandnoble.com%2Fw%2F%3Fean%3D9780316225885</url></buy_link><buy_link><name>Amazon</name><url>http://www.amazon.com/The-Crossing-Harry-Bosch-Novel-ebook/dp/B00U6DNZOY?tag=NYTBS-20</url></buy_link></buy_links></book><book><rank>17</rank><rank_last_week>0</rank_last_week><weeks_on_list>0</weeks_on_list><asterisk>0</asterisk><dagger>0</dagger><primary_isbn10>0385354282</primary_isbn10><primary_isbn13>9780385354288</primary_isbn13><publisher>Knopf</publisher><description>Lisbeth Salander and Mikael Blomkvist are back in this continuation of Stieg Larsson's Millennium series.</description><price>0</price><title>THE GIRL IN THE SPIDER'S WEB</title><author>David Lagercrantz</author><contributor>by David Lagercrantz</contributor><contributor_note></contributor_note><book_image>https://s1.nyt.com/du/books/images/9780385354288.jpg</book_image><book_image_width>330</book_image_width><book_image_height>476</book_image_height><amazon_product_url>http://www.amazon.com/The-Girl-Spiders-Web-continuing/dp/0385354282?tag=NYTBS-20</amazon_product_url><age_group></age_group><book_review_link></book_review_link><first_chapter_link></first_chapter_link><sunday_review_link></sunday_review_link><article_chapter_link></article_chapter_link><isbns><isbn><isbn10>0385354282</isbn10><isbn13>9780385354288</isbn13></isbn><isbn><isbn10>0385354290</isbn10><isbn13>9780385354295</isbn13></isbn><isbn><isbn10>110194675X</isbn10><isbn13>9781101946756</isbn13></isbn><isbn><isbn10>1101872004</isbn10><isbn13>9781101872000</isbn13></isbn><isbn><isbn10>052556456X</isbn10><isbn13>9780525564560</isbn13></isbn></isbns><buy_links><buy_link><name>Local Booksellers</name><url>http://www.indiebound.org/book/9780385354288?aff=NYT</url></buy_link><buy_link><name>Barnes and Noble</name><url>http://www.anrdoezrs.net/click-7990613-11819508?url=http%3A%2F%2Fwww.barnesandnoble.com%2Fw%2F%3Fean%3D9780385354288</url></buy_link><buy_link><name>Amazon</name><url>http://www.amazon.com/The-Girl-Spiders-Web-continuing/dp/0385354282?tag=NYTBS-20</url></buy_link></buy_links></book><book><rank>18</rank><rank_last_week>0</rank_last_week><weeks_on_list>0</weeks_on_list><asterisk>0</asterisk><dagger>0</dagger><primary_isbn10>1594634475</primary_isbn10><primary_isbn13>9781594634475</primary_isbn13><publisher>Riverhead</publisher><description>The story of a marriage, and of the personal tragedies that govern it, is told from each spouse’s perspective, with inspiration from classical themes.</description><price>0</price><title>FATES AND FURIES</title><author>Lauren Groff</author><contributor>by Lauren Groff</contributor><contributor_note></contributor_note><book_image>https://s1.nyt.com/du/books/images/9780698405127.jpg</book_image><book_image_width>330</book_image_width><book_image_height>485</book_image_height><amazon_product_url>http://www.amazon.com/Fates-Furies-Novel-Lauren-Groff/dp/1594634475?tag=NYTBS-20</amazon_product_url><age_group></age_group><book_review_link></book_review_link><first_chapter_link></first_chapter_link><sunday_review_link>https://www.nytimes.com/2015/09/13/books/review/lauren-groffs-fates-and-furies.html</sunday_review_link><article_chapter_link></article_chapter_link><isbns><isbn><isbn10>1594634475</isbn10><isbn13>9781594634475</isbn13></isbn><isbn><isbn10>0698405129</isbn10><isbn13>9780698405127</isbn13></isbn><isbn><isbn10>1594634483</isbn10><isbn13>9781594634482</isbn13></isbn></isbns><buy_links><buy_link><name>Local Booksellers</name><url>http://www.indiebound.org/book/9781594634475?aff=NYT</url></buy_link><buy_link><name>Barnes and Noble</name><url>http://www.anrdoezrs.net/click-7990613-11819508?url=http%3A%2F%2Fwww.barnesandnoble.com%2Fw%2F%3Fean%3D9781594634475</url></buy_link><buy_link><name>Amazon</name><url>http://www.amazon.com/Fates-Furies-Novel-Lauren-Groff/dp/1594634475?tag=NYTBS-20</url></buy_link></buy_links></book><book><rank>19</rank><rank_last_week>0</rank_last_week><weeks_on_list>0</weeks_on_list><asterisk>0</asterisk><dagger>0</dagger><primary_isbn10>0062008676</primary_isbn10><primary_isbn13>9780062008671</primary_isbn13><publisher>Harper Perennial</publisher><description>A family home on an Australian island is bequeathed to an outsider and the clan's conflicts and secrets along with it.</description><price>0</price><title>THE LAST ANNIVERSARY</title><author>Liane Moriarty</author><contributor>by Liane Moriarty</contributor><contributor_note></contributor_note><book_image>https://s1.nyt.com/du/books/images/9780062008671.jpg</book_image><book_image_width>330</book_image_width><book_image_height>440</book_image_height><amazon_product_url>http://www.amazon.com/The-Last-Anniversary-Liane-Moriarty-ebook/dp/B003F1WMCK?tag=NYTBS-20</amazon_product_url><age_group></age_group><book_review_link></book_review_link><first_chapter_link></first_chapter_link><sunday_review_link></sunday_review_link><article_chapter_link></article_chapter_link><isbns><isbn><isbn10>0062008676</isbn10><isbn13>9780062008671</isbn13></isbn><isbn><isbn10>0060890681</isbn10><isbn13>9780060890681</isbn13></isbn></isbns><buy_links><buy_link><name>Local Booksellers</name><url>http://www.indiebound.org/book/9780062008671?aff=NYT</url></buy_link><buy_link><name>Barnes and Noble</name><url>http://www.anrdoezrs.net/click-7990613-11819508?url=http%3A%2F%2Fwww.barnesandnoble.com%2Fw%2F%3Fean%3D9780062008671</url></buy_link><buy_link><name>Amazon</name><url>http://www.amazon.com/The-Last-Anniversary-Liane-Moriarty-ebook/dp/B003F1WMCK?tag=NYTBS-20</url></buy_link></buy_links></book><book><rank>20</rank><rank_last_week>0</rank_last_week><weeks_on_list>0</weeks_on_list><asterisk>0</asterisk><dagger>0</dagger><primary_isbn10>1609450787</primary_isbn10><primary_isbn13>9781609450786</primary_isbn13><publisher>Europa Editions</publisher><description>The first installment in the author’s Neapolitan series, about the lifelong friendship between two women.</description><price>0</price><title>MY BRILLIANT FRIEND</title><author>Elena Ferrante</author><contributor>by Elena Ferrante</contributor><contributor_note></contributor_note><book_image>https://s1.nyt.com/du/books/images/9781609450786.jpg</book_image><book_image_width>128</book_image_width><book_image_height>199</book_image_height><amazon_product_url>http://www.amazon.com/Brilliant-Friend-Neapolitan-Elena-Ferrante/dp/1609450787?tag=NYTBS-20</amazon_product_url><age_group></age_group><book_review_link></book_review_link><first_chapter_link></first_chapter_link><sunday_review_link></sunday_review_link><article_chapter_link></article_chapter_link><isbns><isbn><isbn10>1609450787</isbn10><isbn13>9781609450786</isbn13></isbn><isbn><isbn10>1609455061</isbn10><isbn13>9781609455064</isbn13></isbn></isbns><buy_links><buy_link><name>Local Booksellers</name><url>http://www.indiebound.org/book/9781609450786?aff=NYT</url></buy_link><buy_link><name>Barnes and Noble</name><url>http://www.anrdoezrs.net/click-7990613-11819508?url=http%3A%2F%2Fwww.barnesandnoble.com%2Fw%2F%3Fean%3D9781609450786</url></buy_link><buy_link><name>Amazon</name><url>http://www.amazon.com/Brilliant-Friend-Neapolitan-Elena-Ferrante/dp/1609450787?tag=NYTBS-20</url></buy_link></buy_links></book></books><corrections/></results></result_set>
