<?xml version="1.0" encoding="UTF-8"?>
<result_set><status>OK</status><copyright>Copyright (c) 2018 The New York Times Company.  All Rights Reserved.</copyright><num_results>20</num_results><last_modified>2017-03-21T13:38:01-04:00</last_modified><results><list_name>Combined Print and E-Book Fiction</list_name><list_name_encoded>combined-print-and-e-book-fiction</list_name_encoded><bestsellers_date>2016-06-04</bestsellers_date><published_date>2016-06-19</published_date><published_date_description></published_date_description><next_published_date>2016-06-26</next_published_date><previous_published_date>2016-06-12</previous_published_date><display_name><![CDATA[Combined Print & E-Book Fiction]]></display_name><normal_list_ends_at>15</normal_list_ends_at><updated>WEEKLY</updated><books><book><rank>1</rank><rank_last_week>1</rank_last_week><weeks_on_list>18</weeks_on_list><asterisk>0</asterisk><dagger>0</dagger><primary_isbn10></primary_isbn10><primary_isbn13>9781101606377</primary_isbn13><publisher>Penguin</publisher><description>A woman who has barely been beyond her English village finds herself while caring for a wealthy, embittered quadriplegic.</description><price>0</price><title>ME BEFORE YOU</title><author>Jojo Moyes</author><contributor>by Jojo Moyes</contributor><contributor_note></contributor_note><book_image>https://s1.nyt.com/du/books/images/9780143124542.jpg</book_image><book_image_width>323</book_image_width><book_image_height>495</book_image_height><amazon_product_url>http://www.amazon.com/Me-Before-You-A-Novel/dp/0143124544?tag=NYTBS-20</amazon_product_url><age_group></age_group><book_review_link></book_review_link><first_chapter_link></first_chapter_link><sunday_review_link>https://www.nytimes.com/2013/01/06/books/review/me-before-you-by-jojo-moyes.html</sunday_review_link><article_chapter_link></article_chapter_link><isbns><isbn><isbn10>0670026603</isbn10><isbn13>9780670026609</isbn13></isbn><isbn><isbn10>0143124544</isbn10><isbn13>9780143124542</isbn13></isbn><isbn><isbn10>1594137390</isbn10><isbn13>9781594137396</isbn13></isbn><isbn><isbn10>0143109464</isbn10><isbn13>9780143109464</isbn13></isbn><isbn><isbn10>0143130153</isbn10><isbn13>9780143130154</isbn13></isbn></isbns><buy_links><buy_link><name>Local Booksellers</name><url>http://www.indiebound.org/book/9781101606377?aff=NYT</url></buy_link><buy_link><name>Barnes and Noble</name><url>http://www.anrdoezrs.net/click-7990613-11819508?url=http%3A%2F%2Fwww.barnesandnoble.com%2Fw%2F%3Fean%3D9781101606377</url></buy_link><buy_link><name>Amazon</name><url>http://www.amazon.com/Me-Before-You-A-Novel/dp/0143124544?tag=NYTBS-20</url></buy_link></buy_links></book><book><rank>2</rank><rank_last_week>0</rank_last_week><weeks_on_list>1</weeks_on_list><asterisk>0</asterisk><dagger>0</dagger><primary_isbn10>None</primary_isbn10><primary_isbn13>9780698406513</primary_isbn13><publisher>Putnam</publisher><description>Juan Cabrillo teams up with a former C.I.A. colleague to thwart a plan involving the death of millions and international economic meltdown.</description><price>0</price><title>THE EMPEROR'S REVENGE</title><author>Clive Cussler and Boyd Morrison</author><contributor>by Clive Cussler and Boyd Morrison</contributor><contributor_note></contributor_note><book_image>https://s1.nyt.com/du/books/images/9780399175961.jpg</book_image><book_image_width>328</book_image_width><book_image_height>495</book_image_height><amazon_product_url>http://www.amazon.com/Emperors-Revenge-Oregon-Files/dp/0399175962?tag=NYTBS-20</amazon_product_url><age_group></age_group><book_review_link></book_review_link><first_chapter_link></first_chapter_link><sunday_review_link></sunday_review_link><article_chapter_link></article_chapter_link><isbns><isbn><isbn10>0399175962</isbn10><isbn13>9780399175961</isbn13></isbn></isbns><buy_links><buy_link><name>Local Booksellers</name><url>http://www.indiebound.org/book/9780698406513?aff=NYT</url></buy_link><buy_link><name>Barnes and Noble</name><url>http://www.anrdoezrs.net/click-7990613-11819508?url=http%3A%2F%2Fwww.barnesandnoble.com%2Fw%2F%3Fean%3D9780698406513</url></buy_link><buy_link><name>Amazon</name><url>http://www.amazon.com/Emperors-Revenge-Oregon-Files/dp/0399175962?tag=NYTBS-20</url></buy_link></buy_links></book><book><rank>3</rank><rank_last_week>0</rank_last_week><weeks_on_list>1</weeks_on_list><asterisk>0</asterisk><dagger>0</dagger><primary_isbn10>0062371843</primary_isbn10><primary_isbn13>9780062371843</primary_isbn13><publisher>Avon</publisher><description>A commoner rises above his station and seeks a wife reflective of his standing.</description><price>0</price><title>MARRYING WINTERBORNE</title><author>Lisa Kleypas</author><contributor>by Lisa Kleypas</contributor><contributor_note></contributor_note><book_image>https://s1.nyt.com/du/books/images/9780062371850.jpg</book_image><book_image_width>307</book_image_width><book_image_height>495</book_image_height><amazon_product_url>http://www.amazon.com/Marrying-Winterborne-Lisa-Kleypas/dp/0062371851?tag=NYTBS-20</amazon_product_url><age_group></age_group><book_review_link></book_review_link><first_chapter_link></first_chapter_link><sunday_review_link></sunday_review_link><article_chapter_link></article_chapter_link><isbns><isbn><isbn10>0062371851</isbn10><isbn13>9780062371850</isbn13></isbn><isbn><isbn10>0062371843</isbn10><isbn13>9780062371843</isbn13></isbn></isbns><buy_links><buy_link><name>Local Booksellers</name><url>http://www.indiebound.org/book/9780062371843?aff=NYT</url></buy_link><buy_link><name>Barnes and Noble</name><url>http://www.anrdoezrs.net/click-7990613-11819508?url=http%3A%2F%2Fwww.barnesandnoble.com%2Fw%2F%3Fean%3D9780062371843</url></buy_link><buy_link><name>Amazon</name><url>http://www.amazon.com/Marrying-Winterborne-Lisa-Kleypas/dp/0062371851?tag=NYTBS-20</url></buy_link></buy_links></book><book><rank>4</rank><rank_last_week>0</rank_last_week><weeks_on_list>1</weeks_on_list><asterisk>0</asterisk><dagger>0</dagger><primary_isbn10>1455561800</primary_isbn10><primary_isbn13>9781455561803</primary_isbn13><publisher>Grand Central</publisher><description>After a private jet crashes, a firestorm of media madness ensues.</description><price>0</price><title>BEFORE THE FALL</title><author>Noah Hawley</author><contributor>by Noah Hawley</contributor><contributor_note></contributor_note><book_image>https://s1.nyt.com/du/books/images/9781455561803.jpg</book_image><book_image_width>329</book_image_width><book_image_height>495</book_image_height><amazon_product_url>http://www.amazon.com/Before-Fall-Noah-Hawley-ebook/dp/B0151YQUTE?tag=NYTBS-20</amazon_product_url><age_group></age_group><book_review_link>https://www.nytimes.com/2016/06/05/books/review/noah-hawleys-before-the-fall.html</book_review_link><first_chapter_link></first_chapter_link><sunday_review_link></sunday_review_link><article_chapter_link></article_chapter_link><isbns><isbn><isbn10>1455561789</isbn10><isbn13>9781455561780</isbn13></isbn><isbn><isbn10>1455566144</isbn10><isbn13>9781455566143</isbn13></isbn><isbn><isbn10>1455561800</isbn10><isbn13>9781455561803</isbn13></isbn><isbn><isbn10>1455568554</isbn10><isbn13>9781455568550</isbn13></isbn><isbn><isbn10>1455596329</isbn10><isbn13>9781455596324</isbn13></isbn><isbn><isbn10>1455561797</isbn10><isbn13>9781455561797</isbn13></isbn></isbns><buy_links><buy_link><name>Local Booksellers</name><url>http://www.indiebound.org/book/9781455561803?aff=NYT</url></buy_link><buy_link><name>Barnes and Noble</name><url>http://www.anrdoezrs.net/click-7990613-11819508?url=http%3A%2F%2Fwww.barnesandnoble.com%2Fw%2F%3Fean%3D9781455561803</url></buy_link><buy_link><name>Amazon</name><url>http://www.amazon.com/Before-Fall-Noah-Hawley-ebook/dp/B0151YQUTE?tag=NYTBS-20</url></buy_link></buy_links></book><book><rank>5</rank><rank_last_week>0</rank_last_week><weeks_on_list>1</weeks_on_list><asterisk>0</asterisk><dagger>0</dagger><primary_isbn10>0062390775</primary_isbn10><primary_isbn13>9780062390776</primary_isbn13><publisher>Morrow/HarperCollins</publisher><description>An interior decorator with a billionaire client list balks at retiring with her husband to a South Carolina island.</description><price>0</price><title>ALL SUMMER LONG</title><author>Dorothea Benton Frank</author><contributor>by Dorothea Benton Frank</contributor><contributor_note></contributor_note><book_image>https://s1.nyt.com/du/books/images/9780062390776.jpg</book_image><book_image_width>327</book_image_width><book_image_height>495</book_image_height><amazon_product_url>http://www.amazon.com/Summer-Long-Dorothea-Benton-Frank-ebook/dp/B015MOCRMC?tag=NYTBS-20</amazon_product_url><age_group></age_group><book_review_link></book_review_link><first_chapter_link></first_chapter_link><sunday_review_link></sunday_review_link><article_chapter_link></article_chapter_link><isbns><isbn><isbn10>0062390759</isbn10><isbn13>9780062390752</isbn13></isbn><isbn><isbn10>0062390775</isbn10><isbn13>9780062390776</isbn13></isbn></isbns><buy_links><buy_link><name>Local Booksellers</name><url>http://www.indiebound.org/book/9780062390776?aff=NYT</url></buy_link><buy_link><name>Barnes and Noble</name><url>http://www.anrdoezrs.net/click-7990613-11819508?url=http%3A%2F%2Fwww.barnesandnoble.com%2Fw%2F%3Fean%3D9780062390776</url></buy_link><buy_link><name>Amazon</name><url>http://www.amazon.com/Summer-Long-Dorothea-Benton-Frank-ebook/dp/B015MOCRMC?tag=NYTBS-20</url></buy_link></buy_links></book><book><rank>6</rank><rank_last_week>6</rank_last_week><weeks_on_list>7</weeks_on_list><asterisk>0</asterisk><dagger>0</dagger><primary_isbn10>0698152042</primary_isbn10><primary_isbn13>9780698152045</primary_isbn13><publisher>Pamela Dorman/Viking</publisher><description>After the death of Will Traynor, Louisa Clark joins a grief support group that may lead her to new love.</description><price>0</price><title>AFTER YOU</title><author>Jojo Moyes</author><contributor>by Jojo Moyes</contributor><contributor_note></contributor_note><book_image>https://s1.nyt.com/du/books/images/9780698152045.jpg</book_image><book_image_width>328</book_image_width><book_image_height>495</book_image_height><amazon_product_url>http://www.amazon.com/After-You-Novel-Jojo-Moyes/dp/0525426590?tag=NYTBS-20</amazon_product_url><age_group></age_group><book_review_link></book_review_link><first_chapter_link></first_chapter_link><sunday_review_link></sunday_review_link><article_chapter_link></article_chapter_link><isbns><isbn><isbn10>0525426590</isbn10><isbn13>9780525426592</isbn13></isbn><isbn><isbn10>0698152042</isbn10><isbn13>9780698152045</isbn13></isbn><isbn><isbn10>0143108867</isbn10><isbn13>9780143108863</isbn13></isbn><isbn><isbn10>1432834223</isbn10><isbn13>9781432834227</isbn13></isbn><isbn><isbn10>0143131397</isbn10><isbn13>9780143131397</isbn13></isbn></isbns><buy_links><buy_link><name>Local Booksellers</name><url>http://www.indiebound.org/book/9780698152045?aff=NYT</url></buy_link><buy_link><name>Barnes and Noble</name><url>http://www.anrdoezrs.net/click-7990613-11819508?url=http%3A%2F%2Fwww.barnesandnoble.com%2Fw%2F%3Fean%3D9780698152045</url></buy_link><buy_link><name>Amazon</name><url>http://www.amazon.com/After-You-Novel-Jojo-Moyes/dp/0525426590?tag=NYTBS-20</url></buy_link></buy_links></book><book><rank>7</rank><rank_last_week>3</rank_last_week><weeks_on_list>5</weeks_on_list><asterisk>0</asterisk><dagger>0</dagger><primary_isbn10>031629005X</primary_isbn10><primary_isbn13>9780316290050</primary_isbn13><publisher>Little, Brown</publisher><description>When a brutal murder threatens the domestic happiness of the San Francisco police detective Lindsay Boxer, she turns for help to the Women’s Murder Club.</description><price>0</price><title>15TH AFFAIR</title><author>James Patterson and Maxine Paetro</author><contributor>by James Patterson and Maxine Paetro</contributor><contributor_note></contributor_note><book_image>https://s1.nyt.com/du/books/images/9780316407076.jpg</book_image><book_image_width>320</book_image_width><book_image_height>495</book_image_height><amazon_product_url>http://www.amazon.com/15th-Affair-Womens-Murder-Club/dp/0316407070?tag=NYTBS-20</amazon_product_url><age_group></age_group><book_review_link></book_review_link><first_chapter_link></first_chapter_link><sunday_review_link></sunday_review_link><article_chapter_link></article_chapter_link><isbns><isbn><isbn10>0316407070</isbn10><isbn13>9780316407076</isbn13></isbn><isbn><isbn10>0316290033</isbn10><isbn13>9780316290036</isbn13></isbn><isbn><isbn10>031629005X</isbn10><isbn13>9780316290050</isbn13></isbn><isbn><isbn10>1455585270</isbn10><isbn13>9781455585274</isbn13></isbn></isbns><buy_links><buy_link><name>Local Booksellers</name><url>http://www.indiebound.org/book/9780316290050?aff=NYT</url></buy_link><buy_link><name>Barnes and Noble</name><url>http://www.anrdoezrs.net/click-7990613-11819508?url=http%3A%2F%2Fwww.barnesandnoble.com%2Fw%2F%3Fean%3D9780316290050</url></buy_link><buy_link><name>Amazon</name><url>http://www.amazon.com/15th-Affair-Womens-Murder-Club/dp/0316407070?tag=NYTBS-20</url></buy_link></buy_links></book><book><rank>8</rank><rank_last_week>0</rank_last_week><weeks_on_list>1</weeks_on_list><asterisk>0</asterisk><dagger>0</dagger><primary_isbn10>081299650X</primary_isbn10><primary_isbn13>9780812996500</primary_isbn13><publisher>Random House</publisher><description>A Resistance leader aids the wartime effort without losing sight of the simple and essential pleasures of life.</description><price>0</price><title>A HERO OF FRANCE</title><author>Alan Furst</author><contributor>by Alan Furst</contributor><contributor_note></contributor_note><book_image>https://s1.nyt.com/du/books/images/9780812996500.jpg</book_image><book_image_width>317</book_image_width><book_image_height>495</book_image_height><amazon_product_url>http://www.amazon.com/Hero-France-Novel-Alan-Furst-ebook/dp/B018CHH2A8?tag=NYTBS-20</amazon_product_url><age_group></age_group><book_review_link>https://www.nytimes.com/2016/06/05/books/review/alan-fursts-a-hero-of-france.html</book_review_link><first_chapter_link></first_chapter_link><sunday_review_link></sunday_review_link><article_chapter_link></article_chapter_link><isbns><isbn><isbn10>0812996496</isbn10><isbn13>9780812996494</isbn13></isbn><isbn><isbn10>081299650X</isbn10><isbn13>9780812996500</isbn13></isbn></isbns><buy_links><buy_link><name>Local Booksellers</name><url>http://www.indiebound.org/book/9780812996500?aff=NYT</url></buy_link><buy_link><name>Barnes and Noble</name><url>http://www.anrdoezrs.net/click-7990613-11819508?url=http%3A%2F%2Fwww.barnesandnoble.com%2Fw%2F%3Fean%3D9780812996500</url></buy_link><buy_link><name>Amazon</name><url>http://www.amazon.com/Hero-France-Novel-Alan-Furst-ebook/dp/B018CHH2A8?tag=NYTBS-20</url></buy_link></buy_links></book><book><rank>9</rank><rank_last_week>4</rank_last_week><weeks_on_list>7</weeks_on_list><asterisk>0</asterisk><dagger>0</dagger><primary_isbn10>145558648X</primary_isbn10><primary_isbn13>9781455586486</primary_isbn13><publisher>Grand Central</publisher><description>In a sequel to “Memory Man,” Amos Decker, a detective with an extraordinary memory, investigates the case of a convicted killer who wins a last-minute reprieve.</description><price>0</price><title>THE LAST MILE</title><author>David Baldacci</author><contributor>by David Baldacci</contributor><contributor_note></contributor_note><book_image>https://s1.nyt.com/du/books/images/9781455586455.jpg</book_image><book_image_width>328</book_image_width><book_image_height>495</book_image_height><amazon_product_url>http://www.amazon.com/The-Last-Mile-Amos-Decker-ebook/dp/B016JC0THQ?tag=NYTBS-20</amazon_product_url><age_group></age_group><book_review_link></book_review_link><first_chapter_link></first_chapter_link><sunday_review_link></sunday_review_link><article_chapter_link></article_chapter_link><isbns><isbn><isbn10>1455586455</isbn10><isbn13>9781455586455</isbn13></isbn><isbn><isbn10>145558648X</isbn10><isbn13>9781455586486</isbn13></isbn><isbn><isbn10>1455566020</isbn10><isbn13>9781455566020</isbn13></isbn><isbn><isbn10>1455586463</isbn10><isbn13>9781455586462</isbn13></isbn><isbn><isbn10>1455586447</isbn10><isbn13>9781455586448</isbn13></isbn></isbns><buy_links><buy_link><name>Local Booksellers</name><url>http://www.indiebound.org/book/9781455586486?aff=NYT</url></buy_link><buy_link><name>Barnes and Noble</name><url>http://www.anrdoezrs.net/click-7990613-11819508?url=http%3A%2F%2Fwww.barnesandnoble.com%2Fw%2F%3Fean%3D9781455586486</url></buy_link><buy_link><name>Amazon</name><url>http://www.amazon.com/The-Last-Mile-Amos-Decker-ebook/dp/B016JC0THQ?tag=NYTBS-20</url></buy_link></buy_links></book><book><rank>10</rank><rank_last_week>7</rank_last_week><weeks_on_list>3</weeks_on_list><asterisk>0</asterisk><dagger>0</dagger><primary_isbn10>1466872926</primary_isbn10><primary_isbn13>9781466872929</primary_isbn13><publisher>St. Martin's</publisher><description>On North Carolina’s Belle Isle, a woman investigates her husband’s shady financial affairs after his mysterious death.</description><price>0</price><title>THE WEEKENDERS</title><author>Mary Kay Andrews</author><contributor>by Mary Kay Andrews</contributor><contributor_note></contributor_note><book_image>https://s1.nyt.com/du/books/images/9781466872929.jpg</book_image><book_image_width>327</book_image_width><book_image_height>495</book_image_height><amazon_product_url>http://www.amazon.com/Weekenders-Novel-Mary-Kay-Andrews-ebook/dp/B0177626W4?tag=NYTBS-20</amazon_product_url><age_group></age_group><book_review_link></book_review_link><first_chapter_link></first_chapter_link><sunday_review_link></sunday_review_link><article_chapter_link></article_chapter_link><isbns><isbn><isbn10>1250065941</isbn10><isbn13>9781250065940</isbn13></isbn><isbn><isbn10>1250107067</isbn10><isbn13>9781250107060</isbn13></isbn><isbn><isbn10>1466872926</isbn10><isbn13>9781466872929</isbn13></isbn></isbns><buy_links><buy_link><name>Local Booksellers</name><url>http://www.indiebound.org/book/9781466872929?aff=NYT</url></buy_link><buy_link><name>Barnes and Noble</name><url>http://www.anrdoezrs.net/click-7990613-11819508?url=http%3A%2F%2Fwww.barnesandnoble.com%2Fw%2F%3Fean%3D9781466872929</url></buy_link><buy_link><name>Amazon</name><url>http://www.amazon.com/Weekenders-Novel-Mary-Kay-Andrews-ebook/dp/B0177626W4?tag=NYTBS-20</url></buy_link></buy_links></book><book><rank>11</rank><rank_last_week>5</rank_last_week><weeks_on_list>67</weeks_on_list><asterisk>0</asterisk><dagger>0</dagger><primary_isbn10>1594633665</primary_isbn10><primary_isbn13>9781594633669</primary_isbn13><publisher>Riverhead</publisher><description>A psychological thriller set in the environs of London is full of complications and betrayals.</description><price>0</price><title>THE GIRL ON THE TRAIN</title><author>Paula Hawkins</author><contributor>by Paula Hawkins</contributor><contributor_note></contributor_note><book_image>https://s1.nyt.com/du/books/images/9781594633669.jpg</book_image><book_image_width>312</book_image_width><book_image_height>495</book_image_height><amazon_product_url>http://www.amazon.com/The-Girl-Train-A-Novel-ebook/dp/B00L9B7IKE?tag=NYTBS-20</amazon_product_url><age_group></age_group><book_review_link>https://www.nytimes.com/2015/01/05/books/the-girl-on-the-train-by-paula-hawkins.html</book_review_link><first_chapter_link></first_chapter_link><sunday_review_link>https://www.nytimes.com/2015/02/01/books/review/the-girl-on-the-train-by-paula-hawkins.html</sunday_review_link><article_chapter_link></article_chapter_link><isbns><isbn><isbn10>1594633665</isbn10><isbn13>9781594633669</isbn13></isbn><isbn><isbn10>0698185390</isbn10><isbn13>9780698185395</isbn13></isbn><isbn><isbn10>1410477762</isbn10><isbn13>9781410477767</isbn13></isbn><isbn><isbn10>0857522329</isbn10><isbn13>9780857522320</isbn13></isbn><isbn><isbn10>1448171687</isbn10><isbn13>9781448171682</isbn13></isbn><isbn><isbn10>1594634122</isbn10><isbn13>9781594634123</isbn13></isbn><isbn><isbn10>038568231X</isbn10><isbn13>9780385682312</isbn13></isbn><isbn><isbn10>1594634025</isbn10><isbn13>9781594634024</isbn13></isbn><isbn><isbn10>0735212155</isbn10><isbn13>9780735212152</isbn13></isbn><isbn><isbn10>0735212163</isbn10><isbn13>9780735212169</isbn13></isbn><isbn><isbn10>1432834355</isbn10><isbn13>9781432834357</isbn13></isbn></isbns><buy_links><buy_link><name>Local Booksellers</name><url>http://www.indiebound.org/book/9781594633669?aff=NYT</url></buy_link><buy_link><name>Barnes and Noble</name><url>http://www.anrdoezrs.net/click-7990613-11819508?url=http%3A%2F%2Fwww.barnesandnoble.com%2Fw%2F%3Fean%3D9781594633669</url></buy_link><buy_link><name>Amazon</name><url>http://www.amazon.com/The-Girl-Train-A-Novel-ebook/dp/B00L9B7IKE?tag=NYTBS-20</url></buy_link></buy_links></book><book><rank>12</rank><rank_last_week>0</rank_last_week><weeks_on_list>1</weeks_on_list><asterisk>0</asterisk><dagger>0</dagger><primary_isbn10>1420139037</primary_isbn10><primary_isbn13>9781420139037</primary_isbn13><publisher>Zebra</publisher><description>A woman turns to her former bodyguard when her young son is kidnapped.</description><price>0</price><title>INTO THE WHIRLWIND</title><author>Kat Martin</author><contributor>by Kat Martin</contributor><contributor_note></contributor_note><book_image>https://s1.nyt.com/du/books/images/9781420139037.jpg</book_image><book_image_width>303</book_image_width><book_image_height>495</book_image_height><amazon_product_url>http://www.amazon.com/Into-Whirlwind-BOSS-Inc-Martin-ebook/dp/B01501H2BS?tag=NYTBS-20</amazon_product_url><age_group></age_group><book_review_link></book_review_link><first_chapter_link></first_chapter_link><sunday_review_link></sunday_review_link><article_chapter_link></article_chapter_link><isbns><isbn><isbn10>1420139029</isbn10><isbn13>9781420139020</isbn13></isbn><isbn><isbn10>1420139037</isbn10><isbn13>9781420139037</isbn13></isbn></isbns><buy_links><buy_link><name>Local Booksellers</name><url>http://www.indiebound.org/book/9781420139037?aff=NYT</url></buy_link><buy_link><name>Barnes and Noble</name><url>http://www.anrdoezrs.net/click-7990613-11819508?url=http%3A%2F%2Fwww.barnesandnoble.com%2Fw%2F%3Fean%3D9781420139037</url></buy_link><buy_link><name>Amazon</name><url>http://www.amazon.com/Into-Whirlwind-BOSS-Inc-Martin-ebook/dp/B01501H2BS?tag=NYTBS-20</url></buy_link></buy_links></book><book><rank>13</rank><rank_last_week>10</rank_last_week><weeks_on_list>3</weeks_on_list><asterisk>0</asterisk><dagger>0</dagger><primary_isbn10>1476738025</primary_isbn10><primary_isbn13>9781476738024</primary_isbn13><publisher>Washington Square</publisher><description>A curmudgeon's gruff exterior masks a generosity of spirit. Originally published in Sweden in 2014.</description><price>0</price><title>A MAN CALLED OVE</title><author>Fredrik Backman</author><contributor>by Fredrik Backman</contributor><contributor_note></contributor_note><book_image>https://s1.nyt.com/du/books/images/9781476738024.jpg</book_image><book_image_width>318</book_image_width><book_image_height>495</book_image_height><amazon_product_url>http://www.amazon.com/Man-Called-Ove-Novel/dp/1476738025?tag=NYTBS-20</amazon_product_url><age_group></age_group><book_review_link></book_review_link><first_chapter_link></first_chapter_link><sunday_review_link></sunday_review_link><article_chapter_link></article_chapter_link><isbns><isbn><isbn10>1476738025</isbn10><isbn13>9781476738024</isbn13></isbn><isbn><isbn10>1476738017</isbn10><isbn13>9781476738017</isbn13></isbn><isbn><isbn10>1594139830</isbn10><isbn13>9781594139833</isbn13></isbn><isbn><isbn10>1410472922</isbn10><isbn13>9781410472922</isbn13></isbn></isbns><buy_links><buy_link><name>Local Booksellers</name><url>http://www.indiebound.org/book/9781476738024?aff=NYT</url></buy_link><buy_link><name>Barnes and Noble</name><url>http://www.anrdoezrs.net/click-7990613-11819508?url=http%3A%2F%2Fwww.barnesandnoble.com%2Fw%2F%3Fean%3D9781476738024</url></buy_link><buy_link><name>Amazon</name><url>http://www.amazon.com/Man-Called-Ove-Novel/dp/1476738025?tag=NYTBS-20</url></buy_link></buy_links></book><book><rank>14</rank><rank_last_week>8</rank_last_week><weeks_on_list>11</weeks_on_list><asterisk>0</asterisk><dagger>0</dagger><primary_isbn10>0062414216</primary_isbn10><primary_isbn13>9780062414212</primary_isbn13><publisher>Ecco/HarperCollins</publisher><description>Siblings in a dysfunctional New York family must grapple with a reduced inheritance.</description><price>0</price><title>THE NEST</title><author>Cynthia D'Aprix Sweeney</author><contributor>by Cynthia D'Aprix Sweeney</contributor><contributor_note></contributor_note><book_image>https://s1.nyt.com/du/books/images/9780062414236.jpg</book_image><book_image_width>328</book_image_width><book_image_height>495</book_image_height><amazon_product_url>http://www.amazon.com/The-Nest-Cynthia-DAprix-Sweeney-ebook/dp/B010LU8V8Q?tag=NYTBS-20</amazon_product_url><age_group></age_group><book_review_link></book_review_link><first_chapter_link></first_chapter_link><sunday_review_link></sunday_review_link><article_chapter_link></article_chapter_link><isbns><isbn><isbn10>0062414216</isbn10><isbn13>9780062414212</isbn13></isbn><isbn><isbn10>0062414232</isbn10><isbn13>9780062414236</isbn13></isbn><isbn><isbn10>0062441655</isbn10><isbn13>9780062441652</isbn13></isbn><isbn><isbn10>0062414224</isbn10><isbn13>9780062414229</isbn13></isbn></isbns><buy_links><buy_link><name>Local Booksellers</name><url>http://www.indiebound.org/book/9780062414212?aff=NYT</url></buy_link><buy_link><name>Barnes and Noble</name><url>http://www.anrdoezrs.net/click-7990613-11819508?url=http%3A%2F%2Fwww.barnesandnoble.com%2Fw%2F%3Fean%3D9780062414212</url></buy_link><buy_link><name>Amazon</name><url>http://www.amazon.com/The-Nest-Cynthia-DAprix-Sweeney-ebook/dp/B010LU8V8Q?tag=NYTBS-20</url></buy_link></buy_links></book><book><rank>15</rank><rank_last_week>2</rank_last_week><weeks_on_list>2</weeks_on_list><asterisk>0</asterisk><dagger>0</dagger><primary_isbn10>0804177643</primary_isbn10><primary_isbn13>9780804177641</primary_isbn13><publisher>Ballantine</publisher><description>In the conclusion to the trilogy that included “The Passage” and “The Twelve,” the virals bent on destroying humanity seem to have been vanquished, only to rise again.</description><price>0</price><title>THE CITY OF MIRRORS</title><author>Justin Cronin</author><contributor>by Justin Cronin</contributor><contributor_note></contributor_note><book_image>https://s1.nyt.com/du/books/images/9780804177641.jpg</book_image><book_image_width>326</book_image_width><book_image_height>495</book_image_height><amazon_product_url>http://www.amazon.com/City-Mirrors-Novel-Passage-Trilogy-ebook/dp/B015BCWZWW?tag=NYTBS-20</amazon_product_url><age_group></age_group><book_review_link></book_review_link><first_chapter_link></first_chapter_link><sunday_review_link></sunday_review_link><article_chapter_link></article_chapter_link><isbns><isbn><isbn10>034550500X</isbn10><isbn13>9780345505002</isbn13></isbn><isbn><isbn10>0804177643</isbn10><isbn13>9780804177641</isbn13></isbn></isbns><buy_links><buy_link><name>Local Booksellers</name><url>http://www.indiebound.org/book/9780804177641?aff=NYT</url></buy_link><buy_link><name>Barnes and Noble</name><url>http://www.anrdoezrs.net/click-7990613-11819508?url=http%3A%2F%2Fwww.barnesandnoble.com%2Fw%2F%3Fean%3D9780804177641</url></buy_link><buy_link><name>Amazon</name><url>http://www.amazon.com/City-Mirrors-Novel-Passage-Trilogy-ebook/dp/B015BCWZWW?tag=NYTBS-20</url></buy_link></buy_links></book><book><rank>16</rank><rank_last_week>0</rank_last_week><weeks_on_list>0</weeks_on_list><asterisk>0</asterisk><dagger>0</dagger><primary_isbn10>1101967064</primary_isbn10><primary_isbn13>9781101967065</primary_isbn13><publisher>Ballantine</publisher><description></description><price>0</price><title>THE ISLAND HOUSE</title><author>Nancy Thayer</author><contributor>by Nancy Thayer</contributor><contributor_note></contributor_note><book_image>https://s1.nyt.com/du/books/images/9781101967065.jpg</book_image><book_image_width>326</book_image_width><book_image_height>495</book_image_height><amazon_product_url>http://www.amazon.com/Island-House-Novel-Nancy-Thayer-ebook/dp/B015BCX0DU?tag=NYTBS-20</amazon_product_url><age_group></age_group><book_review_link></book_review_link><first_chapter_link></first_chapter_link><sunday_review_link></sunday_review_link><article_chapter_link></article_chapter_link><isbns><isbn><isbn10>1101967048</isbn10><isbn13>9781101967041</isbn13></isbn><isbn><isbn10>1101967064</isbn10><isbn13>9781101967065</isbn13></isbn></isbns><buy_links><buy_link><name>Local Booksellers</name><url>http://www.indiebound.org/book/9781101967065?aff=NYT</url></buy_link><buy_link><name>Barnes and Noble</name><url>http://www.anrdoezrs.net/click-7990613-11819508?url=http%3A%2F%2Fwww.barnesandnoble.com%2Fw%2F%3Fean%3D9781101967065</url></buy_link><buy_link><name>Amazon</name><url>http://www.amazon.com/Island-House-Novel-Nancy-Thayer-ebook/dp/B015BCX0DU?tag=NYTBS-20</url></buy_link></buy_links></book><book><rank>17</rank><rank_last_week>0</rank_last_week><weeks_on_list>0</weeks_on_list><asterisk>0</asterisk><dagger>0</dagger><primary_isbn10>None</primary_isbn10><primary_isbn13>9780698407978</primary_isbn13><publisher>Riverhead</publisher><description>Two Ditmas Park families weather waves of change over the course of a steamy summer.</description><price>0</price><title>MODERN LOVERS</title><author>Emma Straub</author><contributor>by Emma Straub</contributor><contributor_note></contributor_note><book_image>https://s1.nyt.com/du/books/images/9781594634673.jpg</book_image><book_image_width>328</book_image_width><book_image_height>495</book_image_height><amazon_product_url>http://www.amazon.com/Modern-Lovers-Emma-Straub/dp/159463467X?tag=NYTBS-20</amazon_product_url><age_group></age_group><book_review_link>https://www.nytimes.com/2016/06/05/books/review/emma-straubs-modern-lovers.html</book_review_link><first_chapter_link></first_chapter_link><sunday_review_link></sunday_review_link><article_chapter_link></article_chapter_link><isbns><isbn><isbn10>159463467X</isbn10><isbn13>9781594634673</isbn13></isbn></isbns><buy_links><buy_link><name>Local Booksellers</name><url>http://www.indiebound.org/book/9780698407978?aff=NYT</url></buy_link><buy_link><name>Barnes and Noble</name><url>http://www.anrdoezrs.net/click-7990613-11819508?url=http%3A%2F%2Fwww.barnesandnoble.com%2Fw%2F%3Fean%3D9780698407978</url></buy_link><buy_link><name>Amazon</name><url>http://www.amazon.com/Modern-Lovers-Emma-Straub/dp/159463467X?tag=NYTBS-20</url></buy_link></buy_links></book><book><rank>18</rank><rank_last_week>0</rank_last_week><weeks_on_list>0</weeks_on_list><asterisk>0</asterisk><dagger>0</dagger><primary_isbn10>0515154121</primary_isbn10><primary_isbn13>9780515154122</primary_isbn13><publisher>Putnam</publisher><description>After a writer and house-sitter observes what appears to be a murder/suicide, she and the victim's brother finds themselves targeted for death.</description><price>0</price><title>THE COLLECTOR</title><author>Nora Roberts</author><contributor>by Nora Roberts</contributor><contributor_note></contributor_note><book_image>https://s1.nyt.com/du/books/images/9781101617281.jpg</book_image><book_image_width>128</book_image_width><book_image_height>194</book_image_height><amazon_product_url>http://www.amazon.com/The-Collector-Nora-Roberts/dp/0399164456?tag=NYTBS-20</amazon_product_url><age_group></age_group><book_review_link></book_review_link><first_chapter_link></first_chapter_link><sunday_review_link></sunday_review_link><article_chapter_link></article_chapter_link><isbns><isbn><isbn10>0399164456</isbn10><isbn13>9780399164453</isbn13></isbn><isbn><isbn10>1101617284</isbn10><isbn13>9781101617281</isbn13></isbn><isbn><isbn10>0399171088</isbn10><isbn13>9780399171086</isbn13></isbn><isbn><isbn10>042527831X</isbn10><isbn13>9780425278314</isbn13></isbn><isbn><isbn10>0515154121</isbn10><isbn13>9780515154122</isbn13></isbn></isbns><buy_links><buy_link><name>Local Booksellers</name><url>http://www.indiebound.org/book/9780515154122?aff=NYT</url></buy_link><buy_link><name>Barnes and Noble</name><url>http://www.anrdoezrs.net/click-7990613-11819508?url=http%3A%2F%2Fwww.barnesandnoble.com%2Fw%2F%3Fean%3D9780515154122</url></buy_link><buy_link><name>Amazon</name><url>http://www.amazon.com/The-Collector-Nora-Roberts/dp/0399164456?tag=NYTBS-20</url></buy_link></buy_links></book><book><rank>19</rank><rank_last_week>0</rank_last_week><weeks_on_list>0</weeks_on_list><asterisk>0</asterisk><dagger>0</dagger><primary_isbn10>1466850604</primary_isbn10><primary_isbn13>9781466850606</primary_isbn13><publisher>St. Martin's</publisher><description>Two sisters in World War II France: one struggling to survive in the countryside, the other joining the Resistance.</description><price>0</price><title>THE NIGHTINGALE</title><author>Kristin Hannah</author><contributor>by Kristin Hannah</contributor><contributor_note></contributor_note><book_image>https://s1.nyt.com/du/books/images/9781466850606.jpg</book_image><book_image_width>128</book_image_width><book_image_height>195</book_image_height><amazon_product_url>http://www.amazon.com/The-Nightingale-Kristin-Hannah/dp/0312577222?tag=NYTBS-20</amazon_product_url><age_group></age_group><book_review_link></book_review_link><first_chapter_link></first_chapter_link><sunday_review_link></sunday_review_link><article_chapter_link></article_chapter_link><isbns><isbn><isbn10>0312577222</isbn10><isbn13>9780312577223</isbn13></isbn><isbn><isbn10>1466850604</isbn10><isbn13>9781466850606</isbn13></isbn><isbn><isbn10>1628995017</isbn10><isbn13>9781628995015</isbn13></isbn><isbn><isbn10>1250080401</isbn10><isbn13>9781250080400</isbn13></isbn></isbns><buy_links><buy_link><name>Local Booksellers</name><url>http://www.indiebound.org/book/9781466850606?aff=NYT</url></buy_link><buy_link><name>Barnes and Noble</name><url>http://www.anrdoezrs.net/click-7990613-11819508?url=http%3A%2F%2Fwww.barnesandnoble.com%2Fw%2F%3Fean%3D9781466850606</url></buy_link><buy_link><name>Amazon</name><url>http://www.amazon.com/The-Nightingale-Kristin-Hannah/dp/0312577222?tag=NYTBS-20</url></buy_link></buy_links></book><book><rank>20</rank><rank_last_week>0</rank_last_week><weeks_on_list>0</weeks_on_list><asterisk>0</asterisk><dagger>0</dagger><primary_isbn10>0345449436</primary_isbn10><primary_isbn13>9780345449436</primary_isbn13><publisher>Ballantine</publisher><description>Rizzoli, the Boston homicide detective, tracks a serial killer with a grisly habit. Originally published in 2001.</description><price>0</price><title>THE SURGEON</title><author>Tess Gerritsen</author><contributor>by Tess Gerritsen</contributor><contributor_note></contributor_note><book_image>https://s1.nyt.com/du/books/images/9780345449436.jpg</book_image><book_image_width>276</book_image_width><book_image_height>495</book_image_height><amazon_product_url>http://www.amazon.com/Surgeon-Rizzoli-Isles-Novel-ebook/dp/B000FBFM3E?tag=NYTBS-20</amazon_product_url><age_group></age_group><book_review_link></book_review_link><first_chapter_link></first_chapter_link><sunday_review_link></sunday_review_link><article_chapter_link></article_chapter_link><isbns><isbn><isbn10>0345449436</isbn10><isbn13>9780345449436</isbn13></isbn><isbn><isbn10>1101887427</isbn10><isbn13>9781101887424</isbn13></isbn></isbns><buy_links><buy_link><name>Local Booksellers</name><url>http://www.indiebound.org/book/9780345449436?aff=NYT</url></buy_link><buy_link><name>Barnes and Noble</name><url>http://www.anrdoezrs.net/click-7990613-11819508?url=http%3A%2F%2Fwww.barnesandnoble.com%2Fw%2F%3Fean%3D9780345449436</url></buy_link><buy_link><name>Amazon</name><url>http://www.amazon.com/Surgeon-Rizzoli-Isles-Novel-ebook/dp/B000FBFM3E?tag=NYTBS-20</url></buy_link></buy_links></book></books><corrections/></results></result_set>
