<?xml version="1.0" encoding="UTF-8"?>
<result_set><status>OK</status><copyright>Copyright (c) 2018 The New York Times Company.  All Rights Reserved.</copyright><num_results>25</num_results><last_modified>2017-03-21T13:38:01-04:00</last_modified><results><list_name>Combined Print and E-Book Fiction</list_name><list_name_encoded>combined-print-and-e-book-fiction</list_name_encoded><bestsellers_date>2013-11-23</bestsellers_date><published_date>2013-12-08</published_date><published_date_description></published_date_description><next_published_date>2013-12-15</next_published_date><previous_published_date>2013-12-01</previous_published_date><display_name><![CDATA[Combined Print & E-Book Fiction]]></display_name><normal_list_ends_at>15</normal_list_ends_at><updated>WEEKLY</updated><books><book><rank>1</rank><rank_last_week>0</rank_last_week><weeks_on_list>1</weeks_on_list><asterisk>0</asterisk><dagger>0</dagger><primary_isbn10>0345542908</primary_isbn10><primary_isbn13>9780345542908</primary_isbn13><publisher>Bantam</publisher><description>The New Jersey bounty hunter Stephanie Plum pursues a mobster on the lam.</description><price>0</price><title>TAKEDOWN TWENTY</title><author>Janet Evanovich</author><contributor>by Janet Evanovich</contributor><contributor_note></contributor_note><book_image>https://s1.nyt.com/du/books/images/9780345542892.jpg</book_image><book_image_width>302</book_image_width><book_image_height>495</book_image_height><amazon_product_url>http://www.amazon.com/Takedown-Twenty-Stephanie-Janet-Evanovich/dp/0345542894?tag=NYTBS-20</amazon_product_url><age_group></age_group><book_review_link></book_review_link><first_chapter_link></first_chapter_link><sunday_review_link></sunday_review_link><article_chapter_link></article_chapter_link><isbns><isbn><isbn10>0345542886</isbn10><isbn13>9780345542885</isbn13></isbn><isbn><isbn10>0345542908</isbn10><isbn13>9780345542908</isbn13></isbn><isbn><isbn10>0345542894</isbn10><isbn13>9780345542892</isbn13></isbn></isbns><buy_links><buy_link><name>Local Booksellers</name><url>http://www.indiebound.org/book/9780345542908?aff=NYT</url></buy_link><buy_link><name>Barnes and Noble</name><url>http://www.anrdoezrs.net/click-7990613-11819508?url=http%3A%2F%2Fwww.barnesandnoble.com%2Fw%2F%3Fean%3D9780345542908</url></buy_link><buy_link><name>Amazon</name><url>http://www.amazon.com/Takedown-Twenty-Stephanie-Janet-Evanovich/dp/0345542894?tag=NYTBS-20</url></buy_link></buy_links></book><book><rank>2</rank><rank_last_week>0</rank_last_week><weeks_on_list>1</weeks_on_list><asterisk>0</asterisk><dagger>0</dagger><primary_isbn10>None</primary_isbn10><primary_isbn13>9781455521227</primary_isbn13><publisher>Grand Central</publisher><description>Sean King and Michelle Maxwell, former Secret Service agents turned private investigators, scrutinize a soldier’s mysterious death in Afghanistan.</description><price>0</price><title>KING AND MAXWELL</title><author>David Baldacci</author><contributor>by David Baldacci</contributor><contributor_note></contributor_note><book_image>https://s1.nyt.com/du/books/images/9781455521227.jpg</book_image><book_image_width>319</book_image_width><book_image_height>495</book_image_height><amazon_product_url>http://www.amazon.com/King-Maxwell-David-Baldacci/dp/1455521310?tag=NYTBS-20</amazon_product_url><age_group></age_group><book_review_link></book_review_link><first_chapter_link></first_chapter_link><sunday_review_link></sunday_review_link><article_chapter_link></article_chapter_link><isbns><isbn><isbn10>1455521310</isbn10><isbn13>9781455521319</isbn13></isbn><isbn><isbn10>1455576204</isbn10><isbn13>9781455576203</isbn13></isbn><isbn><isbn10>1455521248</isbn10><isbn13>9781455521241</isbn13></isbn><isbn><isbn10>1455521299</isbn10><isbn13>9781455521296</isbn13></isbn></isbns><buy_links><buy_link><name>Local Booksellers</name><url>http://www.indiebound.org/book/9781455521227?aff=NYT</url></buy_link><buy_link><name>Barnes and Noble</name><url>http://www.anrdoezrs.net/click-7990613-11819508?url=http%3A%2F%2Fwww.barnesandnoble.com%2Fw%2F%3Fean%3D9781455521227</url></buy_link><buy_link><name>Amazon</name><url>http://www.amazon.com/King-Maxwell-David-Baldacci/dp/1455521310?tag=NYTBS-20</url></buy_link></buy_links></book><book><rank>3</rank><rank_last_week>1</rank_last_week><weeks_on_list>5</weeks_on_list><asterisk>0</asterisk><dagger>0</dagger><primary_isbn10>0385537921</primary_isbn10><primary_isbn13>9780385537926</primary_isbn13><publisher>Doubleday</publisher><description> A sequel, about race and inheritance, to “A Time to Kill.”</description><price>0</price><title>SYCAMORE ROW</title><author>John Grisham</author><contributor>by John Grisham</contributor><contributor_note></contributor_note><book_image>https://s1.nyt.com/du/books/images/9780385537926.jpg</book_image><book_image_width>326</book_image_width><book_image_height>495</book_image_height><amazon_product_url>http://www.amazon.com/Sycamore-Jake-Brigance-John-Grisham/dp/0385537131?tag=NYTBS-20</amazon_product_url><age_group></age_group><book_review_link>https://www.nytimes.com/2013/10/31/books/sycamore-row-by-john-grisham.html</book_review_link><first_chapter_link></first_chapter_link><sunday_review_link>https://www.nytimes.com/2013/11/10/books/review/sycamore-row-by-john-grisham.html</sunday_review_link><article_chapter_link></article_chapter_link><isbns><isbn><isbn10>0385537131</isbn10><isbn13>9780385537131</isbn13></isbn><isbn><isbn10>0385537921</isbn10><isbn13>9780385537926</isbn13></isbn><isbn><isbn10>0553393618</isbn10><isbn13>9780553393613</isbn13></isbn><isbn><isbn10>0345543246</isbn10><isbn13>9780345543240</isbn13></isbn></isbns><buy_links><buy_link><name>Local Booksellers</name><url>http://www.indiebound.org/book/9780385537926?aff=NYT</url></buy_link><buy_link><name>Barnes and Noble</name><url>http://www.anrdoezrs.net/click-7990613-11819508?url=http%3A%2F%2Fwww.barnesandnoble.com%2Fw%2F%3Fean%3D9780385537926</url></buy_link><buy_link><name>Amazon</name><url>http://www.amazon.com/Sycamore-Jake-Brigance-John-Grisham/dp/0385537131?tag=NYTBS-20</url></buy_link></buy_links></book><book><rank>4</rank><rank_last_week>0</rank_last_week><weeks_on_list>18</weeks_on_list><asterisk>0</asterisk><dagger>0</dagger><primary_isbn10>None</primary_isbn10><primary_isbn13>9781451627305</primary_isbn13><publisher>Scribner</publisher><description>An English teacher travels back to 1958 by way of a time portal in a Maine diner. His assignment is to stop Lee Harvey Oswald.</description><price>0</price><title>11/22/63</title><author>Stephen King</author><contributor>by Stephen King</contributor><contributor_note></contributor_note><book_image>https://s1.nyt.com/du/books/images/9781451627299.jpg</book_image><book_image_width>328</book_image_width><book_image_height>495</book_image_height><amazon_product_url>http://www.amazon.com/11-22-63-A-Novel/dp/1451627297?tag=NYTBS-20</amazon_product_url><age_group></age_group><book_review_link>https://www.nytimes.com/2011/10/31/books/stephen-kings-11-23-63-review.html</book_review_link><first_chapter_link></first_chapter_link><sunday_review_link>https://www.nytimes.com/2011/11/13/books/review/11-22-63-by-stephen-king-book-review.html</sunday_review_link><article_chapter_link></article_chapter_link><isbns><isbn><isbn10>1451627289</isbn10><isbn13>9781451627282</isbn13></isbn><isbn><isbn10>1451627297</isbn10><isbn13>9781451627299</isbn13></isbn><isbn><isbn10>030795143X</isbn10><isbn13>9780307951434</isbn13></isbn><isbn><isbn10>1594135592</isbn10><isbn13>9781594135590</isbn13></isbn><isbn><isbn10>1501120603</isbn10><isbn13>9781501120602</isbn13></isbn></isbns><buy_links><buy_link><name>Local Booksellers</name><url>http://www.indiebound.org/book/9781451627305?aff=NYT</url></buy_link><buy_link><name>Barnes and Noble</name><url>http://www.anrdoezrs.net/click-7990613-11819508?url=http%3A%2F%2Fwww.barnesandnoble.com%2Fw%2F%3Fean%3D9781451627305</url></buy_link><buy_link><name>Amazon</name><url>http://www.amazon.com/11-22-63-A-Novel/dp/1451627297?tag=NYTBS-20</url></buy_link></buy_links></book><book><rank>5</rank><rank_last_week>5</rank_last_week><weeks_on_list>5</weeks_on_list><asterisk>0</asterisk><dagger>0</dagger><primary_isbn10></primary_isbn10><primary_isbn13>9780316248679</primary_isbn13><publisher>Little, Brown</publisher><description>A painting smuggled out of the Metropolitan Museum of Art after a bombing becomes a boy’s prize, guilt and burden.</description><price>0</price><title>THE GOLDFINCH</title><author>Donna Tartt</author><contributor>by Donna Tartt</contributor><contributor_note></contributor_note><book_image>https://s1.nyt.com/du/books/images/9780316248679.jpg</book_image><book_image_width>323</book_image_width><book_image_height>495</book_image_height><amazon_product_url>http://www.amazon.com/The-Goldfinch-Novel-Pulitzer-Fiction-ebook/dp/B00BAXFECK?tag=NYTBS-20</amazon_product_url><age_group></age_group><book_review_link>https://www.nytimes.com/2013/10/08/books/the-goldfinch-a-dickensian-novel-by-donna-tartt.html</book_review_link><first_chapter_link></first_chapter_link><sunday_review_link>https://www.nytimes.com/2013/10/13/books/review/donna-tartts-goldfinch.html</sunday_review_link><article_chapter_link></article_chapter_link><isbns><isbn><isbn10>0316055433</isbn10><isbn13>9780316055437</isbn13></isbn><isbn><isbn10>0316239879</isbn10><isbn13>9780316239875</isbn13></isbn><isbn><isbn10>0316055441</isbn10><isbn13>9780316055444</isbn13></isbn><isbn><isbn10>0349139636</isbn10><isbn13>9780349139630</isbn13></isbn></isbns><buy_links><buy_link><name>Local Booksellers</name><url>http://www.indiebound.org/book/9780316248679?aff=NYT</url></buy_link><buy_link><name>Barnes and Noble</name><url>http://www.anrdoezrs.net/click-7990613-11819508?url=http%3A%2F%2Fwww.barnesandnoble.com%2Fw%2F%3Fean%3D9780316248679</url></buy_link><buy_link><name>Amazon</name><url>http://www.amazon.com/The-Goldfinch-Novel-Pulitzer-Fiction-ebook/dp/B00BAXFECK?tag=NYTBS-20</url></buy_link></buy_links></book><book><rank>6</rank><rank_last_week>2</rank_last_week><weeks_on_list>2</weeks_on_list><asterisk>0</asterisk><dagger>0</dagger><primary_isbn10>None</primary_isbn10><primary_isbn13>9781101636428</primary_isbn13><publisher>Putnam</publisher><description>The murder of a computer engineer at M.I.T. leads the Massachusetts Chief Medical Examiner Kay Scarpetta in unexpected directions.</description><price>0</price><title>DUST</title><author>Patricia Cornwell</author><contributor>by Patricia Cornwell</contributor><contributor_note></contributor_note><book_image>https://s1.nyt.com/du/books/images/9781101636428.jpg</book_image><book_image_width>325</book_image_width><book_image_height>495</book_image_height><amazon_product_url>http://www.amazon.com/Dust-Scarpetta-Novel-Patricia-Cornwell-ebook/dp/B00C5R7B0I?tag=NYTBS-20</amazon_product_url><age_group></age_group><book_review_link></book_review_link><first_chapter_link></first_chapter_link><sunday_review_link></sunday_review_link><article_chapter_link></article_chapter_link><isbns><isbn><isbn10>0399157573</isbn10><isbn13>9780399157578</isbn13></isbn><isbn><isbn10>0425270041</isbn10><isbn13>9780425270042</isbn13></isbn></isbns><buy_links><buy_link><name>Local Booksellers</name><url>http://www.indiebound.org/book/9781101636428?aff=NYT</url></buy_link><buy_link><name>Barnes and Noble</name><url>http://www.anrdoezrs.net/click-7990613-11819508?url=http%3A%2F%2Fwww.barnesandnoble.com%2Fw%2F%3Fean%3D9781101636428</url></buy_link><buy_link><name>Amazon</name><url>http://www.amazon.com/Dust-Scarpetta-Novel-Patricia-Cornwell-ebook/dp/B00C5R7B0I?tag=NYTBS-20</url></buy_link></buy_links></book><book><rank>7</rank><rank_last_week>7</rank_last_week><weeks_on_list>4</weeks_on_list><asterisk>0</asterisk><dagger>0</dagger><primary_isbn10>None</primary_isbn10><primary_isbn13>9781101626368</primary_isbn13><publisher>Berkley</publisher><description>In the first book of the Cousins O'Dwyer trilogy, Iona Sheehan moves to Ireland to investigate her family's history.</description><price>0</price><title>DARK WITCH</title><author>Nora Roberts</author><contributor>by Nora Roberts</contributor><contributor_note></contributor_note><book_image>https://s1.nyt.com/du/books/images/9781101626368.jpg</book_image><book_image_width>330</book_image_width><book_image_height>487</book_image_height><amazon_product_url>http://www.amazon.com/Dark-Witch-Cousins-ODwyer-Trilogy-ebook/dp/B00BC25992?tag=NYTBS-20</amazon_product_url><age_group></age_group><book_review_link></book_review_link><first_chapter_link></first_chapter_link><sunday_review_link></sunday_review_link><article_chapter_link></article_chapter_link><isbns><isbn><isbn10>0425259854</isbn10><isbn13>9780425259856</isbn13></isbn><isbn><isbn10>1594136777</isbn10><isbn13>9781594136771</isbn13></isbn></isbns><buy_links><buy_link><name>Local Booksellers</name><url>http://www.indiebound.org/book/9781101626368?aff=NYT</url></buy_link><buy_link><name>Barnes and Noble</name><url>http://www.anrdoezrs.net/click-7990613-11819508?url=http%3A%2F%2Fwww.barnesandnoble.com%2Fw%2F%3Fean%3D9781101626368</url></buy_link><buy_link><name>Amazon</name><url>http://www.amazon.com/Dark-Witch-Cousins-ODwyer-Trilogy-ebook/dp/B00BC25992?tag=NYTBS-20</url></buy_link></buy_links></book><book><rank>8</rank><rank_last_week>4</rank_last_week><weeks_on_list>2</weeks_on_list><asterisk>0</asterisk><dagger>0</dagger><primary_isbn10>0062294377</primary_isbn10><primary_isbn13>9780062294371</primary_isbn13><publisher>Harper</publisher><description>A small Michigan town is transformed when its residents receive phone calls said to be from heaven.</description><price>0</price><title>THE FIRST PHONE CALL FROM HEAVEN</title><author>Mitch Albom</author><contributor>by Mitch Albom</contributor><contributor_note></contributor_note><book_image>https://s1.nyt.com/du/books/images/9780062294395.jpg</book_image><book_image_width>330</book_image_width><book_image_height>456</book_image_height><amazon_product_url>http://www.amazon.com/The-First-Phone-Call-Heaven/dp/0062294377?tag=NYTBS-20</amazon_product_url><age_group></age_group><book_review_link></book_review_link><first_chapter_link></first_chapter_link><sunday_review_link></sunday_review_link><article_chapter_link></article_chapter_link><isbns><isbn><isbn10>0062294377</isbn10><isbn13>9780062294371</isbn13></isbn><isbn><isbn10>0062305778</isbn10><isbn13>9780062305770</isbn13></isbn><isbn><isbn10>0062294407</isbn10><isbn13>9780062294401</isbn13></isbn></isbns><buy_links><buy_link><name>Local Booksellers</name><url>http://www.indiebound.org/book/9780062294371?aff=NYT</url></buy_link><buy_link><name>Barnes and Noble</name><url>http://www.anrdoezrs.net/click-7990613-11819508?url=http%3A%2F%2Fwww.barnesandnoble.com%2Fw%2F%3Fean%3D9780062294371</url></buy_link><buy_link><name>Amazon</name><url>http://www.amazon.com/The-First-Phone-Call-Heaven/dp/0062294377?tag=NYTBS-20</url></buy_link></buy_links></book><book><rank>9</rank><rank_last_week>0</rank_last_week><weeks_on_list>1</weeks_on_list><asterisk>0</asterisk><dagger>0</dagger><primary_isbn10>1476751749</primary_isbn10><primary_isbn13>9781476751740</primary_isbn13><publisher><![CDATA[Simon & Schuster]]></publisher><description>The next installment in the Beautiful Bastard series.</description><price>0</price><title>BEAUTIFUL BEGINNING</title><author>Christina Lauren</author><contributor>by Christina Lauren</contributor><contributor_note></contributor_note><book_image>https://s1.nyt.com/du/books/images/9781476751740.jpg</book_image><book_image_width>319</book_image_width><book_image_height>495</book_image_height><amazon_product_url>http://www.amazon.com/Beautiful-Beginning-The-Series-ebook/dp/B00CGWSE1C?tag=NYTBS-20</amazon_product_url><age_group></age_group><book_review_link></book_review_link><first_chapter_link></first_chapter_link><sunday_review_link></sunday_review_link><article_chapter_link></article_chapter_link><isbns><isbn><isbn10>1476751749</isbn10><isbn13>9781476751740</isbn13></isbn><isbn><isbn10>1476755108</isbn10><isbn13>9781476755106</isbn13></isbn></isbns><buy_links><buy_link><name>Local Booksellers</name><url>http://www.indiebound.org/book/9781476751740?aff=NYT</url></buy_link><buy_link><name>Barnes and Noble</name><url>http://www.anrdoezrs.net/click-7990613-11819508?url=http%3A%2F%2Fwww.barnesandnoble.com%2Fw%2F%3Fean%3D9781476751740</url></buy_link><buy_link><name>Amazon</name><url>http://www.amazon.com/Beautiful-Beginning-The-Series-ebook/dp/B00CGWSE1C?tag=NYTBS-20</url></buy_link></buy_links></book><book><rank>10</rank><rank_last_week>8</rank_last_week><weeks_on_list>19</weeks_on_list><asterisk>0</asterisk><dagger>0</dagger><primary_isbn10>142996393X</primary_isbn10><primary_isbn13>9781429963930</primary_isbn13><publisher>Tor/Tom Doherty</publisher><description>Government agencies breed child geniuses and train them as soldiers. Originally published in 1985; now a movie.</description><price>0</price><title>ENDER'S GAME</title><author>Orson Scott Card</author><contributor>by Orson Scott Card</contributor><contributor_note></contributor_note><book_image>https://s1.nyt.com/du/books/images/9780812550702.jpg</book_image><book_image_width>291</book_image_width><book_image_height>475</book_image_height><amazon_product_url>http://www.amazon.com/Enders-Game-The-Ender-Quintet/dp/0812550706?tag=NYTBS-20</amazon_product_url><age_group></age_group><book_review_link></book_review_link><first_chapter_link></first_chapter_link><sunday_review_link></sunday_review_link><article_chapter_link></article_chapter_link><isbns><isbn><isbn10>0812550706</isbn10><isbn13>9780812550702</isbn13></isbn><isbn><isbn10>0765342294</isbn10><isbn13>9780765342294</isbn13></isbn><isbn><isbn10>142996393X</isbn10><isbn13>9781429963930</isbn13></isbn><isbn><isbn10>0765337541</isbn10><isbn13>9780765337542</isbn13></isbn><isbn><isbn10>0312853238</isbn10><isbn13>9780312853235</isbn13></isbn><isbn><isbn10>0765317389</isbn10><isbn13>9780765317384</isbn13></isbn><isbn><isbn10>0312932081</isbn10><isbn13>9780312932084</isbn13></isbn><isbn><isbn10>0765338149</isbn10><isbn13>9780765338143</isbn13></isbn><isbn><isbn10>076537062X</isbn10><isbn13>9780765370624</isbn13></isbn><isbn><isbn10>0765337320</isbn10><isbn13>9780765337320</isbn13></isbn><isbn><isbn10>0765374811</isbn10><isbn13>9780765374813</isbn13></isbn><isbn><isbn10>0765374722</isbn10><isbn13>9780765374721</isbn13></isbn><isbn><isbn10>0765338211</isbn10><isbn13>9780765338211</isbn13></isbn><isbn><isbn10>0812532538</isbn10><isbn13>9780812532531</isbn13></isbn></isbns><buy_links><buy_link><name>Local Booksellers</name><url>http://www.indiebound.org/book/9781429963930?aff=NYT</url></buy_link><buy_link><name>Barnes and Noble</name><url>http://www.anrdoezrs.net/click-7990613-11819508?url=http%3A%2F%2Fwww.barnesandnoble.com%2Fw%2F%3Fean%3D9781429963930</url></buy_link><buy_link><name>Amazon</name><url>http://www.amazon.com/Enders-Game-The-Ender-Quintet/dp/0812550706?tag=NYTBS-20</url></buy_link></buy_links></book><book><rank>11</rank><rank_last_week>10</rank_last_week><weeks_on_list>9</weeks_on_list><asterisk>0</asterisk><dagger>0</dagger><primary_isbn10>147672766X</primary_isbn10><primary_isbn13>9781476727660</primary_isbn13><publisher>Scribner</publisher><description>Now grown up, Dan, the boy with psycho-intuitive powers in “The Shining,” helps another child with a spectacular gift.</description><price>0</price><title>DOCTOR SLEEP</title><author>Stephen King</author><contributor>by Stephen King</contributor><contributor_note></contributor_note><book_image>https://s1.nyt.com/du/books/images/9781451698855.jpg</book_image><book_image_width>319</book_image_width><book_image_height>495</book_image_height><amazon_product_url>http://www.amazon.com/Doctor-Sleep-Stephen-King/dp/1451698852?tag=NYTBS-20</amazon_product_url><age_group></age_group><book_review_link>https://www.nytimes.com/2013/09/16/books/doctor-sleep-is-stephen-kings-sequel-to-the-shining.html</book_review_link><first_chapter_link></first_chapter_link><sunday_review_link>https://www.nytimes.com/2013/09/22/books/review/stephen-kings-shining-sequel-doctor-sleep.html</sunday_review_link><article_chapter_link></article_chapter_link><isbns><isbn><isbn10>1476727651</isbn10><isbn13>9781476727653</isbn13></isbn><isbn><isbn10>147672766X</isbn10><isbn13>9781476727660</isbn13></isbn><isbn><isbn10>1410462447</isbn10><isbn13>9781410462442</isbn13></isbn><isbn><isbn10>1451698852</isbn10><isbn13>9781451698855</isbn13></isbn><isbn><isbn10>1476779414</isbn10><isbn13>9781476779416</isbn13></isbn><isbn><isbn10>1451698860</isbn10><isbn13>9781451698862</isbn13></isbn></isbns><buy_links><buy_link><name>Local Booksellers</name><url>http://www.indiebound.org/book/9781476727660?aff=NYT</url></buy_link><buy_link><name>Barnes and Noble</name><url>http://www.anrdoezrs.net/click-7990613-11819508?url=http%3A%2F%2Fwww.barnesandnoble.com%2Fw%2F%3Fean%3D9781476727660</url></buy_link><buy_link><name>Amazon</name><url>http://www.amazon.com/Doctor-Sleep-Stephen-King/dp/1451698852?tag=NYTBS-20</url></buy_link></buy_links></book><book><rank>12</rank><rank_last_week>11</rank_last_week><weeks_on_list>16</weeks_on_list><asterisk>0</asterisk><dagger>0</dagger><primary_isbn10></primary_isbn10><primary_isbn13>9781101636237</primary_isbn13><publisher>Amy Einhorn/Putnam</publisher><description>A woman’s life is upended when she discovers a letter from her husband she was not meant to read.</description><price>0</price><title>THE HUSBAND'S SECRET</title><author>Liane Moriarty</author><contributor>by Liane Moriarty</contributor><contributor_note></contributor_note><book_image>https://s1.nyt.com/du/books/images/9781101636237.jpg</book_image><book_image_width>330</book_image_width><book_image_height>495</book_image_height><amazon_product_url>http://www.amazon.com/The-Husbands-Secret-Liane-Moriarty-ebook/dp/B00D7Z4GQY?tag=NYTBS-20</amazon_product_url><age_group></age_group><book_review_link></book_review_link><first_chapter_link></first_chapter_link><sunday_review_link></sunday_review_link><article_chapter_link></article_chapter_link><isbns><isbn><isbn10>0399159347</isbn10><isbn13>9780399159343</isbn13></isbn><isbn><isbn10>0425267725</isbn10><isbn13>9780425267721</isbn13></isbn><isbn><isbn10>1594137226</isbn10><isbn13>9781594137228</isbn13></isbn></isbns><buy_links><buy_link><name>Local Booksellers</name><url>http://www.indiebound.org/book/9781101636237?aff=NYT</url></buy_link><buy_link><name>Barnes and Noble</name><url>http://www.anrdoezrs.net/click-7990613-11819508?url=http%3A%2F%2Fwww.barnesandnoble.com%2Fw%2F%3Fean%3D9781101636237</url></buy_link><buy_link><name>Amazon</name><url>http://www.amazon.com/The-Husbands-Secret-Liane-Moriarty-ebook/dp/B00D7Z4GQY?tag=NYTBS-20</url></buy_link></buy_links></book><book><rank>13</rank><rank_last_week>9</rank_last_week><weeks_on_list>10</weeks_on_list><asterisk>0</asterisk><dagger>0</dagger><primary_isbn10>1455520667</primary_isbn10><primary_isbn13>9781455520664</primary_isbn13><publisher>Grand Central</publisher><description>The lives of two couples converge unexpectedly.</description><price>0</price><title>THE LONGEST RIDE</title><author>Nicholas Sparks</author><contributor>by Nicholas Sparks</contributor><contributor_note></contributor_note><book_image>https://s1.nyt.com/du/books/images/9781455520640.jpg</book_image><book_image_width>327</book_image_width><book_image_height>495</book_image_height><amazon_product_url>http://www.amazon.com/The-Longest-Ride-Nicholas-Sparks/dp/1455520640?tag=NYTBS-20</amazon_product_url><age_group></age_group><book_review_link></book_review_link><first_chapter_link></first_chapter_link><sunday_review_link></sunday_review_link><article_chapter_link></article_chapter_link><isbns><isbn><isbn10>1455520659</isbn10><isbn13>9781455520657</isbn13></isbn><isbn><isbn10>1455576018</isbn10><isbn13>9781455576012</isbn13></isbn><isbn><isbn10>1455520667</isbn10><isbn13>9781455520664</isbn13></isbn><isbn><isbn10>1455520640</isbn10><isbn13>9781455520640</isbn13></isbn><isbn><isbn10>1455520632</isbn10><isbn13>9781455520633</isbn13></isbn><isbn><isbn10>1455584738</isbn10><isbn13>9781455584734</isbn13></isbn><isbn><isbn10>145558472X</isbn10><isbn13>9781455584727</isbn13></isbn></isbns><buy_links><buy_link><name>Local Booksellers</name><url>http://www.indiebound.org/book/9781455520664?aff=NYT</url></buy_link><buy_link><name>Barnes and Noble</name><url>http://www.anrdoezrs.net/click-7990613-11819508?url=http%3A%2F%2Fwww.barnesandnoble.com%2Fw%2F%3Fean%3D9781455520664</url></buy_link><buy_link><name>Amazon</name><url>http://www.amazon.com/The-Longest-Ride-Nicholas-Sparks/dp/1455520640?tag=NYTBS-20</url></buy_link></buy_links></book><book><rank>14</rank><rank_last_week>12</rank_last_week><weeks_on_list>3</weeks_on_list><asterisk>0</asterisk><dagger>0</dagger><primary_isbn10>0062107313</primary_isbn10><primary_isbn13>9780062107312</primary_isbn13><publisher>Ecco/HarperCollins</publisher><description>The author of “The Joy Luck Club” follows mother and daughter courtesans over four decades.</description><price>0</price><title>THE VALLEY OF AMAZEMENT</title><author>Amy Tan</author><contributor>by Amy Tan</contributor><contributor_note></contributor_note><book_image>https://s1.nyt.com/du/books/images/9780062107312.jpg</book_image><book_image_width>330</book_image_width><book_image_height>493</book_image_height><amazon_product_url>http://www.amazon.com/The-Valley-Amazement-Amy-Tan-ebook/dp/B00BATG18K?tag=NYTBS-20</amazon_product_url><age_group></age_group><book_review_link></book_review_link><first_chapter_link></first_chapter_link><sunday_review_link>https://www.nytimes.com/2013/11/10/books/review/amy-tans-valley-of-amazement.html</sunday_review_link><article_chapter_link></article_chapter_link><isbns><isbn><isbn10>0062107313</isbn10><isbn13>9780062107312</isbn13></isbn><isbn><isbn10>006210733X</isbn10><isbn13>9780062107336</isbn13></isbn><isbn><isbn10>0062223380</isbn10><isbn13>9780062223388</isbn13></isbn><isbn><isbn10>0062107321</isbn10><isbn13>9780062107329</isbn13></isbn></isbns><buy_links><buy_link><name>Local Booksellers</name><url>http://www.indiebound.org/book/9780062107312?aff=NYT</url></buy_link><buy_link><name>Barnes and Noble</name><url>http://www.anrdoezrs.net/click-7990613-11819508?url=http%3A%2F%2Fwww.barnesandnoble.com%2Fw%2F%3Fean%3D9780062107312</url></buy_link><buy_link><name>Amazon</name><url>http://www.amazon.com/The-Valley-Amazement-Amy-Tan-ebook/dp/B00BATG18K?tag=NYTBS-20</url></buy_link></buy_links></book><book><rank>15</rank><rank_last_week>3</rank_last_week><weeks_on_list>2</weeks_on_list><asterisk>0</asterisk><dagger>0</dagger><primary_isbn10>1455525855</primary_isbn10><primary_isbn13>9781455525850</primary_isbn13><publisher>Grand Central</publisher><description>Special Agent Pendergast learns that the killing of several miners 150 years ago may be related to deadly arson attacks at a Colorado ski resort. </description><price>0</price><title>WHITE FIRE</title><author>Douglas Preston and Lincoln Child</author><contributor>by Douglas Preston and Lincoln Child</contributor><contributor_note></contributor_note><book_image>https://s1.nyt.com/du/books/images/9781455525843.jpg</book_image><book_image_width>276</book_image_width><book_image_height>495</book_image_height><amazon_product_url>http://www.amazon.com/White-Fire-Pendergast-Douglas-Preston/dp/1455525847?tag=NYTBS-20</amazon_product_url><age_group></age_group><book_review_link></book_review_link><first_chapter_link></first_chapter_link><sunday_review_link></sunday_review_link><article_chapter_link></article_chapter_link><isbns><isbn><isbn10>1455525839</isbn10><isbn13>9781455525836</isbn13></isbn><isbn><isbn10>1455525855</isbn10><isbn13>9781455525850</isbn13></isbn><isbn><isbn10>1455525847</isbn10><isbn13>9781455525843</isbn13></isbn></isbns><buy_links><buy_link><name>Local Booksellers</name><url>http://www.indiebound.org/book/9781455525850?aff=NYT</url></buy_link><buy_link><name>Barnes and Noble</name><url>http://www.anrdoezrs.net/click-7990613-11819508?url=http%3A%2F%2Fwww.barnesandnoble.com%2Fw%2F%3Fean%3D9781455525850</url></buy_link><buy_link><name>Amazon</name><url>http://www.amazon.com/White-Fire-Pendergast-Douglas-Preston/dp/1455525847?tag=NYTBS-20</url></buy_link></buy_links></book><book><rank>16</rank><rank_last_week>0</rank_last_week><weeks_on_list>0</weeks_on_list><asterisk>0</asterisk><dagger>0</dagger><primary_isbn10>None</primary_isbn10><primary_isbn13>9780985034191</primary_isbn13><publisher>HTJB, Inc.</publisher><description>In Book 10 of the McCarthys of Gansett Island series, Jenny Wilks, the island's lighthouse keeper, connects with Alex Martinez, who has returned to care for his ailing mother .Will their summer romance last?</description><price>0</price><title>MEANT FOR LOVE</title><author>Marie Force</author><contributor>by Marie Force</contributor><contributor_note></contributor_note><book_image>https://s1.nyt.com/du/books/images/9780985034191.jpg</book_image><book_image_width>330</book_image_width><book_image_height>488</book_image_height><amazon_product_url>http://www.amazon.com/Meant-Love-McCarthys-Gansett-Island-ebook/dp/B00FWYBQPM?tag=NYTBS-20</amazon_product_url><age_group></age_group><book_review_link></book_review_link><first_chapter_link></first_chapter_link><sunday_review_link></sunday_review_link><article_chapter_link></article_chapter_link><isbns/><buy_links><buy_link><name>Local Booksellers</name><url>http://www.indiebound.org/book/9780985034191?aff=NYT</url></buy_link><buy_link><name>Barnes and Noble</name><url>http://www.anrdoezrs.net/click-7990613-11819508?url=http%3A%2F%2Fwww.barnesandnoble.com%2Fw%2F%3Fean%3D9780985034191</url></buy_link><buy_link><name>Amazon</name><url>http://www.amazon.com/Meant-Love-McCarthys-Gansett-Island-ebook/dp/B00FWYBQPM?tag=NYTBS-20</url></buy_link></buy_links></book><book><rank>17</rank><rank_last_week>0</rank_last_week><weeks_on_list>0</weeks_on_list><asterisk>0</asterisk><dagger>0</dagger><primary_isbn10></primary_isbn10><primary_isbn13>9781101635650</primary_isbn13><publisher>Putnam</publisher><description>Juan Cabrillo and the crew of the Oregon investigate the disappearance of an American destroyer in 1943.</description><price>0</price><title>MIRAGE</title><author>Clive Cussler with Jack Du Brul</author><contributor>by Clive Cussler with Jack Du Brul</contributor><contributor_note></contributor_note><book_image>https://s1.nyt.com/du/books/images/9780399158087.jpg</book_image><book_image_width>327</book_image_width><book_image_height>495</book_image_height><amazon_product_url>http://www.amazon.com/Mirage-Oregon-Files-Clive-Cussler/dp/0399158081?tag=NYTBS-20</amazon_product_url><age_group></age_group><book_review_link></book_review_link><first_chapter_link></first_chapter_link><sunday_review_link></sunday_review_link><article_chapter_link></article_chapter_link><isbns><isbn><isbn10>0399158081</isbn10><isbn13>9780399158087</isbn13></isbn><isbn><isbn10>0425250636</isbn10><isbn13>9780425250631</isbn13></isbn></isbns><buy_links><buy_link><name>Local Booksellers</name><url>http://www.indiebound.org/book/9781101635650?aff=NYT</url></buy_link><buy_link><name>Barnes and Noble</name><url>http://www.anrdoezrs.net/click-7990613-11819508?url=http%3A%2F%2Fwww.barnesandnoble.com%2Fw%2F%3Fean%3D9781101635650</url></buy_link><buy_link><name>Amazon</name><url>http://www.amazon.com/Mirage-Oregon-Files-Clive-Cussler/dp/0399158081?tag=NYTBS-20</url></buy_link></buy_links></book><book><rank>18</rank><rank_last_week>0</rank_last_week><weeks_on_list>0</weeks_on_list><asterisk>0</asterisk><dagger>0</dagger><primary_isbn10>0553582011</primary_isbn10><primary_isbn13>9780553582017</primary_isbn13><publisher>Random House</publisher><description>After a colossal battle, the Seven Kingdoms face new threats.</description><price>0</price><title>A DANCE WITH DRAGONS</title><author>George R R Martin</author><contributor>by George R. R. Martin</contributor><contributor_note></contributor_note><book_image>https://s1.nyt.com/du/books/images/9780553582017.jpg</book_image><book_image_width>300</book_image_width><book_image_height>495</book_image_height><amazon_product_url>http://www.amazon.com/Dance-Dragons-Song-Ice-Fire/dp/0553582011?tag=NYTBS-20</amazon_product_url><age_group></age_group><book_review_link></book_review_link><first_chapter_link></first_chapter_link><sunday_review_link></sunday_review_link><article_chapter_link></article_chapter_link><isbns><isbn><isbn10>0553801473</isbn10><isbn13>9780553801477</isbn13></isbn><isbn><isbn10>0553905651</isbn10><isbn13>9780553905656</isbn13></isbn><isbn><isbn10>0739375970</isbn10><isbn13>9780739375976</isbn13></isbn><isbn><isbn10>055338595X</isbn10><isbn13>9780553385953</isbn13></isbn><isbn><isbn10>0553582011</isbn10><isbn13>9780553582017</isbn13></isbn></isbns><buy_links><buy_link><name>Local Booksellers</name><url>http://www.indiebound.org/book/9780553582017?aff=NYT</url></buy_link><buy_link><name>Barnes and Noble</name><url>http://www.anrdoezrs.net/click-7990613-11819508?url=http%3A%2F%2Fwww.barnesandnoble.com%2Fw%2F%3Fean%3D9780553582017</url></buy_link><buy_link><name>Amazon</name><url>http://www.amazon.com/Dance-Dragons-Song-Ice-Fire/dp/0553582011?tag=NYTBS-20</url></buy_link></buy_links></book><book><rank>19</rank><rank_last_week>0</rank_last_week><weeks_on_list>0</weeks_on_list><asterisk>0</asterisk><dagger>0</dagger><primary_isbn10>None</primary_isbn10><primary_isbn13>A00B00FYYPKMU</primary_isbn13><publisher>Nicole Edwards</publisher><description>In Alluring Indulgence Book 4 the brothers — Kaleb, Zane, Travis, Sawyer, Brendon, Ethan and Braydon — heat up the holidays from Thanksgiving through New Year's.</description><price>0</price><title>HOLIDAYS WITH THE WALKER BROTHERS</title><author>Nicole Edwards</author><contributor>by Nicole Edwards</contributor><contributor_note></contributor_note><book_image></book_image><book_image_width></book_image_width><book_image_height></book_image_height><amazon_product_url></amazon_product_url><age_group></age_group><book_review_link></book_review_link><first_chapter_link></first_chapter_link><sunday_review_link></sunday_review_link><article_chapter_link></article_chapter_link><isbns/><buy_links><buy_link><name>Local Booksellers</name><url><![CDATA[http://www.indiebound.org/search/book?searchfor=HOLIDAYS+WITH+THE+WALKER+BROTHERS+Nicole+Edwards&aff=NYT]]></url></buy_link><buy_link><name>Barnes and Noble</name><url>http://www.anrdoezrs.net/click-7990613-11819508?url=http%3A%2F%2Fwww.barnesandnoble.com%2Fs%2FHOLIDAYS+WITH+THE+WALKER+BROTHERS+Nicole+Edwards</url></buy_link><buy_link><name>Amazon</name><url><![CDATA[https://www.amazon.com/gp/search?index=books&tag=NYTBS-20&field-keywords=HOLIDAYS+WITH+THE+WALKER+BROTHERS+Nicole+Edwards]]></url></buy_link></buy_links></book><book><rank>20</rank><rank_last_week>0</rank_last_week><weeks_on_list>0</weeks_on_list><asterisk>0</asterisk><dagger>0</dagger><primary_isbn10>None</primary_isbn10><primary_isbn13>9781938127359</primary_isbn13><publisher>Oak Press</publisher><description>Can the Seattle Realtor Mia Sullivan and the rock star Ford Vincent rekindle their love? Part of the Sullivans series.</description><price>0</price><title>IT MUST BE YOUR LOVE</title><author>Bella Andre</author><contributor>by Bella Andre</contributor><contributor_note></contributor_note><book_image>https://s1.nyt.com/du/books/images/9781938127359.jpg</book_image><book_image_width>322</book_image_width><book_image_height>495</book_image_height><amazon_product_url>http://www.amazon.com/It-Must-Your-Love-Sullivans-ebook/dp/B00GGRBCNU?tag=NYTBS-20</amazon_product_url><age_group></age_group><book_review_link></book_review_link><first_chapter_link></first_chapter_link><sunday_review_link></sunday_review_link><article_chapter_link></article_chapter_link><isbns/><buy_links><buy_link><name>Local Booksellers</name><url>http://www.indiebound.org/book/9781938127359?aff=NYT</url></buy_link><buy_link><name>Barnes and Noble</name><url>http://www.anrdoezrs.net/click-7990613-11819508?url=http%3A%2F%2Fwww.barnesandnoble.com%2Fw%2F%3Fean%3D9781938127359</url></buy_link><buy_link><name>Amazon</name><url>http://www.amazon.com/It-Must-Your-Love-Sullivans-ebook/dp/B00GGRBCNU?tag=NYTBS-20</url></buy_link></buy_links></book></books><corrections/></results></result_set>
