<?xml version="1.0" encoding="UTF-8"?>
<result_set><status>OK</status><copyright>Copyright (c) 2018 The New York Times Company.  All Rights Reserved.</copyright><num_results>35</num_results><last_modified>2016-04-28T15:03:27-04:00</last_modified><results><list_name>Combined Print and E-Book Fiction</list_name><list_name_encoded>combined-print-and-e-book-fiction</list_name_encoded><bestsellers_date>2012-07-14</bestsellers_date><published_date>2012-07-29</published_date><published_date_description></published_date_description><next_published_date>2012-08-05</next_published_date><previous_published_date>2012-07-22</previous_published_date><display_name><![CDATA[Combined Print & E-Book Fiction]]></display_name><normal_list_ends_at>15</normal_list_ends_at><updated>WEEKLY</updated><books><book><rank>1</rank><rank_last_week>1</rank_last_week><weeks_on_list>20</weeks_on_list><asterisk>0</asterisk><dagger>0</dagger><primary_isbn10>None</primary_isbn10><primary_isbn13>9781612130293</primary_isbn13><publisher>Knopf Doubleday Publishing</publisher><description>An inexperienced college student falls in love with a tortured man who has particular sexual tastes; the first book in a trilogy.</description><price>0</price><title>FIFTY SHADES OF GREY</title><author>E L James</author><contributor>by E. L. James</contributor><contributor_note></contributor_note><book_image>https://s1.nyt.com/du/books/images/9780345803481.jpg</book_image><book_image_width>125</book_image_width><book_image_height>193</book_image_height><amazon_product_url>http://www.amazon.com/Fifty-Shades-Grey-Book-Trilogy/dp/0345803485?tag=NYTBS-20</amazon_product_url><age_group></age_group><book_review_link></book_review_link><first_chapter_link></first_chapter_link><sunday_review_link></sunday_review_link><article_chapter_link></article_chapter_link><isbns><isbn><isbn10>1612130283</isbn10><isbn13>9781612130286</isbn13></isbn><isbn><isbn10>0345803485</isbn10><isbn13>9780345803481</isbn13></isbn><isbn><isbn10>0099579936</isbn10><isbn13>9780099579939</isbn13></isbn><isbn><isbn10>0385363125</isbn10><isbn13>9780385363129</isbn13></isbn><isbn><isbn10>0385537670</isbn10><isbn13>9780385537674</isbn13></isbn><isbn><isbn10>0345806751</isbn10><isbn13>9780345806758</isbn13></isbn><isbn><isbn10>0804172072</isbn10><isbn13>9780804172073</isbn13></isbn><isbn><isbn10>0345805151</isbn10><isbn13>9780345805157</isbn13></isbn></isbns><buy_links><buy_link><name>Local Booksellers</name><url>http://www.indiebound.org/book/9781612130293?aff=NYT</url></buy_link><buy_link><name>Barnes and Noble</name><url>http://www.anrdoezrs.net/click-7990613-11819508?url=http%3A%2F%2Fwww.barnesandnoble.com%2Fw%2F%3Fean%3D9781612130293</url></buy_link><buy_link><name>Amazon</name><url>http://www.amazon.com/Fifty-Shades-Grey-Book-Trilogy/dp/0345803485?tag=NYTBS-20</url></buy_link></buy_links></book><book><rank>2</rank><rank_last_week>2</rank_last_week><weeks_on_list>20</weeks_on_list><asterisk>0</asterisk><dagger>0</dagger><primary_isbn10>1612130593</primary_isbn10><primary_isbn13>9781612130590</primary_isbn13><publisher>Knopf Doubleday Publishing</publisher><description>Ana Steele learns more about Christian Grey’s troubled past; the second book in a trilogy.</description><price>0</price><title>FIFTY SHADES DARKER</title><author>E L James</author><contributor>by E. L. James</contributor><contributor_note></contributor_note><book_image>https://s1.nyt.com/du/books/images/9780345803498.jpg</book_image><book_image_width>328</book_image_width><book_image_height>495</book_image_height><amazon_product_url>http://www.amazon.com/Fifty-Shades-Darker-E-James/dp/0345803493?tag=NYTBS-20</amazon_product_url><age_group></age_group><book_review_link></book_review_link><first_chapter_link></first_chapter_link><sunday_review_link></sunday_review_link><article_chapter_link></article_chapter_link><isbns><isbn><isbn10>1612130593</isbn10><isbn13>9781612130590</isbn13></isbn><isbn><isbn10>1612130585</isbn10><isbn13>9781612130583</isbn13></isbn><isbn><isbn10>0345803493</isbn10><isbn13>9780345803498</isbn13></isbn><isbn><isbn10>1448149460</isbn10><isbn13>9781448149469</isbn13></isbn><isbn><isbn10>0385363133</isbn10><isbn13>9780385363136</isbn13></isbn><isbn><isbn10>0099579928</isbn10><isbn13>9780099579922</isbn13></isbn><isbn><isbn10>0385537689</isbn10><isbn13>9780385537681</isbn13></isbn><isbn><isbn10>0606264485</isbn10><isbn13>9780606264488</isbn13></isbn><isbn><isbn10>0525431888</isbn10><isbn13>9780525431886</isbn13></isbn><isbn><isbn10>0525434860</isbn10><isbn13>9780525434863</isbn13></isbn></isbns><buy_links><buy_link><name>Local Booksellers</name><url>http://www.indiebound.org/book/9781612130590?aff=NYT</url></buy_link><buy_link><name>Barnes and Noble</name><url>http://www.anrdoezrs.net/click-7990613-11819508?url=http%3A%2F%2Fwww.barnesandnoble.com%2Fw%2F%3Fean%3D9781612130590</url></buy_link><buy_link><name>Amazon</name><url>http://www.amazon.com/Fifty-Shades-Darker-E-James/dp/0345803493?tag=NYTBS-20</url></buy_link></buy_links></book><book><rank>3</rank><rank_last_week>3</rank_last_week><weeks_on_list>19</weeks_on_list><asterisk>0</asterisk><dagger>0</dagger><primary_isbn10>1612130615</primary_isbn10><primary_isbn13>9781612130613</primary_isbn13><publisher>Knopf Doubleday Publishing</publisher><description>The final book in an erotic trilogy.</description><price>0</price><title>FIFTY SHADES FREED</title><author>E L James</author><contributor>by E. L. James</contributor><contributor_note></contributor_note><book_image>https://s1.nyt.com/du/books/images/9781612130606.jpg</book_image><book_image_width>330</book_image_width><book_image_height>495</book_image_height><amazon_product_url>http://www.amazon.com/Fifty-Shades-Freed-Three-Trilogy/dp/0345803507?tag=NYTBS-20</amazon_product_url><age_group></age_group><book_review_link></book_review_link><first_chapter_link></first_chapter_link><sunday_review_link></sunday_review_link><article_chapter_link></article_chapter_link><isbns><isbn><isbn10>1612130615</isbn10><isbn13>9781612130613</isbn13></isbn><isbn><isbn10>1612130607</isbn10><isbn13>9781612130606</isbn13></isbn><isbn><isbn10>0345803507</isbn10><isbn13>9780345803504</isbn13></isbn><isbn><isbn10>0385537697</isbn10><isbn13>9780385537698</isbn13></isbn></isbns><buy_links><buy_link><name>Local Booksellers</name><url>http://www.indiebound.org/book/9781612130613?aff=NYT</url></buy_link><buy_link><name>Barnes and Noble</name><url>http://www.anrdoezrs.net/click-7990613-11819508?url=http%3A%2F%2Fwww.barnesandnoble.com%2Fw%2F%3Fean%3D9781612130613</url></buy_link><buy_link><name>Amazon</name><url>http://www.amazon.com/Fifty-Shades-Freed-Three-Trilogy/dp/0345803507?tag=NYTBS-20</url></buy_link></buy_links></book><book><rank>4</rank><rank_last_week>0</rank_last_week><weeks_on_list>1</weeks_on_list><asterisk>0</asterisk><dagger>0</dagger><primary_isbn10></primary_isbn10><primary_isbn13>9781101578933</primary_isbn13><publisher>Penguin Group</publisher><description>An Oxford scholar/witch and a vampire geneticist pursue history, secrets and each other in Elizabethan London; Book 2 of the All Souls trilogy.</description><price>0</price><title>SHADOW OF NIGHT</title><author>Deborah Harkness</author><contributor>by Deborah Harkness</contributor><contributor_note></contributor_note><book_image>https://s1.nyt.com/du/books/images/9780670023486.jpg</book_image><book_image_width>329</book_image_width><book_image_height>495</book_image_height><amazon_product_url>http://www.amazon.com/Shadow-Night-All-Souls-Trilogy/dp/0143123629?tag=NYTBS-20</amazon_product_url><age_group></age_group><book_review_link></book_review_link><first_chapter_link></first_chapter_link><sunday_review_link></sunday_review_link><article_chapter_link></article_chapter_link><isbns><isbn><isbn10>0670023485</isbn10><isbn13>9780670023486</isbn13></isbn><isbn><isbn10>0143123629</isbn10><isbn13>9780143123620</isbn13></isbn></isbns><buy_links><buy_link><name>Local Booksellers</name><url>http://www.indiebound.org/book/9781101578933?aff=NYT</url></buy_link><buy_link><name>Barnes and Noble</name><url>http://www.anrdoezrs.net/click-7990613-11819508?url=http%3A%2F%2Fwww.barnesandnoble.com%2Fw%2F%3Fean%3D9781101578933</url></buy_link><buy_link><name>Amazon</name><url>http://www.amazon.com/Shadow-Night-All-Souls-Trilogy/dp/0143123629?tag=NYTBS-20</url></buy_link></buy_links></book><book><rank>5</rank><rank_last_week>4</rank_last_week><weeks_on_list>6</weeks_on_list><asterisk>0</asterisk><dagger>0</dagger><primary_isbn10>0307588386</primary_isbn10><primary_isbn13>9780307588388</primary_isbn13><publisher>Crown Publishing</publisher><description>A woman disappears on the day of her fifth anniversary; is her husband a killer?</description><price>0</price><title>GONE GIRL</title><author>Gillian Flynn</author><contributor>by Gillian Flynn</contributor><contributor_note></contributor_note><book_image>https://s1.nyt.com/du/books/images/9780307588388.jpg</book_image><book_image_width>136</book_image_width><book_image_height>200</book_image_height><amazon_product_url>http://www.amazon.com/Gone-Girl-Novel-Gillian-Flynn-ebook/dp/B006LSZECO?tag=NYTBS-20</amazon_product_url><age_group></age_group><book_review_link>https://www.nytimes.com/2012/05/30/books/gone-girl-by-gillian-flynn.html</book_review_link><first_chapter_link></first_chapter_link><sunday_review_link>https://www.nytimes.com/2012/06/17/books/review/gillian-flynns-gone-girl-and-more.html</sunday_review_link><article_chapter_link></article_chapter_link><isbns><isbn><isbn10>030758836X</isbn10><isbn13>9780307588364</isbn13></isbn><isbn><isbn10>0307588386</isbn10><isbn13>9780307588388</isbn13></isbn><isbn><isbn10>1410450953</isbn10><isbn13>9781410450951</isbn13></isbn><isbn><isbn10>0297859382</isbn10><isbn13>9780297859383</isbn13></isbn><isbn><isbn10>0307588378</isbn10><isbn13>9780307588371</isbn13></isbn><isbn><isbn10>0297859390</isbn10><isbn13>9780297859390</isbn13></isbn><isbn><isbn10>159413605X</isbn10><isbn13>9781594136054</isbn13></isbn><isbn><isbn10>055341836X</isbn10><isbn13>9780553418361</isbn13></isbn><isbn><isbn10>0553418351</isbn10><isbn13>9780553418354</isbn13></isbn><isbn><isbn10>0606270175</isbn10><isbn13>9780606270175</isbn13></isbn></isbns><buy_links><buy_link><name>Local Booksellers</name><url>http://www.indiebound.org/book/9780307588388?aff=NYT</url></buy_link><buy_link><name>Barnes and Noble</name><url>http://www.anrdoezrs.net/click-7990613-11819508?url=http%3A%2F%2Fwww.barnesandnoble.com%2Fw%2F%3Fean%3D9780307588388</url></buy_link><buy_link><name>Amazon</name><url>http://www.amazon.com/Gone-Girl-Novel-Gillian-Flynn-ebook/dp/B006LSZECO?tag=NYTBS-20</url></buy_link></buy_links></book><book><rank>6</rank><rank_last_week>0</rank_last_week><weeks_on_list>1</weeks_on_list><asterisk>0</asterisk><dagger>0</dagger><primary_isbn10>0316097470</primary_isbn10><primary_isbn13>9780316097475</primary_isbn13><publisher><![CDATA[Little, Brown & Company]]></publisher><description>A New York detective takes refuge with his 10 children in an upstate cabin.</description><price>0</price><title>I, MICHAEL BENNETT</title><author>James Patterson and Michael Ledwidge</author><contributor>by James Patterson and Michael Ledwidge</contributor><contributor_note></contributor_note><book_image>https://s1.nyt.com/du/books/images/9780446571807.jpg</book_image><book_image_width>320</book_image_width><book_image_height>495</book_image_height><amazon_product_url>http://www.amazon.com/I-Michael-Bennett-James-Patterson/dp/0446571814?tag=NYTBS-20</amazon_product_url><age_group></age_group><book_review_link></book_review_link><first_chapter_link></first_chapter_link><sunday_review_link></sunday_review_link><article_chapter_link></article_chapter_link><isbns><isbn><isbn10>0316097462</isbn10><isbn13>9780316097468</isbn13></isbn><isbn><isbn10>0316097470</isbn10><isbn13>9780316097475</isbn13></isbn><isbn><isbn10>0316224065</isbn10><isbn13>9780316224062</isbn13></isbn><isbn><isbn10>1409038823</isbn10><isbn13>9781409038825</isbn13></isbn><isbn><isbn10>0446571806</isbn10><isbn13>9780446571807</isbn13></isbn><isbn><isbn10>0446571814</isbn10><isbn13>9780446571814</isbn13></isbn></isbns><buy_links><buy_link><name>Local Booksellers</name><url>http://www.indiebound.org/book/9780316097475?aff=NYT</url></buy_link><buy_link><name>Barnes and Noble</name><url>http://www.anrdoezrs.net/click-7990613-11819508?url=http%3A%2F%2Fwww.barnesandnoble.com%2Fw%2F%3Fean%3D9780316097475</url></buy_link><buy_link><name>Amazon</name><url>http://www.amazon.com/I-Michael-Bennett-James-Patterson/dp/0446571814?tag=NYTBS-20</url></buy_link></buy_links></book><book><rank>7</rank><rank_last_week>0</rank_last_week><weeks_on_list>1</weeks_on_list><asterisk>0</asterisk><dagger>0</dagger><primary_isbn10>None</primary_isbn10><primary_isbn13>9781101587324</primary_isbn13><publisher>Penguin Group</publisher><description>The F.B.I. agents Dillon Savich and Lacey Sherlock investigate the murder of a judge.</description><price>0</price><title>BACKFIRE</title><author>Catherine Coulter</author><contributor>by Catherine Coulter</contributor><contributor_note></contributor_note><book_image>https://s1.nyt.com/du/books/images/9780399157325.jpg</book_image><book_image_width>327</book_image_width><book_image_height>495</book_image_height><amazon_product_url>http://www.amazon.com/Backfire-FBI-Thriller-Catherine-Coulter-ebook/dp/B00740GOJA?tag=NYTBS-20</amazon_product_url><age_group></age_group><book_review_link></book_review_link><first_chapter_link></first_chapter_link><sunday_review_link></sunday_review_link><article_chapter_link></article_chapter_link><isbns><isbn><isbn10>0399157328</isbn10><isbn13>9780399157325</isbn13></isbn><isbn><isbn10>051515301X</isbn10><isbn13>9780515153019</isbn13></isbn></isbns><buy_links><buy_link><name>Local Booksellers</name><url>http://www.indiebound.org/book/9781101587324?aff=NYT</url></buy_link><buy_link><name>Barnes and Noble</name><url>http://www.anrdoezrs.net/click-7990613-11819508?url=http%3A%2F%2Fwww.barnesandnoble.com%2Fw%2F%3Fean%3D9781101587324</url></buy_link><buy_link><name>Amazon</name><url>http://www.amazon.com/Backfire-FBI-Thriller-Catherine-Coulter-ebook/dp/B00740GOJA?tag=NYTBS-20</url></buy_link></buy_links></book><book><rank>8</rank><rank_last_week>5</rank_last_week><weeks_on_list>6</weeks_on_list><asterisk>0</asterisk><dagger>0</dagger><primary_isbn10>None</primary_isbn10><primary_isbn13>9781101604786</primary_isbn13><publisher>Penguin Group</publisher><description>Two troubled people develop an intense, obsessive relationship.</description><price>0</price><title>BARED TO YOU</title><author>Sylvia Day</author><contributor>by Sylvia Day</contributor><contributor_note></contributor_note><book_image>https://s1.nyt.com/du/books/images/9780425263907.jpg</book_image><book_image_width>308</book_image_width><book_image_height>475</book_image_height><amazon_product_url>http://www.amazon.com/Bared-You-A-Crossfire-Novel-ebook/dp/B00846REIS?tag=NYTBS-20</amazon_product_url><age_group></age_group><book_review_link></book_review_link><first_chapter_link></first_chapter_link><sunday_review_link></sunday_review_link><article_chapter_link></article_chapter_link><isbns><isbn><isbn10>0982857195</isbn10><isbn13>9780982857199</isbn13></isbn><isbn><isbn10>0985114606</isbn10><isbn13>9780985114602</isbn13></isbn><isbn><isbn10>0425263908</isbn10><isbn13>9780425263907</isbn13></isbn></isbns><buy_links><buy_link><name>Local Booksellers</name><url>http://www.indiebound.org/book/9781101604786?aff=NYT</url></buy_link><buy_link><name>Barnes and Noble</name><url>http://www.anrdoezrs.net/click-7990613-11819508?url=http%3A%2F%2Fwww.barnesandnoble.com%2Fw%2F%3Fean%3D9781101604786</url></buy_link><buy_link><name>Amazon</name><url>http://www.amazon.com/Bared-You-A-Crossfire-Novel-ebook/dp/B00846REIS?tag=NYTBS-20</url></buy_link></buy_links></book><book><rank>9</rank><rank_last_week>9</rank_last_week><weeks_on_list>13</weeks_on_list><asterisk>0</asterisk><dagger>0</dagger><primary_isbn10>0345803574</primary_isbn10><primary_isbn13>9780345803573</primary_isbn13><publisher>Knopf Doubleday Publishing</publisher><description>The three “Fifty Shades” novels in one bundle.</description><price>0</price><title>FIFTY SHADES TRILOGY</title><author>E L James</author><contributor>by E. L. James</contributor><contributor_note></contributor_note><book_image>https://s1.nyt.com/du/books/images/9780345803573.jpg</book_image><book_image_width>128</book_image_width><book_image_height>197</book_image_height><amazon_product_url>http://www.amazon.com/Fifty-Shades-Trilogy-Bundle-Vintage-ebook/dp/B007SGM084?tag=NYTBS-20</amazon_product_url><age_group></age_group><book_review_link></book_review_link><first_chapter_link></first_chapter_link><sunday_review_link></sunday_review_link><article_chapter_link></article_chapter_link><isbns><isbn><isbn10>0345803574</isbn10><isbn13>9780345803573</isbn13></isbn><isbn><isbn10>1448150620</isbn10><isbn13>9781448150625</isbn13></isbn></isbns><buy_links><buy_link><name>Local Booksellers</name><url>http://www.indiebound.org/book/9780345803573?aff=NYT</url></buy_link><buy_link><name>Barnes and Noble</name><url>http://www.anrdoezrs.net/click-7990613-11819508?url=http%3A%2F%2Fwww.barnesandnoble.com%2Fw%2F%3Fean%3D9780345803573</url></buy_link><buy_link><name>Amazon</name><url>http://www.amazon.com/Fifty-Shades-Trilogy-Bundle-Vintage-ebook/dp/B007SGM084?tag=NYTBS-20</url></buy_link></buy_links></book><book><rank>10</rank><rank_last_week>0</rank_last_week><weeks_on_list>1</weeks_on_list><asterisk>0</asterisk><dagger>0</dagger><primary_isbn10>0062106104</primary_isbn10><primary_isbn13>9780062106100</primary_isbn13><publisher>HarperCollins Publishers</publisher><description>A young woman runs out on her wedding in search of herself — and a new man.</description><price>0</price><title>THE GREAT ESCAPE</title><author>Susan Elizabeth Phillips</author><contributor>by Susan Elizabeth Phillips</contributor><contributor_note></contributor_note><book_image>https://s1.nyt.com/du/books/images/9780062106063.jpg</book_image><book_image_width>128</book_image_width><book_image_height>191</book_image_height><amazon_product_url>http://www.amazon.com/The-Great-Escape-Book-6-ebook/dp/B0070XF97O?tag=NYTBS-20</amazon_product_url><age_group></age_group><book_review_link></book_review_link><first_chapter_link></first_chapter_link><sunday_review_link></sunday_review_link><article_chapter_link></article_chapter_link><isbns><isbn><isbn10>0062106066</isbn10><isbn13>9780062106063</isbn13></isbn><isbn><isbn10>0062106104</isbn10><isbn13>9780062106100</isbn13></isbn></isbns><buy_links><buy_link><name>Local Booksellers</name><url>http://www.indiebound.org/book/9780062106100?aff=NYT</url></buy_link><buy_link><name>Barnes and Noble</name><url>http://www.anrdoezrs.net/click-7990613-11819508?url=http%3A%2F%2Fwww.barnesandnoble.com%2Fw%2F%3Fean%3D9780062106100</url></buy_link><buy_link><name>Amazon</name><url>http://www.amazon.com/The-Great-Escape-Book-6-ebook/dp/B0070XF97O?tag=NYTBS-20</url></buy_link></buy_links></book><book><rank>11</rank><rank_last_week>10</rank_last_week><weeks_on_list>2</weeks_on_list><asterisk>0</asterisk><dagger>0</dagger><primary_isbn10>034553056X</primary_isbn10><primary_isbn13>9780345530561</primary_isbn13><publisher>Random House Publishing</publisher><description>Partners in a small law firm take on a big case.</description><price>0</price><title>THE LITIGATORS</title><author>John Grisham</author><contributor>by John Grisham</contributor><contributor_note></contributor_note><book_image>https://s1.nyt.com/du/books/images/9780345536884.jpg</book_image><book_image_width>128</book_image_width><book_image_height>229</book_image_height><amazon_product_url>http://www.amazon.com/The-Litigators-Novel-John-Grisham/dp/034553056X?tag=NYTBS-20</amazon_product_url><age_group></age_group><book_review_link></book_review_link><first_chapter_link></first_chapter_link><sunday_review_link></sunday_review_link><article_chapter_link></article_chapter_link><isbns><isbn><isbn10>0345536886</isbn10><isbn13>9780345536884</isbn13></isbn><isbn><isbn10>034553056X</isbn10><isbn13>9780345530561</isbn13></isbn></isbns><buy_links><buy_link><name>Local Booksellers</name><url>http://www.indiebound.org/book/9780345530561?aff=NYT</url></buy_link><buy_link><name>Barnes and Noble</name><url>http://www.anrdoezrs.net/click-7990613-11819508?url=http%3A%2F%2Fwww.barnesandnoble.com%2Fw%2F%3Fean%3D9780345530561</url></buy_link><buy_link><name>Amazon</name><url>http://www.amazon.com/The-Litigators-Novel-John-Grisham/dp/034553056X?tag=NYTBS-20</url></buy_link></buy_links></book><book><rank>12</rank><rank_last_week>12</rank_last_week><weeks_on_list>15</weeks_on_list><asterisk>0</asterisk><dagger>0</dagger><primary_isbn10>None</primary_isbn10><primary_isbn13>A00B00790TI0W</primary_isbn13><publisher>Entangled Publishing</publisher><description>A billionaire who needs a wife offers a one-year marriage in name only to a bookstore owner.</description><price>0</price><title>THE MARRIAGE BARGAIN</title><author>Jennifer Probst</author><contributor>by Jennifer Probst</contributor><contributor_note></contributor_note><book_image>https://s1.nyt.com/du/books/images/9781620612798.jpg</book_image><book_image_width>128</book_image_width><book_image_height>203</book_image_height><amazon_product_url>http://www.amazon.com/The-Marriage-Bargain-Billionaire/dp/1620612798?tag=NYTBS-20</amazon_product_url><age_group></age_group><book_review_link></book_review_link><first_chapter_link></first_chapter_link><sunday_review_link></sunday_review_link><article_chapter_link></article_chapter_link><isbns><isbn><isbn10>1937044963</isbn10><isbn13>9781937044961</isbn13></isbn><isbn><isbn10>1622669037</isbn10><isbn13>9781622669035</isbn13></isbn><isbn><isbn10>1620612798</isbn10><isbn13>9781620612798</isbn13></isbn><isbn><isbn10>1620612844</isbn10><isbn13>9781620612842</isbn13></isbn></isbns><buy_links><buy_link><name>Local Booksellers</name><url><![CDATA[http://www.indiebound.org/search/book?searchfor=THE+MARRIAGE+BARGAIN+Jennifer+Probst&aff=NYT]]></url></buy_link><buy_link><name>Barnes and Noble</name><url>http://www.anrdoezrs.net/click-7990613-11819508?url=http%3A%2F%2Fwww.barnesandnoble.com%2Fs%2FTHE+MARRIAGE+BARGAIN+Jennifer+Probst</url></buy_link><buy_link><name>Amazon</name><url>http://www.amazon.com/The-Marriage-Bargain-Billionaire/dp/1620612798?tag=NYTBS-20</url></buy_link></buy_links></book><book><rank>13</rank><rank_last_week>0</rank_last_week><weeks_on_list>1</weeks_on_list><asterisk>0</asterisk><dagger>0</dagger><primary_isbn10></primary_isbn10><primary_isbn13>9781101585658</primary_isbn13><publisher>Penguin Group</publisher><description>A Midwestern matron who accompanies the soon-to-be silent film star Louise Brooks on a trip to New York experiences a feminist awakening.</description><price>0</price><title>THE CHAPERONE</title><author>Laura Moriarty</author><contributor>by Laura Moriarty</contributor><contributor_note></contributor_note><book_image>https://s1.nyt.com/du/books/images/9781101585658.jpg</book_image><book_image_width>128</book_image_width><book_image_height>192</book_image_height><amazon_product_url>http://www.amazon.com/The-Chaperone-Laura-Moriarty-ebook/dp/B0072NWKQK?tag=NYTBS-20</amazon_product_url><age_group></age_group><book_review_link>https://www.nytimes.com/2012/06/15/books/the-chaperone-by-laura-moriarty.html</book_review_link><first_chapter_link></first_chapter_link><sunday_review_link>https://www.nytimes.com/2012/06/10/books/review/the-chaperone-by-laura-moriarty.html</sunday_review_link><article_chapter_link></article_chapter_link><isbns><isbn><isbn10>1594487014</isbn10><isbn13>9781594487019</isbn13></isbn><isbn><isbn10>1594631433</isbn10><isbn13>9781594631436</isbn13></isbn></isbns><buy_links><buy_link><name>Local Booksellers</name><url>http://www.indiebound.org/book/9781101585658?aff=NYT</url></buy_link><buy_link><name>Barnes and Noble</name><url>http://www.anrdoezrs.net/click-7990613-11819508?url=http%3A%2F%2Fwww.barnesandnoble.com%2Fw%2F%3Fean%3D9781101585658</url></buy_link><buy_link><name>Amazon</name><url>http://www.amazon.com/The-Chaperone-Laura-Moriarty-ebook/dp/B0072NWKQK?tag=NYTBS-20</url></buy_link></buy_links></book><book><rank>14</rank><rank_last_week>8</rank_last_week><weeks_on_list>2</weeks_on_list><asterisk>0</asterisk><dagger>0</dagger><primary_isbn10>1451617771</primary_isbn10><primary_isbn13>9781451617771</primary_isbn13><publisher>Atria Books</publisher><description>A young woman who moves to Hollywood to make it in television finds success, but her life remains complicated.</description><price>0</price><title>THE NEXT BEST THING</title><author>Jennifer Weiner</author><contributor>by Jennifer Weiner</contributor><contributor_note></contributor_note><book_image>https://s1.nyt.com/du/books/images/9781451617771.jpg</book_image><book_image_width>128</book_image_width><book_image_height>193</book_image_height><amazon_product_url>http://www.amazon.com/The-Next-Best-Thing-Novel-ebook/dp/B0061NT77C?tag=NYTBS-20</amazon_product_url><age_group></age_group><book_review_link></book_review_link><first_chapter_link></first_chapter_link><sunday_review_link></sunday_review_link><article_chapter_link></article_chapter_link><isbns><isbn><isbn10>1451617755</isbn10><isbn13>9781451617757</isbn13></isbn><isbn><isbn10>1451617771</isbn10><isbn13>9781451617771</isbn13></isbn><isbn><isbn10>1451617763</isbn10><isbn13>9781451617764</isbn13></isbn></isbns><buy_links><buy_link><name>Local Booksellers</name><url>http://www.indiebound.org/book/9781451617771?aff=NYT</url></buy_link><buy_link><name>Barnes and Noble</name><url>http://www.anrdoezrs.net/click-7990613-11819508?url=http%3A%2F%2Fwww.barnesandnoble.com%2Fw%2F%3Fean%3D9781451617771</url></buy_link><buy_link><name>Amazon</name><url>http://www.amazon.com/The-Next-Best-Thing-Novel-ebook/dp/B0061NT77C?tag=NYTBS-20</url></buy_link></buy_links></book><book><rank>15</rank><rank_last_week>0</rank_last_week><weeks_on_list>1</weeks_on_list><asterisk>0</asterisk><dagger>0</dagger><primary_isbn10>None</primary_isbn10><primary_isbn13>A00B006RUJST6</primary_isbn13><publisher>Colleen Hoover</publisher><description>A girl falls in love with a neighbor who enjoys slam poetry, but they encounter obstacles.</description><price>0</price><title>SLAMMED</title><author>Colleen Hoover</author><contributor>by Colleen Hoover</contributor><contributor_note></contributor_note><book_image></book_image><book_image_width></book_image_width><book_image_height></book_image_height><amazon_product_url></amazon_product_url><age_group></age_group><book_review_link></book_review_link><first_chapter_link></first_chapter_link><sunday_review_link></sunday_review_link><article_chapter_link></article_chapter_link><isbns/><buy_links><buy_link><name>Local Booksellers</name><url><![CDATA[http://www.indiebound.org/search/book?searchfor=SLAMMED+Colleen+Hoover&aff=NYT]]></url></buy_link><buy_link><name>Barnes and Noble</name><url>http://www.anrdoezrs.net/click-7990613-11819508?url=http%3A%2F%2Fwww.barnesandnoble.com%2Fs%2FSLAMMED+Colleen+Hoover</url></buy_link><buy_link><name>Amazon</name><url><![CDATA[https://www.amazon.com/gp/search?index=books&tag=NYTBS-20&field-keywords=SLAMMED+Colleen+Hoover]]></url></buy_link></buy_links></book><book><rank>16</rank><rank_last_week>0</rank_last_week><weeks_on_list>0</weeks_on_list><asterisk>0</asterisk><dagger>0</dagger><primary_isbn10>0345528514</primary_isbn10><primary_isbn13>9780345528513</primary_isbn13><publisher>Random House Publishing</publisher><description>A college student is missing, and Will Trent, an agent with the Georgia Bureau of Investigation, and his mentor, the deputy director Amanda Wagner, are forced to confront old mysteries.</description><price>0</price><title>CRIMINAL</title><author>Karin Slaughter</author><contributor>by Karin Slaughter</contributor><contributor_note></contributor_note><book_image>https://s1.nyt.com/du/books/images/9780345528506.jpg</book_image><book_image_width>328</book_image_width><book_image_height>495</book_image_height><amazon_product_url>http://www.amazon.com/Criminal-Novel-bonus-novella-Snatched/dp/0345528522?tag=NYTBS-20</amazon_product_url><age_group></age_group><book_review_link></book_review_link><first_chapter_link></first_chapter_link><sunday_review_link></sunday_review_link><article_chapter_link></article_chapter_link><isbns><isbn><isbn10>0345528506</isbn10><isbn13>9780345528506</isbn13></isbn><isbn><isbn10>0345528514</isbn10><isbn13>9780345528513</isbn13></isbn><isbn><isbn10>0345528522</isbn10><isbn13>9780345528520</isbn13></isbn></isbns><buy_links><buy_link><name>Local Booksellers</name><url>http://www.indiebound.org/book/9780345528513?aff=NYT</url></buy_link><buy_link><name>Barnes and Noble</name><url>http://www.anrdoezrs.net/click-7990613-11819508?url=http%3A%2F%2Fwww.barnesandnoble.com%2Fw%2F%3Fean%3D9780345528513</url></buy_link><buy_link><name>Amazon</name><url>http://www.amazon.com/Criminal-Novel-bonus-novella-Snatched/dp/0345528522?tag=NYTBS-20</url></buy_link></buy_links></book><book><rank>17</rank><rank_last_week>0</rank_last_week><weeks_on_list>0</weeks_on_list><asterisk>0</asterisk><dagger>0</dagger><primary_isbn10>None</primary_isbn10><primary_isbn13>9781101475690</primary_isbn13><publisher>Penguin Group</publisher><description>The recovery of a lost ancient manuscript in a library at Oxford sets a fantastical underworld stirring.</description><price>0</price><title>A DISCOVERY OF WITCHES</title><author>Deborah Harkness</author><contributor>by Deborah Harkness</contributor><contributor_note></contributor_note><book_image>https://s1.nyt.com/du/books/images/9781101475690.jpg</book_image><book_image_width>323</book_image_width><book_image_height>495</book_image_height><amazon_product_url>http://www.amazon.com/Discovery-Witches-Novel-Souls-Trilogy/dp/0143119680?tag=NYTBS-20</amazon_product_url><age_group></age_group><book_review_link></book_review_link><first_chapter_link></first_chapter_link><sunday_review_link></sunday_review_link><article_chapter_link></article_chapter_link><isbns><isbn><isbn10>0670022411</isbn10><isbn13>9780670022410</isbn13></isbn><isbn><isbn10>0143119680</isbn10><isbn13>9780143119685</isbn13></isbn></isbns><buy_links><buy_link><name>Local Booksellers</name><url>http://www.indiebound.org/book/9781101475690?aff=NYT</url></buy_link><buy_link><name>Barnes and Noble</name><url>http://www.anrdoezrs.net/click-7990613-11819508?url=http%3A%2F%2Fwww.barnesandnoble.com%2Fw%2F%3Fean%3D9781101475690</url></buy_link><buy_link><name>Amazon</name><url>http://www.amazon.com/Discovery-Witches-Novel-Souls-Trilogy/dp/0143119680?tag=NYTBS-20</url></buy_link></buy_links></book><book><rank>18</rank><rank_last_week>0</rank_last_week><weeks_on_list>0</weeks_on_list><asterisk>0</asterisk><dagger>0</dagger><primary_isbn10>0553897845</primary_isbn10><primary_isbn13>9780553897845</primary_isbn13><publisher>Random House Publishing</publisher><description>In the frozen wastes to the north of Winterfell, sinister and supernatural forces are mustering. Basis of the HBO series.</description><price>0</price><title>A GAME OF THRONES</title><author>George R R Martin</author><contributor>by George R. R. Martin</contributor><contributor_note></contributor_note><book_image>https://s1.nyt.com/du/books/images/9780553897845.jpg</book_image><book_image_width>301</book_image_width><book_image_height>495</book_image_height><amazon_product_url>http://www.amazon.com/Game-Thrones-Song-Fire-Book-ebook/dp/B000QCS8TW?tag=NYTBS-20</amazon_product_url><age_group></age_group><book_review_link></book_review_link><first_chapter_link></first_chapter_link><sunday_review_link></sunday_review_link><article_chapter_link>https://www.nytimes.com/2011/04/10/arts/television/game-of-thrones-on-hbo-from-george-r-r-martin-novels.html</article_chapter_link><isbns><isbn><isbn10>0553573403</isbn10><isbn13>9780553573404</isbn13></isbn><isbn><isbn10>0553386794</isbn10><isbn13>9780553386790</isbn13></isbn><isbn><isbn10>0553381687</isbn10><isbn13>9780553381689</isbn13></isbn><isbn><isbn10>0553593714</isbn10><isbn13>9780553593716</isbn13></isbn><isbn><isbn10>0553897845</isbn10><isbn13>9780553897845</isbn13></isbn><isbn><isbn10>0553103547</isbn10><isbn13>9780553103540</isbn13></isbn><isbn><isbn10>044042321X</isbn10><isbn13>9780440423218</isbn13></isbn><isbn><isbn10>0553588486</isbn10><isbn13>9780553588484</isbn13></isbn><isbn><isbn10>0345535537</isbn10><isbn13>9780345535535</isbn13></isbn></isbns><buy_links><buy_link><name>Local Booksellers</name><url>http://www.indiebound.org/book/9780553897845?aff=NYT</url></buy_link><buy_link><name>Barnes and Noble</name><url>http://www.anrdoezrs.net/click-7990613-11819508?url=http%3A%2F%2Fwww.barnesandnoble.com%2Fw%2F%3Fean%3D9780553897845</url></buy_link><buy_link><name>Amazon</name><url>http://www.amazon.com/Game-Thrones-Song-Fire-Book-ebook/dp/B000QCS8TW?tag=NYTBS-20</url></buy_link></buy_links></book><book><rank>19</rank><rank_last_week>0</rank_last_week><weeks_on_list>0</weeks_on_list><asterisk>0</asterisk><dagger>0</dagger><primary_isbn10></primary_isbn10><primary_isbn13>9781101585535</primary_isbn13><publisher>Penguin Group</publisher><description>The prosecutor Alexandra Cooper becomes involved when a wealthy man assaults a maid in a Manhattan hotel.</description><price>0</price><title>NIGHT WATCH</title><author>Linda Fairstein</author><contributor>by Linda Fairstein</contributor><contributor_note></contributor_note><book_image>https://s1.nyt.com/du/books/images/9781101585535.jpg</book_image><book_image_width>128</book_image_width><book_image_height>193</book_image_height><amazon_product_url>http://www.amazon.com/Night-Watch-Linda-Fairstein-ebook/dp/B0072NWK38?tag=NYTBS-20</amazon_product_url><age_group></age_group><book_review_link></book_review_link><first_chapter_link></first_chapter_link><sunday_review_link></sunday_review_link><article_chapter_link></article_chapter_link><isbns><isbn><isbn10>0525952632</isbn10><isbn13>9780525952633</isbn13></isbn></isbns><buy_links><buy_link><name>Local Booksellers</name><url>http://www.indiebound.org/book/9781101585535?aff=NYT</url></buy_link><buy_link><name>Barnes and Noble</name><url>http://www.anrdoezrs.net/click-7990613-11819508?url=http%3A%2F%2Fwww.barnesandnoble.com%2Fw%2F%3Fean%3D9781101585535</url></buy_link><buy_link><name>Amazon</name><url>http://www.amazon.com/Night-Watch-Linda-Fairstein-ebook/dp/B0072NWK38?tag=NYTBS-20</url></buy_link></buy_links></book><book><rank>20</rank><rank_last_week>0</rank_last_week><weeks_on_list>0</weeks_on_list><asterisk>0</asterisk><dagger>0</dagger><primary_isbn10>034552778X</primary_isbn10><primary_isbn13>9780345527783</primary_isbn13><publisher>Random House Publishing</publisher><description>The Salem, Mass., pastry chef Lizzy Tucker and her partner, Diesel, seach for a powerful ancient relic.</description><price>0</price><title>WICKED BUSINESS</title><author>Janet Evanovich</author><contributor>by Janet Evanovich</contributor><contributor_note></contributor_note><book_image>https://s1.nyt.com/du/books/images/9780345527776.jpg</book_image><book_image_width>327</book_image_width><book_image_height>495</book_image_height><amazon_product_url>http://www.amazon.com/Wicked-Business-Lizzy-Diesel-Lizzie/dp/0345527798?tag=NYTBS-20</amazon_product_url><age_group></age_group><book_review_link></book_review_link><first_chapter_link></first_chapter_link><sunday_review_link></sunday_review_link><article_chapter_link></article_chapter_link><isbns><isbn><isbn10>0345527771</isbn10><isbn13>9780345527776</isbn13></isbn><isbn><isbn10>034552778X</isbn10><isbn13>9780345527783</isbn13></isbn><isbn><isbn10>0345527798</isbn10><isbn13>9780345527790</isbn13></isbn></isbns><buy_links><buy_link><name>Local Booksellers</name><url>http://www.indiebound.org/book/9780345527783?aff=NYT</url></buy_link><buy_link><name>Barnes and Noble</name><url>http://www.anrdoezrs.net/click-7990613-11819508?url=http%3A%2F%2Fwww.barnesandnoble.com%2Fw%2F%3Fean%3D9780345527783</url></buy_link><buy_link><name>Amazon</name><url>http://www.amazon.com/Wicked-Business-Lizzy-Diesel-Lizzie/dp/0345527798?tag=NYTBS-20</url></buy_link></buy_links></book></books><corrections/></results></result_set>
