<?xml version="1.0" encoding="UTF-8"?>
<result_set><status>OK</status><copyright>Copyright (c) 2018 The New York Times Company.  All Rights Reserved.</copyright><num_results>35</num_results><last_modified>2017-03-21T13:38:01-04:00</last_modified><results><list_name>Combined Print and E-Book Nonfiction</list_name><list_name_encoded>combined-print-and-e-book-nonfiction</list_name_encoded><bestsellers_date>2012-07-07</bestsellers_date><published_date>2012-07-22</published_date><published_date_description></published_date_description><next_published_date>2012-07-29</next_published_date><previous_published_date>2012-07-15</previous_published_date><display_name><![CDATA[Combined Print & E-Book Nonfiction]]></display_name><normal_list_ends_at>15</normal_list_ends_at><updated>WEEKLY</updated><books><book><rank>1</rank><rank_last_week>2</rank_last_week><weeks_on_list>12</weeks_on_list><asterisk>0</asterisk><dagger>0</dagger><primary_isbn10>0307957659</primary_isbn10><primary_isbn13>9780307957658</primary_isbn13><publisher>Knopf Doubleday Publishing</publisher><description>A woman’s account of a life-changing 1,100-mile hike along the Pacific Crest Trail.</description><price>0</price><title>WILD</title><author>Cheryl Strayed</author><contributor>by Cheryl Strayed</contributor><contributor_note></contributor_note><book_image>https://s1.nyt.com/du/books/images/9780307476074.jpg</book_image><book_image_width>321</book_image_width><book_image_height>495</book_image_height><amazon_product_url>http://www.amazon.com/Wild-Found-Pacific-Crest-Trail/dp/0307476073?tag=NYTBS-20</amazon_product_url><age_group></age_group><book_review_link>https://www.nytimes.com/2012/03/28/books/wild-by-cheryl-strayed-a-walkabout-of-reinvention.html</book_review_link><first_chapter_link></first_chapter_link><sunday_review_link>https://www.nytimes.com/2012/04/01/books/review/wild-a-hiking-memoir-by-cheryl-strayed.html</sunday_review_link><article_chapter_link></article_chapter_link><isbns><isbn><isbn10>0307592731</isbn10><isbn13>9780307592736</isbn13></isbn><isbn><isbn10>0307957659</isbn10><isbn13>9780307957658</isbn13></isbn><isbn><isbn10>0307476073</isbn10><isbn13>9780307476074</isbn13></isbn><isbn><isbn10>1594136742</isbn10><isbn13>9781594136740</isbn13></isbn><isbn><isbn10>0307970299</isbn10><isbn13>9780307970299</isbn13></isbn><isbn><isbn10>1101873442</isbn10><isbn13>9781101873441</isbn13></isbn></isbns><buy_links><buy_link><name>Local Booksellers</name><url>http://www.indiebound.org/book/9780307957658?aff=NYT</url></buy_link><buy_link><name>Barnes and Noble</name><url>http://www.anrdoezrs.net/click-7990613-11819508?url=http%3A%2F%2Fwww.barnesandnoble.com%2Fw%2F%3Fean%3D9780307957658</url></buy_link><buy_link><name>Amazon</name><url>http://www.amazon.com/Wild-Found-Pacific-Crest-Trail/dp/0307476073?tag=NYTBS-20</url></buy_link></buy_links></book><book><rank>2</rank><rank_last_week>3</rank_last_week><weeks_on_list>76</weeks_on_list><asterisk>0</asterisk><dagger>0</dagger><primary_isbn10>0679603751</primary_isbn10><primary_isbn13>9780679603757</primary_isbn13><publisher>Random House Publishing</publisher><description>An Olympic runner’s story of survival as a prisoner of the Japanese in World War II.</description><price>0</price><title>UNBROKEN</title><author>Laura Hillenbrand</author><contributor>by Laura Hillenbrand</contributor><contributor_note></contributor_note><book_image>https://s1.nyt.com/du/books/images/9781400064168.jpg</book_image><book_image_width>264</book_image_width><book_image_height>400</book_image_height><amazon_product_url>http://www.amazon.com/Unbroken-World-Survival-Resilience-Redemption/dp/1400064163?tag=NYTBS-20</amazon_product_url><age_group></age_group><book_review_link>https://www.nytimes.com/2010/11/15/books/15book.html</book_review_link><first_chapter_link></first_chapter_link><sunday_review_link>https://www.nytimes.com/2010/11/21/books/review/Margolick-t.html</sunday_review_link><article_chapter_link></article_chapter_link><isbns><isbn><isbn10>1400064163</isbn10><isbn13>9781400064168</isbn13></isbn><isbn><isbn10>0679603751</isbn10><isbn13>9780679603757</isbn13></isbn><isbn><isbn10>0375435018</isbn10><isbn13>9780375435010</isbn13></isbn><isbn><isbn10></isbn10><isbn13></isbn13></isbn><isbn><isbn10>0739319698</isbn10><isbn13>9780739319697</isbn13></isbn><isbn><isbn10>0007378033</isbn10><isbn13>9780007378036</isbn13></isbn><isbn><isbn10>0812974492</isbn10><isbn13>9780812974492</isbn13></isbn><isbn><isbn10>0606355987</isbn10><isbn13>9780606355988</isbn13></isbn><isbn><isbn10>081298711X</isbn10><isbn13>9780812987119</isbn13></isbn><isbn><isbn10>0553397117</isbn10><isbn13>9780553397116</isbn13></isbn><isbn><isbn10>1101912626</isbn10><isbn13>9781101912621</isbn13></isbn><isbn><isbn10>1984818449</isbn10><isbn13>9781984818447</isbn13></isbn><isbn><isbn10>1984837621</isbn10><isbn13>9781984837622</isbn13></isbn></isbns><buy_links><buy_link><name>Local Booksellers</name><url>http://www.indiebound.org/book/9780679603757?aff=NYT</url></buy_link><buy_link><name>Barnes and Noble</name><url>http://www.anrdoezrs.net/click-7990613-11819508?url=http%3A%2F%2Fwww.barnesandnoble.com%2Fw%2F%3Fean%3D9780679603757</url></buy_link><buy_link><name>Amazon</name><url>http://www.amazon.com/Unbroken-World-Survival-Resilience-Redemption/dp/1400064163?tag=NYTBS-20</url></buy_link></buy_links></book><book><rank>3</rank><rank_last_week>4</rank_last_week><weeks_on_list>8</weeks_on_list><asterisk>0</asterisk><dagger>0</dagger><primary_isbn10>1596987855</primary_isbn10><primary_isbn13>9781596987852</primary_isbn13><publisher>Regnery Publishing</publisher><description>A journalist argues that President Obama is callow, arrogant and unable to lead.</description><price>0</price><title>AMATEUR</title><author>Edward Klein</author><contributor>by Edward Klein</contributor><contributor_note></contributor_note><book_image>https://s1.nyt.com/du/books/images/9781596983144.jpg</book_image><book_image_width>128</book_image_width><book_image_height>193</book_image_height><amazon_product_url>http://www.amazon.com/The-Amateur-Edward-Klein/dp/1596987855?tag=NYTBS-20</amazon_product_url><age_group></age_group><book_review_link></book_review_link><first_chapter_link></first_chapter_link><sunday_review_link></sunday_review_link><article_chapter_link></article_chapter_link><isbns><isbn><isbn10>1596987855</isbn10><isbn13>9781596987852</isbn13></isbn><isbn><isbn10>1596983140</isbn10><isbn13>9781596983144</isbn13></isbn></isbns><buy_links><buy_link><name>Local Booksellers</name><url>http://www.indiebound.org/book/9781596987852?aff=NYT</url></buy_link><buy_link><name>Barnes and Noble</name><url>http://www.anrdoezrs.net/click-7990613-11819508?url=http%3A%2F%2Fwww.barnesandnoble.com%2Fw%2F%3Fean%3D9781596987852</url></buy_link><buy_link><name>Amazon</name><url>http://www.amazon.com/The-Amateur-Edward-Klein/dp/1596987855?tag=NYTBS-20</url></buy_link></buy_links></book><book><rank>4</rank><rank_last_week>6</rank_last_week><weeks_on_list>40</weeks_on_list><asterisk>0</asterisk><dagger>0</dagger><primary_isbn10>0805093079</primary_isbn10><primary_isbn13>9780805093070</primary_isbn13><publisher>Holt</publisher><description>The anchor of “The O’Reilly Factor” recounts the assassination of Abraham Lincoln.</description><price>0</price><title>KILLING LINCOLN</title><author>Bill O'Reilly and Martin Dugard</author><contributor>by Bill O'Reilly and Martin Dugard</contributor><contributor_note></contributor_note><book_image>https://s1.nyt.com/du/books/images/9780805093070.jpg</book_image><book_image_width>324</book_image_width><book_image_height>495</book_image_height><amazon_product_url>http://www.amazon.com/Killing-Lincoln-Shocking-Assassination-Changed-ebook/dp/B004ULORYU?tag=NYTBS-20</amazon_product_url><age_group></age_group><book_review_link></book_review_link><first_chapter_link></first_chapter_link><sunday_review_link></sunday_review_link><article_chapter_link></article_chapter_link><isbns><isbn><isbn10>0805093079</isbn10><isbn13>9780805093070</isbn13></isbn><isbn><isbn10>1429996870</isbn10><isbn13>9781429996877</isbn13></isbn><isbn><isbn10>1427213127</isbn10><isbn13>9781427213129</isbn13></isbn><isbn><isbn10>1410443000</isbn10><isbn13>9781410443007</isbn13></isbn><isbn><isbn10>1250012163</isbn10><isbn13>9781250012166</isbn13></isbn><isbn><isbn10>1250105218</isbn10><isbn13>9781250105219</isbn13></isbn></isbns><buy_links><buy_link><name>Local Booksellers</name><url>http://www.indiebound.org/book/9780805093070?aff=NYT</url></buy_link><buy_link><name>Barnes and Noble</name><url>http://www.anrdoezrs.net/click-7990613-11819508?url=http%3A%2F%2Fwww.barnesandnoble.com%2Fw%2F%3Fean%3D9780805093070</url></buy_link><buy_link><name>Amazon</name><url>http://www.amazon.com/Killing-Lincoln-Shocking-Assassination-Changed-ebook/dp/B004ULORYU?tag=NYTBS-20</url></buy_link></buy_links></book><book><rank>5</rank><rank_last_week>7</rank_last_week><weeks_on_list>45</weeks_on_list><asterisk>0</asterisk><dagger>0</dagger><primary_isbn10>030740885X</primary_isbn10><primary_isbn13>9780307408853</primary_isbn13><publisher>Crown Publishing</publisher><description>William E. Dodd, the U.S. ambassador to Germany, and his daughter, Martha, in 1930s Berlin.</description><price>0</price><title>IN THE GARDEN OF BEASTS</title><author>Erik Larson</author><contributor>by Erik Larson</contributor><contributor_note></contributor_note><book_image>https://s1.nyt.com/du/books/images/9780307887955.jpg</book_image><book_image_width>330</book_image_width><book_image_height>494</book_image_height><amazon_product_url>http://www.amazon.com/In-Garden-Beasts-American-Hitlers-ebook/dp/B004HFRJM6?tag=NYTBS-20</amazon_product_url><age_group></age_group><book_review_link>https://www.nytimes.com/2011/05/20/books/in-the-garden-of-beasts-by-erik-larson-review.html</book_review_link><first_chapter_link></first_chapter_link><sunday_review_link>https://www.nytimes.com/2011/06/12/books/review/book-review-in-the-garden-of-beasts-by-erik-larson.html</sunday_review_link><article_chapter_link></article_chapter_link><isbns><isbn><isbn10>0307408841</isbn10><isbn13>9780307408846</isbn13></isbn><isbn><isbn10>0307887952</isbn10><isbn13>9780307887955</isbn13></isbn><isbn><isbn10>0739378147</isbn10><isbn13>9780739378144</isbn13></isbn><isbn><isbn10>0307914577</isbn10><isbn13>9780307914576</isbn13></isbn><isbn><isbn10>030740885X</isbn10><isbn13>9780307408853</isbn13></isbn><isbn><isbn10>1446464504</isbn10><isbn13>9781446464502</isbn13></isbn></isbns><buy_links><buy_link><name>Local Booksellers</name><url>http://www.indiebound.org/book/9780307408853?aff=NYT</url></buy_link><buy_link><name>Barnes and Noble</name><url>http://www.anrdoezrs.net/click-7990613-11819508?url=http%3A%2F%2Fwww.barnesandnoble.com%2Fw%2F%3Fean%3D9780307408853</url></buy_link><buy_link><name>Amazon</name><url>http://www.amazon.com/In-Garden-Beasts-American-Hitlers-ebook/dp/B004HFRJM6?tag=NYTBS-20</url></buy_link></buy_links></book><book><rank>6</rank><rank_last_week>11</rank_last_week><weeks_on_list>63</weeks_on_list><asterisk>0</asterisk><dagger>0</dagger><primary_isbn10>1400052181</primary_isbn10><primary_isbn13>9781400052189</primary_isbn13><publisher>Crown Publishing</publisher><description>The story of a woman whose cancer cells were cultured without her permission in 1951.</description><price>0</price><title>THE IMMORTAL LIFE OF HENRIETTA LACKS</title><author>Rebecca Skloot</author><contributor>by Rebecca Skloot</contributor><contributor_note></contributor_note><book_image>https://s1.nyt.com/du/books/images/9781400052189.jpg</book_image><book_image_width>182</book_image_width><book_image_height>280</book_image_height><amazon_product_url>http://www.amazon.com/The-Immortal-Life-Henrietta-Lacks/dp/1400052181?tag=NYTBS-20</amazon_product_url><age_group></age_group><book_review_link>https://www.nytimes.com/2010/02/03/books/03book.html</book_review_link><first_chapter_link></first_chapter_link><sunday_review_link>https://www.nytimes.com/2010/02/07/books/review/Margonelli-t.html</sunday_review_link><article_chapter_link></article_chapter_link><isbns><isbn><isbn10>1400052173</isbn10><isbn13>9781400052172</isbn13></isbn><isbn><isbn10>0307589382</isbn10><isbn13>9780307589385</isbn13></isbn><isbn><isbn10>1410427927</isbn10><isbn13>9781410427922</isbn13></isbn><isbn><isbn10>1400052181</isbn10><isbn13>9781400052189</isbn13></isbn><isbn><isbn10>1594134324</isbn10><isbn13>9781594134326</isbn13></isbn><isbn><isbn10>0451486315</isbn10><isbn13>9780451486318</isbn13></isbn><isbn><isbn10>0804190100</isbn10><isbn13>9780804190107</isbn13></isbn></isbns><buy_links><buy_link><name>Local Booksellers</name><url>http://www.indiebound.org/book/9781400052189?aff=NYT</url></buy_link><buy_link><name>Barnes and Noble</name><url>http://www.anrdoezrs.net/click-7990613-11819508?url=http%3A%2F%2Fwww.barnesandnoble.com%2Fw%2F%3Fean%3D9781400052189</url></buy_link><buy_link><name>Amazon</name><url>http://www.amazon.com/The-Immortal-Life-Henrietta-Lacks/dp/1400052181?tag=NYTBS-20</url></buy_link></buy_links></book><book><rank>7</rank><rank_last_week>13</rank_last_week><weeks_on_list>74</weeks_on_list><asterisk>0</asterisk><dagger>0</dagger><primary_isbn10>None</primary_isbn10><primary_isbn13>9780849949203</primary_isbn13><publisher>Thomas Nelson</publisher><description>A father recounts his 3-year-old son’s encounter with Jesus and the angels during an emergency appendectomy.</description><price>0</price><title>HEAVEN IS FOR REAL</title><author>Todd Burpo with Lynn Vincent</author><contributor>by Todd Burpo with Lynn Vincent</contributor><contributor_note></contributor_note><book_image>https://s1.nyt.com/du/books/images/9780849949203.jpg</book_image><book_image_width>309</book_image_width><book_image_height>495</book_image_height><amazon_product_url>http://www.amazon.com/Heaven-Real-Little-Astounding-Story-ebook/dp/B004A90BXS?tag=NYTBS-20</amazon_product_url><age_group></age_group><book_review_link>https://www.nytimes.com/2011/03/12/books/heaven-is-for-real-is-publishing-phenomenon.html</book_review_link><first_chapter_link></first_chapter_link><sunday_review_link></sunday_review_link><article_chapter_link></article_chapter_link><isbns><isbn><isbn10>0849946158</isbn10><isbn13>9780849946158</isbn13></isbn><isbn><isbn10>0849948363</isbn10><isbn13>9780849948367</isbn13></isbn><isbn><isbn10>0849922070</isbn10><isbn13>9780849922077</isbn13></isbn></isbns><buy_links><buy_link><name>Local Booksellers</name><url>http://www.indiebound.org/book/9780849949203?aff=NYT</url></buy_link><buy_link><name>Barnes and Noble</name><url>http://www.anrdoezrs.net/click-7990613-11819508?url=http%3A%2F%2Fwww.barnesandnoble.com%2Fw%2F%3Fean%3D9780849949203</url></buy_link><buy_link><name>Amazon</name><url>http://www.amazon.com/Heaven-Real-Little-Astounding-Story-ebook/dp/B004A90BXS?tag=NYTBS-20</url></buy_link></buy_links></book><book><rank>8</rank><rank_last_week>1</rank_last_week><weeks_on_list>2</weeks_on_list><asterisk>0</asterisk><dagger>1</dagger><primary_isbn10>1451661223</primary_isbn10><primary_isbn13>9781451661224</primary_isbn13><publisher><![CDATA[Simon & Schuster]]></publisher><description>The stars of the TLC reality show describe their polygamous marriage.</description><price>0</price><title>BECOMING SISTER WIVES</title><author>Kody, Meri, Janelle, Christine and Ron Brown</author><contributor>by Kody, Meri, Janelle, Christine and Robyn Brown</contributor><contributor_note></contributor_note><book_image>https://s1.nyt.com/du/books/images/9781451661224.jpg</book_image><book_image_width>128</book_image_width><book_image_height>195</book_image_height><amazon_product_url>http://www.amazon.com/Becoming-Sister-Wives-Unconventional-Marriage-ebook/dp/B005C776IK?tag=NYTBS-20</amazon_product_url><age_group></age_group><book_review_link></book_review_link><first_chapter_link></first_chapter_link><sunday_review_link></sunday_review_link><article_chapter_link></article_chapter_link><isbns><isbn><isbn10>1451661215</isbn10><isbn13>9781451661217</isbn13></isbn><isbn><isbn10>1451661223</isbn10><isbn13>9781451661224</isbn13></isbn></isbns><buy_links><buy_link><name>Local Booksellers</name><url>http://www.indiebound.org/book/9781451661224?aff=NYT</url></buy_link><buy_link><name>Barnes and Noble</name><url>http://www.anrdoezrs.net/click-7990613-11819508?url=http%3A%2F%2Fwww.barnesandnoble.com%2Fw%2F%3Fean%3D9781451661224</url></buy_link><buy_link><name>Amazon</name><url>http://www.amazon.com/Becoming-Sister-Wives-Unconventional-Marriage-ebook/dp/B005C776IK?tag=NYTBS-20</url></buy_link></buy_links></book><book><rank>9</rank><rank_last_week>0</rank_last_week><weeks_on_list>1</weeks_on_list><asterisk>0</asterisk><dagger>0</dagger><primary_isbn10>1937856399</primary_isbn10><primary_isbn13>9781937856397</primary_isbn13><publisher>BenBella Books</publisher><description>Casey Anthony’s defense attorney discusses her case.</description><price>0</price><title>PRESUMED GUILTY</title><author>Jose Baez and Peter Golenbock</author><contributor>by Jose Baez and Peter Golenbock</contributor><contributor_note></contributor_note><book_image>https://s1.nyt.com/du/books/images/9781937856380.jpg</book_image><book_image_width>128</book_image_width><book_image_height>192</book_image_height><amazon_product_url>http://www.amazon.com/Presumed-Guilty-Casey-Anthony-Inside-ebook/dp/B008EM8DK0?tag=NYTBS-20</amazon_product_url><age_group></age_group><book_review_link></book_review_link><first_chapter_link></first_chapter_link><sunday_review_link></sunday_review_link><article_chapter_link></article_chapter_link><isbns><isbn><isbn10>1937856380</isbn10><isbn13>9781937856380</isbn13></isbn><isbn><isbn10>1937856399</isbn10><isbn13>9781937856397</isbn13></isbn></isbns><buy_links><buy_link><name>Local Booksellers</name><url>http://www.indiebound.org/book/9781937856397?aff=NYT</url></buy_link><buy_link><name>Barnes and Noble</name><url>http://www.anrdoezrs.net/click-7990613-11819508?url=http%3A%2F%2Fwww.barnesandnoble.com%2Fw%2F%3Fean%3D9781937856397</url></buy_link><buy_link><name>Amazon</name><url>http://www.amazon.com/Presumed-Guilty-Casey-Anthony-Inside-ebook/dp/B008EM8DK0?tag=NYTBS-20</url></buy_link></buy_links></book><book><rank>10</rank><rank_last_week>14</rank_last_week><weeks_on_list>22</weeks_on_list><asterisk>0</asterisk><dagger>1</dagger><primary_isbn10>074324754X</primary_isbn10><primary_isbn13>9780743247542</primary_isbn13><publisher><![CDATA[Simon & Schuster]]></publisher><description>The author recalls a bizarre childhood during which she was constantly moved from place to place.</description><price>0</price><title>THE GLASS CASTLE</title><author>Jeannette Walls</author><contributor>by Jeannette Walls</contributor><contributor_note></contributor_note><book_image>https://s1.nyt.com/du/books/images/9780743247542.jpg</book_image><book_image_width>313</book_image_width><book_image_height>495</book_image_height><amazon_product_url>http://www.amazon.com/The-Glass-Castle-A-Memoir/dp/074324754X?tag=NYTBS-20</amazon_product_url><age_group></age_group><book_review_link></book_review_link><first_chapter_link>https://www.nytimes.com/2005/03/13/books/chapters/0313-1st-walls.html</first_chapter_link><sunday_review_link>https://www.nytimes.com/2005/03/13/books/review/013COVERPROSE.html</sunday_review_link><article_chapter_link></article_chapter_link><isbns><isbn><isbn10>074324754X</isbn10><isbn13>9780743247542</isbn13></isbn><isbn><isbn10>1416550607</isbn10><isbn13>9781416550600</isbn13></isbn><isbn><isbn10>1439156964</isbn10><isbn13>9781439156964</isbn13></isbn><isbn><isbn10>1416544666</isbn10><isbn13>9781416544661</isbn13></isbn></isbns><buy_links><buy_link><name>Local Booksellers</name><url>http://www.indiebound.org/book/9780743247542?aff=NYT</url></buy_link><buy_link><name>Barnes and Noble</name><url>http://www.anrdoezrs.net/click-7990613-11819508?url=http%3A%2F%2Fwww.barnesandnoble.com%2Fw%2F%3Fean%3D9780743247542</url></buy_link><buy_link><name>Amazon</name><url>http://www.amazon.com/The-Glass-Castle-A-Memoir/dp/074324754X?tag=NYTBS-20</url></buy_link></buy_links></book><book><rank>11</rank><rank_last_week>12</rank_last_week><weeks_on_list>10</weeks_on_list><asterisk>0</asterisk><dagger>1</dagger><primary_isbn10></primary_isbn10><primary_isbn13>9781101573082</primary_isbn13><publisher>Penguin Group</publisher><description>A blogger recalls her unusual upbringing.</description><price>0</price><title>LET'S PRETEND THIS NEVER HAPPENED</title><author>Jenny Lawson</author><contributor>by Jenny Lawson</contributor><contributor_note></contributor_note><book_image>https://s1.nyt.com/du/books/images/9781101573082.jpg</book_image><book_image_width>128</book_image_width><book_image_height>171</book_image_height><amazon_product_url>http://www.amazon.com/Lets-Pretend-This-Never-Happened-ebook/dp/B0065S8R38?tag=NYTBS-20</amazon_product_url><age_group></age_group><book_review_link></book_review_link><first_chapter_link></first_chapter_link><sunday_review_link></sunday_review_link><article_chapter_link></article_chapter_link><isbns><isbn><isbn10>0399159010</isbn10><isbn13>9780399159015</isbn13></isbn><isbn><isbn10>0425261018</isbn10><isbn13>9780425261019</isbn13></isbn></isbns><buy_links><buy_link><name>Local Booksellers</name><url>http://www.indiebound.org/book/9781101573082?aff=NYT</url></buy_link><buy_link><name>Barnes and Noble</name><url>http://www.anrdoezrs.net/click-7990613-11819508?url=http%3A%2F%2Fwww.barnesandnoble.com%2Fw%2F%3Fean%3D9781101573082</url></buy_link><buy_link><name>Amazon</name><url>http://www.amazon.com/Lets-Pretend-This-Never-Happened-ebook/dp/B0065S8R38?tag=NYTBS-20</url></buy_link></buy_links></book><book><rank>12</rank><rank_last_week>15</rank_last_week><weeks_on_list>37</weeks_on_list><asterisk>0</asterisk><dagger>0</dagger><primary_isbn10>1451648553</primary_isbn10><primary_isbn13>9781451648553</primary_isbn13><publisher><![CDATA[Simon & Schuster]]></publisher><description>A biography of the recently deceased entrepreneur, based on 40 interviews with Jobs conducted over two years.</description><price>0</price><title>STEVE JOBS</title><author>Walter Isaacson</author><contributor>by Walter Isaacson</contributor><contributor_note></contributor_note><book_image>https://s1.nyt.com/du/books/images/9781451648553.jpg</book_image><book_image_width>325</book_image_width><book_image_height>495</book_image_height><amazon_product_url>http://www.amazon.com/Steve-Jobs-Walter-Isaacson-ebook/dp/B004W2UBYW?tag=NYTBS-20</amazon_product_url><age_group></age_group><book_review_link>https://www.nytimes.com/2011/10/22/books/steve-jobs-by-walter-isaacson-review.html</book_review_link><first_chapter_link></first_chapter_link><sunday_review_link></sunday_review_link><article_chapter_link></article_chapter_link><isbns><isbn><isbn10>1451648537</isbn10><isbn13>9781451648539</isbn13></isbn><isbn><isbn10>1451648553</isbn10><isbn13>9781451648553</isbn13></isbn><isbn><isbn10>1442346272</isbn10><isbn13>9781442346277</isbn13></isbn><isbn><isbn10>1442346949</isbn10><isbn13>9781442346949</isbn13></isbn><isbn><isbn10>1410445224</isbn10><isbn13>9781410445223</isbn13></isbn><isbn><isbn10>030795028X</isbn10><isbn13>9780307950284</isbn13></isbn><isbn><isbn10>1408703742</isbn10><isbn13>9781408703748</isbn13></isbn><isbn><isbn10>1451648545</isbn10><isbn13>9781451648546</isbn13></isbn><isbn><isbn10>1594136793</isbn10><isbn13>9781594136795</isbn13></isbn></isbns><buy_links><buy_link><name>Local Booksellers</name><url>http://www.indiebound.org/book/9781451648553?aff=NYT</url></buy_link><buy_link><name>Barnes and Noble</name><url>http://www.anrdoezrs.net/click-7990613-11819508?url=http%3A%2F%2Fwww.barnesandnoble.com%2Fw%2F%3Fean%3D9781451648553</url></buy_link><buy_link><name>Amazon</name><url>http://www.amazon.com/Steve-Jobs-Walter-Isaacson-ebook/dp/B004W2UBYW?tag=NYTBS-20</url></buy_link></buy_links></book><book><rank>13</rank><rank_last_week>9</rank_last_week><weeks_on_list>3</weeks_on_list><asterisk>0</asterisk><dagger>0</dagger><primary_isbn10>1595230947</primary_isbn10><primary_isbn13>9781595230942</primary_isbn13><publisher>Penguin Group</publisher><description>A memoir by the Florida senator, the Miami-born child of Cuban exiles.</description><price>0</price><title>AMERICAN SON</title><author>Marco Rubio</author><contributor>by Marco Rubio</contributor><contributor_note></contributor_note><book_image>https://s1.nyt.com/du/books/images/9781595230942.jpg</book_image><book_image_width>105</book_image_width><book_image_height>159</book_image_height><amazon_product_url>http://www.amazon.com/An-American-Son-A-Memoir-ebook/dp/B007HU7OXC?tag=NYTBS-20</amazon_product_url><age_group></age_group><book_review_link></book_review_link><first_chapter_link></first_chapter_link><sunday_review_link></sunday_review_link><article_chapter_link></article_chapter_link><isbns><isbn><isbn10>1595230947</isbn10><isbn13>9781595230942</isbn13></isbn></isbns><buy_links><buy_link><name>Local Booksellers</name><url>http://www.indiebound.org/book/9781595230942?aff=NYT</url></buy_link><buy_link><name>Barnes and Noble</name><url>http://www.anrdoezrs.net/click-7990613-11819508?url=http%3A%2F%2Fwww.barnesandnoble.com%2Fw%2F%3Fean%3D9781595230942</url></buy_link><buy_link><name>Amazon</name><url>http://www.amazon.com/An-American-Son-A-Memoir-ebook/dp/B007HU7OXC?tag=NYTBS-20</url></buy_link></buy_links></book><book><rank>14</rank><rank_last_week>0</rank_last_week><weeks_on_list>1</weeks_on_list><asterisk>0</asterisk><dagger>0</dagger><primary_isbn10>1414338279</primary_isbn10><primary_isbn13>9781414338279</primary_isbn13><publisher>Tyndale House Publishers</publisher><description>When Alonzo was a child, her father, a North Carolina pastor, lost his life in one man’s campaign of terror to drive him from his church.</description><price>0</price><title>THE DEVIL IN PEW NUMBER SEVEN</title><author>Rebecca Nichols Alonzo with Bob DeMoss</author><contributor>by Rebecca Nichols Alonzo with Bob DeMoss</contributor><contributor_note></contributor_note><book_image>https://s1.nyt.com/du/books/images/9781414326597.jpg</book_image><book_image_width>128</book_image_width><book_image_height>192</book_image_height><amazon_product_url>http://www.amazon.com/The-Devil-Pew-Number-Seven/dp/1414326599?tag=NYTBS-20</amazon_product_url><age_group></age_group><book_review_link></book_review_link><first_chapter_link></first_chapter_link><sunday_review_link></sunday_review_link><article_chapter_link></article_chapter_link><isbns><isbn><isbn10>1414338279</isbn10><isbn13>9781414338279</isbn13></isbn><isbn><isbn10>1414338287</isbn10><isbn13>9781414338286</isbn13></isbn><isbn><isbn10>1414359268</isbn10><isbn13>9781414359267</isbn13></isbn><isbn><isbn10>1414326599</isbn10><isbn13>9781414326597</isbn13></isbn><isbn><isbn10>1414338295</isbn10><isbn13>9781414338293</isbn13></isbn></isbns><buy_links><buy_link><name>Local Booksellers</name><url>http://www.indiebound.org/book/9781414338279?aff=NYT</url></buy_link><buy_link><name>Barnes and Noble</name><url>http://www.anrdoezrs.net/click-7990613-11819508?url=http%3A%2F%2Fwww.barnesandnoble.com%2Fw%2F%3Fean%3D9781414338279</url></buy_link><buy_link><name>Amazon</name><url>http://www.amazon.com/The-Devil-Pew-Number-Seven/dp/1414326599?tag=NYTBS-20</url></buy_link></buy_links></book><book><rank>15</rank><rank_last_week>0</rank_last_week><weeks_on_list>15</weeks_on_list><asterisk>0</asterisk><dagger>0</dagger><primary_isbn10>0679603859</primary_isbn10><primary_isbn13>9780679603856</primary_isbn13><publisher>Random House Publishing</publisher><description>A Times reporter’s account of the science behind how we form, and break, habits.</description><price>0</price><title>THE POWER OF HABIT</title><author>Charles Duhigg</author><contributor>by Charles Duhigg</contributor><contributor_note></contributor_note><book_image>https://s1.nyt.com/du/books/images/9780812981605.jpg</book_image><book_image_width>321</book_image_width><book_image_height>495</book_image_height><amazon_product_url>http://www.amazon.com/The-Power-Habit-What-Business/dp/081298160X?tag=NYTBS-20</amazon_product_url><age_group></age_group><book_review_link></book_review_link><first_chapter_link></first_chapter_link><sunday_review_link>https://www.nytimes.com/2012/03/11/books/review/the-power-of-habit-by-charles-duhigg.html</sunday_review_link><article_chapter_link></article_chapter_link><isbns><isbn><isbn10>1400069289</isbn10><isbn13>9781400069286</isbn13></isbn><isbn><isbn10>0679603859</isbn10><isbn13>9780679603856</isbn13></isbn><isbn><isbn10>030796664X</isbn10><isbn13>9780307966643</isbn13></isbn><isbn><isbn10>1847946240</isbn10><isbn13>9781847946249</isbn13></isbn><isbn><isbn10>081298160X</isbn10><isbn13>9780812981605</isbn13></isbn><isbn><isbn10>152472274X</isbn10><isbn13>9781524722746</isbn13></isbn></isbns><buy_links><buy_link><name>Local Booksellers</name><url>http://www.indiebound.org/book/9780679603856?aff=NYT</url></buy_link><buy_link><name>Barnes and Noble</name><url>http://www.anrdoezrs.net/click-7990613-11819508?url=http%3A%2F%2Fwww.barnesandnoble.com%2Fw%2F%3Fean%3D9780679603856</url></buy_link><buy_link><name>Amazon</name><url>http://www.amazon.com/The-Power-Habit-What-Business/dp/081298160X?tag=NYTBS-20</url></buy_link></buy_links></book><book><rank>16</rank><rank_last_week>0</rank_last_week><weeks_on_list>0</weeks_on_list><asterisk>0</asterisk><dagger>0</dagger><primary_isbn10>0316017930</primary_isbn10><primary_isbn13>9780316017930</primary_isbn13><publisher><![CDATA[Little, Brown & Company]]></publisher><description>Unexpected factors that explain why some people succeed.</description><price>0</price><title>OUTLIERS</title><author>Malcolm Gladwell</author><contributor>by Malcolm Gladwell</contributor><contributor_note></contributor_note><book_image>https://s1.nyt.com/du/books/images/9780316017930.jpg</book_image><book_image_width>184</book_image_width><book_image_height>280</book_image_height><amazon_product_url>http://www.amazon.com/Outliers-Story-Success-Malcolm-Gladwell/dp/0316017930?tag=NYTBS-20</amazon_product_url><age_group></age_group><book_review_link>https://www.nytimes.com/2008/11/18/books/18kaku.html</book_review_link><first_chapter_link>https://www.nytimes.com/2008/11/30/books/chapters/chapter-outliers.html</first_chapter_link><sunday_review_link>https://www.nytimes.com/2008/11/30/books/review/Leonhardt-t.html</sunday_review_link><article_chapter_link></article_chapter_link><isbns><isbn><isbn10>0316017922</isbn10><isbn13>9780316017923</isbn13></isbn><isbn><isbn10>0316040347</isbn10><isbn13>9780316040341</isbn13></isbn><isbn><isbn10>0316017930</isbn10><isbn13>9780316017930</isbn13></isbn><isbn><isbn10>1600243916</isbn10><isbn13>9781600243912</isbn13></isbn><isbn><isbn10>031602497X</isbn10><isbn13>9780316024976</isbn13></isbn><isbn><isbn10>1600243924</isbn10><isbn13>9781600243929</isbn13></isbn><isbn><isbn10>0606324275</isbn10><isbn13>9780606324274</isbn13></isbn></isbns><buy_links><buy_link><name>Local Booksellers</name><url>http://www.indiebound.org/book/9780316017930?aff=NYT</url></buy_link><buy_link><name>Barnes and Noble</name><url>http://www.anrdoezrs.net/click-7990613-11819508?url=http%3A%2F%2Fwww.barnesandnoble.com%2Fw%2F%3Fean%3D9780316017930</url></buy_link><buy_link><name>Amazon</name><url>http://www.amazon.com/Outliers-Story-Success-Malcolm-Gladwell/dp/0316017930?tag=NYTBS-20</url></buy_link></buy_links></book><book><rank>17</rank><rank_last_week>0</rank_last_week><weeks_on_list>0</weeks_on_list><asterisk>0</asterisk><dagger>0</dagger><primary_isbn10>1451629192</primary_isbn10><primary_isbn13>9781451629194</primary_isbn13><publisher><![CDATA[Simon & Schuster]]></publisher><description>A woman describes being kidnapped when she was 11 years old and held prisoner for 18 years by a convicted rapist and his wife. Originally published in 2011.</description><price>0</price><title>A STOLEN LIFE</title><author>Jaycee Dugard</author><contributor>by Jaycee Dugard</contributor><contributor_note></contributor_note><book_image>https://s1.nyt.com/du/books/images/9781451629194.jpg</book_image><book_image_width>250</book_image_width><book_image_height>386</book_image_height><amazon_product_url>http://www.amazon.com/A-Stolen-Life-Memoir-ebook/dp/B004ZZS4CC?tag=NYTBS-20</amazon_product_url><age_group></age_group><book_review_link>https://www.nytimes.com/2011/07/18/books/jaycee-dugards-stolen-life-18-years-of-abuse-review.html</book_review_link><first_chapter_link></first_chapter_link><sunday_review_link></sunday_review_link><article_chapter_link></article_chapter_link><isbns><isbn><isbn10>1451629184</isbn10><isbn13>9781451629187</isbn13></isbn><isbn><isbn10>1451629192</isbn10><isbn13>9781451629194</isbn13></isbn></isbns><buy_links><buy_link><name>Local Booksellers</name><url>http://www.indiebound.org/book/9781451629194?aff=NYT</url></buy_link><buy_link><name>Barnes and Noble</name><url>http://www.anrdoezrs.net/click-7990613-11819508?url=http%3A%2F%2Fwww.barnesandnoble.com%2Fw%2F%3Fean%3D9781451629194</url></buy_link><buy_link><name>Amazon</name><url>http://www.amazon.com/A-Stolen-Life-Memoir-ebook/dp/B004ZZS4CC?tag=NYTBS-20</url></buy_link></buy_links></book><book><rank>18</rank><rank_last_week>0</rank_last_week><weeks_on_list>0</weeks_on_list><asterisk>0</asterisk><dagger>0</dagger><primary_isbn10>1439148716</primary_isbn10><primary_isbn13>9781439148716</primary_isbn13><publisher><![CDATA[Simon & Schuster]]></publisher><description>Two journalists examine the relationships between sitting presidents and their predecessors. </description><price>0</price><title>THE PRESIDENTS CLUB</title><author>Nancy Gibbs and Michael Duffy</author><contributor>by Nancy Gibbs and Michael Duffy</contributor><contributor_note></contributor_note><book_image>https://s1.nyt.com/du/books/images/9781439148716.jpg</book_image><book_image_width>128</book_image_width><book_image_height>191</book_image_height><amazon_product_url>http://www.amazon.com/The-Presidents-Club-Exclusive-Fraternity-ebook/dp/B005GG0MIS?tag=NYTBS-20</amazon_product_url><age_group></age_group><book_review_link>https://www.nytimes.com/2012/04/18/books/the-presidents-club-by-nancy-gibbs-and-michael-duffy.html</book_review_link><first_chapter_link></first_chapter_link><sunday_review_link></sunday_review_link><article_chapter_link></article_chapter_link><isbns><isbn><isbn10>1439127700</isbn10><isbn13>9781439127704</isbn13></isbn><isbn><isbn10>1439148716</isbn10><isbn13>9781439148716</isbn13></isbn><isbn><isbn10>1439127727</isbn10><isbn13>9781439127728</isbn13></isbn></isbns><buy_links><buy_link><name>Local Booksellers</name><url>http://www.indiebound.org/book/9781439148716?aff=NYT</url></buy_link><buy_link><name>Barnes and Noble</name><url>http://www.anrdoezrs.net/click-7990613-11819508?url=http%3A%2F%2Fwww.barnesandnoble.com%2Fw%2F%3Fean%3D9781439148716</url></buy_link><buy_link><name>Amazon</name><url>http://www.amazon.com/The-Presidents-Club-Exclusive-Fraternity-ebook/dp/B005GG0MIS?tag=NYTBS-20</url></buy_link></buy_links></book><book><rank>19</rank><rank_last_week>0</rank_last_week><weeks_on_list>0</weeks_on_list><asterisk>0</asterisk><dagger>0</dagger><primary_isbn10>1451693478</primary_isbn10><primary_isbn13>9781451693478</primary_isbn13><publisher>Threshold Editions/Mercury Radio Arts</publisher><description>Thirteen lies that politicians, academics and the media perpetuate.</description><price>0</price><title>COWARDS</title><author>Glenn Beck and Kevin Balfe</author><contributor>by Glenn Beck and Kevin Balfe</contributor><contributor_note></contributor_note><book_image>https://s1.nyt.com/du/books/images/9781451694833.jpg</book_image><book_image_width>330</book_image_width><book_image_height>409</book_image_height><amazon_product_url>http://www.amazon.com/Cowards-Politicians-Radicals-Media-Refuse-ebook/dp/B007EDYBNI?tag=NYTBS-20</amazon_product_url><age_group></age_group><book_review_link></book_review_link><first_chapter_link></first_chapter_link><sunday_review_link></sunday_review_link><article_chapter_link></article_chapter_link><isbns><isbn><isbn10>1451693478</isbn10><isbn13>9781451693478</isbn13></isbn><isbn><isbn10>1451694830</isbn10><isbn13>9781451694833</isbn13></isbn><isbn><isbn10>1442355549</isbn10><isbn13>9781442355545</isbn13></isbn></isbns><buy_links><buy_link><name>Local Booksellers</name><url>http://www.indiebound.org/book/9781451693478?aff=NYT</url></buy_link><buy_link><name>Barnes and Noble</name><url>http://www.anrdoezrs.net/click-7990613-11819508?url=http%3A%2F%2Fwww.barnesandnoble.com%2Fw%2F%3Fean%3D9781451693478</url></buy_link><buy_link><name>Amazon</name><url>http://www.amazon.com/Cowards-Politicians-Radicals-Media-Refuse-ebook/dp/B007EDYBNI?tag=NYTBS-20</url></buy_link></buy_links></book><book><rank>20</rank><rank_last_week>0</rank_last_week><weeks_on_list>0</weeks_on_list><asterisk>0</asterisk><dagger>0</dagger><primary_isbn10>0307276821</primary_isbn10><primary_isbn13>9780307276827</primary_isbn13><publisher>Knopf Doubleday Publishing</publisher><description>A witty look at aging from the novelist and screenwriter who died on June 26.</description><price>0</price><title>I FEEL BAD ABOUT MY NECK</title><author>Nora Ephron</author><contributor>by Nora Ephron</contributor><contributor_note></contributor_note><book_image>https://s1.nyt.com/du/books/images/9780307276827.jpg</book_image><book_image_width>322</book_image_width><book_image_height>495</book_image_height><amazon_product_url>http://www.amazon.com/Feel-Bad-About-My-Neck/dp/0307276821?tag=NYTBS-20</amazon_product_url><age_group></age_group><book_review_link>https://www.nytimes.com/2006/07/27/books/27masl.html</book_review_link><first_chapter_link>https://www.nytimes.com/2006/08/20/books/chapters/0820-1st-schi.html</first_chapter_link><sunday_review_link>https://www.nytimes.com/2006/08/20/books/review/20Schillinger.html</sunday_review_link><article_chapter_link></article_chapter_link><isbns><isbn><isbn10>0307276821</isbn10><isbn13>9780307276827</isbn13></isbn><isbn><isbn10>0307265943</isbn10><isbn13>9780307265944</isbn13></isbn><isbn><isbn10>0307264556</isbn10><isbn13>9780307264558</isbn13></isbn></isbns><buy_links><buy_link><name>Local Booksellers</name><url>http://www.indiebound.org/book/9780307276827?aff=NYT</url></buy_link><buy_link><name>Barnes and Noble</name><url>http://www.anrdoezrs.net/click-7990613-11819508?url=http%3A%2F%2Fwww.barnesandnoble.com%2Fw%2F%3Fean%3D9780307276827</url></buy_link><buy_link><name>Amazon</name><url>http://www.amazon.com/Feel-Bad-About-My-Neck/dp/0307276821?tag=NYTBS-20</url></buy_link></buy_links></book></books><corrections/></results></result_set>
