<?xml version="1.0" encoding="UTF-8"?>
<result_set><status>OK</status><copyright>Copyright (c) 2018 The New York Times Company.  All Rights Reserved.</copyright><num_results>35</num_results><last_modified>2016-04-28T15:03:27-04:00</last_modified><results><list_name>Combined Print and E-Book Nonfiction</list_name><list_name_encoded>combined-print-and-e-book-nonfiction</list_name_encoded><bestsellers_date>2012-05-19</bestsellers_date><published_date>2012-06-03</published_date><published_date_description></published_date_description><next_published_date>2012-06-10</next_published_date><previous_published_date>2012-05-27</previous_published_date><display_name><![CDATA[Combined Print & E-Book Nonfiction]]></display_name><normal_list_ends_at>15</normal_list_ends_at><updated>WEEKLY</updated><books><book><rank>1</rank><rank_last_week>0</rank_last_week><weeks_on_list>1</weeks_on_list><asterisk>0</asterisk><dagger>0</dagger><primary_isbn10>1596983140</primary_isbn10><primary_isbn13>9781596983144</primary_isbn13><publisher>Regnery Publishing</publisher><description>A journalist argues that President Obama is callow, arrogant and unable to lead.</description><price>0</price><title>AMATEUR</title><author>Edward Klein</author><contributor>by Edward Klein</contributor><contributor_note></contributor_note><book_image>https://s1.nyt.com/du/books/images/9781596983144.jpg</book_image><book_image_width>128</book_image_width><book_image_height>193</book_image_height><amazon_product_url>http://www.amazon.com/The-Amateur-Edward-Klein/dp/1596987855?tag=NYTBS-20</amazon_product_url><age_group></age_group><book_review_link></book_review_link><first_chapter_link></first_chapter_link><sunday_review_link></sunday_review_link><article_chapter_link></article_chapter_link><isbns><isbn><isbn10>1596987855</isbn10><isbn13>9781596987852</isbn13></isbn><isbn><isbn10>1596983140</isbn10><isbn13>9781596983144</isbn13></isbn></isbns><buy_links><buy_link><name>Local Booksellers</name><url>http://www.indiebound.org/book/9781596983144?aff=NYT</url></buy_link><buy_link><name>Barnes and Noble</name><url>http://www.anrdoezrs.net/click-7990613-11819508?url=http%3A%2F%2Fwww.barnesandnoble.com%2Fw%2F%3Fean%3D9781596983144</url></buy_link><buy_link><name>Amazon</name><url>http://www.amazon.com/The-Amateur-Edward-Klein/dp/1596987855?tag=NYTBS-20</url></buy_link></buy_links></book><book><rank>2</rank><rank_last_week>0</rank_last_week><weeks_on_list>1</weeks_on_list><asterisk>0</asterisk><dagger>0</dagger><primary_isbn10>1594203342</primary_isbn10><primary_isbn13>9781594203343</primary_isbn13><publisher>Penguin Group</publisher><description>The former operations officer who led the C.I.A.’s fight against Al Qaeda in Afghanistan after 9/11 reviews the lessons he learned from his 24-year career.</description><price>0</price><title>THE ART OF INTELLIGENCE</title><author>Henry A Crumpton</author><contributor>by Henry A. Crumpton</contributor><contributor_note></contributor_note><book_image>https://s1.nyt.com/du/books/images/9781101572221.jpg</book_image><book_image_width>323</book_image_width><book_image_height>495</book_image_height><amazon_product_url>http://www.amazon.com/The-Art-Intelligence-Lessons-Clandestine/dp/0143123378?tag=NYTBS-20</amazon_product_url><age_group></age_group><book_review_link></book_review_link><first_chapter_link></first_chapter_link><sunday_review_link></sunday_review_link><article_chapter_link></article_chapter_link><isbns><isbn><isbn10>1594203342</isbn10><isbn13>9781594203343</isbn13></isbn><isbn><isbn10>1611760712</isbn10><isbn13>9781611760712</isbn13></isbn><isbn><isbn10>0143123378</isbn10><isbn13>9780143123378</isbn13></isbn></isbns><buy_links><buy_link><name>Local Booksellers</name><url>http://www.indiebound.org/book/9781594203343?aff=NYT</url></buy_link><buy_link><name>Barnes and Noble</name><url>http://www.anrdoezrs.net/click-7990613-11819508?url=http%3A%2F%2Fwww.barnesandnoble.com%2Fw%2F%3Fean%3D9781594203343</url></buy_link><buy_link><name>Amazon</name><url>http://www.amazon.com/The-Art-Intelligence-Lessons-Clandestine/dp/0143123378?tag=NYTBS-20</url></buy_link></buy_links></book><book><rank>3</rank><rank_last_week>1</rank_last_week><weeks_on_list>3</weeks_on_list><asterisk>0</asterisk><dagger>0</dagger><primary_isbn10>0679405070</primary_isbn10><primary_isbn13>9780679405078</primary_isbn13><publisher>Knopf Doubleday Publishing</publisher><description>From 1958 through the Kennedy assassination; the fourth volume of “The Years of Lyndon Johnson.”</description><price>0</price><title>THE PASSAGE OF POWER</title><author>Robert A Caro</author><contributor>by Robert A. Caro</contributor><contributor_note></contributor_note><book_image>https://s1.nyt.com/du/books/images/9780679405078.jpg</book_image><book_image_width>168</book_image_width><book_image_height>250</book_image_height><amazon_product_url>http://www.amazon.com/The-Passage-Power-Johnson-Vintage/dp/0375713255?tag=NYTBS-20</amazon_product_url><age_group></age_group><book_review_link>https://www.nytimes.com/2012/04/30/books/passage-of-power-4th-book-of-caros-johnson-portrait.html</book_review_link><first_chapter_link></first_chapter_link><sunday_review_link>https://www.nytimes.com/2012/05/06/books/review/the-passage-of-power-robert-caros-new-lbj-book.html</sunday_review_link><article_chapter_link></article_chapter_link><isbns><isbn><isbn10>0679405070</isbn10><isbn13>9780679405078</isbn13></isbn><isbn><isbn10>0307960463</isbn10><isbn13>9780307960467</isbn13></isbn><isbn><isbn10>1455890480</isbn10><isbn13>9781455890484</isbn13></isbn><isbn><isbn10>1455890502</isbn10><isbn13>9781455890507</isbn13></isbn><isbn><isbn10>0375713255</isbn10><isbn13>9780375713255</isbn13></isbn></isbns><buy_links><buy_link><name>Local Booksellers</name><url>http://www.indiebound.org/book/9780679405078?aff=NYT</url></buy_link><buy_link><name>Barnes and Noble</name><url>http://www.anrdoezrs.net/click-7990613-11819508?url=http%3A%2F%2Fwww.barnesandnoble.com%2Fw%2F%3Fean%3D9780679405078</url></buy_link><buy_link><name>Amazon</name><url>http://www.amazon.com/The-Passage-Power-Johnson-Vintage/dp/0375713255?tag=NYTBS-20</url></buy_link></buy_links></book><book><rank>4</rank><rank_last_week>2</rank_last_week><weeks_on_list>38</weeks_on_list><asterisk>0</asterisk><dagger>0</dagger><primary_isbn10>030740885X</primary_isbn10><primary_isbn13>9780307408853</primary_isbn13><publisher>Crown Publishing</publisher><description>William E. Dodd, the U.S. ambassador to Germany, and his daughter, Martha, in 1930s Berlin.</description><price>0</price><title>IN THE GARDEN OF BEASTS</title><author>Erik Larson</author><contributor>by Erik Larson</contributor><contributor_note></contributor_note><book_image>https://s1.nyt.com/du/books/images/9780307887955.jpg</book_image><book_image_width>330</book_image_width><book_image_height>494</book_image_height><amazon_product_url>http://www.amazon.com/In-Garden-Beasts-American-Hitlers-ebook/dp/B004HFRJM6?tag=NYTBS-20</amazon_product_url><age_group></age_group><book_review_link>https://www.nytimes.com/2011/05/20/books/in-the-garden-of-beasts-by-erik-larson-review.html</book_review_link><first_chapter_link></first_chapter_link><sunday_review_link>https://www.nytimes.com/2011/06/12/books/review/book-review-in-the-garden-of-beasts-by-erik-larson.html</sunday_review_link><article_chapter_link></article_chapter_link><isbns><isbn><isbn10>0307408841</isbn10><isbn13>9780307408846</isbn13></isbn><isbn><isbn10>0307887952</isbn10><isbn13>9780307887955</isbn13></isbn><isbn><isbn10>0739378147</isbn10><isbn13>9780739378144</isbn13></isbn><isbn><isbn10>0307914577</isbn10><isbn13>9780307914576</isbn13></isbn><isbn><isbn10>030740885X</isbn10><isbn13>9780307408853</isbn13></isbn><isbn><isbn10>1446464504</isbn10><isbn13>9781446464502</isbn13></isbn></isbns><buy_links><buy_link><name>Local Booksellers</name><url>http://www.indiebound.org/book/9780307408853?aff=NYT</url></buy_link><buy_link><name>Barnes and Noble</name><url>http://www.anrdoezrs.net/click-7990613-11819508?url=http%3A%2F%2Fwww.barnesandnoble.com%2Fw%2F%3Fean%3D9780307408853</url></buy_link><buy_link><name>Amazon</name><url>http://www.amazon.com/In-Garden-Beasts-American-Hitlers-ebook/dp/B004HFRJM6?tag=NYTBS-20</url></buy_link></buy_links></book><book><rank>5</rank><rank_last_week>8</rank_last_week><weeks_on_list>33</weeks_on_list><asterisk>0</asterisk><dagger>0</dagger><primary_isbn10>0805093079</primary_isbn10><primary_isbn13>9780805093070</primary_isbn13><publisher>Holt</publisher><description>The anchor of “The O’Reilly Factor” recounts the assassination of Abraham Lincoln.</description><price>0</price><title>KILLING LINCOLN</title><author>Bill O'Reilly and Martin Dugard</author><contributor>by Bill O'Reilly and Martin Dugard</contributor><contributor_note></contributor_note><book_image>https://s1.nyt.com/du/books/images/9780805093070.jpg</book_image><book_image_width>324</book_image_width><book_image_height>495</book_image_height><amazon_product_url>http://www.amazon.com/Killing-Lincoln-Shocking-Assassination-Changed-ebook/dp/B004ULORYU?tag=NYTBS-20</amazon_product_url><age_group></age_group><book_review_link></book_review_link><first_chapter_link></first_chapter_link><sunday_review_link></sunday_review_link><article_chapter_link></article_chapter_link><isbns><isbn><isbn10>0805093079</isbn10><isbn13>9780805093070</isbn13></isbn><isbn><isbn10>1429996870</isbn10><isbn13>9781429996877</isbn13></isbn><isbn><isbn10>1427213127</isbn10><isbn13>9781427213129</isbn13></isbn><isbn><isbn10>1410443000</isbn10><isbn13>9781410443007</isbn13></isbn><isbn><isbn10>1250012163</isbn10><isbn13>9781250012166</isbn13></isbn><isbn><isbn10>1250105218</isbn10><isbn13>9781250105219</isbn13></isbn></isbns><buy_links><buy_link><name>Local Booksellers</name><url>http://www.indiebound.org/book/9780805093070?aff=NYT</url></buy_link><buy_link><name>Barnes and Noble</name><url>http://www.anrdoezrs.net/click-7990613-11819508?url=http%3A%2F%2Fwww.barnesandnoble.com%2Fw%2F%3Fean%3D9780805093070</url></buy_link><buy_link><name>Amazon</name><url>http://www.amazon.com/Killing-Lincoln-Shocking-Assassination-Changed-ebook/dp/B004ULORYU?tag=NYTBS-20</url></buy_link></buy_links></book><book><rank>6</rank><rank_last_week>5</rank_last_week><weeks_on_list>69</weeks_on_list><asterisk>0</asterisk><dagger>0</dagger><primary_isbn10>0849946158</primary_isbn10><primary_isbn13>9780849946158</primary_isbn13><publisher>Thomas Nelson</publisher><description>A father recounts his 3-year-old son’s encounter with Jesus and the angels during an appendectomy.</description><price>0</price><title>HEAVEN IS FOR REAL</title><author>Todd Burpo with Lynn Vincent</author><contributor>by Todd Burpo with Lynn Vincent</contributor><contributor_note></contributor_note><book_image>https://s1.nyt.com/du/books/images/9780849949203.jpg</book_image><book_image_width>309</book_image_width><book_image_height>495</book_image_height><amazon_product_url>http://www.amazon.com/Heaven-Real-Little-Astounding-Story-ebook/dp/B004A90BXS?tag=NYTBS-20</amazon_product_url><age_group></age_group><book_review_link>https://www.nytimes.com/2011/03/12/books/heaven-is-for-real-is-publishing-phenomenon.html</book_review_link><first_chapter_link></first_chapter_link><sunday_review_link></sunday_review_link><article_chapter_link></article_chapter_link><isbns><isbn><isbn10>0849946158</isbn10><isbn13>9780849946158</isbn13></isbn><isbn><isbn10>0849948363</isbn10><isbn13>9780849948367</isbn13></isbn><isbn><isbn10>0849922070</isbn10><isbn13>9780849922077</isbn13></isbn></isbns><buy_links><buy_link><name>Local Booksellers</name><url>http://www.indiebound.org/book/9780849946158?aff=NYT</url></buy_link><buy_link><name>Barnes and Noble</name><url>http://www.anrdoezrs.net/click-7990613-11819508?url=http%3A%2F%2Fwww.barnesandnoble.com%2Fw%2F%3Fean%3D9780849946158</url></buy_link><buy_link><name>Amazon</name><url>http://www.amazon.com/Heaven-Real-Little-Astounding-Story-ebook/dp/B004A90BXS?tag=NYTBS-20</url></buy_link></buy_links></book><book><rank>7</rank><rank_last_week>3</rank_last_week><weeks_on_list>2</weeks_on_list><asterisk>0</asterisk><dagger>0</dagger><primary_isbn10>0805095837</primary_isbn10><primary_isbn13>9780805095838</primary_isbn13><publisher><![CDATA[Henry Holt & Company]]></publisher><description>The Bravo executive vice president who oversees “Top Chef” and “The Real Housewives” looks back on his career.</description><price>0</price><title>MOST TALKATIVE</title><author>Andy Cohen</author><contributor>by Andy Cohen</contributor><contributor_note></contributor_note><book_image>https://s1.nyt.com/du/books/images/9781250031464.jpg</book_image><book_image_width>128</book_image_width><book_image_height>194</book_image_height><amazon_product_url>http://www.amazon.com/Most-Talkative-Stories-Front-Culture/dp/125003146X?tag=NYTBS-20</amazon_product_url><age_group></age_group><book_review_link></book_review_link><first_chapter_link></first_chapter_link><sunday_review_link></sunday_review_link><article_chapter_link></article_chapter_link><isbns><isbn><isbn10>0805095837</isbn10><isbn13>9780805095838</isbn13></isbn><isbn><isbn10>0805095845</isbn10><isbn13>9780805095845</isbn13></isbn><isbn><isbn10>125003146X</isbn10><isbn13>9781250031464</isbn13></isbn></isbns><buy_links><buy_link><name>Local Booksellers</name><url>http://www.indiebound.org/book/9780805095838?aff=NYT</url></buy_link><buy_link><name>Barnes and Noble</name><url>http://www.anrdoezrs.net/click-7990613-11819508?url=http%3A%2F%2Fwww.barnesandnoble.com%2Fw%2F%3Fean%3D9780805095838</url></buy_link><buy_link><name>Amazon</name><url>http://www.amazon.com/Most-Talkative-Stories-Front-Culture/dp/125003146X?tag=NYTBS-20</url></buy_link></buy_links></book><book><rank>8</rank><rank_last_week>0</rank_last_week><weeks_on_list>1</weeks_on_list><asterisk>0</asterisk><dagger>0</dagger><primary_isbn10>0062113380</primary_isbn10><primary_isbn13>9780062113382</primary_isbn13><publisher>HarperCollins Publishers</publisher><description>A humorous look at sex and love.</description><price>0</price><title>I SUCK AT GIRLS</title><author>Justin Halpern</author><contributor>by Justin Halpern</contributor><contributor_note></contributor_note><book_image>https://s1.nyt.com/du/books/images/9780062113382.jpg</book_image><book_image_width>330</book_image_width><book_image_height>433</book_image_height><amazon_product_url>http://www.amazon.com/Suck-at-Girls-Justin-Halpern-ebook/dp/B006FOI1KG?tag=NYTBS-20</amazon_product_url><age_group></age_group><book_review_link></book_review_link><first_chapter_link></first_chapter_link><sunday_review_link></sunday_review_link><article_chapter_link></article_chapter_link><isbns><isbn><isbn10>0062113372</isbn10><isbn13>9780062113375</isbn13></isbn><isbn><isbn10>0062113380</isbn10><isbn13>9780062113382</isbn13></isbn></isbns><buy_links><buy_link><name>Local Booksellers</name><url>http://www.indiebound.org/book/9780062113382?aff=NYT</url></buy_link><buy_link><name>Barnes and Noble</name><url>http://www.anrdoezrs.net/click-7990613-11819508?url=http%3A%2F%2Fwww.barnesandnoble.com%2Fw%2F%3Fean%3D9780062113382</url></buy_link><buy_link><name>Amazon</name><url>http://www.amazon.com/Suck-at-Girls-Justin-Halpern-ebook/dp/B006FOI1KG?tag=NYTBS-20</url></buy_link></buy_links></book><book><rank>9</rank><rank_last_week>9</rank_last_week><weeks_on_list>69</weeks_on_list><asterisk>0</asterisk><dagger>0</dagger><primary_isbn10>0679603751</primary_isbn10><primary_isbn13>9780679603757</primary_isbn13><publisher>Random House Publishing</publisher><description>An Olympic runner’s story of survival as a prisoner of the Japanese in World War II.</description><price>0</price><title>UNBROKEN</title><author>Laura Hillenbrand</author><contributor>by Laura Hillenbrand</contributor><contributor_note></contributor_note><book_image>https://s1.nyt.com/du/books/images/9781400064168.jpg</book_image><book_image_width>264</book_image_width><book_image_height>400</book_image_height><amazon_product_url>http://www.amazon.com/Unbroken-World-Survival-Resilience-Redemption/dp/1400064163?tag=NYTBS-20</amazon_product_url><age_group></age_group><book_review_link>https://www.nytimes.com/2010/11/15/books/15book.html</book_review_link><first_chapter_link></first_chapter_link><sunday_review_link>https://www.nytimes.com/2010/11/21/books/review/Margolick-t.html</sunday_review_link><article_chapter_link></article_chapter_link><isbns><isbn><isbn10>1400064163</isbn10><isbn13>9781400064168</isbn13></isbn><isbn><isbn10>0679603751</isbn10><isbn13>9780679603757</isbn13></isbn><isbn><isbn10>0375435018</isbn10><isbn13>9780375435010</isbn13></isbn><isbn><isbn10></isbn10><isbn13></isbn13></isbn><isbn><isbn10>0739319698</isbn10><isbn13>9780739319697</isbn13></isbn><isbn><isbn10>0007378033</isbn10><isbn13>9780007378036</isbn13></isbn><isbn><isbn10>0812974492</isbn10><isbn13>9780812974492</isbn13></isbn><isbn><isbn10>0606355987</isbn10><isbn13>9780606355988</isbn13></isbn><isbn><isbn10>081298711X</isbn10><isbn13>9780812987119</isbn13></isbn><isbn><isbn10>0553397117</isbn10><isbn13>9780553397116</isbn13></isbn><isbn><isbn10>1101912626</isbn10><isbn13>9781101912621</isbn13></isbn><isbn><isbn10>1984818449</isbn10><isbn13>9781984818447</isbn13></isbn><isbn><isbn10>1984837621</isbn10><isbn13>9781984837622</isbn13></isbn></isbns><buy_links><buy_link><name>Local Booksellers</name><url>http://www.indiebound.org/book/9780679603757?aff=NYT</url></buy_link><buy_link><name>Barnes and Noble</name><url>http://www.anrdoezrs.net/click-7990613-11819508?url=http%3A%2F%2Fwww.barnesandnoble.com%2Fw%2F%3Fean%3D9780679603757</url></buy_link><buy_link><name>Amazon</name><url>http://www.amazon.com/Unbroken-World-Survival-Resilience-Redemption/dp/1400064163?tag=NYTBS-20</url></buy_link></buy_links></book><book><rank>10</rank><rank_last_week>10</rank_last_week><weeks_on_list>57</weeks_on_list><asterisk>0</asterisk><dagger>0</dagger><primary_isbn10>1400052181</primary_isbn10><primary_isbn13>9781400052189</primary_isbn13><publisher>Crown Publishing</publisher><description>The story of a woman whose cancer cells were cultured without her permission in 1951.</description><price>0</price><title>THE IMMORTAL LIFE OF HENRIETTA LACKS</title><author>Rebecca Skloot</author><contributor>by Rebecca Skloot</contributor><contributor_note></contributor_note><book_image>https://s1.nyt.com/du/books/images/9781400052189.jpg</book_image><book_image_width>182</book_image_width><book_image_height>280</book_image_height><amazon_product_url>http://www.amazon.com/The-Immortal-Life-Henrietta-Lacks/dp/1400052181?tag=NYTBS-20</amazon_product_url><age_group></age_group><book_review_link>https://www.nytimes.com/2010/02/03/books/03book.html</book_review_link><first_chapter_link></first_chapter_link><sunday_review_link>https://www.nytimes.com/2010/02/07/books/review/Margonelli-t.html</sunday_review_link><article_chapter_link></article_chapter_link><isbns><isbn><isbn10>1400052173</isbn10><isbn13>9781400052172</isbn13></isbn><isbn><isbn10>0307589382</isbn10><isbn13>9780307589385</isbn13></isbn><isbn><isbn10>1410427927</isbn10><isbn13>9781410427922</isbn13></isbn><isbn><isbn10>1400052181</isbn10><isbn13>9781400052189</isbn13></isbn><isbn><isbn10>1594134324</isbn10><isbn13>9781594134326</isbn13></isbn><isbn><isbn10>0451486315</isbn10><isbn13>9780451486318</isbn13></isbn><isbn><isbn10>0804190100</isbn10><isbn13>9780804190107</isbn13></isbn></isbns><buy_links><buy_link><name>Local Booksellers</name><url>http://www.indiebound.org/book/9781400052189?aff=NYT</url></buy_link><buy_link><name>Barnes and Noble</name><url>http://www.anrdoezrs.net/click-7990613-11819508?url=http%3A%2F%2Fwww.barnesandnoble.com%2Fw%2F%3Fean%3D9781400052189</url></buy_link><buy_link><name>Amazon</name><url>http://www.amazon.com/The-Immortal-Life-Henrietta-Lacks/dp/1400052181?tag=NYTBS-20</url></buy_link></buy_links></book><book><rank>11</rank><rank_last_week>15</rank_last_week><weeks_on_list>30</weeks_on_list><asterisk>0</asterisk><dagger>0</dagger><primary_isbn10>1451648553</primary_isbn10><primary_isbn13>9781451648553</primary_isbn13><publisher><![CDATA[Simon & Schuster]]></publisher><description>A biography of the recently deceased entrepreneur, based on 40 interviews with Jobs conducted over two years.</description><price>0</price><title>STEVE JOBS</title><author>Walter Isaacson</author><contributor>by Walter Isaacson</contributor><contributor_note></contributor_note><book_image>https://s1.nyt.com/du/books/images/9781451648553.jpg</book_image><book_image_width>325</book_image_width><book_image_height>495</book_image_height><amazon_product_url>http://www.amazon.com/Steve-Jobs-Walter-Isaacson-ebook/dp/B004W2UBYW?tag=NYTBS-20</amazon_product_url><age_group></age_group><book_review_link>https://www.nytimes.com/2011/10/22/books/steve-jobs-by-walter-isaacson-review.html</book_review_link><first_chapter_link></first_chapter_link><sunday_review_link></sunday_review_link><article_chapter_link></article_chapter_link><isbns><isbn><isbn10>1451648537</isbn10><isbn13>9781451648539</isbn13></isbn><isbn><isbn10>1451648553</isbn10><isbn13>9781451648553</isbn13></isbn><isbn><isbn10>1442346272</isbn10><isbn13>9781442346277</isbn13></isbn><isbn><isbn10>1442346949</isbn10><isbn13>9781442346949</isbn13></isbn><isbn><isbn10>1410445224</isbn10><isbn13>9781410445223</isbn13></isbn><isbn><isbn10>030795028X</isbn10><isbn13>9780307950284</isbn13></isbn><isbn><isbn10>1408703742</isbn10><isbn13>9781408703748</isbn13></isbn><isbn><isbn10>1451648545</isbn10><isbn13>9781451648546</isbn13></isbn><isbn><isbn10>1594136793</isbn10><isbn13>9781594136795</isbn13></isbn></isbns><buy_links><buy_link><name>Local Booksellers</name><url>http://www.indiebound.org/book/9781451648553?aff=NYT</url></buy_link><buy_link><name>Barnes and Noble</name><url>http://www.anrdoezrs.net/click-7990613-11819508?url=http%3A%2F%2Fwww.barnesandnoble.com%2Fw%2F%3Fean%3D9781451648553</url></buy_link><buy_link><name>Amazon</name><url>http://www.amazon.com/Steve-Jobs-Walter-Isaacson-ebook/dp/B004W2UBYW?tag=NYTBS-20</url></buy_link></buy_links></book><book><rank>12</rank><rank_last_week>4</rank_last_week><weeks_on_list>4</weeks_on_list><asterisk>0</asterisk><dagger>0</dagger><primary_isbn10>1400069343</primary_isbn10><primary_isbn13>9781400069347</primary_isbn13><publisher>Random House Publishing</publisher><description>The journalist and novelist, now nearly 60, looks back at her experiences and those of her generation.</description><price>0</price><title>LOTS OF CANDLES, PLENTY OF CAKE</title><author>Anna Quindlen</author><contributor>by Anna Quindlen</contributor><contributor_note></contributor_note><book_image>https://s1.nyt.com/du/books/images/9780679604006.jpg</book_image><book_image_width>128</book_image_width><book_image_height>197</book_image_height><amazon_product_url>http://www.amazon.com/Lots-Candles-Plenty-Cake-Quindlen/dp/0812981669?tag=NYTBS-20</amazon_product_url><age_group></age_group><book_review_link></book_review_link><first_chapter_link></first_chapter_link><sunday_review_link>https://www.nytimes.com/2012/06/03/books/review/lots-of-candles-plenty-of-cake-by-anna-quindlen.html</sunday_review_link><article_chapter_link></article_chapter_link><isbns><isbn><isbn10>1400069343</isbn10><isbn13>9781400069347</isbn13></isbn><isbn><isbn10>0679604006</isbn10><isbn13>9780679604006</isbn13></isbn><isbn><isbn10>0812981669</isbn10><isbn13>9780812981667</isbn13></isbn></isbns><buy_links><buy_link><name>Local Booksellers</name><url>http://www.indiebound.org/book/9781400069347?aff=NYT</url></buy_link><buy_link><name>Barnes and Noble</name><url>http://www.anrdoezrs.net/click-7990613-11819508?url=http%3A%2F%2Fwww.barnesandnoble.com%2Fw%2F%3Fean%3D9781400069347</url></buy_link><buy_link><name>Amazon</name><url>http://www.amazon.com/Lots-Candles-Plenty-Cake-Quindlen/dp/0812981669?tag=NYTBS-20</url></buy_link></buy_links></book><book><rank>13</rank><rank_last_week>11</rank_last_week><weeks_on_list>5</weeks_on_list><asterisk>0</asterisk><dagger>1</dagger><primary_isbn10></primary_isbn10><primary_isbn13>9781101573082</primary_isbn13><publisher>Penguin Group</publisher><description>A blogger recalls her unusual upbringing.</description><price>0</price><title>LET'S PRETEND THIS NEVER HAPPENED</title><author>Jenny Lawson</author><contributor>by Jenny Lawson</contributor><contributor_note></contributor_note><book_image>https://s1.nyt.com/du/books/images/9781101573082.jpg</book_image><book_image_width>128</book_image_width><book_image_height>171</book_image_height><amazon_product_url>http://www.amazon.com/Lets-Pretend-This-Never-Happened-ebook/dp/B0065S8R38?tag=NYTBS-20</amazon_product_url><age_group></age_group><book_review_link></book_review_link><first_chapter_link></first_chapter_link><sunday_review_link></sunday_review_link><article_chapter_link></article_chapter_link><isbns><isbn><isbn10>0399159010</isbn10><isbn13>9780399159015</isbn13></isbn><isbn><isbn10>0425261018</isbn10><isbn13>9780425261019</isbn13></isbn></isbns><buy_links><buy_link><name>Local Booksellers</name><url>http://www.indiebound.org/book/9781101573082?aff=NYT</url></buy_link><buy_link><name>Barnes and Noble</name><url>http://www.anrdoezrs.net/click-7990613-11819508?url=http%3A%2F%2Fwww.barnesandnoble.com%2Fw%2F%3Fean%3D9781101573082</url></buy_link><buy_link><name>Amazon</name><url>http://www.amazon.com/Lets-Pretend-This-Never-Happened-ebook/dp/B0065S8R38?tag=NYTBS-20</url></buy_link></buy_links></book><book><rank>14</rank><rank_last_week>7</rank_last_week><weeks_on_list>11</weeks_on_list><asterisk>0</asterisk><dagger>0</dagger><primary_isbn10></primary_isbn10><primary_isbn13>A00B0077T2BHM</primary_isbn13><publisher><![CDATA[B&H Publishing]]></publisher><description>After a horrific car crash, a couple embark on a journey to fall in love all over again. The true events that inspired the movie.</description><price>0</price><title>THE VOW</title><author>Kim and Krickitt Carpenter with Dana Wilkerson</author><contributor>by Kim and Krickitt Carpenter with Dana Wilkerson</contributor><contributor_note></contributor_note><book_image>https://s1.nyt.com/du/books/images/9781433675942.jpg</book_image><book_image_width>316</book_image_width><book_image_height>495</book_image_height><amazon_product_url>http://www.amazon.com/The-Vow-Events-Inspired-Movie-ebook/dp/B0077T2BHM?tag=NYTBS-20</amazon_product_url><age_group></age_group><book_review_link></book_review_link><first_chapter_link></first_chapter_link><sunday_review_link></sunday_review_link><article_chapter_link></article_chapter_link><isbns><isbn><isbn10>143367579X</isbn10><isbn13>9781433675799</isbn13></isbn><isbn><isbn10>0805421300</isbn10><isbn13>9780805421309</isbn13></isbn></isbns><buy_links><buy_link><name>Local Booksellers</name><url><![CDATA[http://www.indiebound.org/search/book?searchfor=THE+VOW+Kim+and+Krickitt+Carpenter+with+Dana+Wilkerson&aff=NYT]]></url></buy_link><buy_link><name>Barnes and Noble</name><url>http://www.anrdoezrs.net/click-7990613-11819508?url=http%3A%2F%2Fwww.barnesandnoble.com%2Fs%2FTHE+VOW+Kim+and+Krickitt+Carpenter+with+Dana+Wilkerson</url></buy_link><buy_link><name>Amazon</name><url>http://www.amazon.com/The-Vow-Events-Inspired-Movie-ebook/dp/B0077T2BHM?tag=NYTBS-20</url></buy_link></buy_links></book><book><rank>15</rank><rank_last_week>0</rank_last_week><weeks_on_list>2</weeks_on_list><asterisk>0</asterisk><dagger>0</dagger><primary_isbn10>0062112031</primary_isbn10><primary_isbn13>9780062112033</primary_isbn13><publisher>HarperCollins Publishers</publisher><description>The musician’s memoir.</description><price>0</price><title>MY CROSS TO BEAR</title><author>Gregg Allman</author><contributor>by Gregg Allman</contributor><contributor_note></contributor_note><book_image>https://s1.nyt.com/du/books/images/9780062112057.jpg</book_image><book_image_width>325</book_image_width><book_image_height>495</book_image_height><amazon_product_url>http://www.amazon.com/My-Cross-Bear-Gregg-Allman/dp/0062112058?tag=NYTBS-20</amazon_product_url><age_group></age_group><book_review_link>https://www.nytimes.com/2012/05/28/books/my-cross-to-bear-gregg-allmans-memoir.html</book_review_link><first_chapter_link></first_chapter_link><sunday_review_link>https://www.nytimes.com/2012/07/08/books/review/my-cross-to-bear-gregg-allmans-memoir.html</sunday_review_link><article_chapter_link></article_chapter_link><isbns><isbn><isbn10>0062112031</isbn10><isbn13>9780062112033</isbn13></isbn><isbn><isbn10>006211204X</isbn10><isbn13>9780062112040</isbn13></isbn><isbn><isbn10>0062112058</isbn10><isbn13>9780062112057</isbn13></isbn></isbns><buy_links><buy_link><name>Local Booksellers</name><url>http://www.indiebound.org/book/9780062112033?aff=NYT</url></buy_link><buy_link><name>Barnes and Noble</name><url>http://www.anrdoezrs.net/click-7990613-11819508?url=http%3A%2F%2Fwww.barnesandnoble.com%2Fw%2F%3Fean%3D9780062112033</url></buy_link><buy_link><name>Amazon</name><url>http://www.amazon.com/My-Cross-Bear-Gregg-Allman/dp/0062112058?tag=NYTBS-20</url></buy_link></buy_links></book><book><rank>16</rank><rank_last_week>0</rank_last_week><weeks_on_list>0</weeks_on_list><asterisk>0</asterisk><dagger>0</dagger><primary_isbn10>0679603859</primary_isbn10><primary_isbn13>9780679603856</primary_isbn13><publisher>Random House Publishing</publisher><description>An examination of the science behind habits. Read by Mike Chamberlain. 10 hours, 57 minutes unabridged.</description><price>0</price><title>THE POWER OF HABIT</title><author>Charles Duhigg</author><contributor>by Charles Duhigg</contributor><contributor_note></contributor_note><book_image>https://s1.nyt.com/du/books/images/9780812981605.jpg</book_image><book_image_width>321</book_image_width><book_image_height>495</book_image_height><amazon_product_url>http://www.amazon.com/The-Power-Habit-What-Business/dp/081298160X?tag=NYTBS-20</amazon_product_url><age_group></age_group><book_review_link></book_review_link><first_chapter_link></first_chapter_link><sunday_review_link>https://www.nytimes.com/2012/03/11/books/review/the-power-of-habit-by-charles-duhigg.html</sunday_review_link><article_chapter_link></article_chapter_link><isbns><isbn><isbn10>1400069289</isbn10><isbn13>9781400069286</isbn13></isbn><isbn><isbn10>0679603859</isbn10><isbn13>9780679603856</isbn13></isbn><isbn><isbn10>030796664X</isbn10><isbn13>9780307966643</isbn13></isbn><isbn><isbn10>1847946240</isbn10><isbn13>9781847946249</isbn13></isbn><isbn><isbn10>081298160X</isbn10><isbn13>9780812981605</isbn13></isbn><isbn><isbn10>152472274X</isbn10><isbn13>9781524722746</isbn13></isbn></isbns><buy_links><buy_link><name>Local Booksellers</name><url>http://www.indiebound.org/book/9780679603856?aff=NYT</url></buy_link><buy_link><name>Barnes and Noble</name><url>http://www.anrdoezrs.net/click-7990613-11819508?url=http%3A%2F%2Fwww.barnesandnoble.com%2Fw%2F%3Fean%3D9780679603856</url></buy_link><buy_link><name>Amazon</name><url>http://www.amazon.com/The-Power-Habit-What-Business/dp/081298160X?tag=NYTBS-20</url></buy_link></buy_links></book><book><rank>17</rank><rank_last_week>0</rank_last_week><weeks_on_list>0</weeks_on_list><asterisk>0</asterisk><dagger>0</dagger><primary_isbn10>1439127700</primary_isbn10><primary_isbn13>9781439127704</primary_isbn13><publisher><![CDATA[Simon & Schuster]]></publisher><description>Two journalists examine the relationships between sitting presidents and their predecessors. </description><price>0</price><title>THE PRESIDENTS CLUB</title><author>Nancy Gibbs and Michael Duffy</author><contributor>by Nancy Gibbs and Michael Duffy</contributor><contributor_note></contributor_note><book_image>https://s1.nyt.com/du/books/images/9781439148716.jpg</book_image><book_image_width>128</book_image_width><book_image_height>191</book_image_height><amazon_product_url>http://www.amazon.com/The-Presidents-Club-Exclusive-Fraternity-ebook/dp/B005GG0MIS?tag=NYTBS-20</amazon_product_url><age_group></age_group><book_review_link>https://www.nytimes.com/2012/04/18/books/the-presidents-club-by-nancy-gibbs-and-michael-duffy.html</book_review_link><first_chapter_link></first_chapter_link><sunday_review_link></sunday_review_link><article_chapter_link></article_chapter_link><isbns><isbn><isbn10>1439127700</isbn10><isbn13>9781439127704</isbn13></isbn><isbn><isbn10>1439148716</isbn10><isbn13>9781439148716</isbn13></isbn><isbn><isbn10>1439127727</isbn10><isbn13>9781439127728</isbn13></isbn></isbns><buy_links><buy_link><name>Local Booksellers</name><url>http://www.indiebound.org/book/9781439127704?aff=NYT</url></buy_link><buy_link><name>Barnes and Noble</name><url>http://www.anrdoezrs.net/click-7990613-11819508?url=http%3A%2F%2Fwww.barnesandnoble.com%2Fw%2F%3Fean%3D9781439127704</url></buy_link><buy_link><name>Amazon</name><url>http://www.amazon.com/The-Presidents-Club-Exclusive-Fraternity-ebook/dp/B005GG0MIS?tag=NYTBS-20</url></buy_link></buy_links></book><book><rank>18</rank><rank_last_week>0</rank_last_week><weeks_on_list>0</weeks_on_list><asterisk>0</asterisk><dagger>0</dagger><primary_isbn10>0316185361</primary_isbn10><primary_isbn13>9780316185363</primary_isbn13><publisher><![CDATA[Little, Brown & Company]]></publisher><description>A Navy SEALs member who was rescued in Afghanistan describes his experience in Iraq.</description><price>0</price><title>SERVICE</title><author>Marcus Luttrell and James D Hornfischer</author><contributor>by Marcus Luttrell and James D. Hornfischer</contributor><contributor_note></contributor_note><book_image>https://s1.nyt.com/du/books/images/9780316185363.jpg</book_image><book_image_width>128</book_image_width><book_image_height>192</book_image_height><amazon_product_url>http://www.amazon.com/Service-Navy-SEAL-Marcus-Luttrell-ebook/dp/B007ME5CVY?tag=NYTBS-20</amazon_product_url><age_group></age_group><book_review_link></book_review_link><first_chapter_link></first_chapter_link><sunday_review_link></sunday_review_link><article_chapter_link></article_chapter_link><isbns><isbn><isbn10>0316185361</isbn10><isbn13>9780316185363</isbn13></isbn><isbn><isbn10>0316217255</isbn10><isbn13>9780316217255</isbn13></isbn><isbn><isbn10>1611134161</isbn10><isbn13>9781611134162</isbn13></isbn><isbn><isbn10>0316185388</isbn10><isbn13>9780316185387</isbn13></isbn></isbns><buy_links><buy_link><name>Local Booksellers</name><url>http://www.indiebound.org/book/9780316185363?aff=NYT</url></buy_link><buy_link><name>Barnes and Noble</name><url>http://www.anrdoezrs.net/click-7990613-11819508?url=http%3A%2F%2Fwww.barnesandnoble.com%2Fw%2F%3Fean%3D9780316185363</url></buy_link><buy_link><name>Amazon</name><url>http://www.amazon.com/Service-Navy-SEAL-Marcus-Luttrell-ebook/dp/B007ME5CVY?tag=NYTBS-20</url></buy_link></buy_links></book><book><rank>19</rank><rank_last_week>0</rank_last_week><weeks_on_list>0</weeks_on_list><asterisk>0</asterisk><dagger>0</dagger><primary_isbn10>0547386079</primary_isbn10><primary_isbn13>9780547386072</primary_isbn13><publisher>Houghton Mifflin Harcourt</publisher><description>An account of the science of creativity argues that it is not a gift but a thought process that can be learned.</description><price>0</price><title>IMAGINE</title><author>Jonah Lehrer</author><contributor>by Jonah Lehrer</contributor><contributor_note></contributor_note><book_image>https://s1.nyt.com/du/books/images/9780547386072.jpg</book_image><book_image_width>128</book_image_width><book_image_height>192</book_image_height><amazon_product_url>http://www.amazon.com/Imagine-Creativity-Works-Jonah-Lehrer/dp/B007QRI1UQ?tag=NYTBS-20</amazon_product_url><age_group></age_group><book_review_link>https://www.nytimes.com/2012/04/03/books/imagine-how-creativity-works-by-jonah-lehrer.html</book_review_link><first_chapter_link></first_chapter_link><sunday_review_link></sunday_review_link><article_chapter_link></article_chapter_link><isbns><isbn><isbn10>0547386079</isbn10><isbn13>9780547386072</isbn13></isbn><isbn><isbn10>0547725833</isbn10><isbn13>9780547725833</isbn13></isbn><isbn><isbn10>1441864458</isbn10><isbn13>9781441864451</isbn13></isbn><isbn><isbn10>1455877220</isbn10><isbn13>9781455877225</isbn13></isbn></isbns><buy_links><buy_link><name>Local Booksellers</name><url>http://www.indiebound.org/book/9780547386072?aff=NYT</url></buy_link><buy_link><name>Barnes and Noble</name><url>http://www.anrdoezrs.net/click-7990613-11819508?url=http%3A%2F%2Fwww.barnesandnoble.com%2Fw%2F%3Fean%3D9780547386072</url></buy_link><buy_link><name>Amazon</name><url>http://www.amazon.com/Imagine-Creativity-Works-Jonah-Lehrer/dp/B007QRI1UQ?tag=NYTBS-20</url></buy_link></buy_links></book><book><rank>20</rank><rank_last_week>0</rank_last_week><weeks_on_list>0</weeks_on_list><asterisk>0</asterisk><dagger>0</dagger><primary_isbn10>0316056871</primary_isbn10><primary_isbn13>9780316056878</primary_isbn13><publisher><![CDATA[Little, Brown & Company]]></publisher><description>A memoir from the former “Saturday Night Live” star, film actress and creator of “30 Rock” and "Unbreakable Kimmy Schmidt." Originally published in 2011.</description><price>0</price><title>BOSSYPANTS</title><author>Tina Fey</author><contributor>by Tina Fey</contributor><contributor_note></contributor_note><book_image>https://s1.nyt.com/du/books/images/9780316056892.jpg</book_image><book_image_width>308</book_image_width><book_image_height>495</book_image_height><amazon_product_url>http://www.amazon.com/Bossypants-Tina-Fey/dp/0316056898?tag=NYTBS-20</amazon_product_url><age_group></age_group><book_review_link>https://www.nytimes.com/2011/04/04/books/bossypants-by-tina-fey-review.html</book_review_link><first_chapter_link></first_chapter_link><sunday_review_link></sunday_review_link><article_chapter_link></article_chapter_link><isbns><isbn><isbn10>0316056863</isbn10><isbn13>9780316056861</isbn13></isbn><isbn><isbn10>031617789X</isbn10><isbn13>9780316177894</isbn13></isbn><isbn><isbn10>0316175862</isbn10><isbn13>9780316175869</isbn13></isbn><isbn><isbn10>031619803X</isbn10><isbn13>9780316198035</isbn13></isbn><isbn><isbn10>0316056871</isbn10><isbn13>9780316056878</isbn13></isbn><isbn><isbn10>0316056898</isbn10><isbn13>9780316056892</isbn13></isbn><isbn><isbn10>1609419693</isbn10><isbn13>9781609419691</isbn13></isbn><isbn><isbn10>0606267212</isbn10><isbn13>9780606267212</isbn13></isbn><isbn><isbn10>0751547832</isbn10><isbn13>9780751547832</isbn13></isbn></isbns><buy_links><buy_link><name>Local Booksellers</name><url>http://www.indiebound.org/book/9780316056878?aff=NYT</url></buy_link><buy_link><name>Barnes and Noble</name><url>http://www.anrdoezrs.net/click-7990613-11819508?url=http%3A%2F%2Fwww.barnesandnoble.com%2Fw%2F%3Fean%3D9780316056878</url></buy_link><buy_link><name>Amazon</name><url>http://www.amazon.com/Bossypants-Tina-Fey/dp/0316056898?tag=NYTBS-20</url></buy_link></buy_links></book></books><corrections/></results></result_set>
