<?xml version="1.0" encoding="UTF-8"?>
<result_set><status>OK</status><copyright>Copyright (c) 2018 The New York Times Company.  All Rights Reserved.</copyright><num_results>35</num_results><last_modified>2017-03-21T13:38:01-04:00</last_modified><results><list_name>Combined Print and E-Book Nonfiction</list_name><list_name_encoded>combined-print-and-e-book-nonfiction</list_name_encoded><bestsellers_date>2011-12-24</bestsellers_date><published_date>2012-01-08</published_date><published_date_description></published_date_description><next_published_date>2012-01-15</next_published_date><previous_published_date>2012-01-01</previous_published_date><display_name><![CDATA[Combined Print & E-Book Nonfiction]]></display_name><normal_list_ends_at>15</normal_list_ends_at><updated>WEEKLY</updated><books><book><rank>1</rank><rank_last_week>1</rank_last_week><weeks_on_list>9</weeks_on_list><asterisk>0</asterisk><dagger>0</dagger><primary_isbn10>1451648537</primary_isbn10><primary_isbn13>9781451648539</primary_isbn13><publisher><![CDATA[Simon & Schuster]]></publisher><description>A biography of the recently deceased entrepreneur, based on 40 interviews with Jobs conducted over two years.</description><price>0</price><title>STEVE JOBS</title><author>Walter Isaacson</author><contributor>by Walter Isaacson</contributor><contributor_note></contributor_note><book_image>https://s1.nyt.com/du/books/images/9781451648553.jpg</book_image><book_image_width>325</book_image_width><book_image_height>495</book_image_height><amazon_product_url>http://www.amazon.com/Steve-Jobs-Walter-Isaacson-ebook/dp/B004W2UBYW?tag=NYTBS-20</amazon_product_url><age_group></age_group><book_review_link>https://www.nytimes.com/2011/10/22/books/steve-jobs-by-walter-isaacson-review.html</book_review_link><first_chapter_link></first_chapter_link><sunday_review_link></sunday_review_link><article_chapter_link></article_chapter_link><isbns><isbn><isbn10>1451648537</isbn10><isbn13>9781451648539</isbn13></isbn><isbn><isbn10>1451648553</isbn10><isbn13>9781451648553</isbn13></isbn><isbn><isbn10>1442346272</isbn10><isbn13>9781442346277</isbn13></isbn><isbn><isbn10>1442346949</isbn10><isbn13>9781442346949</isbn13></isbn><isbn><isbn10>1410445224</isbn10><isbn13>9781410445223</isbn13></isbn><isbn><isbn10>030795028X</isbn10><isbn13>9780307950284</isbn13></isbn><isbn><isbn10>1408703742</isbn10><isbn13>9781408703748</isbn13></isbn><isbn><isbn10>1451648545</isbn10><isbn13>9781451648546</isbn13></isbn><isbn><isbn10>1594136793</isbn10><isbn13>9781594136795</isbn13></isbn></isbns><buy_links><buy_link><name>Local Booksellers</name><url>http://www.indiebound.org/book/9781451648539?aff=NYT</url></buy_link><buy_link><name>Barnes and Noble</name><url>http://www.anrdoezrs.net/click-7990613-11819508?url=http%3A%2F%2Fwww.barnesandnoble.com%2Fw%2F%3Fean%3D9781451648539</url></buy_link><buy_link><name>Amazon</name><url>http://www.amazon.com/Steve-Jobs-Walter-Isaacson-ebook/dp/B004W2UBYW?tag=NYTBS-20</url></buy_link></buy_links></book><book><rank>2</rank><rank_last_week>2</rank_last_week><weeks_on_list>13</weeks_on_list><asterisk>0</asterisk><dagger>0</dagger><primary_isbn10>0805093079</primary_isbn10><primary_isbn13>9780805093070</primary_isbn13><publisher>Holt</publisher><description>The anchor of “The O’Reilly Factor” recounts the assassination of Abraham Lincoln.</description><price>0</price><title>KILLING LINCOLN</title><author>Bill O'Reilly and Martin Dugard</author><contributor>by Bill O'Reilly and Martin Dugard</contributor><contributor_note></contributor_note><book_image>https://s1.nyt.com/du/books/images/9780805093070.jpg</book_image><book_image_width>324</book_image_width><book_image_height>495</book_image_height><amazon_product_url>http://www.amazon.com/Killing-Lincoln-Shocking-Assassination-Changed-ebook/dp/B004ULORYU?tag=NYTBS-20</amazon_product_url><age_group></age_group><book_review_link></book_review_link><first_chapter_link></first_chapter_link><sunday_review_link></sunday_review_link><article_chapter_link></article_chapter_link><isbns><isbn><isbn10>0805093079</isbn10><isbn13>9780805093070</isbn13></isbn><isbn><isbn10>1429996870</isbn10><isbn13>9781429996877</isbn13></isbn><isbn><isbn10>1427213127</isbn10><isbn13>9781427213129</isbn13></isbn><isbn><isbn10>1410443000</isbn10><isbn13>9781410443007</isbn13></isbn><isbn><isbn10>1250012163</isbn10><isbn13>9781250012166</isbn13></isbn><isbn><isbn10>1250105218</isbn10><isbn13>9781250105219</isbn13></isbn></isbns><buy_links><buy_link><name>Local Booksellers</name><url>http://www.indiebound.org/book/9780805093070?aff=NYT</url></buy_link><buy_link><name>Barnes and Noble</name><url>http://www.anrdoezrs.net/click-7990613-11819508?url=http%3A%2F%2Fwww.barnesandnoble.com%2Fw%2F%3Fean%3D9780805093070</url></buy_link><buy_link><name>Amazon</name><url>http://www.amazon.com/Killing-Lincoln-Shocking-Assassination-Changed-ebook/dp/B004ULORYU?tag=NYTBS-20</url></buy_link></buy_links></book><book><rank>3</rank><rank_last_week>3</rank_last_week><weeks_on_list>48</weeks_on_list><asterisk>0</asterisk><dagger>0</dagger><primary_isbn10>0849946158</primary_isbn10><primary_isbn13>9780849946158</primary_isbn13><publisher>Thomas Nelson</publisher><description>A father recounts his 3-year-old son’s encounter with Jesus and the angels during an appendectomy.</description><price>0</price><title>HEAVEN IS FOR REAL</title><author>Todd Burpo with Lynn Vincent</author><contributor>by Todd Burpo with Lynn Vincent</contributor><contributor_note></contributor_note><book_image>https://s1.nyt.com/du/books/images/9780849949203.jpg</book_image><book_image_width>309</book_image_width><book_image_height>495</book_image_height><amazon_product_url>http://www.amazon.com/Heaven-Real-Little-Astounding-Story-ebook/dp/B004A90BXS?tag=NYTBS-20</amazon_product_url><age_group></age_group><book_review_link>https://www.nytimes.com/2011/03/12/books/heaven-is-for-real-is-publishing-phenomenon.html</book_review_link><first_chapter_link></first_chapter_link><sunday_review_link></sunday_review_link><article_chapter_link></article_chapter_link><isbns><isbn><isbn10>0849946158</isbn10><isbn13>9780849946158</isbn13></isbn><isbn><isbn10>0849948363</isbn10><isbn13>9780849948367</isbn13></isbn><isbn><isbn10>0849922070</isbn10><isbn13>9780849922077</isbn13></isbn></isbns><buy_links><buy_link><name>Local Booksellers</name><url>http://www.indiebound.org/book/9780849946158?aff=NYT</url></buy_link><buy_link><name>Barnes and Noble</name><url>http://www.anrdoezrs.net/click-7990613-11819508?url=http%3A%2F%2Fwww.barnesandnoble.com%2Fw%2F%3Fean%3D9780849946158</url></buy_link><buy_link><name>Amazon</name><url>http://www.amazon.com/Heaven-Real-Little-Astounding-Story-ebook/dp/B004A90BXS?tag=NYTBS-20</url></buy_link></buy_links></book><book><rank>4</rank><rank_last_week>4</rank_last_week><weeks_on_list>48</weeks_on_list><asterisk>0</asterisk><dagger>0</dagger><primary_isbn10>1400064163</primary_isbn10><primary_isbn13>9781400064168</primary_isbn13><publisher>Random House Publishing</publisher><description>An Olympic runner’s story of survival as a prisoner of the Japanese in World War II.</description><price>0</price><title>UNBROKEN</title><author>Laura Hillenbrand</author><contributor>by Laura Hillenbrand</contributor><contributor_note></contributor_note><book_image>https://s1.nyt.com/du/books/images/9781400064168.jpg</book_image><book_image_width>264</book_image_width><book_image_height>400</book_image_height><amazon_product_url>http://www.amazon.com/Unbroken-World-Survival-Resilience-Redemption/dp/1400064163?tag=NYTBS-20</amazon_product_url><age_group></age_group><book_review_link>https://www.nytimes.com/2010/11/15/books/15book.html</book_review_link><first_chapter_link></first_chapter_link><sunday_review_link>https://www.nytimes.com/2010/11/21/books/review/Margolick-t.html</sunday_review_link><article_chapter_link></article_chapter_link><isbns><isbn><isbn10>1400064163</isbn10><isbn13>9781400064168</isbn13></isbn><isbn><isbn10>0679603751</isbn10><isbn13>9780679603757</isbn13></isbn><isbn><isbn10>0375435018</isbn10><isbn13>9780375435010</isbn13></isbn><isbn><isbn10></isbn10><isbn13></isbn13></isbn><isbn><isbn10>0739319698</isbn10><isbn13>9780739319697</isbn13></isbn><isbn><isbn10>0007378033</isbn10><isbn13>9780007378036</isbn13></isbn><isbn><isbn10>0812974492</isbn10><isbn13>9780812974492</isbn13></isbn><isbn><isbn10>0606355987</isbn10><isbn13>9780606355988</isbn13></isbn><isbn><isbn10>081298711X</isbn10><isbn13>9780812987119</isbn13></isbn><isbn><isbn10>0553397117</isbn10><isbn13>9780553397116</isbn13></isbn><isbn><isbn10>1101912626</isbn10><isbn13>9781101912621</isbn13></isbn><isbn><isbn10>1984818449</isbn10><isbn13>9781984818447</isbn13></isbn><isbn><isbn10>1984837621</isbn10><isbn13>9781984837622</isbn13></isbn></isbns><buy_links><buy_link><name>Local Booksellers</name><url>http://www.indiebound.org/book/9781400064168?aff=NYT</url></buy_link><buy_link><name>Barnes and Noble</name><url>http://www.anrdoezrs.net/click-7990613-11819508?url=http%3A%2F%2Fwww.barnesandnoble.com%2Fw%2F%3Fean%3D9781400064168</url></buy_link><buy_link><name>Amazon</name><url>http://www.amazon.com/Unbroken-World-Survival-Resilience-Redemption/dp/1400064163?tag=NYTBS-20</url></buy_link></buy_links></book><book><rank>5</rank><rank_last_week>7</rank_last_week><weeks_on_list>7</weeks_on_list><asterisk>0</asterisk><dagger>0</dagger><primary_isbn10>0062007289</primary_isbn10><primary_isbn13>9780062007285</primary_isbn13><publisher>HarperCollins Publishers</publisher><description>The Broncos quarterback chronicles his personal and professional course.</description><price>0</price><title>THROUGH MY EYES</title><author>Tim Tebow with Nathan Whitaker</author><contributor>by Tim Tebow with Nathan Whitaker</contributor><contributor_note></contributor_note><book_image>https://s1.nyt.com/du/books/images/9780062072153.jpg</book_image><book_image_width>328</book_image_width><book_image_height>495</book_image_height><amazon_product_url>http://www.amazon.com/Through-My-Eyes-Tim-Tebow-ebook/dp/B004BA582A?tag=NYTBS-20</amazon_product_url><age_group></age_group><book_review_link></book_review_link><first_chapter_link></first_chapter_link><sunday_review_link></sunday_review_link><article_chapter_link></article_chapter_link><isbns><isbn><isbn10>0062007289</isbn10><isbn13>9780062007285</isbn13></isbn><isbn><isbn10>0062072153</isbn10><isbn13>9780062072153</isbn13></isbn></isbns><buy_links><buy_link><name>Local Booksellers</name><url>http://www.indiebound.org/book/9780062007285?aff=NYT</url></buy_link><buy_link><name>Barnes and Noble</name><url>http://www.anrdoezrs.net/click-7990613-11819508?url=http%3A%2F%2Fwww.barnesandnoble.com%2Fw%2F%3Fean%3D9780062007285</url></buy_link><buy_link><name>Amazon</name><url>http://www.amazon.com/Through-My-Eyes-Tim-Tebow-ebook/dp/B004BA582A?tag=NYTBS-20</url></buy_link></buy_links></book><book><rank>6</rank><rank_last_week>5</rank_last_week><weeks_on_list>8</weeks_on_list><asterisk>0</asterisk><dagger>0</dagger><primary_isbn10>1451635087</primary_isbn10><primary_isbn13>9781451635089</primary_isbn13><publisher><![CDATA[Simon & Schuster]]></publisher><description>An admiring portrait of the 35th president.</description><price>0</price><title>JACK KENNEDY</title><author>Chris Matthews</author><contributor>by Chris Matthews</contributor><contributor_note></contributor_note><book_image>https://s1.nyt.com/du/books/images/9781451635096.jpg</book_image><book_image_width>128</book_image_width><book_image_height>191</book_image_height><amazon_product_url>http://www.amazon.com/Jack-Kennedy-Elusive-Chris-Matthews/dp/1451635087?tag=NYTBS-20</amazon_product_url><age_group></age_group><book_review_link></book_review_link><first_chapter_link></first_chapter_link><sunday_review_link>https://www.nytimes.com/2011/11/06/books/review/jack-kennedy-elusive-hero-by-chris-matthews-book-review.html</sunday_review_link><article_chapter_link></article_chapter_link><isbns><isbn><isbn10>1451635087</isbn10><isbn13>9781451635089</isbn13></isbn><isbn><isbn10>1451635109</isbn10><isbn13>9781451635102</isbn13></isbn><isbn><isbn10>1442350458</isbn10><isbn13>9781442350458</isbn13></isbn><isbn><isbn10>1451635095</isbn10><isbn13>9781451635096</isbn13></isbn><isbn><isbn10>1594135657</isbn10><isbn13>9781594135651</isbn13></isbn></isbns><buy_links><buy_link><name>Local Booksellers</name><url>http://www.indiebound.org/book/9781451635089?aff=NYT</url></buy_link><buy_link><name>Barnes and Noble</name><url>http://www.anrdoezrs.net/click-7990613-11819508?url=http%3A%2F%2Fwww.barnesandnoble.com%2Fw%2F%3Fean%3D9781451635089</url></buy_link><buy_link><name>Amazon</name><url>http://www.amazon.com/Jack-Kennedy-Elusive-Chris-Matthews/dp/1451635087?tag=NYTBS-20</url></buy_link></buy_links></book><book><rank>7</rank><rank_last_week>6</rank_last_week><weeks_on_list>5</weeks_on_list><asterisk>0</asterisk><dagger>0</dagger><primary_isbn10>1451659261</primary_isbn10><primary_isbn13>9781451659269</primary_isbn13><publisher>Threshold Editions</publisher><description>How Washington turned himself into the indispensable (if imperfect) man.</description><price>0</price><title>BEING GEORGE WASHINGTON</title><author>Glenn Beck and Kevin Balfe</author><contributor>by Glenn Beck and Kevin Balfe</contributor><contributor_note></contributor_note><book_image>https://s1.nyt.com/du/books/images/9781451659269.jpg</book_image><book_image_width>328</book_image_width><book_image_height>495</book_image_height><amazon_product_url>http://www.amazon.com/Being-George-Washington-Indispensable-Youve-ebook/dp/B005GG0MWO?tag=NYTBS-20</amazon_product_url><age_group></age_group><book_review_link></book_review_link><first_chapter_link></first_chapter_link><sunday_review_link></sunday_review_link><article_chapter_link></article_chapter_link><isbns><isbn><isbn10>1451659261</isbn10><isbn13>9781451659269</isbn13></isbn><isbn><isbn10>1451659318</isbn10><isbn13>9781451659313</isbn13></isbn><isbn><isbn10>1442347449</isbn10><isbn13>9781442347441</isbn13></isbn></isbns><buy_links><buy_link><name>Local Booksellers</name><url>http://www.indiebound.org/book/9781451659269?aff=NYT</url></buy_link><buy_link><name>Barnes and Noble</name><url>http://www.anrdoezrs.net/click-7990613-11819508?url=http%3A%2F%2Fwww.barnesandnoble.com%2Fw%2F%3Fean%3D9781451659269</url></buy_link><buy_link><name>Amazon</name><url>http://www.amazon.com/Being-George-Washington-Indispensable-Youve-ebook/dp/B005GG0MWO?tag=NYTBS-20</url></buy_link></buy_links></book><book><rank>8</rank><rank_last_week>9</rank_last_week><weeks_on_list>7</weeks_on_list><asterisk>0</asterisk><dagger>0</dagger><primary_isbn10>0374275637</primary_isbn10><primary_isbn13>9780374275631</primary_isbn13><publisher><![CDATA[Farrar, Straus & Giroux]]></publisher><description>The winner of the Nobel in economic science discusses how we make choices in business and personal life and when we can and cannot trust our intuitions.</description><price>0</price><title>THINKING, FAST AND SLOW</title><author>Daniel Kahneman</author><contributor>by Daniel Kahneman</contributor><contributor_note></contributor_note><book_image>https://s1.nyt.com/du/books/images/9781429969352.jpg</book_image><book_image_width>330</book_image_width><book_image_height>490</book_image_height><amazon_product_url>http://www.amazon.com/Thinking-Fast-Slow-Daniel-Kahneman-ebook/dp/B00555X8OA?tag=NYTBS-20</amazon_product_url><age_group></age_group><book_review_link>https://www.nytimes.com/2011/11/27/books/review/thinking-fast-and-slow-by-daniel-kahneman-book-review.html</book_review_link><first_chapter_link></first_chapter_link><sunday_review_link>https://www.nytimes.com/2011/11/27/books/review/thinking-fast-and-slow-by-daniel-kahneman-book-review.html</sunday_review_link><article_chapter_link></article_chapter_link><isbns><isbn><isbn10>0374275637</isbn10><isbn13>9780374275631</isbn13></isbn><isbn><isbn10>0739357980</isbn10><isbn13>9780739357989</isbn13></isbn><isbn><isbn10>0374533555</isbn10><isbn13>9780374533557</isbn13></isbn><isbn><isbn10>0606275649</isbn10><isbn13>9780606275644</isbn13></isbn></isbns><buy_links><buy_link><name>Local Booksellers</name><url>http://www.indiebound.org/book/9780374275631?aff=NYT</url></buy_link><buy_link><name>Barnes and Noble</name><url>http://www.anrdoezrs.net/click-7990613-11819508?url=http%3A%2F%2Fwww.barnesandnoble.com%2Fw%2F%3Fean%3D9780374275631</url></buy_link><buy_link><name>Amazon</name><url>http://www.amazon.com/Thinking-Fast-Slow-Daniel-Kahneman-ebook/dp/B00555X8OA?tag=NYTBS-20</url></buy_link></buy_links></book><book><rank>9</rank><rank_last_week>8</rank_last_week><weeks_on_list>7</weeks_on_list><asterisk>0</asterisk><dagger>0</dagger><primary_isbn10>0679456724</primary_isbn10><primary_isbn13>9780679456728</primary_isbn13><publisher>Random House Publishing</publisher><description>The author of “Nicholas and Alexandra” provides a sweeping narrative of the life of the minor 18th-century German princess who became Empress of All the Russias.</description><price>0</price><title>CATHERINE THE GREAT</title><author>Robert K Massie</author><contributor>by Robert K. Massie</contributor><contributor_note></contributor_note><book_image>https://s1.nyt.com/du/books/images/9780679456728.jpg</book_image><book_image_width>301</book_image_width><book_image_height>450</book_image_height><amazon_product_url>http://www.amazon.com/Catherine-Great-Portrait-Robert-Massie/dp/0345408772?tag=NYTBS-20</amazon_product_url><age_group></age_group><book_review_link></book_review_link><first_chapter_link></first_chapter_link><sunday_review_link>https://www.nytimes.com/2011/11/20/books/review/catherine-the-great-portrait-of-a-woman-by-robert-k-massie-book-review.html</sunday_review_link><article_chapter_link></article_chapter_link><isbns><isbn><isbn10>0679456724</isbn10><isbn13>9780679456728</isbn13></isbn><isbn><isbn10>158836044X</isbn10><isbn13>9781588360441</isbn13></isbn><isbn><isbn10>0345408772</isbn10><isbn13>9780345408778</isbn13></isbn><isbn><isbn10>1594136157</isbn10><isbn13>9781594136153</isbn13></isbn></isbns><buy_links><buy_link><name>Local Booksellers</name><url>http://www.indiebound.org/book/9780679456728?aff=NYT</url></buy_link><buy_link><name>Barnes and Noble</name><url>http://www.anrdoezrs.net/click-7990613-11819508?url=http%3A%2F%2Fwww.barnesandnoble.com%2Fw%2F%3Fean%3D9780679456728</url></buy_link><buy_link><name>Amazon</name><url>http://www.amazon.com/Catherine-Great-Portrait-Robert-Massie/dp/0345408772?tag=NYTBS-20</url></buy_link></buy_links></book><book><rank>10</rank><rank_last_week>14</rank_last_week><weeks_on_list>29</weeks_on_list><asterisk>0</asterisk><dagger>0</dagger><primary_isbn10>0316056863</primary_isbn10><primary_isbn13>9780316056861</primary_isbn13><publisher><![CDATA[Little, Brown & Company]]></publisher><description>A memoir from the former "Saturday Night Live" star and creator of "30 Rock."</description><price>0</price><title>BOSSYPANTS</title><author>Tina Fey</author><contributor>by Tina Fey</contributor><contributor_note></contributor_note><book_image>https://s1.nyt.com/du/books/images/9780316056892.jpg</book_image><book_image_width>308</book_image_width><book_image_height>495</book_image_height><amazon_product_url>http://www.amazon.com/Bossypants-Tina-Fey/dp/0316056898?tag=NYTBS-20</amazon_product_url><age_group></age_group><book_review_link>https://www.nytimes.com/2011/04/04/books/bossypants-by-tina-fey-review.html</book_review_link><first_chapter_link></first_chapter_link><sunday_review_link></sunday_review_link><article_chapter_link></article_chapter_link><isbns><isbn><isbn10>0316056863</isbn10><isbn13>9780316056861</isbn13></isbn><isbn><isbn10>031617789X</isbn10><isbn13>9780316177894</isbn13></isbn><isbn><isbn10>0316175862</isbn10><isbn13>9780316175869</isbn13></isbn><isbn><isbn10>031619803X</isbn10><isbn13>9780316198035</isbn13></isbn><isbn><isbn10>0316056871</isbn10><isbn13>9780316056878</isbn13></isbn><isbn><isbn10>0316056898</isbn10><isbn13>9780316056892</isbn13></isbn><isbn><isbn10>1609419693</isbn10><isbn13>9781609419691</isbn13></isbn><isbn><isbn10>0606267212</isbn10><isbn13>9780606267212</isbn13></isbn><isbn><isbn10>0751547832</isbn10><isbn13>9780751547832</isbn13></isbn></isbns><buy_links><buy_link><name>Local Booksellers</name><url>http://www.indiebound.org/book/9780316056861?aff=NYT</url></buy_link><buy_link><name>Barnes and Noble</name><url>http://www.anrdoezrs.net/click-7990613-11819508?url=http%3A%2F%2Fwww.barnesandnoble.com%2Fw%2F%3Fean%3D9780316056861</url></buy_link><buy_link><name>Amazon</name><url>http://www.amazon.com/Bossypants-Tina-Fey/dp/0316056898?tag=NYTBS-20</url></buy_link></buy_links></book><book><rank>11</rank><rank_last_week>11</rank_last_week><weeks_on_list>29</weeks_on_list><asterisk>0</asterisk><dagger>0</dagger><primary_isbn10>0307408841</primary_isbn10><primary_isbn13>9780307408846</primary_isbn13><publisher>Crown Publishing</publisher><description>William E. Dodd, the U.S. ambassador to Germany, and his daughter, Martha, in 1930s Berlin.</description><price>0</price><title>IN THE GARDEN OF BEASTS</title><author>Erik Larson</author><contributor>by Erik Larson</contributor><contributor_note></contributor_note><book_image>https://s1.nyt.com/du/books/images/9780307887955.jpg</book_image><book_image_width>330</book_image_width><book_image_height>494</book_image_height><amazon_product_url>http://www.amazon.com/In-Garden-Beasts-American-Hitlers-ebook/dp/B004HFRJM6?tag=NYTBS-20</amazon_product_url><age_group></age_group><book_review_link>https://www.nytimes.com/2011/05/20/books/in-the-garden-of-beasts-by-erik-larson-review.html</book_review_link><first_chapter_link></first_chapter_link><sunday_review_link>https://www.nytimes.com/2011/06/12/books/review/book-review-in-the-garden-of-beasts-by-erik-larson.html</sunday_review_link><article_chapter_link></article_chapter_link><isbns><isbn><isbn10>0307408841</isbn10><isbn13>9780307408846</isbn13></isbn><isbn><isbn10>0307887952</isbn10><isbn13>9780307887955</isbn13></isbn><isbn><isbn10>0739378147</isbn10><isbn13>9780739378144</isbn13></isbn><isbn><isbn10>0307914577</isbn10><isbn13>9780307914576</isbn13></isbn><isbn><isbn10>030740885X</isbn10><isbn13>9780307408853</isbn13></isbn><isbn><isbn10>1446464504</isbn10><isbn13>9781446464502</isbn13></isbn></isbns><buy_links><buy_link><name>Local Booksellers</name><url>http://www.indiebound.org/book/9780307408846?aff=NYT</url></buy_link><buy_link><name>Barnes and Noble</name><url>http://www.anrdoezrs.net/click-7990613-11819508?url=http%3A%2F%2Fwww.barnesandnoble.com%2Fw%2F%3Fean%3D9780307408846</url></buy_link><buy_link><name>Amazon</name><url>http://www.amazon.com/In-Garden-Beasts-American-Hitlers-ebook/dp/B004HFRJM6?tag=NYTBS-20</url></buy_link></buy_links></book><book><rank>12</rank><rank_last_week>12</rank_last_week><weeks_on_list>12</weeks_on_list><asterisk>0</asterisk><dagger>0</dagger><primary_isbn10>0393081818</primary_isbn10><primary_isbn13>9780393081817</primary_isbn13><publisher><![CDATA[W. W. Norton & Company]]></publisher><description>A look at some of the places — Greece, Ireland, Iceland — hardest hit by the financial collapse of 2008 and at how it happened.</description><price>0</price><title>BOOMERANG</title><author>Michael Lewis</author><contributor>by Michael Lewis</contributor><contributor_note></contributor_note><book_image>https://s1.nyt.com/du/books/images/9780393082241.jpg</book_image><book_image_width>330</book_image_width><book_image_height>494</book_image_height><amazon_product_url>http://www.amazon.com/Boomerang-Travels-New-Third-World-ebook/dp/B005CRQ2OE?tag=NYTBS-20</amazon_product_url><age_group></age_group><book_review_link>https://www.nytimes.com/2011/09/27/books/boomerang-by-michael-lewis-review.html</book_review_link><first_chapter_link></first_chapter_link><sunday_review_link></sunday_review_link><article_chapter_link></article_chapter_link><isbns><isbn><isbn10>0393081818</isbn10><isbn13>9780393081817</isbn13></isbn><isbn><isbn10>0393082245</isbn10><isbn13>9780393082241</isbn13></isbn><isbn><isbn10>1442341254</isbn10><isbn13>9781442341258</isbn13></isbn><isbn><isbn10>0393343448</isbn10><isbn13>9780393343441</isbn13></isbn></isbns><buy_links><buy_link><name>Local Booksellers</name><url>http://www.indiebound.org/book/9780393081817?aff=NYT</url></buy_link><buy_link><name>Barnes and Noble</name><url>http://www.anrdoezrs.net/click-7990613-11819508?url=http%3A%2F%2Fwww.barnesandnoble.com%2Fw%2F%3Fean%3D9780393081817</url></buy_link><buy_link><name>Amazon</name><url>http://www.amazon.com/Boomerang-Travels-New-Third-World-ebook/dp/B005CRQ2OE?tag=NYTBS-20</url></buy_link></buy_links></book><book><rank>13</rank><rank_last_week>10</rank_last_week><weeks_on_list>6</weeks_on_list><asterisk>0</asterisk><dagger>0</dagger><primary_isbn10>1400068789</primary_isbn10><primary_isbn13>9781400068784</primary_isbn13><publisher>Random House Publishing</publisher><description>The actress uses her mother’s diaries as a springboard for the examination of her own life.</description><price>0</price><title>THEN AGAIN</title><author>Diane Keaton</author><contributor>by Diane Keaton</contributor><contributor_note></contributor_note><book_image>https://s1.nyt.com/du/books/images/9781588369420.jpg</book_image><book_image_width>128</book_image_width><book_image_height>190</book_image_height><amazon_product_url>http://www.amazon.com/Then-Again-Diane-Keaton/dp/0812980956?tag=NYTBS-20</amazon_product_url><age_group></age_group><book_review_link>https://www.nytimes.com/2011/11/18/books/then-again-by-diane-keaton-review.html</book_review_link><first_chapter_link></first_chapter_link><sunday_review_link>https://www.nytimes.com/2011/12/04/books/review/then-again-by-diane-keaton-book-review.html</sunday_review_link><article_chapter_link></article_chapter_link><isbns><isbn><isbn10>1400068789</isbn10><isbn13>9781400068784</isbn13></isbn><isbn><isbn10>1588369420</isbn10><isbn13>9781588369420</isbn13></isbn><isbn><isbn10>0812980956</isbn10><isbn13>9780812980950</isbn13></isbn><isbn><isbn10>0007435703</isbn10><isbn13>9780007435708</isbn13></isbn></isbns><buy_links><buy_link><name>Local Booksellers</name><url>http://www.indiebound.org/book/9781400068784?aff=NYT</url></buy_link><buy_link><name>Barnes and Noble</name><url>http://www.anrdoezrs.net/click-7990613-11819508?url=http%3A%2F%2Fwww.barnesandnoble.com%2Fw%2F%3Fean%3D9781400068784</url></buy_link><buy_link><name>Amazon</name><url>http://www.amazon.com/Then-Again-Diane-Keaton/dp/0812980956?tag=NYTBS-20</url></buy_link></buy_links></book><book><rank>14</rank><rank_last_week>0</rank_last_week><weeks_on_list>7</weeks_on_list><asterisk>0</asterisk><dagger>0</dagger><primary_isbn10>0446585025</primary_isbn10><primary_isbn13>9780446585026</primary_isbn13><publisher>Grand Central Publishing</publisher><description>A collection of humor pieces from the stand-up comedian and talk-show host.</description><price>0</price><title>SERIOUSLY... I'M KIDDING</title><author>Ellen DeGeneres</author><contributor>by Ellen DeGeneres</contributor><contributor_note></contributor_note><book_image>https://s1.nyt.com/du/books/images/9780446585033.jpg</book_image><book_image_width>326</book_image_width><book_image_height>495</book_image_height><amazon_product_url>http://www.amazon.com/Seriously-Im-Kidding-Ellen-DeGeneres-ebook/dp/B004QX07G4?tag=NYTBS-20</amazon_product_url><age_group></age_group><book_review_link></book_review_link><first_chapter_link></first_chapter_link><sunday_review_link></sunday_review_link><article_chapter_link></article_chapter_link><isbns><isbn><isbn10>0446585025</isbn10><isbn13>9780446585026</isbn13></isbn><isbn><isbn10>0446585033</isbn10><isbn13>9780446585033</isbn13></isbn><isbn><isbn10>0446585041</isbn10><isbn13>9780446585040</isbn13></isbn><isbn><isbn10>0762448229</isbn10><isbn13>9780762448227</isbn13></isbn><isbn><isbn10>1609410416</isbn10><isbn13>9781609410414</isbn13></isbn></isbns><buy_links><buy_link><name>Local Booksellers</name><url>http://www.indiebound.org/book/9780446585026?aff=NYT</url></buy_link><buy_link><name>Barnes and Noble</name><url>http://www.anrdoezrs.net/click-7990613-11819508?url=http%3A%2F%2Fwww.barnesandnoble.com%2Fw%2F%3Fean%3D9780446585026</url></buy_link><buy_link><name>Amazon</name><url>http://www.amazon.com/Seriously-Im-Kidding-Ellen-DeGeneres-ebook/dp/B004QX07G4?tag=NYTBS-20</url></buy_link></buy_links></book><book><rank>15</rank><rank_last_week>0</rank_last_week><weeks_on_list>1</weeks_on_list><asterisk>0</asterisk><dagger>0</dagger><primary_isbn10>1400049628</primary_isbn10><primary_isbn13>9781400049622</primary_isbn13><publisher>Crown Publishing</publisher><description>The comedy writer offers a plan for safeguarding yourself from the living dead.</description><price>0</price><title>THE ZOMBIE SURVIVAL GUIDE</title><author>Max Brooks</author><contributor>by Max Brooks</contributor><contributor_note></contributor_note><book_image>https://s1.nyt.com/du/books/images/9781400049622.jpg</book_image><book_image_width>185</book_image_width><book_image_height>277</book_image_height><amazon_product_url>http://www.amazon.com/The-Zombie-Survival-Guide-Protection/dp/1400049628?tag=NYTBS-20</amazon_product_url><age_group></age_group><book_review_link></book_review_link><first_chapter_link></first_chapter_link><sunday_review_link></sunday_review_link><article_chapter_link></article_chapter_link><isbns><isbn><isbn10>1400049628</isbn10><isbn13>9781400049622</isbn13></isbn><isbn><isbn10>1400050804</isbn10><isbn13>9781400050802</isbn13></isbn></isbns><buy_links><buy_link><name>Local Booksellers</name><url>http://www.indiebound.org/book/9781400049622?aff=NYT</url></buy_link><buy_link><name>Barnes and Noble</name><url>http://www.anrdoezrs.net/click-7990613-11819508?url=http%3A%2F%2Fwww.barnesandnoble.com%2Fw%2F%3Fean%3D9781400049622</url></buy_link><buy_link><name>Amazon</name><url>http://www.amazon.com/The-Zombie-Survival-Guide-Protection/dp/1400049628?tag=NYTBS-20</url></buy_link></buy_links></book><book><rank>16</rank><rank_last_week>0</rank_last_week><weeks_on_list>0</weeks_on_list><asterisk>0</asterisk><dagger>0</dagger><primary_isbn10>0307886263</primary_isbn10><primary_isbn13>9780307886262</primary_isbn13><publisher>Crown Publishing</publisher><description>The comedian and actress offers essays about her life. Originally published in 2011.</description><price>0</price><title>IS EVERYONE HANGING OUT WITHOUT ME?</title><author>Mindy Kaling</author><contributor>by Mindy Kaling</contributor><contributor_note></contributor_note><book_image>https://s1.nyt.com/du/books/images/9780307886286.jpg</book_image><book_image_width>321</book_image_width><book_image_height>495</book_image_height><amazon_product_url>http://www.amazon.com/Everyone-Hanging-Without-Other-Concerns-ebook/dp/B004JN1D3M?tag=NYTBS-20</amazon_product_url><age_group></age_group><book_review_link></book_review_link><first_chapter_link></first_chapter_link><sunday_review_link></sunday_review_link><article_chapter_link></article_chapter_link><isbns><isbn><isbn10>0307886263</isbn10><isbn13>9780307886262</isbn13></isbn><isbn><isbn10>030788628X</isbn10><isbn13>9780307886286</isbn13></isbn><isbn><isbn10>0307886271</isbn10><isbn13>9780307886279</isbn13></isbn><isbn><isbn10>0307939804</isbn10><isbn13>9780307939807</isbn13></isbn></isbns><buy_links><buy_link><name>Local Booksellers</name><url>http://www.indiebound.org/book/9780307886262?aff=NYT</url></buy_link><buy_link><name>Barnes and Noble</name><url>http://www.anrdoezrs.net/click-7990613-11819508?url=http%3A%2F%2Fwww.barnesandnoble.com%2Fw%2F%3Fean%3D9780307886262</url></buy_link><buy_link><name>Amazon</name><url>http://www.amazon.com/Everyone-Hanging-Without-Other-Concerns-ebook/dp/B004JN1D3M?tag=NYTBS-20</url></buy_link></buy_links></book><book><rank>17</rank><rank_last_week>0</rank_last_week><weeks_on_list>0</weeks_on_list><asterisk>0</asterisk><dagger>0</dagger><primary_isbn10>1400052181</primary_isbn10><primary_isbn13>9781400052189</primary_isbn13><publisher>Crown Publishing</publisher><description>The story of a woman whose cancer cells were cultured without her permission in 1951.</description><price>0</price><title>THE IMMORTAL LIFE OF HENRIETTA LACKS</title><author>Rebecca Skloot</author><contributor>by Rebecca Skloot</contributor><contributor_note></contributor_note><book_image>https://s1.nyt.com/du/books/images/9781400052189.jpg</book_image><book_image_width>182</book_image_width><book_image_height>280</book_image_height><amazon_product_url>http://www.amazon.com/The-Immortal-Life-Henrietta-Lacks/dp/1400052181?tag=NYTBS-20</amazon_product_url><age_group></age_group><book_review_link>https://www.nytimes.com/2010/02/03/books/03book.html</book_review_link><first_chapter_link></first_chapter_link><sunday_review_link>https://www.nytimes.com/2010/02/07/books/review/Margonelli-t.html</sunday_review_link><article_chapter_link></article_chapter_link><isbns><isbn><isbn10>1400052173</isbn10><isbn13>9781400052172</isbn13></isbn><isbn><isbn10>0307589382</isbn10><isbn13>9780307589385</isbn13></isbn><isbn><isbn10>1410427927</isbn10><isbn13>9781410427922</isbn13></isbn><isbn><isbn10>1400052181</isbn10><isbn13>9781400052189</isbn13></isbn><isbn><isbn10>1594134324</isbn10><isbn13>9781594134326</isbn13></isbn><isbn><isbn10>0451486315</isbn10><isbn13>9780451486318</isbn13></isbn><isbn><isbn10>0804190100</isbn10><isbn13>9780804190107</isbn13></isbn></isbns><buy_links><buy_link><name>Local Booksellers</name><url>http://www.indiebound.org/book/9781400052189?aff=NYT</url></buy_link><buy_link><name>Barnes and Noble</name><url>http://www.anrdoezrs.net/click-7990613-11819508?url=http%3A%2F%2Fwww.barnesandnoble.com%2Fw%2F%3Fean%3D9781400052189</url></buy_link><buy_link><name>Amazon</name><url>http://www.amazon.com/The-Immortal-Life-Henrietta-Lacks/dp/1400052181?tag=NYTBS-20</url></buy_link></buy_links></book><book><rank>18</rank><rank_last_week>0</rank_last_week><weeks_on_list>0</weeks_on_list><asterisk>0</asterisk><dagger>0</dagger><primary_isbn10>0307959759</primary_isbn10><primary_isbn13>9780307959751</primary_isbn13><publisher>Knopf Doubleday Publishing</publisher><description>The former president argues that cooperation between the private sector and government is necessary to restore prosperity.</description><price>0</price><title>BACK TO WORK</title><author>Bill Clinton</author><contributor>by Bill Clinton</contributor><contributor_note></contributor_note><book_image>https://s1.nyt.com/du/books/images/9780307959751.jpg</book_image><book_image_width>330</book_image_width><book_image_height>491</book_image_height><amazon_product_url>http://www.amazon.com/Back-Work-Government-Strong-Economy-ebook/dp/B005P2A8NM?tag=NYTBS-20</amazon_product_url><age_group></age_group><book_review_link>https://www.nytimes.com/2011/11/08/books/back-to-work-has-bill-clintons-ideas-for-america-review.html</book_review_link><first_chapter_link></first_chapter_link><sunday_review_link>https://www.nytimes.com/2011/12/11/books/review/back-to-work-why-we-need-smart-government-for-a-strong-economy-by-bill-clinton-book-review.html</sunday_review_link><article_chapter_link></article_chapter_link><isbns><isbn><isbn10>0307959759</isbn10><isbn13>9780307959751</isbn13></isbn><isbn><isbn10>0307959767</isbn10><isbn13>9780307959768</isbn13></isbn><isbn><isbn10>0307990699</isbn10><isbn13>9780307990693</isbn13></isbn><isbn><isbn10>0307990737</isbn10><isbn13>9780307990730</isbn13></isbn></isbns><buy_links><buy_link><name>Local Booksellers</name><url>http://www.indiebound.org/book/9780307959751?aff=NYT</url></buy_link><buy_link><name>Barnes and Noble</name><url>http://www.anrdoezrs.net/click-7990613-11819508?url=http%3A%2F%2Fwww.barnesandnoble.com%2Fw%2F%3Fean%3D9780307959751</url></buy_link><buy_link><name>Amazon</name><url>http://www.amazon.com/Back-Work-Government-Strong-Economy-ebook/dp/B005P2A8NM?tag=NYTBS-20</url></buy_link></buy_links></book><book><rank>19</rank><rank_last_week>0</rank_last_week><weeks_on_list>0</weeks_on_list><asterisk>0</asterisk><dagger>0</dagger><primary_isbn10>0399158413</primary_isbn10><primary_isbn13>9780399158414</primary_isbn13><publisher>Penguin Group</publisher><description>Humorous observations on politics and life.</description><price>0</price><title>NEW NEW RULES</title><author>Maher Bill</author><contributor>by Maher Bill</contributor><contributor_note></contributor_note><book_image>https://s1.nyt.com/du/books/images/9780399158414.jpg</book_image><book_image_width>328</book_image_width><book_image_height>495</book_image_height><amazon_product_url>http://www.amazon.com/The-New-Rules-Funny-Everybody-ebook/dp/B005HN209E?tag=NYTBS-20</amazon_product_url><age_group></age_group><book_review_link></book_review_link><first_chapter_link></first_chapter_link><sunday_review_link></sunday_review_link><article_chapter_link></article_chapter_link><isbns><isbn><isbn10>0399158413</isbn10><isbn13>9780399158414</isbn13></isbn></isbns><buy_links><buy_link><name>Local Booksellers</name><url>http://www.indiebound.org/book/9780399158414?aff=NYT</url></buy_link><buy_link><name>Barnes and Noble</name><url>http://www.anrdoezrs.net/click-7990613-11819508?url=http%3A%2F%2Fwww.barnesandnoble.com%2Fw%2F%3Fean%3D9780399158414</url></buy_link><buy_link><name>Amazon</name><url>http://www.amazon.com/The-New-Rules-Funny-Everybody-ebook/dp/B005HN209E?tag=NYTBS-20</url></buy_link></buy_links></book><book><rank>20</rank><rank_last_week>0</rank_last_week><weeks_on_list>0</weeks_on_list><asterisk>0</asterisk><dagger>0</dagger><primary_isbn10>1400064589</primary_isbn10><primary_isbn13>9781400064588</primary_isbn13><publisher>Random House Publishing</publisher><description>How to revitalize the promise of the American dream, based on stories of Americans who are making a difference.</description><price>0</price><title>THE TIME OF OUR LIVES</title><author>Tom Brokaw</author><contributor>by Tom Brokaw</contributor><contributor_note></contributor_note><book_image>https://s1.nyt.com/du/books/images/9781400064588.jpg</book_image><book_image_width>297</book_image_width><book_image_height>450</book_image_height><amazon_product_url>http://www.amazon.com/The-Time-Our-Lives-conversation/dp/1400064589?tag=NYTBS-20</amazon_product_url><age_group></age_group><book_review_link></book_review_link><first_chapter_link></first_chapter_link><sunday_review_link></sunday_review_link><article_chapter_link></article_chapter_link><isbns><isbn><isbn10>1400064589</isbn10><isbn13>9781400064588</isbn13></isbn><isbn><isbn10>0679643923</isbn10><isbn13>9780679643920</isbn13></isbn></isbns><buy_links><buy_link><name>Local Booksellers</name><url>http://www.indiebound.org/book/9781400064588?aff=NYT</url></buy_link><buy_link><name>Barnes and Noble</name><url>http://www.anrdoezrs.net/click-7990613-11819508?url=http%3A%2F%2Fwww.barnesandnoble.com%2Fw%2F%3Fean%3D9781400064588</url></buy_link><buy_link><name>Amazon</name><url>http://www.amazon.com/The-Time-Our-Lives-conversation/dp/1400064589?tag=NYTBS-20</url></buy_link></buy_links></book></books><corrections/></results></result_set>
