<?xml version="1.0" encoding="UTF-8"?>
<result_set><status>OK</status><copyright>Copyright (c) 2018 The New York Times Company.  All Rights Reserved.</copyright><num_results>35</num_results><last_modified>2016-04-28T15:03:27-04:00</last_modified><results><list_name>Combined Print and E-Book Nonfiction</list_name><list_name_encoded>combined-print-and-e-book-nonfiction</list_name_encoded><bestsellers_date>2013-03-02</bestsellers_date><published_date>2013-03-17</published_date><published_date_description></published_date_description><next_published_date>2013-03-24</next_published_date><previous_published_date>2013-03-10</previous_published_date><display_name><![CDATA[Combined Print & E-Book Nonfiction]]></display_name><normal_list_ends_at>15</normal_list_ends_at><updated>WEEKLY</updated><books><book><rank>1</rank><rank_last_week>3</rank_last_week><weeks_on_list>3</weeks_on_list><asterisk>0</asterisk><dagger>0</dagger><primary_isbn10>0310330912</primary_isbn10><primary_isbn13>9780310330912</primary_isbn13><publisher>Zondervan</publisher><description>A doctor explores what makes America great.</description><price>0</price><title>AMERICA THE BEAUTIFUL</title><author>Ben C Carson and Candy Carson</author><contributor>by Ben C. Carson and Candy Carson</contributor><contributor_note></contributor_note><book_image>https://s1.nyt.com/du/books/images/9780310330714.jpg</book_image><book_image_width>300</book_image_width><book_image_height>449</book_image_height><amazon_product_url>http://www.amazon.com/America-Beautiful-Rediscovering-Nation-Great/dp/0310330718?tag=NYTBS-20</amazon_product_url><age_group></age_group><book_review_link></book_review_link><first_chapter_link></first_chapter_link><sunday_review_link></sunday_review_link><article_chapter_link></article_chapter_link><isbns><isbn><isbn10>0310330718</isbn10><isbn13>9780310330714</isbn13></isbn><isbn><isbn10>0310330912</isbn10><isbn13>9780310330912</isbn13></isbn><isbn><isbn10>0310417341</isbn10><isbn13>9780310417347</isbn13></isbn></isbns><buy_links><buy_link><name>Local Booksellers</name><url>http://www.indiebound.org/book/9780310330912?aff=NYT</url></buy_link><buy_link><name>Barnes and Noble</name><url>http://www.anrdoezrs.net/click-7990613-11819508?url=http%3A%2F%2Fwww.barnesandnoble.com%2Fw%2F%3Fean%3D9780310330912</url></buy_link><buy_link><name>Amazon</name><url>http://www.amazon.com/America-Beautiful-Rediscovering-Nation-Great/dp/0310330718?tag=NYTBS-20</url></buy_link></buy_links></book><book><rank>2</rank><rank_last_week>1</rank_last_week><weeks_on_list>22</weeks_on_list><asterisk>0</asterisk><dagger>0</dagger><primary_isbn10>0062238868</primary_isbn10><primary_isbn13>9780062238863</primary_isbn13><publisher>HarperCollins Publishers</publisher><description>A member of the Navy SEALs, recently shot to death in Texas, discusses his battlefield experiences.</description><price>0</price><title>AMERICAN SNIPER</title><author>Chris Kyle with Scott McEwen and Jim DeFelice</author><contributor>by Chris Kyle with Scott McEwen and Jim DeFelice</contributor><contributor_note></contributor_note><book_image>https://s1.nyt.com/du/books/images/9780062082374.jpg</book_image><book_image_width>328</book_image_width><book_image_height>495</book_image_height><amazon_product_url>http://www.amazon.com/American-Sniper-Autobiography-Military-History/dp/0062238868?tag=NYTBS-20</amazon_product_url><age_group></age_group><book_review_link></book_review_link><first_chapter_link></first_chapter_link><sunday_review_link></sunday_review_link><article_chapter_link></article_chapter_link><isbns><isbn><isbn10>0062082353</isbn10><isbn13>9780062082350</isbn13></isbn><isbn><isbn10>006208237X</isbn10><isbn13>9780062082374</isbn13></isbn><isbn><isbn10>0062209493</isbn10><isbn13>9780062209498</isbn13></isbn><isbn><isbn10>0062107062</isbn10><isbn13>9780062107060</isbn13></isbn><isbn><isbn10>0062238868</isbn10><isbn13>9780062238863</isbn13></isbn><isbn><isbn10>0062290797</isbn10><isbn13>9780062290793</isbn13></isbn><isbn><isbn10>0062376578</isbn10><isbn13>9780062376572</isbn13></isbn><isbn><isbn10>0062376330</isbn10><isbn13>9780062376336</isbn13></isbn><isbn><isbn10>0062297872</isbn10><isbn13>9780062297877</isbn13></isbn><isbn><isbn10>0062082361</isbn10><isbn13>9780062082367</isbn13></isbn></isbns><buy_links><buy_link><name>Local Booksellers</name><url>http://www.indiebound.org/book/9780062238863?aff=NYT</url></buy_link><buy_link><name>Barnes and Noble</name><url>http://www.anrdoezrs.net/click-7990613-11819508?url=http%3A%2F%2Fwww.barnesandnoble.com%2Fw%2F%3Fean%3D9780062238863</url></buy_link><buy_link><name>Amazon</name><url>http://www.amazon.com/American-Sniper-Autobiography-Military-History/dp/0062238868?tag=NYTBS-20</url></buy_link></buy_links></book><book><rank>3</rank><rank_last_week>2</rank_last_week><weeks_on_list>19</weeks_on_list><asterisk>0</asterisk><dagger>0</dagger><primary_isbn10>1451695195</primary_isbn10><primary_isbn13>9781451695199</primary_isbn13><publisher><![CDATA[Simon & Schuster]]></publisher><description>A neurosurgeon recounts his near death experience during a coma from bacterial meningitis.</description><price>0</price><title>PROOF OF HEAVEN</title><author>Eben Alexander</author><contributor>by Eben Alexander</contributor><contributor_note></contributor_note><book_image>https://s1.nyt.com/du/books/images/9781451695199.jpg</book_image><book_image_width>300</book_image_width><book_image_height>300</book_image_height><amazon_product_url>http://www.amazon.com/Proof-Heaven-Neurosurgeons-Journey-Afterlife/dp/1451695195?tag=NYTBS-20</amazon_product_url><age_group></age_group><book_review_link></book_review_link><first_chapter_link></first_chapter_link><sunday_review_link></sunday_review_link><article_chapter_link></article_chapter_link><isbns><isbn><isbn10>1451695187</isbn10><isbn13>9781451695182</isbn13></isbn><isbn><isbn10>1451695195</isbn10><isbn13>9781451695199</isbn13></isbn><isbn><isbn10>1451695209</isbn10><isbn13>9781451695205</isbn13></isbn><isbn><isbn10>1476753024</isbn10><isbn13>9781476753027</isbn13></isbn><isbn><isbn10>1442359315</isbn10><isbn13>9781442359314</isbn13></isbn><isbn><isbn10>1410458806</isbn10><isbn13>9781410458803</isbn13></isbn></isbns><buy_links><buy_link><name>Local Booksellers</name><url>http://www.indiebound.org/book/9781451695199?aff=NYT</url></buy_link><buy_link><name>Barnes and Noble</name><url>http://www.anrdoezrs.net/click-7990613-11819508?url=http%3A%2F%2Fwww.barnesandnoble.com%2Fw%2F%3Fean%3D9781451695199</url></buy_link><buy_link><name>Amazon</name><url>http://www.amazon.com/Proof-Heaven-Neurosurgeons-Journey-Afterlife/dp/1451695195?tag=NYTBS-20</url></buy_link></buy_links></book><book><rank>4</rank><rank_last_week>11</rank_last_week><weeks_on_list>26</weeks_on_list><asterisk>0</asterisk><dagger>0</dagger><primary_isbn10>0525953728</primary_isbn10><primary_isbn13>9780525953722</primary_isbn13><publisher>Penguin Group</publisher><description>An account of the mission that killed Osama bin Laden, by a former member of the Navy SEALs.</description><price>0</price><title>NO EASY DAY</title><author>Mark Owen with Kevin Maurer</author><contributor>by Mark Owen with Kevin Maurer</contributor><contributor_note></contributor_note><book_image>https://s1.nyt.com/du/books/images/9781101611302.jpg</book_image><book_image_width>330</book_image_width><book_image_height>490</book_image_height><amazon_product_url>http://www.amazon.com/No-Easy-Day-Firsthand-Account/dp/0451468740?tag=NYTBS-20</amazon_product_url><age_group></age_group><book_review_link>https://www.nytimes.com/2012/09/03/books/no-easy-day-by-mark-owen-with-kevin-maurer.html</book_review_link><first_chapter_link></first_chapter_link><sunday_review_link>https://www.nytimes.com/2012/10/21/books/review/no-easy-day-by-mark-owen.html</sunday_review_link><article_chapter_link></article_chapter_link><isbns><isbn><isbn10>0525953728</isbn10><isbn13>9780525953722</isbn13></isbn><isbn><isbn10>1611761565</isbn10><isbn13>9781611761566</isbn13></isbn><isbn><isbn10>0451468740</isbn10><isbn13>9780451468741</isbn13></isbn></isbns><buy_links><buy_link><name>Local Booksellers</name><url>http://www.indiebound.org/book/9780525953722?aff=NYT</url></buy_link><buy_link><name>Barnes and Noble</name><url>http://www.anrdoezrs.net/click-7990613-11819508?url=http%3A%2F%2Fwww.barnesandnoble.com%2Fw%2F%3Fean%3D9780525953722</url></buy_link><buy_link><name>Amazon</name><url>http://www.amazon.com/No-Easy-Day-Firsthand-Account/dp/0451468740?tag=NYTBS-20</url></buy_link></buy_links></book><book><rank>5</rank><rank_last_week>0</rank_last_week><weeks_on_list>1</weeks_on_list><asterisk>0</asterisk><dagger>0</dagger><primary_isbn10>1400069807</primary_isbn10><primary_isbn13>9781400069804</primary_isbn13><publisher>Random House Publishing</publisher><description>A New York Times reporter reveals how food companies encourage us to consume more of their products.</description><price>0</price><title>SALT SUGAR FAT</title><author>Michael Moss</author><contributor>by Michael Moss</contributor><contributor_note></contributor_note><book_image>https://s1.nyt.com/du/books/images/9780679604778.jpg</book_image><book_image_width>128</book_image_width><book_image_height>192</book_image_height><amazon_product_url>http://www.amazon.com/Salt-Sugar-Fat-Giants-Hooked-ebook/dp/B00985E3UG?tag=NYTBS-20</amazon_product_url><age_group></age_group><book_review_link>https://www.nytimes.com/2013/03/18/books/salt-sugar-fat-by-michael-moss.html</book_review_link><first_chapter_link></first_chapter_link><sunday_review_link>https://www.nytimes.com/2013/03/17/books/review/salt-sugar-fat-by-michael-moss.html</sunday_review_link><article_chapter_link></article_chapter_link><isbns><isbn><isbn10>1400069807</isbn10><isbn13>9781400069804</isbn13></isbn><isbn><isbn10>0449808696</isbn10><isbn13>9780449808696</isbn13></isbn><isbn><isbn10>0812982193</isbn10><isbn13>9780812982190</isbn13></isbn></isbns><buy_links><buy_link><name>Local Booksellers</name><url>http://www.indiebound.org/book/9781400069804?aff=NYT</url></buy_link><buy_link><name>Barnes and Noble</name><url>http://www.anrdoezrs.net/click-7990613-11819508?url=http%3A%2F%2Fwww.barnesandnoble.com%2Fw%2F%3Fean%3D9781400069804</url></buy_link><buy_link><name>Amazon</name><url>http://www.amazon.com/Salt-Sugar-Fat-Giants-Hooked-ebook/dp/B00985E3UG?tag=NYTBS-20</url></buy_link></buy_links></book><book><rank>6</rank><rank_last_week>5</rank_last_week><weeks_on_list>22</weeks_on_list><asterisk>0</asterisk><dagger>0</dagger><primary_isbn10>0805096663</primary_isbn10><primary_isbn13>9780805096668</primary_isbn13><publisher><![CDATA[Henry Holt & Company]]></publisher><description>The host of “The O’Reilly Factor” recounts the assassination of John F. Kennedy.</description><price>0</price><title>KILLING KENNEDY</title><author>Bill O'Reilly and Martin Dugard</author><contributor>by Bill O'Reilly and Martin Dugard</contributor><contributor_note></contributor_note><book_image>https://s1.nyt.com/du/books/images/9780805096668.jpg</book_image><book_image_width>327</book_image_width><book_image_height>495</book_image_height><amazon_product_url>http://www.amazon.com/Killing-Kennedy-The-End-Camelot-ebook/dp/B0079886DY?tag=NYTBS-20</amazon_product_url><age_group></age_group><book_review_link></book_review_link><first_chapter_link></first_chapter_link><sunday_review_link></sunday_review_link><article_chapter_link></article_chapter_link><isbns><isbn><isbn10>0805096663</isbn10><isbn13>9780805096668</isbn13></isbn><isbn><isbn10>0805096671</isbn10><isbn13>9780805096675</isbn13></isbn><isbn><isbn10>1427226849</isbn10><isbn13>9781427226846</isbn13></isbn><isbn><isbn10>1410452964</isbn10><isbn13>9781410452962</isbn13></isbn><isbn><isbn10>1250092337</isbn10><isbn13>9781250092335</isbn13></isbn></isbns><buy_links><buy_link><name>Local Booksellers</name><url>http://www.indiebound.org/book/9780805096668?aff=NYT</url></buy_link><buy_link><name>Barnes and Noble</name><url>http://www.anrdoezrs.net/click-7990613-11819508?url=http%3A%2F%2Fwww.barnesandnoble.com%2Fw%2F%3Fean%3D9780805096668</url></buy_link><buy_link><name>Amazon</name><url>http://www.amazon.com/Killing-Kennedy-The-End-Camelot-ebook/dp/B0079886DY?tag=NYTBS-20</url></buy_link></buy_links></book><book><rank>7</rank><rank_last_week>4</rank_last_week><weeks_on_list>3</weeks_on_list><asterisk>0</asterisk><dagger>0</dagger><primary_isbn10>None</primary_isbn10><primary_isbn13>9781476707648</primary_isbn13><publisher>Gallery Books</publisher><description>One of the “Real Housewives of Beverly Hills” describes her adventures.</description><price>0</price><title>DRINKING AND TWEETING</title><author>Brandi Glanville with Leslie Bruce</author><contributor>by Brandi Glanville with Leslie Bruce</contributor><contributor_note></contributor_note><book_image>https://s1.nyt.com/du/books/images/9781476707648.jpg</book_image><book_image_width>128</book_image_width><book_image_height>195</book_image_height><amazon_product_url>http://www.amazon.com/Drinking-Tweeting-Other-Brandi-Blunders-ebook/dp/B00A6CCEDS?tag=NYTBS-20</amazon_product_url><age_group></age_group><book_review_link></book_review_link><first_chapter_link></first_chapter_link><sunday_review_link></sunday_review_link><article_chapter_link></article_chapter_link><isbns><isbn><isbn10>1476707626</isbn10><isbn13>9781476707624</isbn13></isbn></isbns><buy_links><buy_link><name>Local Booksellers</name><url>http://www.indiebound.org/book/9781476707648?aff=NYT</url></buy_link><buy_link><name>Barnes and Noble</name><url>http://www.anrdoezrs.net/click-7990613-11819508?url=http%3A%2F%2Fwww.barnesandnoble.com%2Fw%2F%3Fean%3D9781476707648</url></buy_link><buy_link><name>Amazon</name><url>http://www.amazon.com/Drinking-Tweeting-Other-Brandi-Blunders-ebook/dp/B00A6CCEDS?tag=NYTBS-20</url></buy_link></buy_links></book><book><rank>8</rank><rank_last_week>9</rank_last_week><weeks_on_list>15</weeks_on_list><asterisk>0</asterisk><dagger>0</dagger><primary_isbn10>0307352153</primary_isbn10><primary_isbn13>9780307352156</primary_isbn13><publisher>Crown Publishing</publisher><description>Introverts — one-third of the population — are undervalued in American society.</description><price>0</price><title>QUIET</title><author>Susan Cain</author><contributor>by Susan Cain</contributor><contributor_note></contributor_note><book_image>https://s1.nyt.com/du/books/images/9780307452207.jpg</book_image><book_image_width>329</book_image_width><book_image_height>495</book_image_height><amazon_product_url>http://www.amazon.com/Quiet-Power-Introverts-World-Talking-ebook/dp/B004J4WNL2?tag=NYTBS-20</amazon_product_url><age_group></age_group><book_review_link></book_review_link><first_chapter_link></first_chapter_link><sunday_review_link>https://www.nytimes.com/2012/02/12/books/review/susan-cains-quiet-argues-for-the-power-of-introverts.html</sunday_review_link><article_chapter_link></article_chapter_link><isbns><isbn><isbn10>0307352145</isbn10><isbn13>9780307352149</isbn13></isbn><isbn><isbn10>0307452204</isbn10><isbn13>9780307452207</isbn13></isbn><isbn><isbn10>0307352153</isbn10><isbn13>9780307352156</isbn13></isbn><isbn><isbn10>1611734207</isbn10><isbn13>9781611734201</isbn13></isbn><isbn><isbn10>0739341243</isbn10><isbn13>9780739341247</isbn13></isbn><isbn><isbn10>0606320822</isbn10><isbn13>9780606320825</isbn13></isbn></isbns><buy_links><buy_link><name>Local Booksellers</name><url>http://www.indiebound.org/book/9780307352156?aff=NYT</url></buy_link><buy_link><name>Barnes and Noble</name><url>http://www.anrdoezrs.net/click-7990613-11819508?url=http%3A%2F%2Fwww.barnesandnoble.com%2Fw%2F%3Fean%3D9780307352156</url></buy_link><buy_link><name>Amazon</name><url>http://www.amazon.com/Quiet-Power-Introverts-World-Talking-ebook/dp/B004J4WNL2?tag=NYTBS-20</url></buy_link></buy_links></book><book><rank>9</rank><rank_last_week>6</rank_last_week><weeks_on_list>74</weeks_on_list><asterisk>0</asterisk><dagger>0</dagger><primary_isbn10>0805093079</primary_isbn10><primary_isbn13>9780805093070</primary_isbn13><publisher><![CDATA[Henry Holt & Company]]></publisher><description>The host of “The O’Reilly Factor” recounts the assassination of Abraham Lincoln.</description><price>0</price><title>KILLING LINCOLN</title><author>Bill O'Reilly and Martin Dugard</author><contributor>by Bill O'Reilly and Martin Dugard</contributor><contributor_note></contributor_note><book_image>https://s1.nyt.com/du/books/images/9780805093070.jpg</book_image><book_image_width>324</book_image_width><book_image_height>495</book_image_height><amazon_product_url>http://www.amazon.com/Killing-Lincoln-Shocking-Assassination-Changed-ebook/dp/B004ULORYU?tag=NYTBS-20</amazon_product_url><age_group></age_group><book_review_link></book_review_link><first_chapter_link></first_chapter_link><sunday_review_link></sunday_review_link><article_chapter_link></article_chapter_link><isbns><isbn><isbn10>0805093079</isbn10><isbn13>9780805093070</isbn13></isbn><isbn><isbn10>1429996870</isbn10><isbn13>9781429996877</isbn13></isbn><isbn><isbn10>1427213127</isbn10><isbn13>9781427213129</isbn13></isbn><isbn><isbn10>1410443000</isbn10><isbn13>9781410443007</isbn13></isbn><isbn><isbn10>1250012163</isbn10><isbn13>9781250012166</isbn13></isbn><isbn><isbn10>1250105218</isbn10><isbn13>9781250105219</isbn13></isbn></isbns><buy_links><buy_link><name>Local Booksellers</name><url>http://www.indiebound.org/book/9780805093070?aff=NYT</url></buy_link><buy_link><name>Barnes and Noble</name><url>http://www.anrdoezrs.net/click-7990613-11819508?url=http%3A%2F%2Fwww.barnesandnoble.com%2Fw%2F%3Fean%3D9780805093070</url></buy_link><buy_link><name>Amazon</name><url>http://www.amazon.com/Killing-Lincoln-Shocking-Assassination-Changed-ebook/dp/B004ULORYU?tag=NYTBS-20</url></buy_link></buy_links></book><book><rank>10</rank><rank_last_week>8</rank_last_week><weeks_on_list>7</weeks_on_list><asterisk>0</asterisk><dagger>0</dagger><primary_isbn10>0307594882</primary_isbn10><primary_isbn13>9780307594884</primary_isbn13><publisher>Knopf Doubleday Publishing</publisher><description>The Supreme Court justice recalls growing up in the Bronx and other aspects of her early life.  </description><price>0</price><title>MY BELOVED WORLD</title><author>Sonia Sotomayor</author><contributor>by Sonia Sotomayor</contributor><contributor_note></contributor_note><book_image>https://s1.nyt.com/du/books/images/9780307594884.jpg</book_image><book_image_width>330</book_image_width><book_image_height>484</book_image_height><amazon_product_url>http://www.amazon.com/My-Beloved-World-Sonia-Sotomayor-ebook/dp/B00957T7CQ?tag=NYTBS-20</amazon_product_url><age_group></age_group><book_review_link>https://www.nytimes.com/2013/01/22/books/my-beloved-world-a-memoir-by-sonia-sotomayor.html</book_review_link><first_chapter_link></first_chapter_link><sunday_review_link>https://www.nytimes.com/2013/01/20/books/review/my-beloved-world-by-sonia-sotomayor.html</sunday_review_link><article_chapter_link></article_chapter_link><isbns><isbn><isbn10>0307594882</isbn10><isbn13>9780307594884</isbn13></isbn><isbn><isbn10>0307913104</isbn10><isbn13>9780307913104</isbn13></isbn><isbn><isbn10>034580483X</isbn10><isbn13>9780345804839</isbn13></isbn><isbn><isbn10>159413703X</isbn10><isbn13>9781594137037</isbn13></isbn></isbns><buy_links><buy_link><name>Local Booksellers</name><url>http://www.indiebound.org/book/9780307594884?aff=NYT</url></buy_link><buy_link><name>Barnes and Noble</name><url>http://www.anrdoezrs.net/click-7990613-11819508?url=http%3A%2F%2Fwww.barnesandnoble.com%2Fw%2F%3Fean%3D9780307594884</url></buy_link><buy_link><name>Amazon</name><url>http://www.amazon.com/My-Beloved-World-Sonia-Sotomayor-ebook/dp/B00957T7CQ?tag=NYTBS-20</url></buy_link></buy_links></book><book><rank>11</rank><rank_last_week>13</rank_last_week><weeks_on_list>109</weeks_on_list><asterisk>0</asterisk><dagger>0</dagger><primary_isbn10>0679603751</primary_isbn10><primary_isbn13>9780679603757</primary_isbn13><publisher>Random House Publishing</publisher><description>An Olympic runner’s story of survival as a prisoner of the Japanese in World War II.</description><price>0</price><title>UNBROKEN</title><author>Laura Hillenbrand</author><contributor>by Laura Hillenbrand</contributor><contributor_note></contributor_note><book_image>https://s1.nyt.com/du/books/images/9781400064168.jpg</book_image><book_image_width>264</book_image_width><book_image_height>400</book_image_height><amazon_product_url>http://www.amazon.com/Unbroken-World-Survival-Resilience-Redemption/dp/1400064163?tag=NYTBS-20</amazon_product_url><age_group></age_group><book_review_link>https://www.nytimes.com/2010/11/15/books/15book.html</book_review_link><first_chapter_link></first_chapter_link><sunday_review_link>https://www.nytimes.com/2010/11/21/books/review/Margolick-t.html</sunday_review_link><article_chapter_link></article_chapter_link><isbns><isbn><isbn10>1400064163</isbn10><isbn13>9781400064168</isbn13></isbn><isbn><isbn10>0679603751</isbn10><isbn13>9780679603757</isbn13></isbn><isbn><isbn10>0375435018</isbn10><isbn13>9780375435010</isbn13></isbn><isbn><isbn10></isbn10><isbn13></isbn13></isbn><isbn><isbn10>0739319698</isbn10><isbn13>9780739319697</isbn13></isbn><isbn><isbn10>0007378033</isbn10><isbn13>9780007378036</isbn13></isbn><isbn><isbn10>0812974492</isbn10><isbn13>9780812974492</isbn13></isbn><isbn><isbn10>0606355987</isbn10><isbn13>9780606355988</isbn13></isbn><isbn><isbn10>081298711X</isbn10><isbn13>9780812987119</isbn13></isbn><isbn><isbn10>0553397117</isbn10><isbn13>9780553397116</isbn13></isbn><isbn><isbn10>1101912626</isbn10><isbn13>9781101912621</isbn13></isbn><isbn><isbn10>1984818449</isbn10><isbn13>9781984818447</isbn13></isbn><isbn><isbn10>1984837621</isbn10><isbn13>9781984837622</isbn13></isbn></isbns><buy_links><buy_link><name>Local Booksellers</name><url>http://www.indiebound.org/book/9780679603757?aff=NYT</url></buy_link><buy_link><name>Barnes and Noble</name><url>http://www.anrdoezrs.net/click-7990613-11819508?url=http%3A%2F%2Fwww.barnesandnoble.com%2Fw%2F%3Fean%3D9780679603757</url></buy_link><buy_link><name>Amazon</name><url>http://www.amazon.com/Unbroken-World-Survival-Resilience-Redemption/dp/1400064163?tag=NYTBS-20</url></buy_link></buy_links></book><book><rank>12</rank><rank_last_week>0</rank_last_week><weeks_on_list>1</weeks_on_list><asterisk>0</asterisk><dagger>0</dagger><primary_isbn10>None</primary_isbn10><primary_isbn13>9781101601204</primary_isbn13><publisher>Penguin Group</publisher><description>An account of the daring rescue of six Americans from Tehran that inspired the Oscar-winning film; Mendez was the C.I.A. operative played by Ben Affleck.</description><price>0</price><title>ARGO</title><author>Antonio Mendez and Matt Baglio</author><contributor>by Antonio Mendez and Matt Baglio</contributor><contributor_note></contributor_note><book_image>https://s1.nyt.com/du/books/images/9780670026227.jpg</book_image><book_image_width>128</book_image_width><book_image_height>193</book_image_height><amazon_product_url>http://www.amazon.com/Argo-Hollywood-Pulled-Audacious-History/dp/0670026220?tag=NYTBS-20</amazon_product_url><age_group></age_group><book_review_link></book_review_link><first_chapter_link></first_chapter_link><sunday_review_link></sunday_review_link><article_chapter_link></article_chapter_link><isbns><isbn><isbn10>0670026220</isbn10><isbn13>9780670026227</isbn13></isbn><isbn><isbn10>0147509734</isbn10><isbn13>9780147509734</isbn13></isbn></isbns><buy_links><buy_link><name>Local Booksellers</name><url>http://www.indiebound.org/book/9781101601204?aff=NYT</url></buy_link><buy_link><name>Barnes and Noble</name><url>http://www.anrdoezrs.net/click-7990613-11819508?url=http%3A%2F%2Fwww.barnesandnoble.com%2Fw%2F%3Fean%3D9781101601204</url></buy_link><buy_link><name>Amazon</name><url>http://www.amazon.com/Argo-Hollywood-Pulled-Audacious-History/dp/0670026220?tag=NYTBS-20</url></buy_link></buy_links></book><book><rank>13</rank><rank_last_week>7</rank_last_week><weeks_on_list>2</weeks_on_list><asterisk>0</asterisk><dagger>0</dagger><primary_isbn10>1476714789</primary_isbn10><primary_isbn13>9781476714783</primary_isbn13><publisher><![CDATA[Simon & Schuster]]></publisher><description>The music industry executive’s memoir offers an insider’s look at the last fifty years of popular music.</description><price>0</price><title>SOUNDTRACK OF MY LIFE</title><author>Clive Davis with Anthony DeCurtis</author><contributor>by Clive Davis with Anthony DeCurtis</contributor><contributor_note></contributor_note><book_image>https://s1.nyt.com/du/books/images/9781476714806.jpg</book_image><book_image_width>128</book_image_width><book_image_height>193</book_image_height><amazon_product_url>http://www.amazon.com/The-Soundtrack-Life-Clive-Davis-ebook/dp/B009G3RUSC?tag=NYTBS-20</amazon_product_url><age_group></age_group><book_review_link></book_review_link><first_chapter_link></first_chapter_link><sunday_review_link>https://www.nytimes.com/2013/03/17/books/review/the-soundtrack-of-my-life-by-clive-davis.html</sunday_review_link><article_chapter_link></article_chapter_link><isbns><isbn><isbn10>1476714789</isbn10><isbn13>9781476714783</isbn13></isbn><isbn><isbn10>144236209X</isbn10><isbn13>9781442362093</isbn13></isbn></isbns><buy_links><buy_link><name>Local Booksellers</name><url>http://www.indiebound.org/book/9781476714783?aff=NYT</url></buy_link><buy_link><name>Barnes and Noble</name><url>http://www.anrdoezrs.net/click-7990613-11819508?url=http%3A%2F%2Fwww.barnesandnoble.com%2Fw%2F%3Fean%3D9781476714783</url></buy_link><buy_link><name>Amazon</name><url>http://www.amazon.com/The-Soundtrack-Life-Clive-Davis-ebook/dp/B009G3RUSC?tag=NYTBS-20</url></buy_link></buy_links></book><book><rank>14</rank><rank_last_week>0</rank_last_week><weeks_on_list>1</weeks_on_list><asterisk>0</asterisk><dagger>0</dagger><primary_isbn10>0061751944</primary_isbn10><primary_isbn13>9780061751943</primary_isbn13><publisher>HarperCollins Publishers</publisher><description>Selections from the 40th president’s daily White House diaries; originally published in 2007.</description><price>0</price><title>THE REAGAN DIARIES</title><author>Ronald Reagan</author><contributor>by Ronald Reagan</contributor><contributor_note></contributor_note><book_image>https://s1.nyt.com/du/books/images/9780061558337.jpg</book_image><book_image_width>330</book_image_width><book_image_height>495</book_image_height><amazon_product_url>http://www.amazon.com/The-Reagan-Diaries-Ronald/dp/0061558338?tag=NYTBS-20</amazon_product_url><age_group></age_group><book_review_link></book_review_link><first_chapter_link></first_chapter_link><sunday_review_link>https://www.nytimes.com/2007/06/17/books/review/Phillips-t.html</sunday_review_link><article_chapter_link></article_chapter_link><isbns><isbn><isbn10>0061751944</isbn10><isbn13>9780061751943</isbn13></isbn></isbns><buy_links><buy_link><name>Local Booksellers</name><url>http://www.indiebound.org/book/9780061751943?aff=NYT</url></buy_link><buy_link><name>Barnes and Noble</name><url>http://www.anrdoezrs.net/click-7990613-11819508?url=http%3A%2F%2Fwww.barnesandnoble.com%2Fw%2F%3Fean%3D9780061751943</url></buy_link><buy_link><name>Amazon</name><url>http://www.amazon.com/The-Reagan-Diaries-Ronald/dp/0061558338?tag=NYTBS-20</url></buy_link></buy_links></book><book><rank>15</rank><rank_last_week>0</rank_last_week><weeks_on_list>1</weeks_on_list><asterisk>0</asterisk><dagger>0</dagger><primary_isbn10>0393087727</primary_isbn10><primary_isbn13>9780393087727</primary_isbn13><publisher><![CDATA[W. W. Norton & Company]]></publisher><description>The criminal career of the notorious Boston gangster, and the manhunt that led to his capture.</description><price>0</price><title>WHITEY BULGER</title><author>Kevin Cullen and Shelley Murphy</author><contributor>by Kevin Cullen and Shelley Murphy</contributor><contributor_note></contributor_note><book_image>https://s1.nyt.com/du/books/images/9780393240917.jpg</book_image><book_image_width>128</book_image_width><book_image_height>194</book_image_height><amazon_product_url>http://www.amazon.com/Whitey-Bulger-Americas-Gangster-Manhunt-ebook/dp/B00B0WHTJW?tag=NYTBS-20</amazon_product_url><age_group></age_group><book_review_link></book_review_link><first_chapter_link></first_chapter_link><sunday_review_link></sunday_review_link><article_chapter_link></article_chapter_link><isbns><isbn><isbn10>0393087727</isbn10><isbn13>9780393087727</isbn13></isbn></isbns><buy_links><buy_link><name>Local Booksellers</name><url>http://www.indiebound.org/book/9780393087727?aff=NYT</url></buy_link><buy_link><name>Barnes and Noble</name><url>http://www.anrdoezrs.net/click-7990613-11819508?url=http%3A%2F%2Fwww.barnesandnoble.com%2Fw%2F%3Fean%3D9780393087727</url></buy_link><buy_link><name>Amazon</name><url>http://www.amazon.com/Whitey-Bulger-Americas-Gangster-Manhunt-ebook/dp/B00B0WHTJW?tag=NYTBS-20</url></buy_link></buy_links></book><book><rank>16</rank><rank_last_week>0</rank_last_week><weeks_on_list>0</weeks_on_list><asterisk>0</asterisk><dagger>0</dagger><primary_isbn10>1401324797</primary_isbn10><primary_isbn13>9781401324797</primary_isbn13><publisher>Hyperion</publisher><description>An officer in the Navy SEALs describes the training program he runs.</description><price>0</price><title>DAMN FEW</title><author>Rorke Denver and Ellis Henican</author><contributor>by Rorke Denver and Ellis Henican</contributor><contributor_note></contributor_note><book_image>https://s1.nyt.com/du/books/images/9781401304898.jpg</book_image><book_image_width>128</book_image_width><book_image_height>195</book_image_height><amazon_product_url>http://www.amazon.com/Damn-Few-Making-Modern-Warrior/dp/1401324797?tag=NYTBS-20</amazon_product_url><age_group></age_group><book_review_link></book_review_link><first_chapter_link></first_chapter_link><sunday_review_link></sunday_review_link><article_chapter_link></article_chapter_link><isbns><isbn><isbn10>1401324797</isbn10><isbn13>9781401324797</isbn13></isbn></isbns><buy_links><buy_link><name>Local Booksellers</name><url>http://www.indiebound.org/book/9781401324797?aff=NYT</url></buy_link><buy_link><name>Barnes and Noble</name><url>http://www.anrdoezrs.net/click-7990613-11819508?url=http%3A%2F%2Fwww.barnesandnoble.com%2Fw%2F%3Fean%3D9781401324797</url></buy_link><buy_link><name>Amazon</name><url>http://www.amazon.com/Damn-Few-Making-Modern-Warrior/dp/1401324797?tag=NYTBS-20</url></buy_link></buy_links></book><book><rank>17</rank><rank_last_week>0</rank_last_week><weeks_on_list>0</weeks_on_list><asterisk>0</asterisk><dagger>0</dagger><primary_isbn10>None</primary_isbn10><primary_isbn13>9781101606308</primary_isbn13><publisher>Penguin Group</publisher><description>A look behind the scenes at the Vatican, by the (now retired) longtime Rome bureau chief of the Catholic News Service.</description><price>0</price><title>THE VATICAN DIARIES</title><author>John Thavis</author><contributor>by John Thavis</contributor><contributor_note></contributor_note><book_image>https://s1.nyt.com/du/books/images/9781101606308.jpg</book_image><book_image_width>128</book_image_width><book_image_height>193</book_image_height><amazon_product_url>http://www.amazon.com/Vatican-Diaries-Behind-Scenes-Personalities/dp/0670026719?tag=NYTBS-20</amazon_product_url><age_group></age_group><book_review_link></book_review_link><first_chapter_link></first_chapter_link><sunday_review_link></sunday_review_link><article_chapter_link></article_chapter_link><isbns><isbn><isbn10>0670026719</isbn10><isbn13>9780670026715</isbn13></isbn></isbns><buy_links><buy_link><name>Local Booksellers</name><url>http://www.indiebound.org/book/9781101606308?aff=NYT</url></buy_link><buy_link><name>Barnes and Noble</name><url>http://www.anrdoezrs.net/click-7990613-11819508?url=http%3A%2F%2Fwww.barnesandnoble.com%2Fw%2F%3Fean%3D9781101606308</url></buy_link><buy_link><name>Amazon</name><url>http://www.amazon.com/Vatican-Diaries-Behind-Scenes-Personalities/dp/0670026719?tag=NYTBS-20</url></buy_link></buy_links></book><book><rank>18</rank><rank_last_week>0</rank_last_week><weeks_on_list>0</weeks_on_list><asterisk>0</asterisk><dagger>0</dagger><primary_isbn10>0062248499</primary_isbn10><primary_isbn13>9780062248497</primary_isbn13><publisher>HarperCollins Publishers</publisher><description>An account describing how the niece of the Scientology leader David Miscavige left the church at the age of 21. </description><price>0</price><title>BEYOND BELIEF</title><author>Jenna Miscavige Hill with Lisa Pulitzer</author><contributor>by Jenna Miscavige Hill with Lisa Pulitzer</contributor><contributor_note></contributor_note><book_image>https://s1.nyt.com/du/books/images/9780062248497.jpg</book_image><book_image_width>128</book_image_width><book_image_height>190</book_image_height><amazon_product_url>http://www.amazon.com/Beyond-Belief-Secret-Scientology-Harrowing-ebook/dp/B008XOJ7C2?tag=NYTBS-20</amazon_product_url><age_group></age_group><book_review_link></book_review_link><first_chapter_link></first_chapter_link><sunday_review_link></sunday_review_link><article_chapter_link></article_chapter_link><isbns><isbn><isbn10>0062248472</isbn10><isbn13>9780062248473</isbn13></isbn><isbn><isbn10>0062248499</isbn10><isbn13>9780062248497</isbn13></isbn><isbn><isbn10>0062248480</isbn10><isbn13>9780062248480</isbn13></isbn></isbns><buy_links><buy_link><name>Local Booksellers</name><url>http://www.indiebound.org/book/9780062248497?aff=NYT</url></buy_link><buy_link><name>Barnes and Noble</name><url>http://www.anrdoezrs.net/click-7990613-11819508?url=http%3A%2F%2Fwww.barnesandnoble.com%2Fw%2F%3Fean%3D9780062248497</url></buy_link><buy_link><name>Amazon</name><url>http://www.amazon.com/Beyond-Belief-Secret-Scientology-Harrowing-ebook/dp/B008XOJ7C2?tag=NYTBS-20</url></buy_link></buy_links></book><book><rank>19</rank><rank_last_week>0</rank_last_week><weeks_on_list>0</weeks_on_list><asterisk>0</asterisk><dagger>0</dagger><primary_isbn10>0679603859</primary_isbn10><primary_isbn13>9780679603856</primary_isbn13><publisher>Random House Publishing</publisher><description>An examination of the science behind habits. Read by Mike Chamberlain. 10 hours, 57 minutes unabridged.</description><price>0</price><title>THE POWER OF HABIT</title><author>Charles Duhigg</author><contributor>by Charles Duhigg</contributor><contributor_note></contributor_note><book_image>https://s1.nyt.com/du/books/images/9780812981605.jpg</book_image><book_image_width>321</book_image_width><book_image_height>495</book_image_height><amazon_product_url>http://www.amazon.com/The-Power-Habit-What-Business/dp/081298160X?tag=NYTBS-20</amazon_product_url><age_group></age_group><book_review_link></book_review_link><first_chapter_link></first_chapter_link><sunday_review_link>https://www.nytimes.com/2012/03/11/books/review/the-power-of-habit-by-charles-duhigg.html</sunday_review_link><article_chapter_link></article_chapter_link><isbns><isbn><isbn10>1400069289</isbn10><isbn13>9781400069286</isbn13></isbn><isbn><isbn10>0679603859</isbn10><isbn13>9780679603856</isbn13></isbn><isbn><isbn10>030796664X</isbn10><isbn13>9780307966643</isbn13></isbn><isbn><isbn10>1847946240</isbn10><isbn13>9781847946249</isbn13></isbn><isbn><isbn10>081298160X</isbn10><isbn13>9780812981605</isbn13></isbn><isbn><isbn10>152472274X</isbn10><isbn13>9781524722746</isbn13></isbn></isbns><buy_links><buy_link><name>Local Booksellers</name><url>http://www.indiebound.org/book/9780679603856?aff=NYT</url></buy_link><buy_link><name>Barnes and Noble</name><url>http://www.anrdoezrs.net/click-7990613-11819508?url=http%3A%2F%2Fwww.barnesandnoble.com%2Fw%2F%3Fean%3D9780679603856</url></buy_link><buy_link><name>Amazon</name><url>http://www.amazon.com/The-Power-Habit-What-Business/dp/081298160X?tag=NYTBS-20</url></buy_link></buy_links></book><book><rank>20</rank><rank_last_week>0</rank_last_week><weeks_on_list>0</weeks_on_list><asterisk>0</asterisk><dagger>0</dagger><primary_isbn10>1400067553</primary_isbn10><primary_isbn13>9781400067558</primary_isbn13><publisher>Random House Publishing</publisher><description>A journalist reports on families seeking better lives in a Mumbai slum.</description><price>0</price><title>BEHIND THE BEAUTIFUL FOREVERS</title><author>Katherine Boo</author><contributor>by Katherine Boo</contributor><contributor_note></contributor_note><book_image>https://s1.nyt.com/du/books/images/9780812979329.jpg</book_image><book_image_width>321</book_image_width><book_image_height>495</book_image_height><amazon_product_url>http://www.amazon.com/Behind-Beautiful-Forevers-Mumbai-Undercity/dp/081297932X?tag=NYTBS-20</amazon_product_url><age_group></age_group><book_review_link>https://www.nytimes.com/2012/01/31/books/katherine-boos-first-book-behind-the-beautiful-forevers.html</book_review_link><first_chapter_link></first_chapter_link><sunday_review_link>https://www.nytimes.com/2012/02/12/books/review/katherine-boos-behind-the-beautiful-forevers-explores-a-mumbai-slum.html</sunday_review_link><article_chapter_link></article_chapter_link><isbns><isbn><isbn10>1400067553</isbn10><isbn13>9781400067558</isbn13></isbn><isbn><isbn10>0679643958</isbn10><isbn13>9780679643951</isbn13></isbn><isbn><isbn10>0679645500</isbn10><isbn13>9780679645504</isbn13></isbn><isbn><isbn10>0307934055</isbn10><isbn13>9780307934055</isbn13></isbn><isbn><isbn10>081297932X</isbn10><isbn13>9780812979329</isbn13></isbn><isbn><isbn10>1594136181</isbn10><isbn13>9781594136184</isbn13></isbn></isbns><buy_links><buy_link><name>Local Booksellers</name><url>http://www.indiebound.org/book/9781400067558?aff=NYT</url></buy_link><buy_link><name>Barnes and Noble</name><url>http://www.anrdoezrs.net/click-7990613-11819508?url=http%3A%2F%2Fwww.barnesandnoble.com%2Fw%2F%3Fean%3D9781400067558</url></buy_link><buy_link><name>Amazon</name><url>http://www.amazon.com/Behind-Beautiful-Forevers-Mumbai-Undercity/dp/081297932X?tag=NYTBS-20</url></buy_link></buy_links></book></books><corrections/></results></result_set>
