<?xml version="1.0" encoding="UTF-8"?>
<result_set><status>OK</status><copyright>Copyright (c) 2018 The New York Times Company.  All Rights Reserved.</copyright><num_results>35</num_results><last_modified>2016-04-28T15:03:27-04:00</last_modified><results><list_name>Combined Print and E-Book Nonfiction</list_name><list_name_encoded>combined-print-and-e-book-nonfiction</list_name_encoded><bestsellers_date>2012-04-14</bestsellers_date><published_date>2012-04-29</published_date><published_date_description></published_date_description><next_published_date>2012-05-06</next_published_date><previous_published_date>2012-04-22</previous_published_date><display_name><![CDATA[Combined Print & E-Book Nonfiction]]></display_name><normal_list_ends_at>15</normal_list_ends_at><updated>WEEKLY</updated><books><book><rank>1</rank><rank_last_week>0</rank_last_week><weeks_on_list>1</weeks_on_list><asterisk>0</asterisk><dagger>0</dagger><primary_isbn10>1453246479</primary_isbn10><primary_isbn13>9781453246474</primary_isbn13><publisher>Open Road Integrated Media</publisher><description>This reissue of Lord’s classic 1955 you-are-there account of the Titanic’s sinking includes an introduction by Nathaniel Philbrick.</description><price>0</price><title>A NIGHT TO REMEMBER</title><author>Walter Lord</author><contributor>by Walter Lord</contributor><contributor_note></contributor_note><book_image>https://s1.nyt.com/du/books/images/9781453246474.jpg</book_image><book_image_width>128</book_image_width><book_image_height>192</book_image_height><amazon_product_url>http://www.amazon.com/A-Night-Remember-Walter-Lord-ebook/dp/B0078X73B6?tag=NYTBS-20</amazon_product_url><age_group></age_group><book_review_link></book_review_link><first_chapter_link></first_chapter_link><sunday_review_link></sunday_review_link><article_chapter_link></article_chapter_link><isbns><isbn><isbn10>1453246479</isbn10><isbn13>9781453246474</isbn13></isbn><isbn><isbn10>1453238417</isbn10><isbn13>9781453238417</isbn13></isbn><isbn><isbn10>0805077642</isbn10><isbn13>9780805077643</isbn13></isbn></isbns><buy_links><buy_link><name>Local Booksellers</name><url>http://www.indiebound.org/book/9781453246474?aff=NYT</url></buy_link><buy_link><name>Barnes and Noble</name><url>http://www.anrdoezrs.net/click-7990613-11819508?url=http%3A%2F%2Fwww.barnesandnoble.com%2Fw%2F%3Fean%3D9781453246474</url></buy_link><buy_link><name>Amazon</name><url>http://www.amazon.com/A-Night-Remember-Walter-Lord-ebook/dp/B0078X73B6?tag=NYTBS-20</url></buy_link></buy_links></book><book><rank>2</rank><rank_last_week>1</rank_last_week><weeks_on_list>3</weeks_on_list><asterisk>0</asterisk><dagger>0</dagger><primary_isbn10>0307460983</primary_isbn10><primary_isbn13>9780307460981</primary_isbn13><publisher>Crown Publishing</publisher><description>America’s path to war has become too easy, with excessive power ceded to the executive branch, the MSNBC host argues.</description><price>0</price><title>DRIFT</title><author>Rachel Maddow</author><contributor>by Rachel Maddow</contributor><contributor_note></contributor_note><book_image>https://s1.nyt.com/du/books/images/9780307461001.jpg</book_image><book_image_width>328</book_image_width><book_image_height>495</book_image_height><amazon_product_url>http://www.amazon.com/Drift-Unmooring-American-Military-Power-ebook/dp/B005BUG6T8?tag=NYTBS-20</amazon_product_url><age_group></age_group><book_review_link>https://www.nytimes.com/2012/03/29/books/drift-by-rachel-maddow-of-msnbc-traces-american-militarism.html</book_review_link><first_chapter_link></first_chapter_link><sunday_review_link>https://www.nytimes.com/2012/04/15/books/review/drift-by-rachel-maddow.html</sunday_review_link><article_chapter_link></article_chapter_link><isbns><isbn><isbn10>0307460983</isbn10><isbn13>9780307460981</isbn13></isbn><isbn><isbn10>0307461009</isbn10><isbn13>9780307461001</isbn13></isbn><isbn><isbn10>0307460991</isbn10><isbn13>9780307460998</isbn13></isbn></isbns><buy_links><buy_link><name>Local Booksellers</name><url>http://www.indiebound.org/book/9780307460981?aff=NYT</url></buy_link><buy_link><name>Barnes and Noble</name><url>http://www.anrdoezrs.net/click-7990613-11819508?url=http%3A%2F%2Fwww.barnesandnoble.com%2Fw%2F%3Fean%3D9780307460981</url></buy_link><buy_link><name>Amazon</name><url>http://www.amazon.com/Drift-Unmooring-American-Military-Power-ebook/dp/B005BUG6T8?tag=NYTBS-20</url></buy_link></buy_links></book><book><rank>3</rank><rank_last_week>3</rank_last_week><weeks_on_list>2</weeks_on_list><asterisk>0</asterisk><dagger>0</dagger><primary_isbn10>1451648472</primary_isbn10><primary_isbn13>9781451648478</primary_isbn13><publisher>Gallery Books</publisher><description>Recollections of the Secret Service agent assigned to guard Jacqueline Kennedy.</description><price>0</price><title>MRS. KENNEDY AND ME</title><author>Clint Hill</author><contributor>by Clint Hill</contributor><contributor_note></contributor_note><book_image>https://s1.nyt.com/du/books/images/9781451648447.jpg</book_image><book_image_width>128</book_image_width><book_image_height>193</book_image_height><amazon_product_url>http://www.amazon.com/Mrs-Kennedy-Me-Intimate-Memoir-ebook/dp/B005GG0M0G?tag=NYTBS-20</amazon_product_url><age_group></age_group><book_review_link></book_review_link><first_chapter_link></first_chapter_link><sunday_review_link></sunday_review_link><article_chapter_link></article_chapter_link><isbns><isbn><isbn10>1451648448</isbn10><isbn13>9781451648447</isbn13></isbn><isbn><isbn10>1451648472</isbn10><isbn13>9781451648478</isbn13></isbn><isbn><isbn10>1451648464</isbn10><isbn13>9781451648461</isbn13></isbn></isbns><buy_links><buy_link><name>Local Booksellers</name><url>http://www.indiebound.org/book/9781451648478?aff=NYT</url></buy_link><buy_link><name>Barnes and Noble</name><url>http://www.anrdoezrs.net/click-7990613-11819508?url=http%3A%2F%2Fwww.barnesandnoble.com%2Fw%2F%3Fean%3D9781451648478</url></buy_link><buy_link><name>Amazon</name><url>http://www.amazon.com/Mrs-Kennedy-Me-Intimate-Memoir-ebook/dp/B005GG0M0G?tag=NYTBS-20</url></buy_link></buy_links></book><book><rank>4</rank><rank_last_week>4</rank_last_week><weeks_on_list>64</weeks_on_list><asterisk>0</asterisk><dagger>0</dagger><primary_isbn10>None</primary_isbn10><primary_isbn13>9780849949203</primary_isbn13><publisher>Thomas Nelson</publisher><description>A father recounts his 3-year-old son’s encounter with Jesus and the angels during an appendectomy.</description><price>0</price><title>HEAVEN IS FOR REAL</title><author>Todd Burpo with Lynn Vincent</author><contributor>by Todd Burpo with Lynn Vincent</contributor><contributor_note></contributor_note><book_image>https://s1.nyt.com/du/books/images/9780849949203.jpg</book_image><book_image_width>309</book_image_width><book_image_height>495</book_image_height><amazon_product_url>http://www.amazon.com/Heaven-Real-Little-Astounding-Story-ebook/dp/B004A90BXS?tag=NYTBS-20</amazon_product_url><age_group></age_group><book_review_link>https://www.nytimes.com/2011/03/12/books/heaven-is-for-real-is-publishing-phenomenon.html</book_review_link><first_chapter_link></first_chapter_link><sunday_review_link></sunday_review_link><article_chapter_link></article_chapter_link><isbns><isbn><isbn10>0849946158</isbn10><isbn13>9780849946158</isbn13></isbn><isbn><isbn10>0849948363</isbn10><isbn13>9780849948367</isbn13></isbn><isbn><isbn10>0849922070</isbn10><isbn13>9780849922077</isbn13></isbn></isbns><buy_links><buy_link><name>Local Booksellers</name><url>http://www.indiebound.org/book/9780849949203?aff=NYT</url></buy_link><buy_link><name>Barnes and Noble</name><url>http://www.anrdoezrs.net/click-7990613-11819508?url=http%3A%2F%2Fwww.barnesandnoble.com%2Fw%2F%3Fean%3D9780849949203</url></buy_link><buy_link><name>Amazon</name><url>http://www.amazon.com/Heaven-Real-Little-Astounding-Story-ebook/dp/B004A90BXS?tag=NYTBS-20</url></buy_link></buy_links></book><book><rank>5</rank><rank_last_week>2</rank_last_week><weeks_on_list>3</weeks_on_list><asterisk>0</asterisk><dagger>0</dagger><primary_isbn10>0307985989</primary_isbn10><primary_isbn13>9780307985989</primary_isbn13><publisher>Crown Publishing</publisher><description>The golf coach’s memoir describes his six eventful years with Tiger Woods.</description><price>0</price><title>THE BIG MISS</title><author>Hank Haney</author><contributor>by Hank Haney</contributor><contributor_note></contributor_note><book_image>https://s1.nyt.com/du/books/images/9780307985989.jpg</book_image><book_image_width>128</book_image_width><book_image_height>194</book_image_height><amazon_product_url>http://www.amazon.com/The-Big-Miss-Years-Coaching-ebook/dp/B006V3E2PE?tag=NYTBS-20</amazon_product_url><age_group></age_group><book_review_link></book_review_link><first_chapter_link></first_chapter_link><sunday_review_link></sunday_review_link><article_chapter_link></article_chapter_link><isbns><isbn><isbn10>0307985989</isbn10><isbn13>9780307985989</isbn13></isbn><isbn><isbn10>0307985997</isbn10><isbn13>9780307985996</isbn13></isbn></isbns><buy_links><buy_link><name>Local Booksellers</name><url>http://www.indiebound.org/book/9780307985989?aff=NYT</url></buy_link><buy_link><name>Barnes and Noble</name><url>http://www.anrdoezrs.net/click-7990613-11819508?url=http%3A%2F%2Fwww.barnesandnoble.com%2Fw%2F%3Fean%3D9780307985989</url></buy_link><buy_link><name>Amazon</name><url>http://www.amazon.com/The-Big-Miss-Years-Coaching-ebook/dp/B006V3E2PE?tag=NYTBS-20</url></buy_link></buy_links></book><book><rank>6</rank><rank_last_week>7</rank_last_week><weeks_on_list>7</weeks_on_list><asterisk>0</asterisk><dagger>0</dagger><primary_isbn10>0679603859</primary_isbn10><primary_isbn13>9780679603856</primary_isbn13><publisher>Random House Publishing</publisher><description>A Times reporter’s account of the science behind how we form, and break, habits.</description><price>0</price><title>THE POWER OF HABIT</title><author>Charles Duhigg</author><contributor>by Charles Duhigg</contributor><contributor_note></contributor_note><book_image>https://s1.nyt.com/du/books/images/9780812981605.jpg</book_image><book_image_width>321</book_image_width><book_image_height>495</book_image_height><amazon_product_url>http://www.amazon.com/The-Power-Habit-What-Business/dp/081298160X?tag=NYTBS-20</amazon_product_url><age_group></age_group><book_review_link></book_review_link><first_chapter_link></first_chapter_link><sunday_review_link>https://www.nytimes.com/2012/03/11/books/review/the-power-of-habit-by-charles-duhigg.html</sunday_review_link><article_chapter_link></article_chapter_link><isbns><isbn><isbn10>1400069289</isbn10><isbn13>9781400069286</isbn13></isbn><isbn><isbn10>0679603859</isbn10><isbn13>9780679603856</isbn13></isbn><isbn><isbn10>030796664X</isbn10><isbn13>9780307966643</isbn13></isbn><isbn><isbn10>1847946240</isbn10><isbn13>9781847946249</isbn13></isbn><isbn><isbn10>081298160X</isbn10><isbn13>9780812981605</isbn13></isbn><isbn><isbn10>152472274X</isbn10><isbn13>9781524722746</isbn13></isbn></isbns><buy_links><buy_link><name>Local Booksellers</name><url>http://www.indiebound.org/book/9780679603856?aff=NYT</url></buy_link><buy_link><name>Barnes and Noble</name><url>http://www.anrdoezrs.net/click-7990613-11819508?url=http%3A%2F%2Fwww.barnesandnoble.com%2Fw%2F%3Fean%3D9780679603856</url></buy_link><buy_link><name>Amazon</name><url>http://www.amazon.com/The-Power-Habit-What-Business/dp/081298160X?tag=NYTBS-20</url></buy_link></buy_links></book><book><rank>7</rank><rank_last_week>6</rank_last_week><weeks_on_list>4</weeks_on_list><asterisk>0</asterisk><dagger>0</dagger><primary_isbn10>0547386079</primary_isbn10><primary_isbn13>9780547386072</primary_isbn13><publisher>Houghton Mifflin Harcourt</publisher><description>An account of the science of creativity argues that it is not a gift but a group of thought processes that can be learned.</description><price>0</price><title>IMAGINE</title><author>Jonah Lehrer</author><contributor>by Jonah Lehrer</contributor><contributor_note></contributor_note><book_image>https://s1.nyt.com/du/books/images/9780547386072.jpg</book_image><book_image_width>128</book_image_width><book_image_height>192</book_image_height><amazon_product_url>http://www.amazon.com/Imagine-Creativity-Works-Jonah-Lehrer/dp/B007QRI1UQ?tag=NYTBS-20</amazon_product_url><age_group></age_group><book_review_link>https://www.nytimes.com/2012/04/03/books/imagine-how-creativity-works-by-jonah-lehrer.html</book_review_link><first_chapter_link></first_chapter_link><sunday_review_link></sunday_review_link><article_chapter_link></article_chapter_link><isbns><isbn><isbn10>0547386079</isbn10><isbn13>9780547386072</isbn13></isbn><isbn><isbn10>0547725833</isbn10><isbn13>9780547725833</isbn13></isbn><isbn><isbn10>1441864458</isbn10><isbn13>9781441864451</isbn13></isbn><isbn><isbn10>1455877220</isbn10><isbn13>9781455877225</isbn13></isbn></isbns><buy_links><buy_link><name>Local Booksellers</name><url>http://www.indiebound.org/book/9780547386072?aff=NYT</url></buy_link><buy_link><name>Barnes and Noble</name><url>http://www.anrdoezrs.net/click-7990613-11819508?url=http%3A%2F%2Fwww.barnesandnoble.com%2Fw%2F%3Fean%3D9780547386072</url></buy_link><buy_link><name>Amazon</name><url>http://www.amazon.com/Imagine-Creativity-Works-Jonah-Lehrer/dp/B007QRI1UQ?tag=NYTBS-20</url></buy_link></buy_links></book><book><rank>8</rank><rank_last_week>0</rank_last_week><weeks_on_list>1</weeks_on_list><asterisk>0</asterisk><dagger>0</dagger><primary_isbn10>1439110158</primary_isbn10><primary_isbn13>9781439110157</primary_isbn13><publisher><![CDATA[Simon & Schuster]]></publisher><description>The author of “The Know-It-All” and “The Year of Living Biblically” samples workouts, diets and gadgets in pursuit of optimal health in every organ.</description><price>0</price><title>DROP DEAD HEALTHY</title><author>A J Jacobs</author><contributor>by A. J. Jacobs</contributor><contributor_note></contributor_note><book_image>https://s1.nyt.com/du/books/images/9781439110157.jpg</book_image><book_image_width>128</book_image_width><book_image_height>193</book_image_height><amazon_product_url>http://www.amazon.com/Drop-Dead-Healthy-Humble-Perfection-ebook/dp/B005GG0N3M?tag=NYTBS-20</amazon_product_url><age_group></age_group><book_review_link>https://www.nytimes.com/2012/04/16/books/in-drop-dead-healthy-a-j-jacobs-gets-relentlessly-fit.html</book_review_link><first_chapter_link></first_chapter_link><sunday_review_link></sunday_review_link><article_chapter_link></article_chapter_link><isbns><isbn><isbn10>141659907X</isbn10><isbn13>9781416599074</isbn13></isbn><isbn><isbn10>1439110158</isbn10><isbn13>9781439110157</isbn13></isbn><isbn><isbn10>1416599088</isbn10><isbn13>9781416599081</isbn13></isbn></isbns><buy_links><buy_link><name>Local Booksellers</name><url>http://www.indiebound.org/book/9781439110157?aff=NYT</url></buy_link><buy_link><name>Barnes and Noble</name><url>http://www.anrdoezrs.net/click-7990613-11819508?url=http%3A%2F%2Fwww.barnesandnoble.com%2Fw%2F%3Fean%3D9781439110157</url></buy_link><buy_link><name>Amazon</name><url>http://www.amazon.com/Drop-Dead-Healthy-Humble-Perfection-ebook/dp/B005GG0N3M?tag=NYTBS-20</url></buy_link></buy_links></book><book><rank>9</rank><rank_last_week>8</rank_last_week><weeks_on_list>25</weeks_on_list><asterisk>0</asterisk><dagger>0</dagger><primary_isbn10>1451648553</primary_isbn10><primary_isbn13>9781451648553</primary_isbn13><publisher><![CDATA[Simon & Schuster]]></publisher><description>A biography of the recently deceased entrepreneur, based on 40 interviews with Jobs conducted over two years.</description><price>0</price><title>STEVE JOBS</title><author>Walter Isaacson</author><contributor>by Walter Isaacson</contributor><contributor_note></contributor_note><book_image>https://s1.nyt.com/du/books/images/9781451648553.jpg</book_image><book_image_width>325</book_image_width><book_image_height>495</book_image_height><amazon_product_url>http://www.amazon.com/Steve-Jobs-Walter-Isaacson-ebook/dp/B004W2UBYW?tag=NYTBS-20</amazon_product_url><age_group></age_group><book_review_link>https://www.nytimes.com/2011/10/22/books/steve-jobs-by-walter-isaacson-review.html</book_review_link><first_chapter_link></first_chapter_link><sunday_review_link></sunday_review_link><article_chapter_link></article_chapter_link><isbns><isbn><isbn10>1451648537</isbn10><isbn13>9781451648539</isbn13></isbn><isbn><isbn10>1451648553</isbn10><isbn13>9781451648553</isbn13></isbn><isbn><isbn10>1442346272</isbn10><isbn13>9781442346277</isbn13></isbn><isbn><isbn10>1442346949</isbn10><isbn13>9781442346949</isbn13></isbn><isbn><isbn10>1410445224</isbn10><isbn13>9781410445223</isbn13></isbn><isbn><isbn10>030795028X</isbn10><isbn13>9780307950284</isbn13></isbn><isbn><isbn10>1408703742</isbn10><isbn13>9781408703748</isbn13></isbn><isbn><isbn10>1451648545</isbn10><isbn13>9781451648546</isbn13></isbn><isbn><isbn10>1594136793</isbn10><isbn13>9781594136795</isbn13></isbn></isbns><buy_links><buy_link><name>Local Booksellers</name><url>http://www.indiebound.org/book/9781451648553?aff=NYT</url></buy_link><buy_link><name>Barnes and Noble</name><url>http://www.anrdoezrs.net/click-7990613-11819508?url=http%3A%2F%2Fwww.barnesandnoble.com%2Fw%2F%3Fean%3D9781451648553</url></buy_link><buy_link><name>Amazon</name><url>http://www.amazon.com/Steve-Jobs-Walter-Isaacson-ebook/dp/B004W2UBYW?tag=NYTBS-20</url></buy_link></buy_links></book><book><rank>10</rank><rank_last_week>0</rank_last_week><weeks_on_list>1</weeks_on_list><asterisk>0</asterisk><dagger>0</dagger><primary_isbn10>None</primary_isbn10><primary_isbn13>A00B007LBD71A</primary_isbn13><publisher>Byliner</publisher><description>Stories of the passengers in the Titanic’s lifeboat No. 8, one of the first to leave the sinking ship.</description><price>0</price><title>LIFEBOAT NO. 8</title><author>Elizabeth Kaye</author><contributor>by Elizabeth Kaye</contributor><contributor_note></contributor_note><book_image></book_image><book_image_width></book_image_width><book_image_height></book_image_height><amazon_product_url></amazon_product_url><age_group></age_group><book_review_link></book_review_link><first_chapter_link></first_chapter_link><sunday_review_link></sunday_review_link><article_chapter_link></article_chapter_link><isbns/><buy_links><buy_link><name>Local Booksellers</name><url><![CDATA[http://www.indiebound.org/search/book?searchfor=LIFEBOAT+NO.+8+Elizabeth+Kaye&aff=NYT]]></url></buy_link><buy_link><name>Barnes and Noble</name><url>http://www.anrdoezrs.net/click-7990613-11819508?url=http%3A%2F%2Fwww.barnesandnoble.com%2Fs%2FLIFEBOAT+NO.+8+Elizabeth+Kaye</url></buy_link><buy_link><name>Amazon</name><url><![CDATA[https://www.amazon.com/gp/search?index=books&tag=NYTBS-20&field-keywords=LIFEBOAT+NO.+8+Elizabeth+Kaye]]></url></buy_link></buy_links></book><book><rank>11</rank><rank_last_week>0</rank_last_week><weeks_on_list>1</weeks_on_list><asterisk>0</asterisk><dagger>0</dagger><primary_isbn10>1455512613</primary_isbn10><primary_isbn13>9781455512614</primary_isbn13><publisher>Grand Central Publishing</publisher><description>A memoir by the songwriter, singer and activist.</description><price>0</price><title>A NATURAL WOMAN</title><author>Carole King</author><contributor>by Carole King</contributor><contributor_note></contributor_note><book_image>https://s1.nyt.com/du/books/images/9781455512614.jpg</book_image><book_image_width>128</book_image_width><book_image_height>193</book_image_height><amazon_product_url>http://www.amazon.com/A-Natural-Woman-Memoir/dp/1455512613?tag=NYTBS-20</amazon_product_url><age_group></age_group><book_review_link></book_review_link><first_chapter_link></first_chapter_link><sunday_review_link></sunday_review_link><article_chapter_link></article_chapter_link><isbns><isbn><isbn10>1455512613</isbn10><isbn13>9781455512614</isbn13></isbn><isbn><isbn10>1455515477</isbn10><isbn13>9781455515479</isbn13></isbn><isbn><isbn10>1455512591</isbn10><isbn13>9781455512591</isbn13></isbn><isbn><isbn10>1455513652</isbn10><isbn13>9781455513659</isbn13></isbn></isbns><buy_links><buy_link><name>Local Booksellers</name><url>http://www.indiebound.org/book/9781455512614?aff=NYT</url></buy_link><buy_link><name>Barnes and Noble</name><url>http://www.anrdoezrs.net/click-7990613-11819508?url=http%3A%2F%2Fwww.barnesandnoble.com%2Fw%2F%3Fean%3D9781455512614</url></buy_link><buy_link><name>Amazon</name><url>http://www.amazon.com/A-Natural-Woman-Memoir/dp/1455512613?tag=NYTBS-20</url></buy_link></buy_links></book><book><rank>12</rank><rank_last_week>9</rank_last_week><weeks_on_list>4</weeks_on_list><asterisk>0</asterisk><dagger>0</dagger><primary_isbn10>0307592731</primary_isbn10><primary_isbn13>9780307592736</primary_isbn13><publisher>Knopf Doubleday Publishing</publisher><description>A woman’s account of a life-changing 1,100-mile hike along the Pacific Crest Trail.</description><price>0</price><title>WILD</title><author>Cheryl Strayed</author><contributor>by Cheryl Strayed</contributor><contributor_note></contributor_note><book_image>https://s1.nyt.com/du/books/images/9780307476074.jpg</book_image><book_image_width>321</book_image_width><book_image_height>495</book_image_height><amazon_product_url>http://www.amazon.com/Wild-Found-Pacific-Crest-Trail/dp/0307476073?tag=NYTBS-20</amazon_product_url><age_group></age_group><book_review_link>https://www.nytimes.com/2012/03/28/books/wild-by-cheryl-strayed-a-walkabout-of-reinvention.html</book_review_link><first_chapter_link></first_chapter_link><sunday_review_link>https://www.nytimes.com/2012/04/01/books/review/wild-a-hiking-memoir-by-cheryl-strayed.html</sunday_review_link><article_chapter_link></article_chapter_link><isbns><isbn><isbn10>0307592731</isbn10><isbn13>9780307592736</isbn13></isbn><isbn><isbn10>0307957659</isbn10><isbn13>9780307957658</isbn13></isbn><isbn><isbn10>0307476073</isbn10><isbn13>9780307476074</isbn13></isbn><isbn><isbn10>1594136742</isbn10><isbn13>9781594136740</isbn13></isbn><isbn><isbn10>0307970299</isbn10><isbn13>9780307970299</isbn13></isbn><isbn><isbn10>1101873442</isbn10><isbn13>9781101873441</isbn13></isbn></isbns><buy_links><buy_link><name>Local Booksellers</name><url>http://www.indiebound.org/book/9780307592736?aff=NYT</url></buy_link><buy_link><name>Barnes and Noble</name><url>http://www.anrdoezrs.net/click-7990613-11819508?url=http%3A%2F%2Fwww.barnesandnoble.com%2Fw%2F%3Fean%3D9780307592736</url></buy_link><buy_link><name>Amazon</name><url>http://www.amazon.com/Wild-Found-Pacific-Crest-Trail/dp/0307476073?tag=NYTBS-20</url></buy_link></buy_links></book><book><rank>13</rank><rank_last_week>10</rank_last_week><weeks_on_list>64</weeks_on_list><asterisk>0</asterisk><dagger>0</dagger><primary_isbn10>0679603751</primary_isbn10><primary_isbn13>9780679603757</primary_isbn13><publisher>Random House Publishing</publisher><description>An Olympic runner’s story of survival as a prisoner of the Japanese in World War II.</description><price>0</price><title>UNBROKEN</title><author>Laura Hillenbrand</author><contributor>by Laura Hillenbrand</contributor><contributor_note></contributor_note><book_image>https://s1.nyt.com/du/books/images/9781400064168.jpg</book_image><book_image_width>264</book_image_width><book_image_height>400</book_image_height><amazon_product_url>http://www.amazon.com/Unbroken-World-Survival-Resilience-Redemption/dp/1400064163?tag=NYTBS-20</amazon_product_url><age_group></age_group><book_review_link>https://www.nytimes.com/2010/11/15/books/15book.html</book_review_link><first_chapter_link></first_chapter_link><sunday_review_link>https://www.nytimes.com/2010/11/21/books/review/Margolick-t.html</sunday_review_link><article_chapter_link></article_chapter_link><isbns><isbn><isbn10>1400064163</isbn10><isbn13>9781400064168</isbn13></isbn><isbn><isbn10>0679603751</isbn10><isbn13>9780679603757</isbn13></isbn><isbn><isbn10>0375435018</isbn10><isbn13>9780375435010</isbn13></isbn><isbn><isbn10></isbn10><isbn13></isbn13></isbn><isbn><isbn10>0739319698</isbn10><isbn13>9780739319697</isbn13></isbn><isbn><isbn10>0007378033</isbn10><isbn13>9780007378036</isbn13></isbn><isbn><isbn10>0812974492</isbn10><isbn13>9780812974492</isbn13></isbn><isbn><isbn10>0606355987</isbn10><isbn13>9780606355988</isbn13></isbn><isbn><isbn10>081298711X</isbn10><isbn13>9780812987119</isbn13></isbn><isbn><isbn10>0553397117</isbn10><isbn13>9780553397116</isbn13></isbn><isbn><isbn10>1101912626</isbn10><isbn13>9781101912621</isbn13></isbn><isbn><isbn10>1984818449</isbn10><isbn13>9781984818447</isbn13></isbn><isbn><isbn10>1984837621</isbn10><isbn13>9781984837622</isbn13></isbn></isbns><buy_links><buy_link><name>Local Booksellers</name><url>http://www.indiebound.org/book/9780679603757?aff=NYT</url></buy_link><buy_link><name>Barnes and Noble</name><url>http://www.anrdoezrs.net/click-7990613-11819508?url=http%3A%2F%2Fwww.barnesandnoble.com%2Fw%2F%3Fean%3D9780679603757</url></buy_link><buy_link><name>Amazon</name><url>http://www.amazon.com/Unbroken-World-Survival-Resilience-Redemption/dp/1400064163?tag=NYTBS-20</url></buy_link></buy_links></book><book><rank>14</rank><rank_last_week>12</rank_last_week><weeks_on_list>2</weeks_on_list><asterisk>0</asterisk><dagger>0</dagger><primary_isbn10>None</primary_isbn10><primary_isbn13>9781101561263</primary_isbn13><publisher>Penguin Group</publisher><description>A journalist’s account of the life of Shin Dong-hyuk, who escaped the North Korean prison camp where he was born and raised.</description><price>0</price><title>ESCAPE FROM CAMP 14</title><author>Blaine Harden</author><contributor>by Blaine Harden</contributor><contributor_note></contributor_note><book_image>https://s1.nyt.com/du/books/images/9781101561263.jpg</book_image><book_image_width>324</book_image_width><book_image_height>495</book_image_height><amazon_product_url>http://www.amazon.com/Escape-Camp-14-Remarkable-Odyssey/dp/0143122916?tag=NYTBS-20</amazon_product_url><age_group></age_group><book_review_link>https://www.nytimes.com/2012/04/12/books/escape-from-camp-14-by-blaine-harden.html</book_review_link><first_chapter_link></first_chapter_link><sunday_review_link></sunday_review_link><article_chapter_link></article_chapter_link><isbns><isbn><isbn10>0670023329</isbn10><isbn13>9780670023325</isbn13></isbn><isbn><isbn10>0143122916</isbn10><isbn13>9780143122913</isbn13></isbn></isbns><buy_links><buy_link><name>Local Booksellers</name><url>http://www.indiebound.org/book/9781101561263?aff=NYT</url></buy_link><buy_link><name>Barnes and Noble</name><url>http://www.anrdoezrs.net/click-7990613-11819508?url=http%3A%2F%2Fwww.barnesandnoble.com%2Fw%2F%3Fean%3D9781101561263</url></buy_link><buy_link><name>Amazon</name><url>http://www.amazon.com/Escape-Camp-14-Remarkable-Odyssey/dp/0143122916?tag=NYTBS-20</url></buy_link></buy_links></book><book><rank>15</rank><rank_last_week>13</rank_last_week><weeks_on_list>15</weeks_on_list><asterisk>0</asterisk><dagger>0</dagger><primary_isbn10>0062082353</primary_isbn10><primary_isbn13>9780062082350</primary_isbn13><publisher>HarperCollins Publishers</publisher><description>A member of the Navy SEALs discusses his battlefield experiences.</description><price>0</price><title>AMERICAN SNIPER</title><author>Chris Kyle with Scott McEwen and Jim DeFelice</author><contributor>by Chris Kyle with Scott McEwen and Jim DeFelice</contributor><contributor_note></contributor_note><book_image>https://s1.nyt.com/du/books/images/9780062082374.jpg</book_image><book_image_width>328</book_image_width><book_image_height>495</book_image_height><amazon_product_url>http://www.amazon.com/American-Sniper-Autobiography-Military-History/dp/0062238868?tag=NYTBS-20</amazon_product_url><age_group></age_group><book_review_link></book_review_link><first_chapter_link></first_chapter_link><sunday_review_link></sunday_review_link><article_chapter_link></article_chapter_link><isbns><isbn><isbn10>0062082353</isbn10><isbn13>9780062082350</isbn13></isbn><isbn><isbn10>006208237X</isbn10><isbn13>9780062082374</isbn13></isbn><isbn><isbn10>0062209493</isbn10><isbn13>9780062209498</isbn13></isbn><isbn><isbn10>0062107062</isbn10><isbn13>9780062107060</isbn13></isbn><isbn><isbn10>0062238868</isbn10><isbn13>9780062238863</isbn13></isbn><isbn><isbn10>0062290797</isbn10><isbn13>9780062290793</isbn13></isbn><isbn><isbn10>0062376578</isbn10><isbn13>9780062376572</isbn13></isbn><isbn><isbn10>0062376330</isbn10><isbn13>9780062376336</isbn13></isbn><isbn><isbn10>0062297872</isbn10><isbn13>9780062297877</isbn13></isbn><isbn><isbn10>0062082361</isbn10><isbn13>9780062082367</isbn13></isbn></isbns><buy_links><buy_link><name>Local Booksellers</name><url>http://www.indiebound.org/book/9780062082350?aff=NYT</url></buy_link><buy_link><name>Barnes and Noble</name><url>http://www.anrdoezrs.net/click-7990613-11819508?url=http%3A%2F%2Fwww.barnesandnoble.com%2Fw%2F%3Fean%3D9780062082350</url></buy_link><buy_link><name>Amazon</name><url>http://www.amazon.com/American-Sniper-Autobiography-Military-History/dp/0062238868?tag=NYTBS-20</url></buy_link></buy_links></book><book><rank>16</rank><rank_last_week>0</rank_last_week><weeks_on_list>0</weeks_on_list><asterisk>0</asterisk><dagger>0</dagger><primary_isbn10>0805093079</primary_isbn10><primary_isbn13>9780805093070</primary_isbn13><publisher>Holt</publisher><description>The television host recounts the events surrounding the assassination of Abraham Lincoln.</description><price>0</price><title>KILLING LINCOLN</title><author>Bill O'Reilly and Martin Dugard</author><contributor>by Bill O'Reilly and Martin Dugard</contributor><contributor_note></contributor_note><book_image>https://s1.nyt.com/du/books/images/9780805093070.jpg</book_image><book_image_width>324</book_image_width><book_image_height>495</book_image_height><amazon_product_url>http://www.amazon.com/Killing-Lincoln-Shocking-Assassination-Changed-ebook/dp/B004ULORYU?tag=NYTBS-20</amazon_product_url><age_group></age_group><book_review_link></book_review_link><first_chapter_link></first_chapter_link><sunday_review_link></sunday_review_link><article_chapter_link></article_chapter_link><isbns><isbn><isbn10>0805093079</isbn10><isbn13>9780805093070</isbn13></isbn><isbn><isbn10>1429996870</isbn10><isbn13>9781429996877</isbn13></isbn><isbn><isbn10>1427213127</isbn10><isbn13>9781427213129</isbn13></isbn><isbn><isbn10>1410443000</isbn10><isbn13>9781410443007</isbn13></isbn><isbn><isbn10>1250012163</isbn10><isbn13>9781250012166</isbn13></isbn><isbn><isbn10>1250105218</isbn10><isbn13>9781250105219</isbn13></isbn></isbns><buy_links><buy_link><name>Local Booksellers</name><url>http://www.indiebound.org/book/9780805093070?aff=NYT</url></buy_link><buy_link><name>Barnes and Noble</name><url>http://www.anrdoezrs.net/click-7990613-11819508?url=http%3A%2F%2Fwww.barnesandnoble.com%2Fw%2F%3Fean%3D9780805093070</url></buy_link><buy_link><name>Amazon</name><url>http://www.amazon.com/Killing-Lincoln-Shocking-Assassination-Changed-ebook/dp/B004ULORYU?tag=NYTBS-20</url></buy_link></buy_links></book><book><rank>17</rank><rank_last_week>0</rank_last_week><weeks_on_list>0</weeks_on_list><asterisk>0</asterisk><dagger>0</dagger><primary_isbn10>006208397X</primary_isbn10><primary_isbn13>9780062083975</primary_isbn13><publisher>HarperCollins Publishers</publisher><description>The radio host denounces President Obama’s domestic and foreign policies as tyranny.</description><price>0</price><title>TRICKLE DOWN TYRANNY</title><author>Michael Savage</author><contributor>by Michael Savage</contributor><contributor_note></contributor_note><book_image>https://s1.nyt.com/du/books/images/9780062083975.jpg</book_image><book_image_width>128</book_image_width><book_image_height>194</book_image_height><amazon_product_url>http://www.amazon.com/Trickle-Down-Tyranny-Crushing-Socialist-ebook/dp/B0073FU654?tag=NYTBS-20</amazon_product_url><age_group></age_group><book_review_link></book_review_link><first_chapter_link></first_chapter_link><sunday_review_link></sunday_review_link><article_chapter_link></article_chapter_link><isbns><isbn><isbn10>006208397X</isbn10><isbn13>9780062083975</isbn13></isbn><isbn><isbn10>0062091336</isbn10><isbn13>9780062091338</isbn13></isbn></isbns><buy_links><buy_link><name>Local Booksellers</name><url>http://www.indiebound.org/book/9780062083975?aff=NYT</url></buy_link><buy_link><name>Barnes and Noble</name><url>http://www.anrdoezrs.net/click-7990613-11819508?url=http%3A%2F%2Fwww.barnesandnoble.com%2Fw%2F%3Fean%3D9780062083975</url></buy_link><buy_link><name>Amazon</name><url>http://www.amazon.com/Trickle-Down-Tyranny-Crushing-Socialist-ebook/dp/B0073FU654?tag=NYTBS-20</url></buy_link></buy_links></book><book><rank>18</rank><rank_last_week>0</rank_last_week><weeks_on_list>0</weeks_on_list><asterisk>0</asterisk><dagger>0</dagger><primary_isbn10>0316056871</primary_isbn10><primary_isbn13>9780316056878</primary_isbn13><publisher><![CDATA[Little, Brown & Company]]></publisher><description>A memoir from the former “Saturday Night Live” star, film actress and creator of “30 Rock” and "Unbreakable Kimmy Schmidt." Originally published in 2011.</description><price>0</price><title>BOSSYPANTS</title><author>Tina Fey</author><contributor>by Tina Fey</contributor><contributor_note></contributor_note><book_image>https://s1.nyt.com/du/books/images/9780316056892.jpg</book_image><book_image_width>308</book_image_width><book_image_height>495</book_image_height><amazon_product_url>http://www.amazon.com/Bossypants-Tina-Fey/dp/0316056898?tag=NYTBS-20</amazon_product_url><age_group></age_group><book_review_link>https://www.nytimes.com/2011/04/04/books/bossypants-by-tina-fey-review.html</book_review_link><first_chapter_link></first_chapter_link><sunday_review_link></sunday_review_link><article_chapter_link></article_chapter_link><isbns><isbn><isbn10>0316056863</isbn10><isbn13>9780316056861</isbn13></isbn><isbn><isbn10>031617789X</isbn10><isbn13>9780316177894</isbn13></isbn><isbn><isbn10>0316175862</isbn10><isbn13>9780316175869</isbn13></isbn><isbn><isbn10>031619803X</isbn10><isbn13>9780316198035</isbn13></isbn><isbn><isbn10>0316056871</isbn10><isbn13>9780316056878</isbn13></isbn><isbn><isbn10>0316056898</isbn10><isbn13>9780316056892</isbn13></isbn><isbn><isbn10>1609419693</isbn10><isbn13>9781609419691</isbn13></isbn><isbn><isbn10>0606267212</isbn10><isbn13>9780606267212</isbn13></isbn><isbn><isbn10>0751547832</isbn10><isbn13>9780751547832</isbn13></isbn></isbns><buy_links><buy_link><name>Local Booksellers</name><url>http://www.indiebound.org/book/9780316056878?aff=NYT</url></buy_link><buy_link><name>Barnes and Noble</name><url>http://www.anrdoezrs.net/click-7990613-11819508?url=http%3A%2F%2Fwww.barnesandnoble.com%2Fw%2F%3Fean%3D9780316056878</url></buy_link><buy_link><name>Amazon</name><url>http://www.amazon.com/Bossypants-Tina-Fey/dp/0316056898?tag=NYTBS-20</url></buy_link></buy_links></book><book><rank>19</rank><rank_last_week>0</rank_last_week><weeks_on_list>0</weeks_on_list><asterisk>0</asterisk><dagger>0</dagger><primary_isbn10></primary_isbn10><primary_isbn13>A00B0077T2BHM</primary_isbn13><publisher><![CDATA[B&H Publishing]]></publisher><description>After a horrific car crash, a couple embark on a journey to fall in love all over again. The true events that inspired the movie.</description><price>0</price><title>THE VOW</title><author>Kim and Krickitt Carpenter with Dana Wilkerson</author><contributor>by Kim and Krickitt Carpenter with Dana Wilkerson</contributor><contributor_note></contributor_note><book_image>https://s1.nyt.com/du/books/images/9781433675942.jpg</book_image><book_image_width>316</book_image_width><book_image_height>495</book_image_height><amazon_product_url>http://www.amazon.com/The-Vow-Events-Inspired-Movie-ebook/dp/B0077T2BHM?tag=NYTBS-20</amazon_product_url><age_group></age_group><book_review_link></book_review_link><first_chapter_link></first_chapter_link><sunday_review_link></sunday_review_link><article_chapter_link></article_chapter_link><isbns><isbn><isbn10>143367579X</isbn10><isbn13>9781433675799</isbn13></isbn><isbn><isbn10>0805421300</isbn10><isbn13>9780805421309</isbn13></isbn></isbns><buy_links><buy_link><name>Local Booksellers</name><url><![CDATA[http://www.indiebound.org/search/book?searchfor=THE+VOW+Kim+and+Krickitt+Carpenter+with+Dana+Wilkerson&aff=NYT]]></url></buy_link><buy_link><name>Barnes and Noble</name><url>http://www.anrdoezrs.net/click-7990613-11819508?url=http%3A%2F%2Fwww.barnesandnoble.com%2Fs%2FTHE+VOW+Kim+and+Krickitt+Carpenter+with+Dana+Wilkerson</url></buy_link><buy_link><name>Amazon</name><url>http://www.amazon.com/The-Vow-Events-Inspired-Movie-ebook/dp/B0077T2BHM?tag=NYTBS-20</url></buy_link></buy_links></book><book><rank>20</rank><rank_last_week>0</rank_last_week><weeks_on_list>0</weeks_on_list><asterisk>0</asterisk><dagger>0</dagger><primary_isbn10>1400052181</primary_isbn10><primary_isbn13>9781400052189</primary_isbn13><publisher>Crown Publishing</publisher><description>The story of a woman whose cancer cells were cultured without her permission in 1951.</description><price>0</price><title>THE IMMORTAL LIFE OF HENRIETTA LACKS</title><author>Rebecca Skloot</author><contributor>by Rebecca Skloot</contributor><contributor_note></contributor_note><book_image>https://s1.nyt.com/du/books/images/9781400052189.jpg</book_image><book_image_width>182</book_image_width><book_image_height>280</book_image_height><amazon_product_url>http://www.amazon.com/The-Immortal-Life-Henrietta-Lacks/dp/1400052181?tag=NYTBS-20</amazon_product_url><age_group></age_group><book_review_link>https://www.nytimes.com/2010/02/03/books/03book.html</book_review_link><first_chapter_link></first_chapter_link><sunday_review_link>https://www.nytimes.com/2010/02/07/books/review/Margonelli-t.html</sunday_review_link><article_chapter_link></article_chapter_link><isbns><isbn><isbn10>1400052173</isbn10><isbn13>9781400052172</isbn13></isbn><isbn><isbn10>0307589382</isbn10><isbn13>9780307589385</isbn13></isbn><isbn><isbn10>1410427927</isbn10><isbn13>9781410427922</isbn13></isbn><isbn><isbn10>1400052181</isbn10><isbn13>9781400052189</isbn13></isbn><isbn><isbn10>1594134324</isbn10><isbn13>9781594134326</isbn13></isbn><isbn><isbn10>0451486315</isbn10><isbn13>9780451486318</isbn13></isbn><isbn><isbn10>0804190100</isbn10><isbn13>9780804190107</isbn13></isbn></isbns><buy_links><buy_link><name>Local Booksellers</name><url>http://www.indiebound.org/book/9781400052189?aff=NYT</url></buy_link><buy_link><name>Barnes and Noble</name><url>http://www.anrdoezrs.net/click-7990613-11819508?url=http%3A%2F%2Fwww.barnesandnoble.com%2Fw%2F%3Fean%3D9781400052189</url></buy_link><buy_link><name>Amazon</name><url>http://www.amazon.com/The-Immortal-Life-Henrietta-Lacks/dp/1400052181?tag=NYTBS-20</url></buy_link></buy_links></book></books><corrections/></results></result_set>
