<?xml version="1.0" encoding="UTF-8"?>
<result_set><status>OK</status><copyright>Copyright (c) 2018 The New York Times Company.  All Rights Reserved.</copyright><num_results>25</num_results><last_modified>2016-04-28T13:06:07-04:00</last_modified><results><list_name>Combined Print and E-Book Nonfiction</list_name><list_name_encoded>combined-print-and-e-book-nonfiction</list_name_encoded><bestsellers_date>2014-07-19</bestsellers_date><published_date>2014-08-03</published_date><published_date_description></published_date_description><next_published_date>2014-08-10</next_published_date><previous_published_date>2014-07-27</previous_published_date><display_name><![CDATA[Combined Print & E-Book Nonfiction]]></display_name><normal_list_ends_at>15</normal_list_ends_at><updated>WEEKLY</updated><books><book><rank>1</rank><rank_last_week>1</rank_last_week><weeks_on_list>162</weeks_on_list><asterisk>0</asterisk><dagger>0</dagger><primary_isbn10>0679603751</primary_isbn10><primary_isbn13>9780679603757</primary_isbn13><publisher>Random House</publisher><description>An Olympic runner’s story of survival as a prisoner of the Japanese in World War II.</description><price>0</price><title>UNBROKEN</title><author>Laura Hillenbrand</author><contributor>by Laura Hillenbrand</contributor><contributor_note></contributor_note><book_image>https://s1.nyt.com/du/books/images/9781400064168.jpg</book_image><book_image_width>264</book_image_width><book_image_height>400</book_image_height><amazon_product_url>http://www.amazon.com/Unbroken-World-Survival-Resilience-Redemption/dp/1400064163?tag=NYTBS-20</amazon_product_url><age_group></age_group><book_review_link>https://www.nytimes.com/2010/11/15/books/15book.html</book_review_link><first_chapter_link></first_chapter_link><sunday_review_link>https://www.nytimes.com/2010/11/21/books/review/Margolick-t.html</sunday_review_link><article_chapter_link></article_chapter_link><isbns><isbn><isbn10>1400064163</isbn10><isbn13>9781400064168</isbn13></isbn><isbn><isbn10>0679603751</isbn10><isbn13>9780679603757</isbn13></isbn><isbn><isbn10>0375435018</isbn10><isbn13>9780375435010</isbn13></isbn><isbn><isbn10></isbn10><isbn13></isbn13></isbn><isbn><isbn10>0739319698</isbn10><isbn13>9780739319697</isbn13></isbn><isbn><isbn10>0007378033</isbn10><isbn13>9780007378036</isbn13></isbn><isbn><isbn10>0812974492</isbn10><isbn13>9780812974492</isbn13></isbn><isbn><isbn10>0606355987</isbn10><isbn13>9780606355988</isbn13></isbn><isbn><isbn10>081298711X</isbn10><isbn13>9780812987119</isbn13></isbn><isbn><isbn10>0553397117</isbn10><isbn13>9780553397116</isbn13></isbn><isbn><isbn10>1101912626</isbn10><isbn13>9781101912621</isbn13></isbn><isbn><isbn10>1984818449</isbn10><isbn13>9781984818447</isbn13></isbn><isbn><isbn10>1984837621</isbn10><isbn13>9781984837622</isbn13></isbn></isbns><buy_links><buy_link><name>Local Booksellers</name><url>http://www.indiebound.org/book/9780679603757?aff=NYT</url></buy_link><buy_link><name>Barnes and Noble</name><url>http://www.anrdoezrs.net/click-7990613-11819508?url=http%3A%2F%2Fwww.barnesandnoble.com%2Fw%2F%3Fean%3D9780679603757</url></buy_link><buy_link><name>Amazon</name><url>http://www.amazon.com/Unbroken-World-Survival-Resilience-Redemption/dp/1400064163?tag=NYTBS-20</url></buy_link></buy_links></book><book><rank>2</rank><rank_last_week>2</rank_last_week><weeks_on_list>2</weeks_on_list><asterisk>0</asterisk><dagger>0</dagger><primary_isbn10>162157203X</primary_isbn10><primary_isbn13>9781621572039</primary_isbn13><publisher>Regnery</publisher><description>A defense of America against the view that its power in the world should be diminished; also a documentary film.</description><price>0</price><title>AMERICA</title><author>Dinesh D'Souza</author><contributor>by Dinesh D'Souza</contributor><contributor_note></contributor_note><book_image>https://s1.nyt.com/du/books/images/9781621572039.jpg</book_image><book_image_width>328</book_image_width><book_image_height>495</book_image_height><amazon_product_url>http://www.amazon.com/America-Imagine-World-without-Her/dp/162157203X?tag=NYTBS-20</amazon_product_url><age_group></age_group><book_review_link></book_review_link><first_chapter_link></first_chapter_link><sunday_review_link></sunday_review_link><article_chapter_link></article_chapter_link><isbns><isbn><isbn10>162157203X</isbn10><isbn13>9781621572039</isbn13></isbn><isbn><isbn10>1480584886</isbn10><isbn13>9781480584884</isbn13></isbn></isbns><buy_links><buy_link><name>Local Booksellers</name><url>http://www.indiebound.org/book/9781621572039?aff=NYT</url></buy_link><buy_link><name>Barnes and Noble</name><url>http://www.anrdoezrs.net/click-7990613-11819508?url=http%3A%2F%2Fwww.barnesandnoble.com%2Fw%2F%3Fean%3D9781621572039</url></buy_link><buy_link><name>Amazon</name><url>http://www.amazon.com/America-Imagine-World-without-Her/dp/162157203X?tag=NYTBS-20</url></buy_link></buy_links></book><book><rank>3</rank><rank_last_week>3</rank_last_week><weeks_on_list>4</weeks_on_list><asterisk>0</asterisk><dagger>0</dagger><primary_isbn10>1621573133</primary_isbn10><primary_isbn13>9781621573135</primary_isbn13><publisher>Regnery</publisher><description>A journalist describes animosity behind the alliance between the Clinton and Obama families.</description><price>0</price><title>BLOOD FEUD</title><author>Edward Klein</author><contributor>by Edward Klein</contributor><contributor_note></contributor_note><book_image>https://s1.nyt.com/du/books/images/9781621573135.jpg</book_image><book_image_width>330</book_image_width><book_image_height>495</book_image_height><amazon_product_url>http://www.amazon.com/Blood-Feud-The-Clintons-Obamas-ebook/dp/B00KFOGOOM?tag=NYTBS-20</amazon_product_url><age_group></age_group><book_review_link></book_review_link><first_chapter_link></first_chapter_link><sunday_review_link></sunday_review_link><article_chapter_link></article_chapter_link><isbns><isbn><isbn10>1621573133</isbn10><isbn13>9781621573135</isbn13></isbn><isbn><isbn10>1621573141</isbn10><isbn13>9781621573142</isbn13></isbn></isbns><buy_links><buy_link><name>Local Booksellers</name><url>http://www.indiebound.org/book/9781621573135?aff=NYT</url></buy_link><buy_link><name>Barnes and Noble</name><url>http://www.anrdoezrs.net/click-7990613-11819508?url=http%3A%2F%2Fwww.barnesandnoble.com%2Fw%2F%3Fean%3D9781621573135</url></buy_link><buy_link><name>Amazon</name><url>http://www.amazon.com/Blood-Feud-The-Clintons-Obamas-ebook/dp/B00KFOGOOM?tag=NYTBS-20</url></buy_link></buy_links></book><book><rank>4</rank><rank_last_week>0</rank_last_week><weeks_on_list>1</weeks_on_list><asterisk>0</asterisk><dagger>0</dagger><primary_isbn10>1594205191</primary_isbn10><primary_isbn13>9781594205194</primary_isbn13><publisher>Penguin Press</publisher><description>The author’s experience as Harper Lee’s neighbor.</description><price>0</price><title>THE MOCKINGBIRD NEXT DOOR</title><author>Marja Mills</author><contributor>by Marja Mills</contributor><contributor_note></contributor_note><book_image>https://s1.nyt.com/du/books/images/9780698163836.jpg</book_image><book_image_width>128</book_image_width><book_image_height>195</book_image_height><amazon_product_url>http://www.amazon.com/The-Mockingbird-Next-Door-Harper-ebook/dp/B00G3L14KA?tag=NYTBS-20</amazon_product_url><age_group></age_group><book_review_link>https://www.nytimes.com/2014/07/18/books/the-mockingbird-next-door-by-marja-mills.html</book_review_link><first_chapter_link></first_chapter_link><sunday_review_link></sunday_review_link><article_chapter_link></article_chapter_link><isbns><isbn><isbn10>1594205191</isbn10><isbn13>9781594205194</isbn13></isbn><isbn><isbn10>1410469743</isbn10><isbn13>9781410469748</isbn13></isbn><isbn><isbn10>0143127667</isbn10><isbn13>9780143127666</isbn13></isbn></isbns><buy_links><buy_link><name>Local Booksellers</name><url>http://www.indiebound.org/book/9781594205194?aff=NYT</url></buy_link><buy_link><name>Barnes and Noble</name><url>http://www.anrdoezrs.net/click-7990613-11819508?url=http%3A%2F%2Fwww.barnesandnoble.com%2Fw%2F%3Fean%3D9781594205194</url></buy_link><buy_link><name>Amazon</name><url>http://www.amazon.com/The-Mockingbird-Next-Door-Harper-ebook/dp/B00G3L14KA?tag=NYTBS-20</url></buy_link></buy_links></book><book><rank>5</rank><rank_last_week>4</rank_last_week><weeks_on_list>29</weeks_on_list><asterisk>0</asterisk><dagger>0</dagger><primary_isbn10>0385530269</primary_isbn10><primary_isbn13>9780385530262</primary_isbn13><publisher><![CDATA[Spiegel & Grau]]></publisher><description>A memoir by a Brooklyn woman whose relationship with a drug runner gets her sentenced to a year in prison. The basis for the Netflix series, originally published in 2010.</description><price>0</price><title>ORANGE IS THE NEW BLACK</title><author>Piper Kerman</author><contributor>by Piper Kerman</contributor><contributor_note></contributor_note><book_image>https://s1.nyt.com/du/books/images/9780385530262.jpg</book_image><book_image_width>330</book_image_width><book_image_height>440</book_image_height><amazon_product_url>http://www.amazon.com/Orange-Is-New-Black-Womens-ebook/dp/B0036S4B6M?tag=NYTBS-20</amazon_product_url><age_group></age_group><book_review_link></book_review_link><first_chapter_link></first_chapter_link><sunday_review_link></sunday_review_link><article_chapter_link></article_chapter_link><isbns><isbn><isbn10>0385530269</isbn10><isbn13>9780385530262</isbn13></isbn><isbn><isbn10>0385523394</isbn10><isbn13>9780385523394</isbn13></isbn><isbn><isbn10>0812986180</isbn10><isbn13>9780812986181</isbn13></isbn><isbn><isbn10>1410472124</isbn10><isbn13>9781410472120</isbn13></isbn><isbn><isbn10>1452607664</isbn10><isbn13>9781452607665</isbn13></isbn><isbn><isbn10>1452657661</isbn10><isbn13>9781452657660</isbn13></isbn></isbns><buy_links><buy_link><name>Local Booksellers</name><url>http://www.indiebound.org/book/9780385530262?aff=NYT</url></buy_link><buy_link><name>Barnes and Noble</name><url>http://www.anrdoezrs.net/click-7990613-11819508?url=http%3A%2F%2Fwww.barnesandnoble.com%2Fw%2F%3Fean%3D9780385530262</url></buy_link><buy_link><name>Amazon</name><url>http://www.amazon.com/Orange-Is-New-Black-Womens-ebook/dp/B0036S4B6M?tag=NYTBS-20</url></buy_link></buy_links></book><book><rank>6</rank><rank_last_week>5</rank_last_week><weeks_on_list>9</weeks_on_list><asterisk>0</asterisk><dagger>0</dagger><primary_isbn10>0143125478</primary_isbn10><primary_isbn13>9780143125471</primary_isbn13><publisher>Viking</publisher><description>The University of Washington’s eight-oar crew and their quest for gold at the 1936 Berlin Olympics.</description><price>0</price><title>THE BOYS IN THE BOAT</title><author>Daniel James Brown</author><contributor>by Daniel James Brown</contributor><contributor_note></contributor_note><book_image>https://s1.nyt.com/du/books/images/9781101622742.jpg</book_image><book_image_width>323</book_image_width><book_image_height>495</book_image_height><amazon_product_url>http://www.amazon.com/The-Boys-Boat-Americans-Olympics-ebook/dp/B00AEBETU2?tag=NYTBS-20</amazon_product_url><age_group></age_group><book_review_link></book_review_link><first_chapter_link></first_chapter_link><sunday_review_link></sunday_review_link><article_chapter_link></article_chapter_link><isbns><isbn><isbn10>067002581X</isbn10><isbn13>9780670025817</isbn13></isbn><isbn><isbn10>0143125478</isbn10><isbn13>9780143125471</isbn13></isbn><isbn><isbn10>159413779X</isbn10><isbn13>9781594137792</isbn13></isbn><isbn><isbn10>1611761697</isbn10><isbn13>9781611761696</isbn13></isbn><isbn><isbn10>1410459543</isbn10><isbn13>9781410459541</isbn13></isbn><isbn><isbn10>0143130838</isbn10><isbn13>9780143130833</isbn13></isbn><isbn><isbn10>1101620137</isbn10><isbn13>9781101620137</isbn13></isbn><isbn><isbn10>0606393129</isbn10><isbn13>9780606393126</isbn13></isbn></isbns><buy_links><buy_link><name>Local Booksellers</name><url>http://www.indiebound.org/book/9780143125471?aff=NYT</url></buy_link><buy_link><name>Barnes and Noble</name><url>http://www.anrdoezrs.net/click-7990613-11819508?url=http%3A%2F%2Fwww.barnesandnoble.com%2Fw%2F%3Fean%3D9780143125471</url></buy_link><buy_link><name>Amazon</name><url>http://www.amazon.com/The-Boys-Boat-Americans-Olympics-ebook/dp/B00AEBETU2?tag=NYTBS-20</url></buy_link></buy_links></book><book><rank>7</rank><rank_last_week>14</rank_last_week><weeks_on_list>2</weeks_on_list><asterisk>0</asterisk><dagger>0</dagger><primary_isbn10>1497640199</primary_isbn10><primary_isbn13>9781497640191</primary_isbn13><publisher>Open Road</publisher><description>Accounts of 12 Wall Street episodes that illuminate corporate and financial life in America.</description><price>0</price><title>BUSINESS ADVENTURES</title><author>John Brooks</author><contributor>by John Brooks</contributor><contributor_note></contributor_note><book_image>https://s1.nyt.com/du/books/images/9781497640191.jpg</book_image><book_image_width>128</book_image_width><book_image_height>198</book_image_height><amazon_product_url>http://www.amazon.com/Business-Adventures-Twelve-Classic-Street-ebook/dp/B00L1TPCKW?tag=NYTBS-20</amazon_product_url><age_group></age_group><book_review_link></book_review_link><first_chapter_link></first_chapter_link><sunday_review_link></sunday_review_link><article_chapter_link></article_chapter_link><isbns><isbn><isbn10>1497640199</isbn10><isbn13>9781497640191</isbn13></isbn><isbn><isbn10>1497638860</isbn10><isbn13>9781497638860</isbn13></isbn><isbn><isbn10>1497638852</isbn10><isbn13>9781497638853</isbn13></isbn><isbn><isbn10>1497644895</isbn10><isbn13>9781497644892</isbn13></isbn></isbns><buy_links><buy_link><name>Local Booksellers</name><url>http://www.indiebound.org/book/9781497640191?aff=NYT</url></buy_link><buy_link><name>Barnes and Noble</name><url>http://www.anrdoezrs.net/click-7990613-11819508?url=http%3A%2F%2Fwww.barnesandnoble.com%2Fw%2F%3Fean%3D9781497640191</url></buy_link><buy_link><name>Amazon</name><url>http://www.amazon.com/Business-Adventures-Twelve-Classic-Street-ebook/dp/B00L1TPCKW?tag=NYTBS-20</url></buy_link></buy_links></book><book><rank>8</rank><rank_last_week>9</rank_last_week><weeks_on_list>9</weeks_on_list><asterisk>0</asterisk><dagger>0</dagger><primary_isbn10>1595231129</primary_isbn10><primary_isbn13>9781595231123</primary_isbn13><publisher>Sentinel</publisher><description>Carson, a retired pediatric neurosurgeon, now a Fox News contributor, offers solutions to problems in health and education based on capitalism, not government.</description><price>0</price><title>ONE NATION</title><author>Ben Carson with Candy Carson</author><contributor>by Ben Carson with Candy Carson</contributor><contributor_note></contributor_note><book_image>https://s1.nyt.com/du/books/images/9781595231123.jpg</book_image><book_image_width>128</book_image_width><book_image_height>193</book_image_height><amazon_product_url>http://www.amazon.com/One-Nation-What-Americas-Future/dp/1595231129?tag=NYTBS-20</amazon_product_url><age_group></age_group><book_review_link></book_review_link><first_chapter_link></first_chapter_link><sunday_review_link></sunday_review_link><article_chapter_link></article_chapter_link><isbns><isbn><isbn10>1595231129</isbn10><isbn13>9781595231123</isbn13></isbn><isbn><isbn10>1611763398</isbn10><isbn13>9781611763393</isbn13></isbn><isbn><isbn10>1595231226</isbn10><isbn13>9781595231222</isbn13></isbn><isbn><isbn10>0147524210</isbn10><isbn13>9780147524218</isbn13></isbn></isbns><buy_links><buy_link><name>Local Booksellers</name><url>http://www.indiebound.org/book/9781595231123?aff=NYT</url></buy_link><buy_link><name>Barnes and Noble</name><url>http://www.anrdoezrs.net/click-7990613-11819508?url=http%3A%2F%2Fwww.barnesandnoble.com%2Fw%2F%3Fean%3D9781595231123</url></buy_link><buy_link><name>Amazon</name><url>http://www.amazon.com/One-Nation-What-Americas-Future/dp/1595231129?tag=NYTBS-20</url></buy_link></buy_links></book><book><rank>9</rank><rank_last_week>6</rank_last_week><weeks_on_list>6</weeks_on_list><asterisk>0</asterisk><dagger>0</dagger><primary_isbn10>1476751447</primary_isbn10><primary_isbn13>9781476751443</primary_isbn13><publisher><![CDATA[Simon & Schuster]]></publisher><description>Clinton’s memoir focuses on her years as secretary of state and her views on America’s role in the world.</description><price>0</price><title>HARD CHOICES</title><author>Hillary Rodham Clinton</author><contributor>by Hillary Rodham Clinton</contributor><contributor_note></contributor_note><book_image>https://s1.nyt.com/du/books/images/9781476751450.jpg</book_image><book_image_width>128</book_image_width><book_image_height>195</book_image_height><amazon_product_url>http://www.amazon.com/Hard-Choices-Hillary-Rodham-Clinton-ebook/dp/B00C69EP1S?tag=NYTBS-20</amazon_product_url><age_group></age_group><book_review_link>https://www.nytimes.com/2014/06/08/books/hillary-clintons-book-hard-choices-portrays-a-tested-policy-wonk.html</book_review_link><first_chapter_link></first_chapter_link><sunday_review_link>https://www.nytimes.com/2014/07/06/books/review/hillary-rodham-clintons-hard-choices.html</sunday_review_link><article_chapter_link></article_chapter_link><isbns><isbn><isbn10>1476751447</isbn10><isbn13>9781476751443</isbn13></isbn><isbn><isbn10>1442367067</isbn10><isbn13>9781442367067</isbn13></isbn><isbn><isbn10>1442367040</isbn10><isbn13>9781442367043</isbn13></isbn></isbns><buy_links><buy_link><name>Local Booksellers</name><url>http://www.indiebound.org/book/9781476751443?aff=NYT</url></buy_link><buy_link><name>Barnes and Noble</name><url>http://www.anrdoezrs.net/click-7990613-11819508?url=http%3A%2F%2Fwww.barnesandnoble.com%2Fw%2F%3Fean%3D9781476751443</url></buy_link><buy_link><name>Amazon</name><url>http://www.amazon.com/Hard-Choices-Hillary-Rodham-Clinton-ebook/dp/B00C69EP1S?tag=NYTBS-20</url></buy_link></buy_links></book><book><rank>10</rank><rank_last_week>7</rank_last_week><weeks_on_list>125</weeks_on_list><asterisk>0</asterisk><dagger>0</dagger><primary_isbn10>None</primary_isbn10><primary_isbn13>9780849949203</primary_isbn13><publisher>Thomas Nelson</publisher><description>A 3-year-old’s encounter with Jesus during an appendectomy; the basis of the movie.</description><price>0</price><title>HEAVEN IS FOR REAL</title><author>Todd Burpo with Lynn Vincent</author><contributor>by Todd Burpo with Lynn Vincent</contributor><contributor_note></contributor_note><book_image>https://s1.nyt.com/du/books/images/9780849949203.jpg</book_image><book_image_width>309</book_image_width><book_image_height>495</book_image_height><amazon_product_url>http://www.amazon.com/Heaven-Real-Little-Astounding-Story-ebook/dp/B004A90BXS?tag=NYTBS-20</amazon_product_url><age_group></age_group><book_review_link>https://www.nytimes.com/2011/03/12/books/heaven-is-for-real-is-publishing-phenomenon.html</book_review_link><first_chapter_link></first_chapter_link><sunday_review_link></sunday_review_link><article_chapter_link></article_chapter_link><isbns><isbn><isbn10>0849946158</isbn10><isbn13>9780849946158</isbn13></isbn><isbn><isbn10>0849948363</isbn10><isbn13>9780849948367</isbn13></isbn><isbn><isbn10>0849922070</isbn10><isbn13>9780849922077</isbn13></isbn></isbns><buy_links><buy_link><name>Local Booksellers</name><url>http://www.indiebound.org/book/9780849949203?aff=NYT</url></buy_link><buy_link><name>Barnes and Noble</name><url>http://www.anrdoezrs.net/click-7990613-11819508?url=http%3A%2F%2Fwww.barnesandnoble.com%2Fw%2F%3Fean%3D9780849949203</url></buy_link><buy_link><name>Amazon</name><url>http://www.amazon.com/Heaven-Real-Little-Astounding-Story-ebook/dp/B004A90BXS?tag=NYTBS-20</url></buy_link></buy_links></book><book><rank>11</rank><rank_last_week>12</rank_last_week><weeks_on_list>39</weeks_on_list><asterisk>0</asterisk><dagger>0</dagger><primary_isbn10>0316017930</primary_isbn10><primary_isbn13>9780316017930</primary_isbn13><publisher>Little, Brown</publisher><description>Why some people succeed; from the author of "Blink" and "The Tipping Point."</description><price>0</price><title>OUTLIERS</title><author>Malcolm Gladwell</author><contributor>by Malcolm Gladwell</contributor><contributor_note></contributor_note><book_image>https://s1.nyt.com/du/books/images/9780316017930.jpg</book_image><book_image_width>184</book_image_width><book_image_height>280</book_image_height><amazon_product_url>http://www.amazon.com/Outliers-Story-Success-Malcolm-Gladwell/dp/0316017930?tag=NYTBS-20</amazon_product_url><age_group></age_group><book_review_link>https://www.nytimes.com/2008/11/18/books/18kaku.html</book_review_link><first_chapter_link>https://www.nytimes.com/2008/11/30/books/chapters/chapter-outliers.html</first_chapter_link><sunday_review_link>https://www.nytimes.com/2008/11/30/books/review/Leonhardt-t.html</sunday_review_link><article_chapter_link></article_chapter_link><isbns><isbn><isbn10>0316017922</isbn10><isbn13>9780316017923</isbn13></isbn><isbn><isbn10>0316040347</isbn10><isbn13>9780316040341</isbn13></isbn><isbn><isbn10>0316017930</isbn10><isbn13>9780316017930</isbn13></isbn><isbn><isbn10>1600243916</isbn10><isbn13>9781600243912</isbn13></isbn><isbn><isbn10>031602497X</isbn10><isbn13>9780316024976</isbn13></isbn><isbn><isbn10>1600243924</isbn10><isbn13>9781600243929</isbn13></isbn><isbn><isbn10>0606324275</isbn10><isbn13>9780606324274</isbn13></isbn></isbns><buy_links><buy_link><name>Local Booksellers</name><url>http://www.indiebound.org/book/9780316017930?aff=NYT</url></buy_link><buy_link><name>Barnes and Noble</name><url>http://www.anrdoezrs.net/click-7990613-11819508?url=http%3A%2F%2Fwww.barnesandnoble.com%2Fw%2F%3Fean%3D9780316017930</url></buy_link><buy_link><name>Amazon</name><url>http://www.amazon.com/Outliers-Story-Success-Malcolm-Gladwell/dp/0316017930?tag=NYTBS-20</url></buy_link></buy_links></book><book><rank>12</rank><rank_last_week>13</rank_last_week><weeks_on_list>70</weeks_on_list><asterisk>0</asterisk><dagger>0</dagger><primary_isbn10>0307957659</primary_isbn10><primary_isbn13>9780307957658</primary_isbn13><publisher>Knopf</publisher><description>A woman’s account of a life-changing 1,100-mile hike along the Pacific Crest Trail during the summer of 1995.</description><price>0</price><title>WILD</title><author>Cheryl Strayed</author><contributor>by Cheryl Strayed</contributor><contributor_note></contributor_note><book_image>https://s1.nyt.com/du/books/images/9780307476074.jpg</book_image><book_image_width>321</book_image_width><book_image_height>495</book_image_height><amazon_product_url>http://www.amazon.com/Wild-Found-Pacific-Crest-Trail/dp/0307476073?tag=NYTBS-20</amazon_product_url><age_group></age_group><book_review_link>https://www.nytimes.com/2012/03/28/books/wild-by-cheryl-strayed-a-walkabout-of-reinvention.html</book_review_link><first_chapter_link></first_chapter_link><sunday_review_link>https://www.nytimes.com/2012/04/01/books/review/wild-a-hiking-memoir-by-cheryl-strayed.html</sunday_review_link><article_chapter_link></article_chapter_link><isbns><isbn><isbn10>0307592731</isbn10><isbn13>9780307592736</isbn13></isbn><isbn><isbn10>0307957659</isbn10><isbn13>9780307957658</isbn13></isbn><isbn><isbn10>0307476073</isbn10><isbn13>9780307476074</isbn13></isbn><isbn><isbn10>1594136742</isbn10><isbn13>9781594136740</isbn13></isbn><isbn><isbn10>0307970299</isbn10><isbn13>9780307970299</isbn13></isbn><isbn><isbn10>1101873442</isbn10><isbn13>9781101873441</isbn13></isbn></isbns><buy_links><buy_link><name>Local Booksellers</name><url>http://www.indiebound.org/book/9780307957658?aff=NYT</url></buy_link><buy_link><name>Barnes and Noble</name><url>http://www.anrdoezrs.net/click-7990613-11819508?url=http%3A%2F%2Fwww.barnesandnoble.com%2Fw%2F%3Fean%3D9780307957658</url></buy_link><buy_link><name>Amazon</name><url>http://www.amazon.com/Wild-Found-Pacific-Crest-Trail/dp/0307476073?tag=NYTBS-20</url></buy_link></buy_links></book><book><rank>13</rank><rank_last_week>0</rank_last_week><weeks_on_list>31</weeks_on_list><asterisk>0</asterisk><dagger>0</dagger><primary_isbn10>0307452204</primary_isbn10><primary_isbn13>9780307452207</primary_isbn13><publisher>Crown</publisher><description>Introverts — one-third of the population — are undervalued in American society.</description><price>0</price><title>QUIET</title><author>Susan Cain</author><contributor>by Susan Cain</contributor><contributor_note></contributor_note><book_image>https://s1.nyt.com/du/books/images/9780307452207.jpg</book_image><book_image_width>329</book_image_width><book_image_height>495</book_image_height><amazon_product_url>http://www.amazon.com/Quiet-Power-Introverts-World-Talking-ebook/dp/B004J4WNL2?tag=NYTBS-20</amazon_product_url><age_group></age_group><book_review_link></book_review_link><first_chapter_link></first_chapter_link><sunday_review_link>https://www.nytimes.com/2012/02/12/books/review/susan-cains-quiet-argues-for-the-power-of-introverts.html</sunday_review_link><article_chapter_link></article_chapter_link><isbns><isbn><isbn10>0307352145</isbn10><isbn13>9780307352149</isbn13></isbn><isbn><isbn10>0307452204</isbn10><isbn13>9780307452207</isbn13></isbn><isbn><isbn10>0307352153</isbn10><isbn13>9780307352156</isbn13></isbn><isbn><isbn10>1611734207</isbn10><isbn13>9781611734201</isbn13></isbn><isbn><isbn10>0739341243</isbn10><isbn13>9780739341247</isbn13></isbn><isbn><isbn10>0606320822</isbn10><isbn13>9780606320825</isbn13></isbn></isbns><buy_links><buy_link><name>Local Booksellers</name><url>http://www.indiebound.org/book/9780307452207?aff=NYT</url></buy_link><buy_link><name>Barnes and Noble</name><url>http://www.anrdoezrs.net/click-7990613-11819508?url=http%3A%2F%2Fwww.barnesandnoble.com%2Fw%2F%3Fean%3D9780307452207</url></buy_link><buy_link><name>Amazon</name><url>http://www.amazon.com/Quiet-Power-Introverts-World-Talking-ebook/dp/B004J4WNL2?tag=NYTBS-20</url></buy_link></buy_links></book><book><rank>14</rank><rank_last_week>0</rank_last_week><weeks_on_list>42</weeks_on_list><asterisk>0</asterisk><dagger>1</dagger><primary_isbn10>074324754X</primary_isbn10><primary_isbn13>9780743247542</primary_isbn13><publisher>Scribner</publisher><description>The author recalls a bizarre childhood during which she and her siblings were constantly moved from one bleak place to another.</description><price>0</price><title>THE GLASS CASTLE</title><author>Jeannette Walls</author><contributor>by Jeannette Walls</contributor><contributor_note></contributor_note><book_image>https://s1.nyt.com/du/books/images/9780743247542.jpg</book_image><book_image_width>313</book_image_width><book_image_height>495</book_image_height><amazon_product_url>http://www.amazon.com/The-Glass-Castle-A-Memoir/dp/074324754X?tag=NYTBS-20</amazon_product_url><age_group></age_group><book_review_link></book_review_link><first_chapter_link>https://www.nytimes.com/2005/03/13/books/chapters/0313-1st-walls.html</first_chapter_link><sunday_review_link>https://www.nytimes.com/2005/03/13/books/review/013COVERPROSE.html</sunday_review_link><article_chapter_link></article_chapter_link><isbns><isbn><isbn10>074324754X</isbn10><isbn13>9780743247542</isbn13></isbn><isbn><isbn10>1416550607</isbn10><isbn13>9781416550600</isbn13></isbn><isbn><isbn10>1439156964</isbn10><isbn13>9781439156964</isbn13></isbn><isbn><isbn10>1416544666</isbn10><isbn13>9781416544661</isbn13></isbn></isbns><buy_links><buy_link><name>Local Booksellers</name><url>http://www.indiebound.org/book/9780743247542?aff=NYT</url></buy_link><buy_link><name>Barnes and Noble</name><url>http://www.anrdoezrs.net/click-7990613-11819508?url=http%3A%2F%2Fwww.barnesandnoble.com%2Fw%2F%3Fean%3D9780743247542</url></buy_link><buy_link><name>Amazon</name><url>http://www.amazon.com/The-Glass-Castle-A-Memoir/dp/074324754X?tag=NYTBS-20</url></buy_link></buy_links></book><book><rank>15</rank><rank_last_week>8</rank_last_week><weeks_on_list>28</weeks_on_list><asterisk>0</asterisk><dagger>0</dagger><primary_isbn10>0316204366</primary_isbn10><primary_isbn13>9780316204361</primary_isbn13><publisher>Little, Brown</publisher><description>How disadvantages can work in our favor; from the author of "The Tipping Point" and "Outliers."</description><price>0</price><title>DAVID AND GOLIATH</title><author>Malcolm Gladwell</author><contributor>by Malcolm Gladwell</contributor><contributor_note></contributor_note><book_image>https://s1.nyt.com/du/books/images/9780316204361.jpg</book_image><book_image_width>330</book_image_width><book_image_height>474</book_image_height><amazon_product_url>http://www.amazon.com/David-Goliath-Underdogs-Misfits-Battling/dp/0316204366?tag=NYTBS-20</amazon_product_url><age_group></age_group><book_review_link>https://www.nytimes.com/2013/10/03/books/david-and-goliath-by-malcolm-gladwell.html</book_review_link><first_chapter_link></first_chapter_link><sunday_review_link>https://www.nytimes.com/2013/10/13/books/review/malcolm-gladwells-david-and-goliath.html</sunday_review_link><article_chapter_link></article_chapter_link><isbns><isbn><isbn10>0316204366</isbn10><isbn13>9780316204361</isbn13></isbn><isbn><isbn10>0316204382</isbn10><isbn13>9780316204385</isbn13></isbn><isbn><isbn10>1611137527</isbn10><isbn13>9781611137521</isbn13></isbn><isbn><isbn10>0316239852</isbn10><isbn13>9780316239851</isbn13></isbn><isbn><isbn10>0316204374</isbn10><isbn13>9780316204378</isbn13></isbn><isbn><isbn10>031625178X</isbn10><isbn13>9780316251785</isbn13></isbn></isbns><buy_links><buy_link><name>Local Booksellers</name><url>http://www.indiebound.org/book/9780316204361?aff=NYT</url></buy_link><buy_link><name>Barnes and Noble</name><url>http://www.anrdoezrs.net/click-7990613-11819508?url=http%3A%2F%2Fwww.barnesandnoble.com%2Fw%2F%3Fean%3D9780316204361</url></buy_link><buy_link><name>Amazon</name><url>http://www.amazon.com/David-Goliath-Underdogs-Misfits-Battling/dp/0316204366?tag=NYTBS-20</url></buy_link></buy_links></book><book><rank>16</rank><rank_last_week>0</rank_last_week><weeks_on_list>0</weeks_on_list><asterisk>0</asterisk><dagger>0</dagger><primary_isbn10>0062218336</primary_isbn10><primary_isbn13>9780062218339</primary_isbn13><publisher>Morrow/HarperCollins</publisher><description>How to solve problems creatively, from the authors of “Freakonomics.”</description><price>0</price><title>THINK LIKE A FREAK</title><author>Steven D Levitt and Stephen J Dubner</author><contributor>by Steven D. Levitt and Stephen J. Dubner</contributor><contributor_note></contributor_note><book_image>https://s1.nyt.com/du/books/images/9780062218360.jpg</book_image><book_image_width>328</book_image_width><book_image_height>495</book_image_height><amazon_product_url>http://www.amazon.com/Think-Like-Freak-Authors-Freakonomics-ebook/dp/B00BATINVS?tag=NYTBS-20</amazon_product_url><age_group></age_group><book_review_link></book_review_link><first_chapter_link></first_chapter_link><sunday_review_link></sunday_review_link><article_chapter_link></article_chapter_link><isbns><isbn><isbn10>0062218336</isbn10><isbn13>9780062218339</isbn13></isbn><isbn><isbn10>0062218360</isbn10><isbn13>9780062218360</isbn13></isbn><isbn><isbn10>0062218409</isbn10><isbn13>9780062218407</isbn13></isbn><isbn><isbn10>006227841X</isbn10><isbn13>9780062278418</isbn13></isbn><isbn><isbn10>0062218344</isbn10><isbn13>9780062218346</isbn13></isbn></isbns><buy_links><buy_link><name>Local Booksellers</name><url>http://www.indiebound.org/book/9780062218339?aff=NYT</url></buy_link><buy_link><name>Barnes and Noble</name><url>http://www.anrdoezrs.net/click-7990613-11819508?url=http%3A%2F%2Fwww.barnesandnoble.com%2Fw%2F%3Fean%3D9780062218339</url></buy_link><buy_link><name>Amazon</name><url>http://www.amazon.com/Think-Like-Freak-Authors-Freakonomics-ebook/dp/B00BATINVS?tag=NYTBS-20</url></buy_link></buy_links></book><book><rank>17</rank><rank_last_week>0</rank_last_week><weeks_on_list>0</weeks_on_list><asterisk>0</asterisk><dagger>0</dagger><primary_isbn10>0316007544</primary_isbn10><primary_isbn13>9780316007542</primary_isbn13><publisher>Little, Brown</publisher><description>A harrowing Navy SEALs operation.</description><price>0</price><title>LONE SURVIVOR</title><author>Marcus Luttrell with Patrick Robinson</author><contributor>by Marcus Luttrell with Patrick Robinson</contributor><contributor_note></contributor_note><book_image>https://s1.nyt.com/du/books/images/9780316067607.jpg</book_image><book_image_width>180</book_image_width><book_image_height>270</book_image_height><amazon_product_url>http://www.amazon.com/Lone-Survivor-Eyewitness-Account-Operation/dp/0316067601?tag=NYTBS-20</amazon_product_url><age_group></age_group><book_review_link></book_review_link><first_chapter_link></first_chapter_link><sunday_review_link></sunday_review_link><article_chapter_link></article_chapter_link><isbns><isbn><isbn10>0316007544</isbn10><isbn13>9780316007542</isbn13></isbn><isbn><isbn10>0316044695</isbn10><isbn13>9780316044691</isbn13></isbn><isbn><isbn10>0316067601</isbn10><isbn13>9780316067607</isbn13></isbn><isbn><isbn10>0316067598</isbn10><isbn13>9780316067591</isbn13></isbn><isbn><isbn10>031632406X</isbn10><isbn13>9780316324069</isbn13></isbn><isbn><isbn10>0316324108</isbn10><isbn13>9780316324106</isbn13></isbn><isbn><isbn10>1478927089</isbn10><isbn13>9781478927082</isbn13></isbn><isbn><isbn10>1600242197</isbn10><isbn13>9781600242199</isbn13></isbn><isbn><isbn10>0606352155</isbn10><isbn13>9780606352154</isbn13></isbn></isbns><buy_links><buy_link><name>Local Booksellers</name><url>http://www.indiebound.org/book/9780316007542?aff=NYT</url></buy_link><buy_link><name>Barnes and Noble</name><url>http://www.anrdoezrs.net/click-7990613-11819508?url=http%3A%2F%2Fwww.barnesandnoble.com%2Fw%2F%3Fean%3D9780316007542</url></buy_link><buy_link><name>Amazon</name><url>http://www.amazon.com/Lone-Survivor-Eyewitness-Account-Operation/dp/0316067601?tag=NYTBS-20</url></buy_link></buy_links></book><book><rank>18</rank><rank_last_week>0</rank_last_week><weeks_on_list>0</weeks_on_list><asterisk>0</asterisk><dagger>0</dagger><primary_isbn10>0307764990</primary_isbn10><primary_isbn13>9780307764997</primary_isbn13><publisher>Bantam</publisher><description>The autobiography of the general who commanded the allied forces in the Persian Gulf war of 1991; first published in 1992.</description><price>0</price><title>IT DOESN'T TAKE A HERO</title><author>H Norman Schwarzkopf with Peter Petre</author><contributor>by H. Norman Schwarzkopf with Peter Petre</contributor><contributor_note></contributor_note><book_image>https://s1.nyt.com/du/books/images/9780307764997.jpg</book_image><book_image_width>286</book_image_width><book_image_height>475</book_image_height><amazon_product_url>http://www.amazon.com/Doesnt-Take-Hero-Autobiography-Schwarzkopf-ebook/dp/B0042JSO3U?tag=NYTBS-20</amazon_product_url><age_group></age_group><book_review_link></book_review_link><first_chapter_link></first_chapter_link><sunday_review_link></sunday_review_link><article_chapter_link></article_chapter_link><isbns><isbn><isbn10>0307764990</isbn10><isbn13>9780307764997</isbn13></isbn><isbn><isbn10>0553563386</isbn10><isbn13>9780553563382</isbn13></isbn></isbns><buy_links><buy_link><name>Local Booksellers</name><url>http://www.indiebound.org/book/9780307764997?aff=NYT</url></buy_link><buy_link><name>Barnes and Noble</name><url>http://www.anrdoezrs.net/click-7990613-11819508?url=http%3A%2F%2Fwww.barnesandnoble.com%2Fw%2F%3Fean%3D9780307764997</url></buy_link><buy_link><name>Amazon</name><url>http://www.amazon.com/Doesnt-Take-Hero-Autobiography-Schwarzkopf-ebook/dp/B0042JSO3U?tag=NYTBS-20</url></buy_link></buy_links></book><book><rank>19</rank><rank_last_week>0</rank_last_week><weeks_on_list>0</weeks_on_list><asterisk>0</asterisk><dagger>0</dagger><primary_isbn10>0307886271</primary_isbn10><primary_isbn13>9780307886279</primary_isbn13><publisher>Three Rivers Press</publisher><description>The comedian and actress offers essays about her life. Originally published in 2011.</description><price>0</price><title>IS EVERYONE HANGING OUT WITHOUT ME?</title><author>Mindy Kaling</author><contributor>by Mindy Kaling</contributor><contributor_note></contributor_note><book_image>https://s1.nyt.com/du/books/images/9780307886286.jpg</book_image><book_image_width>321</book_image_width><book_image_height>495</book_image_height><amazon_product_url>http://www.amazon.com/Everyone-Hanging-Without-Other-Concerns-ebook/dp/B004JN1D3M?tag=NYTBS-20</amazon_product_url><age_group></age_group><book_review_link></book_review_link><first_chapter_link></first_chapter_link><sunday_review_link></sunday_review_link><article_chapter_link></article_chapter_link><isbns><isbn><isbn10>0307886263</isbn10><isbn13>9780307886262</isbn13></isbn><isbn><isbn10>030788628X</isbn10><isbn13>9780307886286</isbn13></isbn><isbn><isbn10>0307886271</isbn10><isbn13>9780307886279</isbn13></isbn><isbn><isbn10>0307939804</isbn10><isbn13>9780307939807</isbn13></isbn></isbns><buy_links><buy_link><name>Local Booksellers</name><url>http://www.indiebound.org/book/9780307886279?aff=NYT</url></buy_link><buy_link><name>Barnes and Noble</name><url>http://www.anrdoezrs.net/click-7990613-11819508?url=http%3A%2F%2Fwww.barnesandnoble.com%2Fw%2F%3Fean%3D9780307886279</url></buy_link><buy_link><name>Amazon</name><url>http://www.amazon.com/Everyone-Hanging-Without-Other-Concerns-ebook/dp/B004JN1D3M?tag=NYTBS-20</url></buy_link></buy_links></book><book><rank>20</rank><rank_last_week>0</rank_last_week><weeks_on_list>0</weeks_on_list><asterisk>0</asterisk><dagger>0</dagger><primary_isbn10>None</primary_isbn10><primary_isbn13>9780762769209</primary_isbn13><publisher>Lyons Press</publisher><description>The founder of ShrinkTalk.net explains how he deals with his own personal problems and those of the people he treats.</description><price>0</price><title>CRAZY</title><author>Rob Dobrenski</author><contributor>by Rob Dobrenski</contributor><contributor_note></contributor_note><book_image>https://s1.nyt.com/du/books/images/9780762769209.jpg</book_image><book_image_width>330</book_image_width><book_image_height>480</book_image_height><amazon_product_url>http://www.amazon.com/Crazy-Notes-On-Off-Couch-ebook/dp/B00MJD6K14?tag=NYTBS-20</amazon_product_url><age_group></age_group><book_review_link></book_review_link><first_chapter_link></first_chapter_link><sunday_review_link></sunday_review_link><article_chapter_link></article_chapter_link><isbns/><buy_links><buy_link><name>Local Booksellers</name><url>http://www.indiebound.org/book/9780762769209?aff=NYT</url></buy_link><buy_link><name>Barnes and Noble</name><url>http://www.anrdoezrs.net/click-7990613-11819508?url=http%3A%2F%2Fwww.barnesandnoble.com%2Fw%2F%3Fean%3D9780762769209</url></buy_link><buy_link><name>Amazon</name><url>http://www.amazon.com/Crazy-Notes-On-Off-Couch-ebook/dp/B00MJD6K14?tag=NYTBS-20</url></buy_link></buy_links></book></books><corrections/></results></result_set>
