<?xml version="1.0" encoding="UTF-8"?>
<result_set><status>OK</status><copyright>Copyright (c) 2018 The New York Times Company.  All Rights Reserved.</copyright><num_results>35</num_results><last_modified>2016-04-28T15:03:27-04:00</last_modified><results><list_name>Combined Print and E-Book Nonfiction</list_name><list_name_encoded>combined-print-and-e-book-nonfiction</list_name_encoded><bestsellers_date>2012-12-22</bestsellers_date><published_date>2013-01-06</published_date><published_date_description></published_date_description><next_published_date>2013-01-13</next_published_date><previous_published_date>2012-12-30</previous_published_date><display_name><![CDATA[Combined Print & E-Book Nonfiction]]></display_name><normal_list_ends_at>15</normal_list_ends_at><updated>WEEKLY</updated><books><book><rank>1</rank><rank_last_week>2</rank_last_week><weeks_on_list>9</weeks_on_list><asterisk>0</asterisk><dagger>0</dagger><primary_isbn10>1451695195</primary_isbn10><primary_isbn13>9781451695199</primary_isbn13><publisher><![CDATA[Simon & Schuster]]></publisher><description>A neurosurgeon recounts his near death experience during a coma from bacterial meningitis.</description><price>0</price><title>PROOF OF HEAVEN</title><author>Eben Alexander</author><contributor>by Eben Alexander</contributor><contributor_note></contributor_note><book_image>https://s1.nyt.com/du/books/images/9781451695199.jpg</book_image><book_image_width>300</book_image_width><book_image_height>300</book_image_height><amazon_product_url>http://www.amazon.com/Proof-Heaven-Neurosurgeons-Journey-Afterlife/dp/1451695195?tag=NYTBS-20</amazon_product_url><age_group></age_group><book_review_link></book_review_link><first_chapter_link></first_chapter_link><sunday_review_link></sunday_review_link><article_chapter_link></article_chapter_link><isbns><isbn><isbn10>1451695187</isbn10><isbn13>9781451695182</isbn13></isbn><isbn><isbn10>1451695195</isbn10><isbn13>9781451695199</isbn13></isbn><isbn><isbn10>1451695209</isbn10><isbn13>9781451695205</isbn13></isbn><isbn><isbn10>1476753024</isbn10><isbn13>9781476753027</isbn13></isbn><isbn><isbn10>1442359315</isbn10><isbn13>9781442359314</isbn13></isbn><isbn><isbn10>1410458806</isbn10><isbn13>9781410458803</isbn13></isbn></isbns><buy_links><buy_link><name>Local Booksellers</name><url>http://www.indiebound.org/book/9781451695199?aff=NYT</url></buy_link><buy_link><name>Barnes and Noble</name><url>http://www.anrdoezrs.net/click-7990613-11819508?url=http%3A%2F%2Fwww.barnesandnoble.com%2Fw%2F%3Fean%3D9781451695199</url></buy_link><buy_link><name>Amazon</name><url>http://www.amazon.com/Proof-Heaven-Neurosurgeons-Journey-Afterlife/dp/1451695195?tag=NYTBS-20</url></buy_link></buy_links></book><book><rank>2</rank><rank_last_week>1</rank_last_week><weeks_on_list>12</weeks_on_list><asterisk>0</asterisk><dagger>0</dagger><primary_isbn10>0805096663</primary_isbn10><primary_isbn13>9780805096668</primary_isbn13><publisher><![CDATA[Henry Holt & Company]]></publisher><description>The host of “The O’Reilly Factor” recounts the events surrounding the assassination of John F. Kennedy.</description><price>0</price><title>KILLING KENNEDY</title><author>Bill O'Reilly and Martin Dugard</author><contributor>by Bill O'Reilly and Martin Dugard</contributor><contributor_note></contributor_note><book_image>https://s1.nyt.com/du/books/images/9780805096668.jpg</book_image><book_image_width>327</book_image_width><book_image_height>495</book_image_height><amazon_product_url>http://www.amazon.com/Killing-Kennedy-The-End-Camelot-ebook/dp/B0079886DY?tag=NYTBS-20</amazon_product_url><age_group></age_group><book_review_link></book_review_link><first_chapter_link></first_chapter_link><sunday_review_link></sunday_review_link><article_chapter_link></article_chapter_link><isbns><isbn><isbn10>0805096663</isbn10><isbn13>9780805096668</isbn13></isbn><isbn><isbn10>0805096671</isbn10><isbn13>9780805096675</isbn13></isbn><isbn><isbn10>1427226849</isbn10><isbn13>9781427226846</isbn13></isbn><isbn><isbn10>1410452964</isbn10><isbn13>9781410452962</isbn13></isbn><isbn><isbn10>1250092337</isbn10><isbn13>9781250092335</isbn13></isbn></isbns><buy_links><buy_link><name>Local Booksellers</name><url>http://www.indiebound.org/book/9780805096668?aff=NYT</url></buy_link><buy_link><name>Barnes and Noble</name><url>http://www.anrdoezrs.net/click-7990613-11819508?url=http%3A%2F%2Fwww.barnesandnoble.com%2Fw%2F%3Fean%3D9780805096668</url></buy_link><buy_link><name>Amazon</name><url>http://www.amazon.com/Killing-Kennedy-The-End-Camelot-ebook/dp/B0079886DY?tag=NYTBS-20</url></buy_link></buy_links></book><book><rank>3</rank><rank_last_week>3</rank_last_week><weeks_on_list>6</weeks_on_list><asterisk>0</asterisk><dagger>0</dagger><primary_isbn10>1400067669</primary_isbn10><primary_isbn13>9781400067664</primary_isbn13><publisher>Random House Publishing</publisher><description>The Pulitzer Prize-winning journalist celebrates Jefferson’s skills as a practical politician.</description><price>0</price><title>THOMAS JEFFERSON</title><author>Jon Meacham</author><contributor>by Jon Meacham</contributor><contributor_note></contributor_note><book_image>https://s1.nyt.com/du/books/images/9780679645368.jpg</book_image><book_image_width>330</book_image_width><book_image_height>491</book_image_height><amazon_product_url>http://www.amazon.com/Thomas-Jefferson-The-Art-Power-ebook/dp/B0089EHKE8?tag=NYTBS-20</amazon_product_url><age_group></age_group><book_review_link></book_review_link><first_chapter_link></first_chapter_link><sunday_review_link>https://www.nytimes.com/2012/11/11/books/review/thomas-jefferson-the-art-of-power-by-jon-meacham.html</sunday_review_link><article_chapter_link></article_chapter_link><isbns><isbn><isbn10>1400067669</isbn10><isbn13>9781400067664</isbn13></isbn><isbn><isbn10>0679645365</isbn10><isbn13>9780679645368</isbn13></isbn><isbn><isbn10>0307990877</isbn10><isbn13>9780307990877</isbn13></isbn><isbn><isbn10>0739334611</isbn10><isbn13>9780739334614</isbn13></isbn><isbn><isbn10>0812979486</isbn10><isbn13>9780812979480</isbn13></isbn></isbns><buy_links><buy_link><name>Local Booksellers</name><url>http://www.indiebound.org/book/9781400067664?aff=NYT</url></buy_link><buy_link><name>Barnes and Noble</name><url>http://www.anrdoezrs.net/click-7990613-11819508?url=http%3A%2F%2Fwww.barnesandnoble.com%2Fw%2F%3Fean%3D9781400067664</url></buy_link><buy_link><name>Amazon</name><url>http://www.amazon.com/Thomas-Jefferson-The-Art-Power-ebook/dp/B0089EHKE8?tag=NYTBS-20</url></buy_link></buy_links></book><book><rank>4</rank><rank_last_week>4</rank_last_week><weeks_on_list>64</weeks_on_list><asterisk>0</asterisk><dagger>0</dagger><primary_isbn10>0805093079</primary_isbn10><primary_isbn13>9780805093070</primary_isbn13><publisher><![CDATA[Henry Holt & Company]]></publisher><description>The host of “The O’Reilly Factor” recounts the assassination of Abraham Lincoln.</description><price>0</price><title>KILLING LINCOLN</title><author>Bill O'Reilly and Martin Dugard</author><contributor>by Bill O'Reilly and Martin Dugard</contributor><contributor_note></contributor_note><book_image>https://s1.nyt.com/du/books/images/9780805093070.jpg</book_image><book_image_width>324</book_image_width><book_image_height>495</book_image_height><amazon_product_url>http://www.amazon.com/Killing-Lincoln-Shocking-Assassination-Changed-ebook/dp/B004ULORYU?tag=NYTBS-20</amazon_product_url><age_group></age_group><book_review_link></book_review_link><first_chapter_link></first_chapter_link><sunday_review_link></sunday_review_link><article_chapter_link></article_chapter_link><isbns><isbn><isbn10>0805093079</isbn10><isbn13>9780805093070</isbn13></isbn><isbn><isbn10>1429996870</isbn10><isbn13>9781429996877</isbn13></isbn><isbn><isbn10>1427213127</isbn10><isbn13>9781427213129</isbn13></isbn><isbn><isbn10>1410443000</isbn10><isbn13>9781410443007</isbn13></isbn><isbn><isbn10>1250012163</isbn10><isbn13>9781250012166</isbn13></isbn><isbn><isbn10>1250105218</isbn10><isbn13>9781250105219</isbn13></isbn></isbns><buy_links><buy_link><name>Local Booksellers</name><url>http://www.indiebound.org/book/9780805093070?aff=NYT</url></buy_link><buy_link><name>Barnes and Noble</name><url>http://www.anrdoezrs.net/click-7990613-11819508?url=http%3A%2F%2Fwww.barnesandnoble.com%2Fw%2F%3Fean%3D9780805093070</url></buy_link><buy_link><name>Amazon</name><url>http://www.amazon.com/Killing-Lincoln-Shocking-Assassination-Changed-ebook/dp/B004ULORYU?tag=NYTBS-20</url></buy_link></buy_links></book><book><rank>5</rank><rank_last_week>5</rank_last_week><weeks_on_list>16</weeks_on_list><asterisk>0</asterisk><dagger>0</dagger><primary_isbn10>0525953728</primary_isbn10><primary_isbn13>9780525953722</primary_isbn13><publisher>Penguin Group</publisher><description>An account of the mission that killed Osama bin Laden, by a former member of the Navy SEALs, writing pseudonymously.</description><price>0</price><title>NO EASY DAY</title><author>Mark Owen with Kevin Maurer</author><contributor>by Mark Owen with Kevin Maurer</contributor><contributor_note></contributor_note><book_image>https://s1.nyt.com/du/books/images/9781101611302.jpg</book_image><book_image_width>330</book_image_width><book_image_height>490</book_image_height><amazon_product_url>http://www.amazon.com/No-Easy-Day-Firsthand-Account/dp/0451468740?tag=NYTBS-20</amazon_product_url><age_group></age_group><book_review_link>https://www.nytimes.com/2012/09/03/books/no-easy-day-by-mark-owen-with-kevin-maurer.html</book_review_link><first_chapter_link></first_chapter_link><sunday_review_link>https://www.nytimes.com/2012/10/21/books/review/no-easy-day-by-mark-owen.html</sunday_review_link><article_chapter_link></article_chapter_link><isbns><isbn><isbn10>0525953728</isbn10><isbn13>9780525953722</isbn13></isbn><isbn><isbn10>1611761565</isbn10><isbn13>9781611761566</isbn13></isbn><isbn><isbn10>0451468740</isbn10><isbn13>9780451468741</isbn13></isbn></isbns><buy_links><buy_link><name>Local Booksellers</name><url>http://www.indiebound.org/book/9780525953722?aff=NYT</url></buy_link><buy_link><name>Barnes and Noble</name><url>http://www.anrdoezrs.net/click-7990613-11819508?url=http%3A%2F%2Fwww.barnesandnoble.com%2Fw%2F%3Fean%3D9780525953722</url></buy_link><buy_link><name>Amazon</name><url>http://www.amazon.com/No-Easy-Day-Firsthand-Account/dp/0451468740?tag=NYTBS-20</url></buy_link></buy_links></book><book><rank>6</rank><rank_last_week>6</rank_last_week><weeks_on_list>7</weeks_on_list><asterisk>0</asterisk><dagger>0</dagger><primary_isbn10>0743270754</primary_isbn10><primary_isbn13>9780743270755</primary_isbn13><publisher><![CDATA[Simon & Schuster]]></publisher><description>The political genius of Abraham Lincoln, revealed in his relationship with his cabinet; originally published in 2005.</description><price>0</price><title>TEAM OF RIVALS</title><author>Doris Kearns Goodwin</author><contributor>by Doris Kearns Goodwin</contributor><contributor_note></contributor_note><book_image>https://s1.nyt.com/du/books/images/9780743270755.jpg</book_image><book_image_width>119</book_image_width><book_image_height>180</book_image_height><amazon_product_url>http://www.amazon.com/Team-Rivals-Political-Abraham-Lincoln/dp/0743270754?tag=NYTBS-20</amazon_product_url><age_group></age_group><book_review_link>https://www.nytimes.com/2005/10/25/books/25kaku.html</book_review_link><first_chapter_link></first_chapter_link><sunday_review_link>https://www.nytimes.com/2005/11/06/books/review/06mcpherson.html</sunday_review_link><article_chapter_link></article_chapter_link><isbns><isbn><isbn10>0743270754</isbn10><isbn13>9780743270755</isbn13></isbn><isbn><isbn10>1451688091</isbn10><isbn13>9781451688092</isbn13></isbn><isbn><isbn10>0684824906</isbn10><isbn13>9780684824901</isbn13></isbn><isbn><isbn10>1416549838</isbn10><isbn13>9781416549833</isbn13></isbn></isbns><buy_links><buy_link><name>Local Booksellers</name><url>http://www.indiebound.org/book/9780743270755?aff=NYT</url></buy_link><buy_link><name>Barnes and Noble</name><url>http://www.anrdoezrs.net/click-7990613-11819508?url=http%3A%2F%2Fwww.barnesandnoble.com%2Fw%2F%3Fean%3D9780743270755</url></buy_link><buy_link><name>Amazon</name><url>http://www.amazon.com/Team-Rivals-Political-Abraham-Lincoln/dp/0743270754?tag=NYTBS-20</url></buy_link></buy_links></book><book><rank>7</rank><rank_last_week>7</rank_last_week><weeks_on_list>7</weeks_on_list><asterisk>0</asterisk><dagger>0</dagger><primary_isbn10>0446583979</primary_isbn10><primary_isbn13>9780446583978</primary_isbn13><publisher>Grand Central Publishing</publisher><description>The mock pundit of Comedy Central’s “Colbert Report” tells how to bring America back from the brink.</description><price>0</price><title>AMERICA AGAIN</title><author>Stephen Colbert and others</author><contributor>by Stephen Colbert and others</contributor><contributor_note></contributor_note><book_image>https://s1.nyt.com/du/books/images/9780446583978.jpg</book_image><book_image_width>128</book_image_width><book_image_height>167</book_image_height><amazon_product_url>http://www.amazon.com/America-Again-Re-becoming-Greatness-Werent/dp/0446583979?tag=NYTBS-20</amazon_product_url><age_group></age_group><book_review_link></book_review_link><first_chapter_link></first_chapter_link><sunday_review_link></sunday_review_link><article_chapter_link></article_chapter_link><isbns><isbn><isbn10>0446583979</isbn10><isbn13>9780446583978</isbn13></isbn><isbn><isbn10>0446583987</isbn10><isbn13>9780446583985</isbn13></isbn><isbn><isbn10>1607889706</isbn10><isbn13>9781607889700</isbn13></isbn><isbn><isbn10>0446583995</isbn10><isbn13>9780446583992</isbn13></isbn></isbns><buy_links><buy_link><name>Local Booksellers</name><url>http://www.indiebound.org/book/9780446583978?aff=NYT</url></buy_link><buy_link><name>Barnes and Noble</name><url>http://www.anrdoezrs.net/click-7990613-11819508?url=http%3A%2F%2Fwww.barnesandnoble.com%2Fw%2F%3Fean%3D9780446583978</url></buy_link><buy_link><name>Amazon</name><url>http://www.amazon.com/America-Again-Re-becoming-Greatness-Werent/dp/0446583979?tag=NYTBS-20</url></buy_link></buy_links></book><book><rank>8</rank><rank_last_week>9</rank_last_week><weeks_on_list>100</weeks_on_list><asterisk>0</asterisk><dagger>0</dagger><primary_isbn10>1400064163</primary_isbn10><primary_isbn13>9781400064168</primary_isbn13><publisher>Random House Publishing</publisher><description>An Olympic runner’s story of survival as a prisoner of the Japanese in World War II.</description><price>0</price><title>UNBROKEN</title><author>Laura Hillenbrand</author><contributor>by Laura Hillenbrand</contributor><contributor_note></contributor_note><book_image>https://s1.nyt.com/du/books/images/9781400064168.jpg</book_image><book_image_width>264</book_image_width><book_image_height>400</book_image_height><amazon_product_url>http://www.amazon.com/Unbroken-World-Survival-Resilience-Redemption/dp/1400064163?tag=NYTBS-20</amazon_product_url><age_group></age_group><book_review_link>https://www.nytimes.com/2010/11/15/books/15book.html</book_review_link><first_chapter_link></first_chapter_link><sunday_review_link>https://www.nytimes.com/2010/11/21/books/review/Margolick-t.html</sunday_review_link><article_chapter_link></article_chapter_link><isbns><isbn><isbn10>1400064163</isbn10><isbn13>9781400064168</isbn13></isbn><isbn><isbn10>0679603751</isbn10><isbn13>9780679603757</isbn13></isbn><isbn><isbn10>0375435018</isbn10><isbn13>9780375435010</isbn13></isbn><isbn><isbn10></isbn10><isbn13></isbn13></isbn><isbn><isbn10>0739319698</isbn10><isbn13>9780739319697</isbn13></isbn><isbn><isbn10>0007378033</isbn10><isbn13>9780007378036</isbn13></isbn><isbn><isbn10>0812974492</isbn10><isbn13>9780812974492</isbn13></isbn><isbn><isbn10>0606355987</isbn10><isbn13>9780606355988</isbn13></isbn><isbn><isbn10>081298711X</isbn10><isbn13>9780812987119</isbn13></isbn><isbn><isbn10>0553397117</isbn10><isbn13>9780553397116</isbn13></isbn><isbn><isbn10>1101912626</isbn10><isbn13>9781101912621</isbn13></isbn><isbn><isbn10>1984818449</isbn10><isbn13>9781984818447</isbn13></isbn><isbn><isbn10>1984837621</isbn10><isbn13>9781984837622</isbn13></isbn></isbns><buy_links><buy_link><name>Local Booksellers</name><url>http://www.indiebound.org/book/9781400064168?aff=NYT</url></buy_link><buy_link><name>Barnes and Noble</name><url>http://www.anrdoezrs.net/click-7990613-11819508?url=http%3A%2F%2Fwww.barnesandnoble.com%2Fw%2F%3Fean%3D9781400064168</url></buy_link><buy_link><name>Amazon</name><url>http://www.amazon.com/Unbroken-World-Survival-Resilience-Redemption/dp/1400064163?tag=NYTBS-20</url></buy_link></buy_links></book><book><rank>9</rank><rank_last_week>8</rank_last_week><weeks_on_list>11</weeks_on_list><asterisk>0</asterisk><dagger>0</dagger><primary_isbn10>159420411X</primary_isbn10><primary_isbn13>9781594204111</primary_isbn13><publisher>Penguin Group</publisher><description>An examination of predictions, the ones that come true and the ones that don’t.</description><price>0</price><title>THE SIGNAL AND THE NOISE</title><author>Nate Silver</author><contributor>by Nate Silver</contributor><contributor_note></contributor_note><book_image>https://s1.nyt.com/du/books/images/9781594204111.jpg</book_image><book_image_width>265</book_image_width><book_image_height>400</book_image_height><amazon_product_url>http://www.amazon.com/The-Signal-Noise-Predictions-Fail-but-ebook/dp/B007V65R54?tag=NYTBS-20</amazon_product_url><age_group></age_group><book_review_link>https://www.nytimes.com/2012/10/24/books/nate-silvers-signal-and-the-noise-examines-predictions.html</book_review_link><first_chapter_link></first_chapter_link><sunday_review_link>https://www.nytimes.com/2012/11/04/books/review/the-signal-and-the-noise-by-nate-silver.html</sunday_review_link><article_chapter_link></article_chapter_link><isbns><isbn><isbn10>159420411X</isbn10><isbn13>9781594204111</isbn13></isbn><isbn><isbn10>0143125087</isbn10><isbn13>9780143125082</isbn13></isbn></isbns><buy_links><buy_link><name>Local Booksellers</name><url>http://www.indiebound.org/book/9781594204111?aff=NYT</url></buy_link><buy_link><name>Barnes and Noble</name><url>http://www.anrdoezrs.net/click-7990613-11819508?url=http%3A%2F%2Fwww.barnesandnoble.com%2Fw%2F%3Fean%3D9781594204111</url></buy_link><buy_link><name>Amazon</name><url>http://www.amazon.com/The-Signal-Noise-Predictions-Fail-but-ebook/dp/B007V65R54?tag=NYTBS-20</url></buy_link></buy_links></book><book><rank>10</rank><rank_last_week>0</rank_last_week><weeks_on_list>91</weeks_on_list><asterisk>0</asterisk><dagger>0</dagger><primary_isbn10>0849946158</primary_isbn10><primary_isbn13>9780849946158</primary_isbn13><publisher>Thomas Nelson</publisher><description>A father recounts his 3-year-old son’s encounter with Jesus and the angels during an appendectomy.</description><price>0</price><title>HEAVEN IS FOR REAL</title><author>Todd Burpo with Lynn Vincent</author><contributor>by Todd Burpo with Lynn Vincent</contributor><contributor_note></contributor_note><book_image>https://s1.nyt.com/du/books/images/9780849949203.jpg</book_image><book_image_width>309</book_image_width><book_image_height>495</book_image_height><amazon_product_url>http://www.amazon.com/Heaven-Real-Little-Astounding-Story-ebook/dp/B004A90BXS?tag=NYTBS-20</amazon_product_url><age_group></age_group><book_review_link>https://www.nytimes.com/2011/03/12/books/heaven-is-for-real-is-publishing-phenomenon.html</book_review_link><first_chapter_link></first_chapter_link><sunday_review_link></sunday_review_link><article_chapter_link></article_chapter_link><isbns><isbn><isbn10>0849946158</isbn10><isbn13>9780849946158</isbn13></isbn><isbn><isbn10>0849948363</isbn10><isbn13>9780849948367</isbn13></isbn><isbn><isbn10>0849922070</isbn10><isbn13>9780849922077</isbn13></isbn></isbns><buy_links><buy_link><name>Local Booksellers</name><url>http://www.indiebound.org/book/9780849946158?aff=NYT</url></buy_link><buy_link><name>Barnes and Noble</name><url>http://www.anrdoezrs.net/click-7990613-11819508?url=http%3A%2F%2Fwww.barnesandnoble.com%2Fw%2F%3Fean%3D9780849946158</url></buy_link><buy_link><name>Amazon</name><url>http://www.amazon.com/Heaven-Real-Little-Astounding-Story-ebook/dp/B004A90BXS?tag=NYTBS-20</url></buy_link></buy_links></book><book><rank>11</rank><rank_last_week>10</rank_last_week><weeks_on_list>6</weeks_on_list><asterisk>0</asterisk><dagger>0</dagger><primary_isbn10>1400067553</primary_isbn10><primary_isbn13>9781400067558</primary_isbn13><publisher>Random House Publishing</publisher><description>A journalist reports on families striving for better lives in a Mumbai slum.</description><price>0</price><title>BEHIND THE BEAUTIFUL FOREVERS</title><author>Katherine Boo</author><contributor>by Katherine Boo</contributor><contributor_note></contributor_note><book_image>https://s1.nyt.com/du/books/images/9780812979329.jpg</book_image><book_image_width>321</book_image_width><book_image_height>495</book_image_height><amazon_product_url>http://www.amazon.com/Behind-Beautiful-Forevers-Mumbai-Undercity/dp/081297932X?tag=NYTBS-20</amazon_product_url><age_group></age_group><book_review_link>https://www.nytimes.com/2012/01/31/books/katherine-boos-first-book-behind-the-beautiful-forevers.html</book_review_link><first_chapter_link></first_chapter_link><sunday_review_link>https://www.nytimes.com/2012/02/12/books/review/katherine-boos-behind-the-beautiful-forevers-explores-a-mumbai-slum.html</sunday_review_link><article_chapter_link></article_chapter_link><isbns><isbn><isbn10>1400067553</isbn10><isbn13>9781400067558</isbn13></isbn><isbn><isbn10>0679643958</isbn10><isbn13>9780679643951</isbn13></isbn><isbn><isbn10>0679645500</isbn10><isbn13>9780679645504</isbn13></isbn><isbn><isbn10>0307934055</isbn10><isbn13>9780307934055</isbn13></isbn><isbn><isbn10>081297932X</isbn10><isbn13>9780812979329</isbn13></isbn><isbn><isbn10>1594136181</isbn10><isbn13>9781594136184</isbn13></isbn></isbns><buy_links><buy_link><name>Local Booksellers</name><url>http://www.indiebound.org/book/9781400067558?aff=NYT</url></buy_link><buy_link><name>Barnes and Noble</name><url>http://www.anrdoezrs.net/click-7990613-11819508?url=http%3A%2F%2Fwww.barnesandnoble.com%2Fw%2F%3Fean%3D9781400067558</url></buy_link><buy_link><name>Amazon</name><url>http://www.amazon.com/Behind-Beautiful-Forevers-Mumbai-Undercity/dp/081297932X?tag=NYTBS-20</url></buy_link></buy_links></book><book><rank>12</rank><rank_last_week>13</rank_last_week><weeks_on_list>5</weeks_on_list><asterisk>0</asterisk><dagger>0</dagger><primary_isbn10>0062193643</primary_isbn10><primary_isbn13>9780062193643</primary_isbn13><publisher>HarperCollins Publishers</publisher><description>The musician muses on family, friends, Texas and life on the road.</description><price>0</price><title>ROLL ME UP AND SMOKE ME WHEN I DIE</title><author>Willie Nelson</author><contributor>by Willie Nelson</contributor><contributor_note></contributor_note><book_image>https://s1.nyt.com/du/books/images/9780062193650.jpg</book_image><book_image_width>330</book_image_width><book_image_height>494</book_image_height><amazon_product_url>http://www.amazon.com/Roll-Me-Smoke-When-Die-ebook/dp/B007JLCMKY?tag=NYTBS-20</amazon_product_url><age_group></age_group><book_review_link></book_review_link><first_chapter_link></first_chapter_link><sunday_review_link></sunday_review_link><article_chapter_link></article_chapter_link><isbns><isbn><isbn10>0062193643</isbn10><isbn13>9780062193643</isbn13></isbn><isbn><isbn10>0062193651</isbn10><isbn13>9780062193650</isbn13></isbn></isbns><buy_links><buy_link><name>Local Booksellers</name><url>http://www.indiebound.org/book/9780062193643?aff=NYT</url></buy_link><buy_link><name>Barnes and Noble</name><url>http://www.anrdoezrs.net/click-7990613-11819508?url=http%3A%2F%2Fwww.barnesandnoble.com%2Fw%2F%3Fean%3D9780062193643</url></buy_link><buy_link><name>Amazon</name><url>http://www.amazon.com/Roll-Me-Smoke-When-Die-ebook/dp/B007JLCMKY?tag=NYTBS-20</url></buy_link></buy_links></book><book><rank>13</rank><rank_last_week>12</rank_last_week><weeks_on_list>5</weeks_on_list><asterisk>0</asterisk><dagger>0</dagger><primary_isbn10>1439191824</primary_isbn10><primary_isbn13>9781439191828</primary_isbn13><publisher><![CDATA[Simon & Schuster]]></publisher><description>A biography of Bruce Springsteen looks at his family, his music and his drive for fame and influence.</description><price>0</price><title>BRUCE</title><author>Peter Ames Carlin</author><contributor>by Peter Ames Carlin</contributor><contributor_note></contributor_note><book_image>https://s1.nyt.com/du/books/images/9781439191842.jpg</book_image><book_image_width>128</book_image_width><book_image_height>190</book_image_height><amazon_product_url>http://www.amazon.com/Bruce-Peter-Ames-Carlin-ebook/dp/B007EDOL92?tag=NYTBS-20</amazon_product_url><age_group></age_group><book_review_link></book_review_link><first_chapter_link></first_chapter_link><sunday_review_link></sunday_review_link><article_chapter_link></article_chapter_link><isbns><isbn><isbn10>1439191824</isbn10><isbn13>9781439191828</isbn13></isbn></isbns><buy_links><buy_link><name>Local Booksellers</name><url>http://www.indiebound.org/book/9781439191828?aff=NYT</url></buy_link><buy_link><name>Barnes and Noble</name><url>http://www.anrdoezrs.net/click-7990613-11819508?url=http%3A%2F%2Fwww.barnesandnoble.com%2Fw%2F%3Fean%3D9781439191828</url></buy_link><buy_link><name>Amazon</name><url>http://www.amazon.com/Bruce-Peter-Ames-Carlin-ebook/dp/B007EDOL92?tag=NYTBS-20</url></buy_link></buy_links></book><book><rank>14</rank><rank_last_week>14</rank_last_week><weeks_on_list>8</weeks_on_list><asterisk>0</asterisk><dagger>0</dagger><primary_isbn10>0399159460</primary_isbn10><primary_isbn13>9780399159466</primary_isbn13><publisher>Penguin Group</publisher><description>The rocker’s memoir ranges over his personal life and his music.</description><price>0</price><title>WAGING HEAVY PEACE</title><author>Neil Young</author><contributor>by Neil Young</contributor><contributor_note></contributor_note><book_image>https://s1.nyt.com/du/books/images/9780399159466.jpg</book_image><book_image_width>128</book_image_width><book_image_height>192</book_image_height><amazon_product_url>http://www.amazon.com/Waging-Heavy-Peace-Hippie-Dream/dp/0142180319?tag=NYTBS-20</amazon_product_url><age_group></age_group><book_review_link>https://www.nytimes.com/2012/10/29/books/neil-youngs-memoir-waging-heavy-peace.html</book_review_link><first_chapter_link></first_chapter_link><sunday_review_link>https://www.nytimes.com/2012/10/28/books/review/neil-youngs-waging-heavy-peace.html</sunday_review_link><article_chapter_link></article_chapter_link><isbns><isbn><isbn10>0399159460</isbn10><isbn13>9780399159466</isbn13></isbn><isbn><isbn10>024196217X</isbn10><isbn13>9780241962176</isbn13></isbn><isbn><isbn10>0399162844</isbn10><isbn13>9780399162848</isbn13></isbn><isbn><isbn10>0142180319</isbn10><isbn13>9780142180310</isbn13></isbn></isbns><buy_links><buy_link><name>Local Booksellers</name><url>http://www.indiebound.org/book/9780399159466?aff=NYT</url></buy_link><buy_link><name>Barnes and Noble</name><url>http://www.anrdoezrs.net/click-7990613-11819508?url=http%3A%2F%2Fwww.barnesandnoble.com%2Fw%2F%3Fean%3D9780399159466</url></buy_link><buy_link><name>Amazon</name><url>http://www.amazon.com/Waging-Heavy-Peace-Hippie-Dream/dp/0142180319?tag=NYTBS-20</url></buy_link></buy_links></book><book><rank>15</rank><rank_last_week>0</rank_last_week><weeks_on_list>31</weeks_on_list><asterisk>0</asterisk><dagger>0</dagger><primary_isbn10>0307592731</primary_isbn10><primary_isbn13>9780307592736</primary_isbn13><publisher>Knopf Doubleday Publishing</publisher><description>A woman’s account of a life-changing 1,100-mile hike along the Pacific Crest Trail.</description><price>0</price><title>WILD</title><author>Cheryl Strayed</author><contributor>by Cheryl Strayed</contributor><contributor_note></contributor_note><book_image>https://s1.nyt.com/du/books/images/9780307476074.jpg</book_image><book_image_width>321</book_image_width><book_image_height>495</book_image_height><amazon_product_url>http://www.amazon.com/Wild-Found-Pacific-Crest-Trail/dp/0307476073?tag=NYTBS-20</amazon_product_url><age_group></age_group><book_review_link>https://www.nytimes.com/2012/03/28/books/wild-by-cheryl-strayed-a-walkabout-of-reinvention.html</book_review_link><first_chapter_link></first_chapter_link><sunday_review_link>https://www.nytimes.com/2012/04/01/books/review/wild-a-hiking-memoir-by-cheryl-strayed.html</sunday_review_link><article_chapter_link></article_chapter_link><isbns><isbn><isbn10>0307592731</isbn10><isbn13>9780307592736</isbn13></isbn><isbn><isbn10>0307957659</isbn10><isbn13>9780307957658</isbn13></isbn><isbn><isbn10>0307476073</isbn10><isbn13>9780307476074</isbn13></isbn><isbn><isbn10>1594136742</isbn10><isbn13>9781594136740</isbn13></isbn><isbn><isbn10>0307970299</isbn10><isbn13>9780307970299</isbn13></isbn><isbn><isbn10>1101873442</isbn10><isbn13>9781101873441</isbn13></isbn></isbns><buy_links><buy_link><name>Local Booksellers</name><url>http://www.indiebound.org/book/9780307592736?aff=NYT</url></buy_link><buy_link><name>Barnes and Noble</name><url>http://www.anrdoezrs.net/click-7990613-11819508?url=http%3A%2F%2Fwww.barnesandnoble.com%2Fw%2F%3Fean%3D9780307592736</url></buy_link><buy_link><name>Amazon</name><url>http://www.amazon.com/Wild-Found-Pacific-Crest-Trail/dp/0307476073?tag=NYTBS-20</url></buy_link></buy_links></book><book><rank>16</rank><rank_last_week>0</rank_last_week><weeks_on_list>0</weeks_on_list><asterisk>0</asterisk><dagger>0</dagger><primary_isbn10>0316227706</primary_isbn10><primary_isbn13>9780316227704</primary_isbn13><publisher><![CDATA[Little, Brown & Company]]></publisher><description>Portraits of dogs paddling, chasing and churning chaotically in swimming pools and ponds.</description><price>0</price><title>UNDERWATER DOGS</title><author>Seth Casteel</author><contributor>by Seth Casteel</contributor><contributor_note></contributor_note><book_image>https://s1.nyt.com/du/books/images/9780316227704.jpg</book_image><book_image_width>128</book_image_width><book_image_height>111</book_image_height><amazon_product_url>http://www.amazon.com/Underwater-Dogs-Seth-Casteel/dp/0316227706?tag=NYTBS-20</amazon_product_url><age_group></age_group><book_review_link></book_review_link><first_chapter_link></first_chapter_link><sunday_review_link></sunday_review_link><article_chapter_link></article_chapter_link><isbns><isbn><isbn10>0316227706</isbn10><isbn13>9780316227704</isbn13></isbn><isbn><isbn10>0316255580</isbn10><isbn13>9780316255585</isbn13></isbn></isbns><buy_links><buy_link><name>Local Booksellers</name><url>http://www.indiebound.org/book/9780316227704?aff=NYT</url></buy_link><buy_link><name>Barnes and Noble</name><url>http://www.anrdoezrs.net/click-7990613-11819508?url=http%3A%2F%2Fwww.barnesandnoble.com%2Fw%2F%3Fean%3D9780316227704</url></buy_link><buy_link><name>Amazon</name><url>http://www.amazon.com/Underwater-Dogs-Seth-Casteel/dp/0316227706?tag=NYTBS-20</url></buy_link></buy_links></book><book><rank>17</rank><rank_last_week>0</rank_last_week><weeks_on_list>0</weeks_on_list><asterisk>0</asterisk><dagger>0</dagger><primary_isbn10>0316547700</primary_isbn10><primary_isbn13>9780316547703</primary_isbn13><publisher><![CDATA[Little, Brown & Company]]></publisher><description>This biography of Winston Churchill, reaching from World War II until his death in 1965, stresses his courage, intellect and will to action.</description><price>0</price><title>LAST LION</title><author>William Manchester and Paul Reid</author><contributor>by William Manchester and Paul Reid</contributor><contributor_note></contributor_note><book_image>https://s1.nyt.com/du/books/images/9780316244855.jpg</book_image><book_image_width>326</book_image_width><book_image_height>495</book_image_height><amazon_product_url>http://www.amazon.com/The-Last-Lion-Churchill-1940-1965-ebook/dp/B0076DEPUK?tag=NYTBS-20</amazon_product_url><age_group></age_group><book_review_link>https://www.nytimes.com/1983/05/25/books/books-of-the-times-188171.html</book_review_link><first_chapter_link></first_chapter_link><sunday_review_link>https://www.nytimes.com/2012/12/23/books/review/the-last-lion-by-william-manchester-and-paul-reid.html</sunday_review_link><article_chapter_link></article_chapter_link><isbns><isbn><isbn10>0316547700</isbn10><isbn13>9780316547703</isbn13></isbn><isbn><isbn10>0385313314</isbn10><isbn13>9780385313315</isbn13></isbn><isbn><isbn10>0316222143</isbn10><isbn13>9780316222143</isbn13></isbn><isbn><isbn10>0316244856</isbn10><isbn13>9780316244855</isbn13></isbn><isbn><isbn10>0385313489</isbn10><isbn13>9780385313483</isbn13></isbn><isbn><isbn10>0316545031</isbn10><isbn13>9780316545037</isbn13></isbn><isbn><isbn10>1470819538</isbn10><isbn13>9781470819538</isbn13></isbn></isbns><buy_links><buy_link><name>Local Booksellers</name><url>http://www.indiebound.org/book/9780316547703?aff=NYT</url></buy_link><buy_link><name>Barnes and Noble</name><url>http://www.anrdoezrs.net/click-7990613-11819508?url=http%3A%2F%2Fwww.barnesandnoble.com%2Fw%2F%3Fean%3D9780316547703</url></buy_link><buy_link><name>Amazon</name><url>http://www.amazon.com/The-Last-Lion-Churchill-1940-1965-ebook/dp/B0076DEPUK?tag=NYTBS-20</url></buy_link></buy_links></book><book><rank>18</rank><rank_last_week>0</rank_last_week><weeks_on_list>0</weeks_on_list><asterisk>0</asterisk><dagger>0</dagger><primary_isbn10>1594203768</primary_isbn10><primary_isbn13>9781594203763</primary_isbn13><publisher>Penguin Group</publisher><description>The life and times of Joseph P. Kennedy.</description><price>0</price><title>PATRIARCH</title><author>David Nasaw</author><contributor>by David Nasaw</contributor><contributor_note></contributor_note><book_image>https://s1.nyt.com/du/books/images/9781101595916.jpg</book_image><book_image_width>128</book_image_width><book_image_height>195</book_image_height><amazon_product_url>http://www.amazon.com/The-Patriarch-Remarkable-Turbulent-Kennedy/dp/1594203768?tag=NYTBS-20</amazon_product_url><age_group></age_group><book_review_link>https://www.nytimes.com/2012/11/30/books/david-nasaws-patriarch-on-joseph-p-kennedy.html</book_review_link><first_chapter_link></first_chapter_link><sunday_review_link>https://www.nytimes.com/2012/11/18/books/review/the-patriarch-a-joseph-p-kennedy-biography-by-david-nasaw.html</sunday_review_link><article_chapter_link></article_chapter_link><isbns><isbn><isbn10>1594203768</isbn10><isbn13>9781594203763</isbn13></isbn><isbn><isbn10>1611761387</isbn10><isbn13>9781611761382</isbn13></isbn></isbns><buy_links><buy_link><name>Local Booksellers</name><url>http://www.indiebound.org/book/9781594203763?aff=NYT</url></buy_link><buy_link><name>Barnes and Noble</name><url>http://www.anrdoezrs.net/click-7990613-11819508?url=http%3A%2F%2Fwww.barnesandnoble.com%2Fw%2F%3Fean%3D9781594203763</url></buy_link><buy_link><name>Amazon</name><url>http://www.amazon.com/The-Patriarch-Remarkable-Turbulent-Kennedy/dp/1594203768?tag=NYTBS-20</url></buy_link></buy_links></book><book><rank>19</rank><rank_last_week>0</rank_last_week><weeks_on_list>0</weeks_on_list><asterisk>0</asterisk><dagger>0</dagger><primary_isbn10>0316133264</primary_isbn10><primary_isbn13>9780316133265</primary_isbn13><publisher><![CDATA[Little, Brown & Company]]></publisher><description>A wry encyclopedia from the satirical news publication.</description><price>0</price><title>THE ONION BOOK OF KNOWN KNOWLEDGE</title><author>the staff of The Onion</author><contributor>by the staff of The Onion</contributor><contributor_note></contributor_note><book_image>https://s1.nyt.com/du/books/images/9780316133265.jpg</book_image><book_image_width>330</book_image_width><book_image_height>422</book_image_height><amazon_product_url>http://www.amazon.com/Onion-Book-Known-Knowledge-Encyclopaedia/dp/0316133248?tag=NYTBS-20</amazon_product_url><age_group></age_group><book_review_link></book_review_link><first_chapter_link></first_chapter_link><sunday_review_link></sunday_review_link><article_chapter_link></article_chapter_link><isbns><isbn><isbn10>0316133264</isbn10><isbn13>9780316133265</isbn13></isbn><isbn><isbn10>031613323X</isbn10><isbn13>9780316133234</isbn13></isbn><isbn><isbn10>0316133248</isbn10><isbn13>9780316133241</isbn13></isbn></isbns><buy_links><buy_link><name>Local Booksellers</name><url>http://www.indiebound.org/book/9780316133265?aff=NYT</url></buy_link><buy_link><name>Barnes and Noble</name><url>http://www.anrdoezrs.net/click-7990613-11819508?url=http%3A%2F%2Fwww.barnesandnoble.com%2Fw%2F%3Fean%3D9780316133265</url></buy_link><buy_link><name>Amazon</name><url>http://www.amazon.com/Onion-Book-Known-Knowledge-Encyclopaedia/dp/0316133248?tag=NYTBS-20</url></buy_link></buy_links></book><book><rank>20</rank><rank_last_week>0</rank_last_week><weeks_on_list>0</weeks_on_list><asterisk>0</asterisk><dagger>0</dagger><primary_isbn10>1400049628</primary_isbn10><primary_isbn13>9781400049622</primary_isbn13><publisher>Crown Publishing</publisher><description>The comedy writer offers a plan for safeguarding yourself from the living dead.</description><price>0</price><title>THE ZOMBIE SURVIVAL GUIDE</title><author>Max Brooks</author><contributor>by Max Brooks</contributor><contributor_note></contributor_note><book_image>https://s1.nyt.com/du/books/images/9781400049622.jpg</book_image><book_image_width>185</book_image_width><book_image_height>277</book_image_height><amazon_product_url>http://www.amazon.com/The-Zombie-Survival-Guide-Protection/dp/1400049628?tag=NYTBS-20</amazon_product_url><age_group></age_group><book_review_link></book_review_link><first_chapter_link></first_chapter_link><sunday_review_link></sunday_review_link><article_chapter_link></article_chapter_link><isbns><isbn><isbn10>1400049628</isbn10><isbn13>9781400049622</isbn13></isbn><isbn><isbn10>1400050804</isbn10><isbn13>9781400050802</isbn13></isbn></isbns><buy_links><buy_link><name>Local Booksellers</name><url>http://www.indiebound.org/book/9781400049622?aff=NYT</url></buy_link><buy_link><name>Barnes and Noble</name><url>http://www.anrdoezrs.net/click-7990613-11819508?url=http%3A%2F%2Fwww.barnesandnoble.com%2Fw%2F%3Fean%3D9781400049622</url></buy_link><buy_link><name>Amazon</name><url>http://www.amazon.com/The-Zombie-Survival-Guide-Protection/dp/1400049628?tag=NYTBS-20</url></buy_link></buy_links></book></books><corrections/></results></result_set>
