<?xml version="1.0" encoding="UTF-8"?>
<result_set><status>OK</status><copyright>Copyright (c) 2018 The New York Times Company.  All Rights Reserved.</copyright><num_results>25</num_results><last_modified>2017-03-21T13:38:01-04:00</last_modified><results><list_name>Combined Print and E-Book Nonfiction</list_name><list_name_encoded>combined-print-and-e-book-nonfiction</list_name_encoded><bestsellers_date>2013-09-28</bestsellers_date><published_date>2013-10-13</published_date><published_date_description></published_date_description><next_published_date>2013-10-20</next_published_date><previous_published_date>2013-10-06</previous_published_date><display_name><![CDATA[Combined Print & E-Book Nonfiction]]></display_name><normal_list_ends_at>15</normal_list_ends_at><updated>WEEKLY</updated><books><book><rank>1</rank><rank_last_week>0</rank_last_week><weeks_on_list>1</weeks_on_list><asterisk>0</asterisk><dagger>0</dagger><primary_isbn10>0805098542</primary_isbn10><primary_isbn13>9780805098549</primary_isbn13><publisher>Holt</publisher><description>Jesus’ life and times, and the events leading up to his execution.</description><price>0</price><title>KILLING JESUS</title><author>Bill O'Reilly and Martin Dugard</author><contributor>by Bill O'Reilly and Martin Dugard</contributor><contributor_note></contributor_note><book_image>https://s1.nyt.com/du/books/images/9780805098549.jpg</book_image><book_image_width>326</book_image_width><book_image_height>495</book_image_height><amazon_product_url>http://www.amazon.com/Killing-Jesus-Bill-OReilly/dp/0805098542?tag=NYTBS-20</amazon_product_url><age_group></age_group><book_review_link></book_review_link><first_chapter_link></first_chapter_link><sunday_review_link></sunday_review_link><article_chapter_link></article_chapter_link><isbns><isbn><isbn10>0805098542</isbn10><isbn13>9780805098549</isbn13></isbn><isbn><isbn10>1410462420</isbn10><isbn13>9781410462428</isbn13></isbn><isbn><isbn10>1427233322</isbn10><isbn13>9781427233325</isbn13></isbn><isbn><isbn10>1250142202</isbn10><isbn13>9781250142207</isbn13></isbn></isbns><buy_links><buy_link><name>Local Booksellers</name><url>http://www.indiebound.org/book/9780805098549?aff=NYT</url></buy_link><buy_link><name>Barnes and Noble</name><url>http://www.anrdoezrs.net/click-7990613-11819508?url=http%3A%2F%2Fwww.barnesandnoble.com%2Fw%2F%3Fean%3D9780805098549</url></buy_link><buy_link><name>Amazon</name><url>http://www.amazon.com/Killing-Jesus-Bill-OReilly/dp/0805098542?tag=NYTBS-20</url></buy_link></buy_links></book><book><rank>2</rank><rank_last_week>1</rank_last_week><weeks_on_list>4</weeks_on_list><asterisk>0</asterisk><dagger>0</dagger><primary_isbn10>1476745374</primary_isbn10><primary_isbn13>9781476745374</primary_isbn13><publisher>Howard Books</publisher><description>Tales from Phil’s youngest brother, retired from the Army, who works in the Duck Commander workshop.</description><price>0</price><title>SI-COLOGY 1</title><author>Si Robertson with Mark Schlabach</author><contributor>by Si Robertson with Mark Schlabach</contributor><contributor_note></contributor_note><book_image>https://s1.nyt.com/du/books/images/9781476745398.jpg</book_image><book_image_width>324</book_image_width><book_image_height>495</book_image_height><amazon_product_url>http://www.amazon.com/Si-cology-Tales-Wisdom-Dynastys-Favorite-ebook/dp/B00C0CPCVI?tag=NYTBS-20</amazon_product_url><age_group></age_group><book_review_link></book_review_link><first_chapter_link></first_chapter_link><sunday_review_link></sunday_review_link><article_chapter_link></article_chapter_link><isbns><isbn><isbn10>1476745374</isbn10><isbn13>9781476745374</isbn13></isbn><isbn><isbn10>1476745390</isbn10><isbn13>9781476745398</isbn13></isbn><isbn><isbn10>159415483X</isbn10><isbn13>9781594154836</isbn13></isbn></isbns><buy_links><buy_link><name>Local Booksellers</name><url>http://www.indiebound.org/book/9781476745374?aff=NYT</url></buy_link><buy_link><name>Barnes and Noble</name><url>http://www.anrdoezrs.net/click-7990613-11819508?url=http%3A%2F%2Fwww.barnesandnoble.com%2Fw%2F%3Fean%3D9781476745374</url></buy_link><buy_link><name>Amazon</name><url>http://www.amazon.com/Si-cology-Tales-Wisdom-Dynastys-Favorite-ebook/dp/B00C0CPCVI?tag=NYTBS-20</url></buy_link></buy_links></book><book><rank>3</rank><rank_last_week>3</rank_last_week><weeks_on_list>11</weeks_on_list><asterisk>0</asterisk><dagger>0</dagger><primary_isbn10>0385530269</primary_isbn10><primary_isbn13>9780385530262</primary_isbn13><publisher><![CDATA[Spiegel & Grau]]></publisher><description>A memoir by a Brooklyn woman whose relationship with a drug runner gets her sentenced to a year in prison. The basis for the Netflix series, originally published in 2010.</description><price>0</price><title>ORANGE IS THE NEW BLACK</title><author>Piper Kerman</author><contributor>by Piper Kerman</contributor><contributor_note></contributor_note><book_image>https://s1.nyt.com/du/books/images/9780385530262.jpg</book_image><book_image_width>330</book_image_width><book_image_height>440</book_image_height><amazon_product_url>http://www.amazon.com/Orange-Is-New-Black-Womens-ebook/dp/B0036S4B6M?tag=NYTBS-20</amazon_product_url><age_group></age_group><book_review_link></book_review_link><first_chapter_link></first_chapter_link><sunday_review_link></sunday_review_link><article_chapter_link></article_chapter_link><isbns><isbn><isbn10>0385530269</isbn10><isbn13>9780385530262</isbn13></isbn><isbn><isbn10>0385523394</isbn10><isbn13>9780385523394</isbn13></isbn><isbn><isbn10>0812986180</isbn10><isbn13>9780812986181</isbn13></isbn><isbn><isbn10>1410472124</isbn10><isbn13>9781410472120</isbn13></isbn><isbn><isbn10>1452607664</isbn10><isbn13>9781452607665</isbn13></isbn><isbn><isbn10>1452657661</isbn10><isbn13>9781452657660</isbn13></isbn></isbns><buy_links><buy_link><name>Local Booksellers</name><url>http://www.indiebound.org/book/9780385530262?aff=NYT</url></buy_link><buy_link><name>Barnes and Noble</name><url>http://www.anrdoezrs.net/click-7990613-11819508?url=http%3A%2F%2Fwww.barnesandnoble.com%2Fw%2F%3Fean%3D9780385530262</url></buy_link><buy_link><name>Amazon</name><url>http://www.amazon.com/Orange-Is-New-Black-Womens-ebook/dp/B0036S4B6M?tag=NYTBS-20</url></buy_link></buy_links></book><book><rank>4</rank><rank_last_week>2</rank_last_week><weeks_on_list>3</weeks_on_list><asterisk>0</asterisk><dagger>0</dagger><primary_isbn10>0805098208</primary_isbn10><primary_isbn13>9780805098204</primary_isbn13><publisher>Holt</publisher><description>The 65-year-old comedian’s reminiscences and his complaints about aging.</description><price>0</price><title>STILL FOOLIN' 'EM</title><author>Billy Crystal</author><contributor>by Billy Crystal</contributor><contributor_note></contributor_note><book_image>https://s1.nyt.com/du/books/images/9780805098204.jpg</book_image><book_image_width>328</book_image_width><book_image_height>495</book_image_height><amazon_product_url>http://www.amazon.com/Still-Foolin-Em-Where-Going-ebook/dp/B00940L38U?tag=NYTBS-20</amazon_product_url><age_group></age_group><book_review_link></book_review_link><first_chapter_link></first_chapter_link><sunday_review_link></sunday_review_link><article_chapter_link></article_chapter_link><isbns><isbn><isbn10>0805098208</isbn10><isbn13>9780805098204</isbn13></isbn><isbn><isbn10>1250051843</isbn10><isbn13>9781250051844</isbn13></isbn><isbn><isbn10>1427229503</isbn10><isbn13>9781427229502</isbn13></isbn></isbns><buy_links><buy_link><name>Local Booksellers</name><url>http://www.indiebound.org/book/9780805098204?aff=NYT</url></buy_link><buy_link><name>Barnes and Noble</name><url>http://www.anrdoezrs.net/click-7990613-11819508?url=http%3A%2F%2Fwww.barnesandnoble.com%2Fw%2F%3Fean%3D9780805098204</url></buy_link><buy_link><name>Amazon</name><url>http://www.amazon.com/Still-Foolin-Em-Where-Going-ebook/dp/B00940L38U?tag=NYTBS-20</url></buy_link></buy_links></book><book><rank>5</rank><rank_last_week>7</rank_last_week><weeks_on_list>11</weeks_on_list><asterisk>0</asterisk><dagger>0</dagger><primary_isbn10>140006922X</primary_isbn10><primary_isbn13>9781400069224</primary_isbn13><publisher>Random House</publisher><description>A biography of Jesus of Nazareth presents him in the context of his times as the leader of a revolutionary movement.</description><price>0</price><title>ZEALOT</title><author>Reza Aslan</author><contributor>by Reza Aslan</contributor><contributor_note></contributor_note><book_image>https://s1.nyt.com/du/books/images/9781400069224.jpg</book_image><book_image_width>326</book_image_width><book_image_height>495</book_image_height><amazon_product_url>http://www.amazon.com/Zealot-Life-Times-Jesus-Nazareth-ebook/dp/B00BRUQ7ZY?tag=NYTBS-20</amazon_product_url><age_group></age_group><book_review_link>https://www.nytimes.com/2013/08/06/books/reza-aslans-zealot-the-life-and-times-of-jesus-of-nazareth.html</book_review_link><first_chapter_link></first_chapter_link><sunday_review_link></sunday_review_link><article_chapter_link></article_chapter_link><isbns><isbn><isbn10>140006922X</isbn10><isbn13>9781400069224</isbn13></isbn><isbn><isbn10>0679603530</isbn10><isbn13>9780679603535</isbn13></isbn><isbn><isbn10>0812981480</isbn10><isbn13>9780812981483</isbn13></isbn><isbn><isbn10>080419257X</isbn10><isbn13>9780804192576</isbn13></isbn></isbns><buy_links><buy_link><name>Local Booksellers</name><url>http://www.indiebound.org/book/9781400069224?aff=NYT</url></buy_link><buy_link><name>Barnes and Noble</name><url>http://www.anrdoezrs.net/click-7990613-11819508?url=http%3A%2F%2Fwww.barnesandnoble.com%2Fw%2F%3Fean%3D9781400069224</url></buy_link><buy_link><name>Amazon</name><url>http://www.amazon.com/Zealot-Life-Times-Jesus-Nazareth-ebook/dp/B00BRUQ7ZY?tag=NYTBS-20</url></buy_link></buy_links></book><book><rank>6</rank><rank_last_week>5</rank_last_week><weeks_on_list>3</weeks_on_list><asterisk>0</asterisk><dagger>0</dagger><primary_isbn10>0345545567</primary_isbn10><primary_isbn13>9780345545565</primary_isbn13><publisher>Ballantine</publisher><description>The eccentric life of the reclusive heiress Huguette Clark, who died at the age of 104 in 2011.</description><price>0</price><title>EMPTY MANSIONS</title><author>Bill Dedman and Paul Clark Newell Jr</author><contributor>by Bill Dedman and Paul Clark Newell Jr.</contributor><contributor_note></contributor_note><book_image>https://s1.nyt.com/du/books/images/9780345545565.jpg</book_image><book_image_width>321</book_image_width><book_image_height>495</book_image_height><amazon_product_url>http://www.amazon.com/Empty-Mansions-Mysterious-Huguette-Spending-ebook/dp/B00CK8CJOU?tag=NYTBS-20</amazon_product_url><age_group></age_group><book_review_link></book_review_link><first_chapter_link></first_chapter_link><sunday_review_link></sunday_review_link><article_chapter_link></article_chapter_link><isbns><isbn><isbn10>0345534522</isbn10><isbn13>9780345534521</isbn13></isbn><isbn><isbn10>0345545567</isbn10><isbn13>9780345545565</isbn13></isbn><isbn><isbn10>0345534530</isbn10><isbn13>9780345534538</isbn13></isbn></isbns><buy_links><buy_link><name>Local Booksellers</name><url>http://www.indiebound.org/book/9780345545565?aff=NYT</url></buy_link><buy_link><name>Barnes and Noble</name><url>http://www.anrdoezrs.net/click-7990613-11819508?url=http%3A%2F%2Fwww.barnesandnoble.com%2Fw%2F%3Fean%3D9780345545565</url></buy_link><buy_link><name>Amazon</name><url>http://www.amazon.com/Empty-Mansions-Mysterious-Huguette-Spending-ebook/dp/B00CK8CJOU?tag=NYTBS-20</url></buy_link></buy_links></book><book><rank>7</rank><rank_last_week>6</rank_last_week><weeks_on_list>29</weeks_on_list><asterisk>0</asterisk><dagger>0</dagger><primary_isbn10>0385349947</primary_isbn10><primary_isbn13>9780385349949</primary_isbn13><publisher>Knopf</publisher><description>The chief operating officer of Facebook urges women to pursue their careers without ambivalence.</description><price>0</price><title>LEAN IN</title><author>Sheryl Sandberg with Nell Scovell</author><contributor>by Sheryl Sandberg with Nell Scovell</contributor><contributor_note></contributor_note><book_image>https://s1.nyt.com/du/books/images/9780385349956.jpg</book_image><book_image_width>300</book_image_width><book_image_height>495</book_image_height><amazon_product_url>http://www.amazon.com/Lean-In-Women-Work-Will-ebook/dp/B009LMTDL0?tag=NYTBS-20</amazon_product_url><age_group></age_group><book_review_link>https://www.nytimes.com/2013/03/07/books/sheryl-sandbergs-lean-in.html</book_review_link><first_chapter_link></first_chapter_link><sunday_review_link>https://www.nytimes.com/2013/03/10/books/review/sheryl-sandbergs-lean-in.html</sunday_review_link><article_chapter_link></article_chapter_link><isbns><isbn><isbn10>0385349947</isbn10><isbn13>9780385349949</isbn13></isbn><isbn><isbn10>0385394233</isbn10><isbn13>9780385394239</isbn13></isbn><isbn><isbn10>0553544470</isbn10><isbn13>9780553544473</isbn13></isbn></isbns><buy_links><buy_link><name>Local Booksellers</name><url>http://www.indiebound.org/book/9780385349949?aff=NYT</url></buy_link><buy_link><name>Barnes and Noble</name><url>http://www.anrdoezrs.net/click-7990613-11819508?url=http%3A%2F%2Fwww.barnesandnoble.com%2Fw%2F%3Fean%3D9780385349949</url></buy_link><buy_link><name>Amazon</name><url>http://www.amazon.com/Lean-In-Women-Work-Will-ebook/dp/B009LMTDL0?tag=NYTBS-20</url></buy_link></buy_links></book><book><rank>8</rank><rank_last_week>4</rank_last_week><weeks_on_list>21</weeks_on_list><asterisk>0</asterisk><dagger>0</dagger><primary_isbn10>1476726094</primary_isbn10><primary_isbn13>9781476726090</primary_isbn13><publisher>Howard Books</publisher><description>The Duck Commander pays tribute to “faith, family and ducks.”</description><price>0</price><title>HAPPY, HAPPY, HAPPY</title><author>Phil Robertson with Mark Schlabach</author><contributor>by Phil Robertson with Mark Schlabach</contributor><contributor_note></contributor_note><book_image>https://s1.nyt.com/du/books/images/9781476726090.jpg</book_image><book_image_width>128</book_image_width><book_image_height>193</book_image_height><amazon_product_url>http://www.amazon.com/Happy-Life-Legacy-Duck-Commander-ebook/dp/B009UVMGMA?tag=NYTBS-20</amazon_product_url><age_group></age_group><book_review_link></book_review_link><first_chapter_link></first_chapter_link><sunday_review_link></sunday_review_link><article_chapter_link></article_chapter_link><isbns><isbn><isbn10>1476726094</isbn10><isbn13>9781476726090</isbn13></isbn><isbn><isbn10>1476726116</isbn10><isbn13>9781476726113</isbn13></isbn></isbns><buy_links><buy_link><name>Local Booksellers</name><url>http://www.indiebound.org/book/9781476726090?aff=NYT</url></buy_link><buy_link><name>Barnes and Noble</name><url>http://www.anrdoezrs.net/click-7990613-11819508?url=http%3A%2F%2Fwww.barnesandnoble.com%2Fw%2F%3Fean%3D9781476726090</url></buy_link><buy_link><name>Amazon</name><url>http://www.amazon.com/Happy-Life-Legacy-Duck-Commander-ebook/dp/B009UVMGMA?tag=NYTBS-20</url></buy_link></buy_links></book><book><rank>9</rank><rank_last_week>14</rank_last_week><weeks_on_list>3</weeks_on_list><asterisk>0</asterisk><dagger>0</dagger><primary_isbn10></primary_isbn10><primary_isbn13>9780307718983</primary_isbn13><publisher>Crown</publisher><description>The case of a New Orleans surgeon suspected of euthanizing patients during the Katrina disaster.</description><price>0</price><title>FIVE DAYS AT MEMORIAL</title><author>Sheri Fink</author><contributor>by Sheri Fink</contributor><contributor_note></contributor_note><book_image>https://s1.nyt.com/du/books/images/9780307718983.jpg</book_image><book_image_width>326</book_image_width><book_image_height>495</book_image_height><amazon_product_url>http://www.amazon.com/Five-Days-Memorial-Storm-Ravaged-Hospital-ebook/dp/B00C4BA3GO?tag=NYTBS-20</amazon_product_url><age_group></age_group><book_review_link>https://www.nytimes.com/2013/09/04/books/five-days-at-memorial-by-sheri-fink.html</book_review_link><first_chapter_link></first_chapter_link><sunday_review_link>https://www.nytimes.com/2013/09/08/books/review/sheri-finks-five-days-at-memorial.html</sunday_review_link><article_chapter_link></article_chapter_link><isbns><isbn><isbn10>0307718964</isbn10><isbn13>9780307718969</isbn13></isbn><isbn><isbn10>080412809X</isbn10><isbn13>9780804128094</isbn13></isbn></isbns><buy_links><buy_link><name>Local Booksellers</name><url>http://www.indiebound.org/book/9780307718983?aff=NYT</url></buy_link><buy_link><name>Barnes and Noble</name><url>http://www.anrdoezrs.net/click-7990613-11819508?url=http%3A%2F%2Fwww.barnesandnoble.com%2Fw%2F%3Fean%3D9780307718983</url></buy_link><buy_link><name>Amazon</name><url>http://www.amazon.com/Five-Days-Memorial-Storm-Ravaged-Hospital-ebook/dp/B00C4BA3GO?tag=NYTBS-20</url></buy_link></buy_links></book><book><rank>10</rank><rank_last_week>11</rank_last_week><weeks_on_list>12</weeks_on_list><asterisk>0</asterisk><dagger>0</dagger><primary_isbn10>0062002945</primary_isbn10><primary_isbn13>9780062002945</primary_isbn13><publisher>HarperCollins</publisher><description>A coming-of-age memoir organized around the musings, purveyed on Twitter, of the author’s father.</description><price>0</price><title>_____ MY DAD SAYS</title><author>Justin Halpern</author><contributor>by Justin Halpern</contributor><contributor_note></contributor_note><book_image>https://s1.nyt.com/du/books/images/9780062002945.jpg</book_image><book_image_width>304</book_image_width><book_image_height>400</book_image_height><amazon_product_url>http://www.amazon.com/Sh-t-My-Dad-Says-ebook/dp/B003H4I58K?tag=NYTBS-20</amazon_product_url><age_group></age_group><book_review_link></book_review_link><first_chapter_link></first_chapter_link><sunday_review_link></sunday_review_link><article_chapter_link></article_chapter_link><isbns><isbn><isbn10>0061992704</isbn10><isbn13>9780061992704</isbn13></isbn><isbn><isbn10>0062002945</isbn10><isbn13>9780062002945</isbn13></isbn></isbns><buy_links><buy_link><name>Local Booksellers</name><url>http://www.indiebound.org/book/9780062002945?aff=NYT</url></buy_link><buy_link><name>Barnes and Noble</name><url>http://www.anrdoezrs.net/click-7990613-11819508?url=http%3A%2F%2Fwww.barnesandnoble.com%2Fw%2F%3Fean%3D9780062002945</url></buy_link><buy_link><name>Amazon</name><url>http://www.amazon.com/Sh-t-My-Dad-Says-ebook/dp/B003H4I58K?tag=NYTBS-20</url></buy_link></buy_links></book><book><rank>11</rank><rank_last_week>10</rank_last_week><weeks_on_list>49</weeks_on_list><asterisk>0</asterisk><dagger>0</dagger><primary_isbn10>1451695195</primary_isbn10><primary_isbn13>9781451695199</primary_isbn13><publisher><![CDATA[Simon & Schuster]]></publisher><description>A neurosurgeon recounts his near death experience during a coma from bacterial meningitis.</description><price>0</price><title>PROOF OF HEAVEN</title><author>Eben Alexander</author><contributor>by Eben Alexander</contributor><contributor_note></contributor_note><book_image>https://s1.nyt.com/du/books/images/9781451695199.jpg</book_image><book_image_width>300</book_image_width><book_image_height>300</book_image_height><amazon_product_url>http://www.amazon.com/Proof-Heaven-Neurosurgeons-Journey-Afterlife/dp/1451695195?tag=NYTBS-20</amazon_product_url><age_group></age_group><book_review_link></book_review_link><first_chapter_link></first_chapter_link><sunday_review_link></sunday_review_link><article_chapter_link></article_chapter_link><isbns><isbn><isbn10>1451695187</isbn10><isbn13>9781451695182</isbn13></isbn><isbn><isbn10>1451695195</isbn10><isbn13>9781451695199</isbn13></isbn><isbn><isbn10>1451695209</isbn10><isbn13>9781451695205</isbn13></isbn><isbn><isbn10>1476753024</isbn10><isbn13>9781476753027</isbn13></isbn><isbn><isbn10>1442359315</isbn10><isbn13>9781442359314</isbn13></isbn><isbn><isbn10>1410458806</isbn10><isbn13>9781410458803</isbn13></isbn></isbns><buy_links><buy_link><name>Local Booksellers</name><url>http://www.indiebound.org/book/9781451695199?aff=NYT</url></buy_link><buy_link><name>Barnes and Noble</name><url>http://www.anrdoezrs.net/click-7990613-11819508?url=http%3A%2F%2Fwww.barnesandnoble.com%2Fw%2F%3Fean%3D9781451695199</url></buy_link><buy_link><name>Amazon</name><url>http://www.amazon.com/Proof-Heaven-Neurosurgeons-Journey-Afterlife/dp/1451695195?tag=NYTBS-20</url></buy_link></buy_links></book><book><rank>12</rank><rank_last_week>12</rank_last_week><weeks_on_list>7</weeks_on_list><asterisk>0</asterisk><dagger>0</dagger><primary_isbn10>1451606273</primary_isbn10><primary_isbn13>9781451606270</primary_isbn13><publisher>Threshold Editions</publisher><description>The talk-radio host offers 11 proposals for returning to America’s founding principles.</description><price>0</price><title>THE LIBERTY AMENDMENTS</title><author>Mark R Levin</author><contributor>by Mark R. Levin</contributor><contributor_note></contributor_note><book_image>https://s1.nyt.com/du/books/images/9781451606270.jpg</book_image><book_image_width>316</book_image_width><book_image_height>495</book_image_height><amazon_product_url>http://www.amazon.com/The-Liberty-Amendments-Restoring-American-ebook/dp/B00CO4IP5M?tag=NYTBS-20</amazon_product_url><age_group></age_group><book_review_link></book_review_link><first_chapter_link></first_chapter_link><sunday_review_link></sunday_review_link><article_chapter_link></article_chapter_link><isbns><isbn><isbn10>1451606273</isbn10><isbn13>9781451606270</isbn13></isbn><isbn><isbn10>1451606397</isbn10><isbn13>9781451606393</isbn13></isbn><isbn><isbn10>1442367636</isbn10><isbn13>9781442367630</isbn13></isbn></isbns><buy_links><buy_link><name>Local Booksellers</name><url>http://www.indiebound.org/book/9781451606270?aff=NYT</url></buy_link><buy_link><name>Barnes and Noble</name><url>http://www.anrdoezrs.net/click-7990613-11819508?url=http%3A%2F%2Fwww.barnesandnoble.com%2Fw%2F%3Fean%3D9781451606270</url></buy_link><buy_link><name>Amazon</name><url>http://www.amazon.com/The-Liberty-Amendments-Restoring-American-ebook/dp/B00CO4IP5M?tag=NYTBS-20</url></buy_link></buy_links></book><book><rank>13</rank><rank_last_week>0</rank_last_week><weeks_on_list>1</weeks_on_list><asterisk>0</asterisk><dagger>0</dagger><primary_isbn10>1594202273</primary_isbn10><primary_isbn13>9781594202278</primary_isbn13><publisher>Penguin Press</publisher><description>Accidents and near misses in the management of America’s nuclear arsenal. </description><price>0</price><title>COMMAND AND CONTROL</title><author>Eric Schlosser</author><contributor>by Eric Schlosser</contributor><contributor_note></contributor_note><book_image>https://s1.nyt.com/du/books/images/9781594202278.jpg</book_image><book_image_width>326</book_image_width><book_image_height>495</book_image_height><amazon_product_url>http://www.amazon.com/Command-Control-Damascus-Accident-Illusion-ebook/dp/B00C5R7F8G?tag=NYTBS-20</amazon_product_url><age_group></age_group><book_review_link></book_review_link><first_chapter_link></first_chapter_link><sunday_review_link>https://www.nytimes.com/2013/09/15/books/review/command-and-control-by-eric-schlosser.html</sunday_review_link><article_chapter_link></article_chapter_link><isbns><isbn><isbn10>1594202273</isbn10><isbn13>9781594202278</isbn13></isbn></isbns><buy_links><buy_link><name>Local Booksellers</name><url>http://www.indiebound.org/book/9781594202278?aff=NYT</url></buy_link><buy_link><name>Barnes and Noble</name><url>http://www.anrdoezrs.net/click-7990613-11819508?url=http%3A%2F%2Fwww.barnesandnoble.com%2Fw%2F%3Fean%3D9781594202278</url></buy_link><buy_link><name>Amazon</name><url>http://www.amazon.com/Command-Control-Damascus-Accident-Illusion-ebook/dp/B00C5R7F8G?tag=NYTBS-20</url></buy_link></buy_links></book><book><rank>14</rank><rank_last_week>0</rank_last_week><weeks_on_list>130</weeks_on_list><asterisk>0</asterisk><dagger>0</dagger><primary_isbn10>0679603751</primary_isbn10><primary_isbn13>9780679603757</primary_isbn13><publisher>Random House</publisher><description>An Olympic runner’s story of survival as a prisoner of the Japanese in World War II.</description><price>0</price><title>UNBROKEN</title><author>Laura Hillenbrand</author><contributor>by Laura Hillenbrand</contributor><contributor_note></contributor_note><book_image>https://s1.nyt.com/du/books/images/9781400064168.jpg</book_image><book_image_width>264</book_image_width><book_image_height>400</book_image_height><amazon_product_url>http://www.amazon.com/Unbroken-World-Survival-Resilience-Redemption/dp/1400064163?tag=NYTBS-20</amazon_product_url><age_group></age_group><book_review_link>https://www.nytimes.com/2010/11/15/books/15book.html</book_review_link><first_chapter_link></first_chapter_link><sunday_review_link>https://www.nytimes.com/2010/11/21/books/review/Margolick-t.html</sunday_review_link><article_chapter_link></article_chapter_link><isbns><isbn><isbn10>1400064163</isbn10><isbn13>9781400064168</isbn13></isbn><isbn><isbn10>0679603751</isbn10><isbn13>9780679603757</isbn13></isbn><isbn><isbn10>0375435018</isbn10><isbn13>9780375435010</isbn13></isbn><isbn><isbn10></isbn10><isbn13></isbn13></isbn><isbn><isbn10>0739319698</isbn10><isbn13>9780739319697</isbn13></isbn><isbn><isbn10>0007378033</isbn10><isbn13>9780007378036</isbn13></isbn><isbn><isbn10>0812974492</isbn10><isbn13>9780812974492</isbn13></isbn><isbn><isbn10>0606355987</isbn10><isbn13>9780606355988</isbn13></isbn><isbn><isbn10>081298711X</isbn10><isbn13>9780812987119</isbn13></isbn><isbn><isbn10>0553397117</isbn10><isbn13>9780553397116</isbn13></isbn><isbn><isbn10>1101912626</isbn10><isbn13>9781101912621</isbn13></isbn><isbn><isbn10>1984818449</isbn10><isbn13>9781984818447</isbn13></isbn><isbn><isbn10>1984837621</isbn10><isbn13>9781984837622</isbn13></isbn></isbns><buy_links><buy_link><name>Local Booksellers</name><url>http://www.indiebound.org/book/9780679603757?aff=NYT</url></buy_link><buy_link><name>Barnes and Noble</name><url>http://www.anrdoezrs.net/click-7990613-11819508?url=http%3A%2F%2Fwww.barnesandnoble.com%2Fw%2F%3Fean%3D9780679603757</url></buy_link><buy_link><name>Amazon</name><url>http://www.amazon.com/Unbroken-World-Survival-Resilience-Redemption/dp/1400064163?tag=NYTBS-20</url></buy_link></buy_links></book><book><rank>15</rank><rank_last_week>0</rank_last_week><weeks_on_list>58</weeks_on_list><asterisk>0</asterisk><dagger>0</dagger><primary_isbn10>0307476073</primary_isbn10><primary_isbn13>9780307476074</primary_isbn13><publisher>Knopf</publisher><description>A woman’s account of a life-changing 1,100-mile hike along the Pacific Crest Trail during the summer of 1995.</description><price>0</price><title>WILD</title><author>Cheryl Strayed</author><contributor>by Cheryl Strayed</contributor><contributor_note></contributor_note><book_image>https://s1.nyt.com/du/books/images/9780307476074.jpg</book_image><book_image_width>321</book_image_width><book_image_height>495</book_image_height><amazon_product_url>http://www.amazon.com/Wild-Found-Pacific-Crest-Trail/dp/0307476073?tag=NYTBS-20</amazon_product_url><age_group></age_group><book_review_link>https://www.nytimes.com/2012/03/28/books/wild-by-cheryl-strayed-a-walkabout-of-reinvention.html</book_review_link><first_chapter_link></first_chapter_link><sunday_review_link>https://www.nytimes.com/2012/04/01/books/review/wild-a-hiking-memoir-by-cheryl-strayed.html</sunday_review_link><article_chapter_link></article_chapter_link><isbns><isbn><isbn10>0307592731</isbn10><isbn13>9780307592736</isbn13></isbn><isbn><isbn10>0307957659</isbn10><isbn13>9780307957658</isbn13></isbn><isbn><isbn10>0307476073</isbn10><isbn13>9780307476074</isbn13></isbn><isbn><isbn10>1594136742</isbn10><isbn13>9781594136740</isbn13></isbn><isbn><isbn10>0307970299</isbn10><isbn13>9780307970299</isbn13></isbn><isbn><isbn10>1101873442</isbn10><isbn13>9781101873441</isbn13></isbn></isbns><buy_links><buy_link><name>Local Booksellers</name><url>http://www.indiebound.org/book/9780307476074?aff=NYT</url></buy_link><buy_link><name>Barnes and Noble</name><url>http://www.anrdoezrs.net/click-7990613-11819508?url=http%3A%2F%2Fwww.barnesandnoble.com%2Fw%2F%3Fean%3D9780307476074</url></buy_link><buy_link><name>Amazon</name><url>http://www.amazon.com/Wild-Found-Pacific-Crest-Trail/dp/0307476073?tag=NYTBS-20</url></buy_link></buy_links></book><book><rank>16</rank><rank_last_week>0</rank_last_week><weeks_on_list>0</weeks_on_list><asterisk>0</asterisk><dagger>0</dagger><primary_isbn10></primary_isbn10><primary_isbn13>9781451645620</primary_isbn13><publisher>Scribner</publisher><description>A memoir of a young woman’s brutal kidnapping and 460-day captivity in Somalia.</description><price>0</price><title>A HOUSE IN THE SKY</title><author>Amanda Lindhout and Sara Corbett</author><contributor>by Amanda Lindhout and Sara Corbett</contributor><contributor_note></contributor_note><book_image>https://s1.nyt.com/du/books/images/9781451645613.jpg</book_image><book_image_width>326</book_image_width><book_image_height>495</book_image_height><amazon_product_url>http://www.amazon.com/A-House-Sky-Memoir/dp/1451645619?tag=NYTBS-20</amazon_product_url><age_group></age_group><book_review_link></book_review_link><first_chapter_link></first_chapter_link><sunday_review_link>https://www.nytimes.com/2013/09/08/books/review/a-house-in-the-sky-by-amanda-lindhout-and-sara-corbett.html</sunday_review_link><article_chapter_link></article_chapter_link><isbns><isbn><isbn10>1451645600</isbn10><isbn13>9781451645606</isbn13></isbn><isbn><isbn10>1451645619</isbn10><isbn13>9781451645613</isbn13></isbn><isbn><isbn10>1594137471</isbn10><isbn13>9781594137471</isbn13></isbn></isbns><buy_links><buy_link><name>Local Booksellers</name><url>http://www.indiebound.org/book/9781451645620?aff=NYT</url></buy_link><buy_link><name>Barnes and Noble</name><url>http://www.anrdoezrs.net/click-7990613-11819508?url=http%3A%2F%2Fwww.barnesandnoble.com%2Fw%2F%3Fean%3D9781451645620</url></buy_link><buy_link><name>Amazon</name><url>http://www.amazon.com/A-House-Sky-Memoir/dp/1451645619?tag=NYTBS-20</url></buy_link></buy_links></book><book><rank>17</rank><rank_last_week>0</rank_last_week><weeks_on_list>0</weeks_on_list><asterisk>0</asterisk><dagger>0</dagger><primary_isbn10>0062225790</primary_isbn10><primary_isbn13>9780062225795</primary_isbn13><publisher>Ecco</publisher><description>A memoir of the childhood and intellectual development by the evolutionary biologist (and famous atheist).</description><price>0</price><title>AN APPETITE FOR WONDER</title><author>Richard Dawkins</author><contributor>by Richard Dawkins</contributor><contributor_note></contributor_note><book_image>https://s1.nyt.com/du/books/images/9780062225795.jpg</book_image><book_image_width>330</book_image_width><book_image_height>494</book_image_height><amazon_product_url>http://www.amazon.com/An-Appetite-Wonder-Making-Scientist/dp/0062225790?tag=NYTBS-20</amazon_product_url><age_group></age_group><book_review_link>https://www.nytimes.com/2013/09/19/books/richard-dawkinss-appetite-for-wonder-a-memoir.html</book_review_link><first_chapter_link></first_chapter_link><sunday_review_link></sunday_review_link><article_chapter_link></article_chapter_link><isbns><isbn><isbn10>0062225790</isbn10><isbn13>9780062225795</isbn13></isbn><isbn><isbn10>0062225804</isbn10><isbn13>9780062225801</isbn13></isbn></isbns><buy_links><buy_link><name>Local Booksellers</name><url>http://www.indiebound.org/book/9780062225795?aff=NYT</url></buy_link><buy_link><name>Barnes and Noble</name><url>http://www.anrdoezrs.net/click-7990613-11819508?url=http%3A%2F%2Fwww.barnesandnoble.com%2Fw%2F%3Fean%3D9780062225795</url></buy_link><buy_link><name>Amazon</name><url>http://www.amazon.com/An-Appetite-Wonder-Making-Scientist/dp/0062225790?tag=NYTBS-20</url></buy_link></buy_links></book><book><rank>18</rank><rank_last_week>0</rank_last_week><weeks_on_list>0</weeks_on_list><asterisk>0</asterisk><dagger>0</dagger><primary_isbn10>0307352153</primary_isbn10><primary_isbn13>9780307352156</primary_isbn13><publisher>Crown</publisher><description>Introverts — one-third of the population — are undervalued in American society.</description><price>0</price><title>QUIET</title><author>Susan Cain</author><contributor>by Susan Cain</contributor><contributor_note></contributor_note><book_image>https://s1.nyt.com/du/books/images/9780307452207.jpg</book_image><book_image_width>329</book_image_width><book_image_height>495</book_image_height><amazon_product_url>http://www.amazon.com/Quiet-Power-Introverts-World-Talking-ebook/dp/B004J4WNL2?tag=NYTBS-20</amazon_product_url><age_group></age_group><book_review_link></book_review_link><first_chapter_link></first_chapter_link><sunday_review_link>https://www.nytimes.com/2012/02/12/books/review/susan-cains-quiet-argues-for-the-power-of-introverts.html</sunday_review_link><article_chapter_link></article_chapter_link><isbns><isbn><isbn10>0307352145</isbn10><isbn13>9780307352149</isbn13></isbn><isbn><isbn10>0307452204</isbn10><isbn13>9780307452207</isbn13></isbn><isbn><isbn10>0307352153</isbn10><isbn13>9780307352156</isbn13></isbn><isbn><isbn10>1611734207</isbn10><isbn13>9781611734201</isbn13></isbn><isbn><isbn10>0739341243</isbn10><isbn13>9780739341247</isbn13></isbn><isbn><isbn10>0606320822</isbn10><isbn13>9780606320825</isbn13></isbn></isbns><buy_links><buy_link><name>Local Booksellers</name><url>http://www.indiebound.org/book/9780307352156?aff=NYT</url></buy_link><buy_link><name>Barnes and Noble</name><url>http://www.anrdoezrs.net/click-7990613-11819508?url=http%3A%2F%2Fwww.barnesandnoble.com%2Fw%2F%3Fean%3D9780307352156</url></buy_link><buy_link><name>Amazon</name><url>http://www.amazon.com/Quiet-Power-Introverts-World-Talking-ebook/dp/B004J4WNL2?tag=NYTBS-20</url></buy_link></buy_links></book><book><rank>19</rank><rank_last_week>0</rank_last_week><weeks_on_list>0</weeks_on_list><asterisk>0</asterisk><dagger>0</dagger><primary_isbn10>038553292X</primary_isbn10><primary_isbn13>9780385532921</primary_isbn13><publisher>Doubleday</publisher><description>A history of the Arab revolt against the Turks in World War I focuses on T. E. Lawrence and other international adventurers.</description><price>0</price><title>LAWRENCE IN ARABIA</title><author>Scott Anderson</author><contributor>by Scott Anderson</contributor><contributor_note></contributor_note><book_image>https://s1.nyt.com/du/books/images/9780307476418.jpg</book_image><book_image_width>328</book_image_width><book_image_height>495</book_image_height><amazon_product_url>http://www.amazon.com/Lawrence-Arabia-Deceit-Imperial-Making/dp/0307476413?tag=NYTBS-20</amazon_product_url><age_group></age_group><book_review_link>https://www.nytimes.com/2013/09/09/books/scott-andersons-lawrence-in-arabia-revisits-legends.html</book_review_link><first_chapter_link></first_chapter_link><sunday_review_link>https://www.nytimes.com/2013/08/11/books/review/lawrence-in-arabia-by-scott-anderson.html</sunday_review_link><article_chapter_link></article_chapter_link><isbns><isbn><isbn10>038553292X</isbn10><isbn13>9780385532921</isbn13></isbn><isbn><isbn10>0307476413</isbn10><isbn13>9780307476418</isbn13></isbn></isbns><buy_links><buy_link><name>Local Booksellers</name><url>http://www.indiebound.org/book/9780385532921?aff=NYT</url></buy_link><buy_link><name>Barnes and Noble</name><url>http://www.anrdoezrs.net/click-7990613-11819508?url=http%3A%2F%2Fwww.barnesandnoble.com%2Fw%2F%3Fean%3D9780385532921</url></buy_link><buy_link><name>Amazon</name><url>http://www.amazon.com/Lawrence-Arabia-Deceit-Imperial-Making/dp/0307476413?tag=NYTBS-20</url></buy_link></buy_links></book><book><rank>20</rank><rank_last_week>0</rank_last_week><weeks_on_list>0</weeks_on_list><asterisk>0</asterisk><dagger>0</dagger><primary_isbn10>0345509854</primary_isbn10><primary_isbn13>9780345509857</primary_isbn13><publisher>Random House</publisher><description>Two dogs at Bedlam Farm and an unexpected journey out of darkness.</description><price>0</price><title>IZZY AND LENORE</title><author>Jon Katz</author><contributor>by Jon Katz</contributor><contributor_note></contributor_note><book_image>https://s1.nyt.com/du/books/images/9781400066308.jpg</book_image><book_image_width>327</book_image_width><book_image_height>495</book_image_height><amazon_product_url>http://www.amazon.com/Izzy-Lenore-Dogs-Unexpected-Journey-ebook/dp/B0018QSNXG?tag=NYTBS-20</amazon_product_url><age_group></age_group><book_review_link></book_review_link><first_chapter_link></first_chapter_link><sunday_review_link></sunday_review_link><article_chapter_link></article_chapter_link><isbns><isbn><isbn10>0345509854</isbn10><isbn13>9780345509857</isbn13></isbn></isbns><buy_links><buy_link><name>Local Booksellers</name><url>http://www.indiebound.org/book/9780345509857?aff=NYT</url></buy_link><buy_link><name>Barnes and Noble</name><url>http://www.anrdoezrs.net/click-7990613-11819508?url=http%3A%2F%2Fwww.barnesandnoble.com%2Fw%2F%3Fean%3D9780345509857</url></buy_link><buy_link><name>Amazon</name><url>http://www.amazon.com/Izzy-Lenore-Dogs-Unexpected-Journey-ebook/dp/B0018QSNXG?tag=NYTBS-20</url></buy_link></buy_links></book></books><corrections/></results></result_set>
