<?xml version="1.0" encoding="UTF-8"?>
<result_set><status>OK</status><copyright>Copyright (c) 2018 The New York Times Company.  All Rights Reserved.</copyright><num_results>35</num_results><last_modified>2017-03-21T13:38:01-04:00</last_modified><results><list_name>Combined Print and E-Book Nonfiction</list_name><list_name_encoded>combined-print-and-e-book-nonfiction</list_name_encoded><bestsellers_date>2013-02-09</bestsellers_date><published_date>2013-02-24</published_date><published_date_description></published_date_description><next_published_date>2013-03-03</next_published_date><previous_published_date>2013-02-17</previous_published_date><display_name><![CDATA[Combined Print & E-Book Nonfiction]]></display_name><normal_list_ends_at>15</normal_list_ends_at><updated>WEEKLY</updated><books><book><rank>1</rank><rank_last_week>8</rank_last_week><weeks_on_list>19</weeks_on_list><asterisk>0</asterisk><dagger>0</dagger><primary_isbn10>006208237X</primary_isbn10><primary_isbn13>9780062082374</primary_isbn13><publisher>HarperCollins Publishers</publisher><description>A member of the Navy SEALs, recently shot to death in Texas, discusses his battlefield experiences.</description><price>0</price><title>AMERICAN SNIPER</title><author>Chris Kyle with Scott McEwen and Jim DeFelice</author><contributor>by Chris Kyle with Scott McEwen and Jim DeFelice</contributor><contributor_note></contributor_note><book_image>https://s1.nyt.com/du/books/images/9780062082374.jpg</book_image><book_image_width>328</book_image_width><book_image_height>495</book_image_height><amazon_product_url>http://www.amazon.com/American-Sniper-Autobiography-Military-History/dp/0062238868?tag=NYTBS-20</amazon_product_url><age_group></age_group><book_review_link></book_review_link><first_chapter_link></first_chapter_link><sunday_review_link></sunday_review_link><article_chapter_link></article_chapter_link><isbns><isbn><isbn10>0062082353</isbn10><isbn13>9780062082350</isbn13></isbn><isbn><isbn10>006208237X</isbn10><isbn13>9780062082374</isbn13></isbn><isbn><isbn10>0062209493</isbn10><isbn13>9780062209498</isbn13></isbn><isbn><isbn10>0062107062</isbn10><isbn13>9780062107060</isbn13></isbn><isbn><isbn10>0062238868</isbn10><isbn13>9780062238863</isbn13></isbn><isbn><isbn10>0062290797</isbn10><isbn13>9780062290793</isbn13></isbn><isbn><isbn10>0062376578</isbn10><isbn13>9780062376572</isbn13></isbn><isbn><isbn10>0062376330</isbn10><isbn13>9780062376336</isbn13></isbn><isbn><isbn10>0062297872</isbn10><isbn13>9780062297877</isbn13></isbn><isbn><isbn10>0062082361</isbn10><isbn13>9780062082367</isbn13></isbn></isbns><buy_links><buy_link><name>Local Booksellers</name><url>http://www.indiebound.org/book/9780062082374?aff=NYT</url></buy_link><buy_link><name>Barnes and Noble</name><url>http://www.anrdoezrs.net/click-7990613-11819508?url=http%3A%2F%2Fwww.barnesandnoble.com%2Fw%2F%3Fean%3D9780062082374</url></buy_link><buy_link><name>Amazon</name><url>http://www.amazon.com/American-Sniper-Autobiography-Military-History/dp/0062238868?tag=NYTBS-20</url></buy_link></buy_links></book><book><rank>2</rank><rank_last_week>1</rank_last_week><weeks_on_list>16</weeks_on_list><asterisk>0</asterisk><dagger>0</dagger><primary_isbn10>1451695195</primary_isbn10><primary_isbn13>9781451695199</primary_isbn13><publisher><![CDATA[Simon & Schuster]]></publisher><description>A neurosurgeon recounts his near death experience during a coma from bacterial meningitis.</description><price>0</price><title>PROOF OF HEAVEN</title><author>Eben Alexander</author><contributor>by Eben Alexander</contributor><contributor_note></contributor_note><book_image>https://s1.nyt.com/du/books/images/9781451695199.jpg</book_image><book_image_width>300</book_image_width><book_image_height>300</book_image_height><amazon_product_url>http://www.amazon.com/Proof-Heaven-Neurosurgeons-Journey-Afterlife/dp/1451695195?tag=NYTBS-20</amazon_product_url><age_group></age_group><book_review_link></book_review_link><first_chapter_link></first_chapter_link><sunday_review_link></sunday_review_link><article_chapter_link></article_chapter_link><isbns><isbn><isbn10>1451695187</isbn10><isbn13>9781451695182</isbn13></isbn><isbn><isbn10>1451695195</isbn10><isbn13>9781451695199</isbn13></isbn><isbn><isbn10>1451695209</isbn10><isbn13>9781451695205</isbn13></isbn><isbn><isbn10>1476753024</isbn10><isbn13>9781476753027</isbn13></isbn><isbn><isbn10>1442359315</isbn10><isbn13>9781442359314</isbn13></isbn><isbn><isbn10>1410458806</isbn10><isbn13>9781410458803</isbn13></isbn></isbns><buy_links><buy_link><name>Local Booksellers</name><url>http://www.indiebound.org/book/9781451695199?aff=NYT</url></buy_link><buy_link><name>Barnes and Noble</name><url>http://www.anrdoezrs.net/click-7990613-11819508?url=http%3A%2F%2Fwww.barnesandnoble.com%2Fw%2F%3Fean%3D9781451695199</url></buy_link><buy_link><name>Amazon</name><url>http://www.amazon.com/Proof-Heaven-Neurosurgeons-Journey-Afterlife/dp/1451695195?tag=NYTBS-20</url></buy_link></buy_links></book><book><rank>3</rank><rank_last_week>2</rank_last_week><weeks_on_list>4</weeks_on_list><asterisk>0</asterisk><dagger>0</dagger><primary_isbn10>0307594882</primary_isbn10><primary_isbn13>9780307594884</primary_isbn13><publisher>Knopf Doubleday Publishing</publisher><description>The Supreme Court justice recalls growing up in the Bronx, attending Princeton, working for the Manhattan District Attorney’s office and becoming a federal judge.  </description><price>0</price><title>MY BELOVED WORLD</title><author>Sonia Sotomayor</author><contributor>by Sonia Sotomayor</contributor><contributor_note></contributor_note><book_image>https://s1.nyt.com/du/books/images/9780307594884.jpg</book_image><book_image_width>330</book_image_width><book_image_height>484</book_image_height><amazon_product_url>http://www.amazon.com/My-Beloved-World-Sonia-Sotomayor-ebook/dp/B00957T7CQ?tag=NYTBS-20</amazon_product_url><age_group></age_group><book_review_link>https://www.nytimes.com/2013/01/22/books/my-beloved-world-a-memoir-by-sonia-sotomayor.html</book_review_link><first_chapter_link></first_chapter_link><sunday_review_link>https://www.nytimes.com/2013/01/20/books/review/my-beloved-world-by-sonia-sotomayor.html</sunday_review_link><article_chapter_link></article_chapter_link><isbns><isbn><isbn10>0307594882</isbn10><isbn13>9780307594884</isbn13></isbn><isbn><isbn10>0307913104</isbn10><isbn13>9780307913104</isbn13></isbn><isbn><isbn10>034580483X</isbn10><isbn13>9780345804839</isbn13></isbn><isbn><isbn10>159413703X</isbn10><isbn13>9781594137037</isbn13></isbn></isbns><buy_links><buy_link><name>Local Booksellers</name><url>http://www.indiebound.org/book/9780307594884?aff=NYT</url></buy_link><buy_link><name>Barnes and Noble</name><url>http://www.anrdoezrs.net/click-7990613-11819508?url=http%3A%2F%2Fwww.barnesandnoble.com%2Fw%2F%3Fean%3D9780307594884</url></buy_link><buy_link><name>Amazon</name><url>http://www.amazon.com/My-Beloved-World-Sonia-Sotomayor-ebook/dp/B00957T7CQ?tag=NYTBS-20</url></buy_link></buy_links></book><book><rank>4</rank><rank_last_week>0</rank_last_week><weeks_on_list>1</weeks_on_list><asterisk>0</asterisk><dagger>0</dagger><primary_isbn10>0062248499</primary_isbn10><primary_isbn13>9780062248497</primary_isbn13><publisher>HarperCollins Publishers</publisher><description>How the niece of the Scientology leader David Miscavige left the church at 21. </description><price>0</price><title>BEYOND BELIEF</title><author>Jenna Miscavige Hill with Lisa Pulitzer</author><contributor>by Jenna Miscavige Hill with Lisa Pulitzer</contributor><contributor_note></contributor_note><book_image>https://s1.nyt.com/du/books/images/9780062248497.jpg</book_image><book_image_width>128</book_image_width><book_image_height>190</book_image_height><amazon_product_url>http://www.amazon.com/Beyond-Belief-Secret-Scientology-Harrowing-ebook/dp/B008XOJ7C2?tag=NYTBS-20</amazon_product_url><age_group></age_group><book_review_link></book_review_link><first_chapter_link></first_chapter_link><sunday_review_link></sunday_review_link><article_chapter_link></article_chapter_link><isbns><isbn><isbn10>0062248472</isbn10><isbn13>9780062248473</isbn13></isbn><isbn><isbn10>0062248499</isbn10><isbn13>9780062248497</isbn13></isbn><isbn><isbn10>0062248480</isbn10><isbn13>9780062248480</isbn13></isbn></isbns><buy_links><buy_link><name>Local Booksellers</name><url>http://www.indiebound.org/book/9780062248497?aff=NYT</url></buy_link><buy_link><name>Barnes and Noble</name><url>http://www.anrdoezrs.net/click-7990613-11819508?url=http%3A%2F%2Fwww.barnesandnoble.com%2Fw%2F%3Fean%3D9780062248497</url></buy_link><buy_link><name>Amazon</name><url>http://www.amazon.com/Beyond-Belief-Secret-Scientology-Harrowing-ebook/dp/B008XOJ7C2?tag=NYTBS-20</url></buy_link></buy_links></book><book><rank>5</rank><rank_last_week>7</rank_last_week><weeks_on_list>4</weeks_on_list><asterisk>0</asterisk><dagger>0</dagger><primary_isbn10>0307700666</primary_isbn10><primary_isbn13>9780307700667</primary_isbn13><publisher>Knopf Doubleday Publishing</publisher><description>The Pulitzer Prize-winning author examines the world of Scientology. </description><price>0</price><title>GOING CLEAR</title><author>Lawrence Wright</author><contributor>by Lawrence Wright</contributor><contributor_note></contributor_note><book_image>https://s1.nyt.com/du/books/images/9780307700667.jpg</book_image><book_image_width>330</book_image_width><book_image_height>476</book_image_height><amazon_product_url>http://www.amazon.com/Going-Clear-Scientology-Hollywood-Vintage/dp/0307745309?tag=NYTBS-20</amazon_product_url><age_group></age_group><book_review_link>https://www.nytimes.com/2013/01/14/books/going-clear-by-lawrence-wright-examines-scientology.html</book_review_link><first_chapter_link></first_chapter_link><sunday_review_link>https://www.nytimes.com/2013/01/20/books/review/going-clear-lawrence-wrights-book-on-scientology.html</sunday_review_link><article_chapter_link></article_chapter_link><isbns><isbn><isbn10>0307700666</isbn10><isbn13>9780307700667</isbn13></isbn><isbn><isbn10>0307745309</isbn10><isbn13>9780307745309</isbn13></isbn></isbns><buy_links><buy_link><name>Local Booksellers</name><url>http://www.indiebound.org/book/9780307700667?aff=NYT</url></buy_link><buy_link><name>Barnes and Noble</name><url>http://www.anrdoezrs.net/click-7990613-11819508?url=http%3A%2F%2Fwww.barnesandnoble.com%2Fw%2F%3Fean%3D9780307700667</url></buy_link><buy_link><name>Amazon</name><url>http://www.amazon.com/Going-Clear-Scientology-Hollywood-Vintage/dp/0307745309?tag=NYTBS-20</url></buy_link></buy_links></book><book><rank>6</rank><rank_last_week>6</rank_last_week><weeks_on_list>19</weeks_on_list><asterisk>0</asterisk><dagger>0</dagger><primary_isbn10>0805096663</primary_isbn10><primary_isbn13>9780805096668</primary_isbn13><publisher><![CDATA[Henry Holt & Company]]></publisher><description>The host of “The O’Reilly Factor” recounts the events surrounding the assassination of John F. Kennedy.</description><price>0</price><title>KILLING KENNEDY</title><author>Bill O'Reilly and Martin Dugard</author><contributor>by Bill O'Reilly and Martin Dugard</contributor><contributor_note></contributor_note><book_image>https://s1.nyt.com/du/books/images/9780805096668.jpg</book_image><book_image_width>327</book_image_width><book_image_height>495</book_image_height><amazon_product_url>http://www.amazon.com/Killing-Kennedy-The-End-Camelot-ebook/dp/B0079886DY?tag=NYTBS-20</amazon_product_url><age_group></age_group><book_review_link></book_review_link><first_chapter_link></first_chapter_link><sunday_review_link></sunday_review_link><article_chapter_link></article_chapter_link><isbns><isbn><isbn10>0805096663</isbn10><isbn13>9780805096668</isbn13></isbn><isbn><isbn10>0805096671</isbn10><isbn13>9780805096675</isbn13></isbn><isbn><isbn10>1427226849</isbn10><isbn13>9781427226846</isbn13></isbn><isbn><isbn10>1410452964</isbn10><isbn13>9781410452962</isbn13></isbn><isbn><isbn10>1250092337</isbn10><isbn13>9781250092335</isbn13></isbn></isbns><buy_links><buy_link><name>Local Booksellers</name><url>http://www.indiebound.org/book/9780805096668?aff=NYT</url></buy_link><buy_link><name>Barnes and Noble</name><url>http://www.anrdoezrs.net/click-7990613-11819508?url=http%3A%2F%2Fwww.barnesandnoble.com%2Fw%2F%3Fean%3D9780805096668</url></buy_link><buy_link><name>Amazon</name><url>http://www.amazon.com/Killing-Kennedy-The-End-Camelot-ebook/dp/B0079886DY?tag=NYTBS-20</url></buy_link></buy_links></book><book><rank>7</rank><rank_last_week>9</rank_last_week><weeks_on_list>71</weeks_on_list><asterisk>0</asterisk><dagger>0</dagger><primary_isbn10>0805093079</primary_isbn10><primary_isbn13>9780805093070</primary_isbn13><publisher><![CDATA[Henry Holt & Company]]></publisher><description>The host of “The O’Reilly Factor” recounts the assassination of Abraham Lincoln.</description><price>0</price><title>KILLING LINCOLN</title><author>Bill O'Reilly and Martin Dugard</author><contributor>by Bill O'Reilly and Martin Dugard</contributor><contributor_note></contributor_note><book_image>https://s1.nyt.com/du/books/images/9780805093070.jpg</book_image><book_image_width>324</book_image_width><book_image_height>495</book_image_height><amazon_product_url>http://www.amazon.com/Killing-Lincoln-Shocking-Assassination-Changed-ebook/dp/B004ULORYU?tag=NYTBS-20</amazon_product_url><age_group></age_group><book_review_link></book_review_link><first_chapter_link></first_chapter_link><sunday_review_link></sunday_review_link><article_chapter_link></article_chapter_link><isbns><isbn><isbn10>0805093079</isbn10><isbn13>9780805093070</isbn13></isbn><isbn><isbn10>1429996870</isbn10><isbn13>9781429996877</isbn13></isbn><isbn><isbn10>1427213127</isbn10><isbn13>9781427213129</isbn13></isbn><isbn><isbn10>1410443000</isbn10><isbn13>9781410443007</isbn13></isbn><isbn><isbn10>1250012163</isbn10><isbn13>9781250012166</isbn13></isbn><isbn><isbn10>1250105218</isbn10><isbn13>9781250105219</isbn13></isbn></isbns><buy_links><buy_link><name>Local Booksellers</name><url>http://www.indiebound.org/book/9780805093070?aff=NYT</url></buy_link><buy_link><name>Barnes and Noble</name><url>http://www.anrdoezrs.net/click-7990613-11819508?url=http%3A%2F%2Fwww.barnesandnoble.com%2Fw%2F%3Fean%3D9780805093070</url></buy_link><buy_link><name>Amazon</name><url>http://www.amazon.com/Killing-Lincoln-Shocking-Assassination-Changed-ebook/dp/B004ULORYU?tag=NYTBS-20</url></buy_link></buy_links></book><book><rank>8</rank><rank_last_week>4</rank_last_week><weeks_on_list>12</weeks_on_list><asterisk>0</asterisk><dagger>0</dagger><primary_isbn10>0307352153</primary_isbn10><primary_isbn13>9780307352156</primary_isbn13><publisher>Crown Publishing</publisher><description>Introverts — one-third of the population — are undervalued in American society.</description><price>0</price><title>QUIET</title><author>Susan Cain</author><contributor>by Susan Cain</contributor><contributor_note></contributor_note><book_image>https://s1.nyt.com/du/books/images/9780307452207.jpg</book_image><book_image_width>329</book_image_width><book_image_height>495</book_image_height><amazon_product_url>http://www.amazon.com/Quiet-Power-Introverts-World-Talking-ebook/dp/B004J4WNL2?tag=NYTBS-20</amazon_product_url><age_group></age_group><book_review_link></book_review_link><first_chapter_link></first_chapter_link><sunday_review_link>https://www.nytimes.com/2012/02/12/books/review/susan-cains-quiet-argues-for-the-power-of-introverts.html</sunday_review_link><article_chapter_link></article_chapter_link><isbns><isbn><isbn10>0307352145</isbn10><isbn13>9780307352149</isbn13></isbn><isbn><isbn10>0307452204</isbn10><isbn13>9780307452207</isbn13></isbn><isbn><isbn10>0307352153</isbn10><isbn13>9780307352156</isbn13></isbn><isbn><isbn10>1611734207</isbn10><isbn13>9781611734201</isbn13></isbn><isbn><isbn10>0739341243</isbn10><isbn13>9780739341247</isbn13></isbn><isbn><isbn10>0606320822</isbn10><isbn13>9780606320825</isbn13></isbn></isbns><buy_links><buy_link><name>Local Booksellers</name><url>http://www.indiebound.org/book/9780307352156?aff=NYT</url></buy_link><buy_link><name>Barnes and Noble</name><url>http://www.anrdoezrs.net/click-7990613-11819508?url=http%3A%2F%2Fwww.barnesandnoble.com%2Fw%2F%3Fean%3D9780307352156</url></buy_link><buy_link><name>Amazon</name><url>http://www.amazon.com/Quiet-Power-Introverts-World-Talking-ebook/dp/B004J4WNL2?tag=NYTBS-20</url></buy_link></buy_links></book><book><rank>9</rank><rank_last_week>5</rank_last_week><weeks_on_list>3</weeks_on_list><asterisk>0</asterisk><dagger>0</dagger><primary_isbn10>0547928173</primary_isbn10><primary_isbn13>9780547928173</primary_isbn13><publisher>Houghton Mifflin Harcourt Publishing</publisher><description>The manager’s Red Sox years.</description><price>0</price><title>FRANCONA</title><author>Terry Francona and Dan Shaughnessy</author><contributor>by Terry Francona and Dan Shaughnessy</contributor><contributor_note></contributor_note><book_image>https://s1.nyt.com/du/books/images/9780547928173.jpg</book_image><book_image_width>128</book_image_width><book_image_height>194</book_image_height><amazon_product_url>http://www.amazon.com/Francona-The-Red-Sox-Years/dp/0547928173?tag=NYTBS-20</amazon_product_url><age_group></age_group><book_review_link></book_review_link><first_chapter_link></first_chapter_link><sunday_review_link></sunday_review_link><article_chapter_link></article_chapter_link><isbns><isbn><isbn10>0547928173</isbn10><isbn13>9780547928173</isbn13></isbn><isbn><isbn10>0547928262</isbn10><isbn13>9780547928265</isbn13></isbn><isbn><isbn10>1427233586</isbn10><isbn13>9781427233585</isbn13></isbn><isbn><isbn10>0544227875</isbn10><isbn13>9780544227873</isbn13></isbn></isbns><buy_links><buy_link><name>Local Booksellers</name><url>http://www.indiebound.org/book/9780547928173?aff=NYT</url></buy_link><buy_link><name>Barnes and Noble</name><url>http://www.anrdoezrs.net/click-7990613-11819508?url=http%3A%2F%2Fwww.barnesandnoble.com%2Fw%2F%3Fean%3D9780547928173</url></buy_link><buy_link><name>Amazon</name><url>http://www.amazon.com/Francona-The-Red-Sox-Years/dp/0547928173?tag=NYTBS-20</url></buy_link></buy_links></book><book><rank>10</rank><rank_last_week>13</rank_last_week><weeks_on_list>23</weeks_on_list><asterisk>0</asterisk><dagger>0</dagger><primary_isbn10>0525953728</primary_isbn10><primary_isbn13>9780525953722</primary_isbn13><publisher>Penguin Group</publisher><description>An account of the mission that killed Osama bin Laden, by a former member of the Navy SEALs.</description><price>0</price><title>NO EASY DAY</title><author>Mark Owen with Kevin Maurer</author><contributor>by Mark Owen with Kevin Maurer</contributor><contributor_note></contributor_note><book_image>https://s1.nyt.com/du/books/images/9781101611302.jpg</book_image><book_image_width>330</book_image_width><book_image_height>490</book_image_height><amazon_product_url>http://www.amazon.com/No-Easy-Day-Firsthand-Account/dp/0451468740?tag=NYTBS-20</amazon_product_url><age_group></age_group><book_review_link>https://www.nytimes.com/2012/09/03/books/no-easy-day-by-mark-owen-with-kevin-maurer.html</book_review_link><first_chapter_link></first_chapter_link><sunday_review_link>https://www.nytimes.com/2012/10/21/books/review/no-easy-day-by-mark-owen.html</sunday_review_link><article_chapter_link></article_chapter_link><isbns><isbn><isbn10>0525953728</isbn10><isbn13>9780525953722</isbn13></isbn><isbn><isbn10>1611761565</isbn10><isbn13>9781611761566</isbn13></isbn><isbn><isbn10>0451468740</isbn10><isbn13>9780451468741</isbn13></isbn></isbns><buy_links><buy_link><name>Local Booksellers</name><url>http://www.indiebound.org/book/9780525953722?aff=NYT</url></buy_link><buy_link><name>Barnes and Noble</name><url>http://www.anrdoezrs.net/click-7990613-11819508?url=http%3A%2F%2Fwww.barnesandnoble.com%2Fw%2F%3Fean%3D9780525953722</url></buy_link><buy_link><name>Amazon</name><url>http://www.amazon.com/No-Easy-Day-Firsthand-Account/dp/0451468740?tag=NYTBS-20</url></buy_link></buy_links></book><book><rank>11</rank><rank_last_week>3</rank_last_week><weeks_on_list>2</weeks_on_list><asterisk>0</asterisk><dagger>0</dagger><primary_isbn10>0062238396</primary_isbn10><primary_isbn13>9780062238399</primary_isbn13><publisher>HarperCollins Publishers</publisher><description>The gospel singer discusses her daughter Whitney’s life. </description><price>0</price><title>REMEMBERING WHITNEY</title><author>Cissy Houston with Lisa Dickey</author><contributor>by Cissy Houston with Lisa Dickey</contributor><contributor_note></contributor_note><book_image>https://s1.nyt.com/du/books/images/9780062238399.jpg</book_image><book_image_width>329</book_image_width><book_image_height>495</book_image_height><amazon_product_url>http://www.amazon.com/Remembering-Whitney-Story-Night-Stopped-ebook/dp/B008CH224K?tag=NYTBS-20</amazon_product_url><age_group></age_group><book_review_link></book_review_link><first_chapter_link></first_chapter_link><sunday_review_link></sunday_review_link><article_chapter_link></article_chapter_link><isbns><isbn><isbn10>0062238396</isbn10><isbn13>9780062238399</isbn13></isbn></isbns><buy_links><buy_link><name>Local Booksellers</name><url>http://www.indiebound.org/book/9780062238399?aff=NYT</url></buy_link><buy_link><name>Barnes and Noble</name><url>http://www.anrdoezrs.net/click-7990613-11819508?url=http%3A%2F%2Fwww.barnesandnoble.com%2Fw%2F%3Fean%3D9780062238399</url></buy_link><buy_link><name>Amazon</name><url>http://www.amazon.com/Remembering-Whitney-Story-Night-Stopped-ebook/dp/B008CH224K?tag=NYTBS-20</url></buy_link></buy_links></book><book><rank>12</rank><rank_last_week>0</rank_last_week><weeks_on_list>94</weeks_on_list><asterisk>0</asterisk><dagger>0</dagger><primary_isbn10>None</primary_isbn10><primary_isbn13>9780849949203</primary_isbn13><publisher>Thomas Nelson</publisher><description>A father recounts his 3-year-old son’s encounter with Jesus and the angels during an appendectomy.</description><price>0</price><title>HEAVEN IS FOR REAL</title><author>Todd Burpo with Lynn Vincent</author><contributor>by Todd Burpo with Lynn Vincent</contributor><contributor_note></contributor_note><book_image>https://s1.nyt.com/du/books/images/9780849949203.jpg</book_image><book_image_width>309</book_image_width><book_image_height>495</book_image_height><amazon_product_url>http://www.amazon.com/Heaven-Real-Little-Astounding-Story-ebook/dp/B004A90BXS?tag=NYTBS-20</amazon_product_url><age_group></age_group><book_review_link>https://www.nytimes.com/2011/03/12/books/heaven-is-for-real-is-publishing-phenomenon.html</book_review_link><first_chapter_link></first_chapter_link><sunday_review_link></sunday_review_link><article_chapter_link></article_chapter_link><isbns><isbn><isbn10>0849946158</isbn10><isbn13>9780849946158</isbn13></isbn><isbn><isbn10>0849948363</isbn10><isbn13>9780849948367</isbn13></isbn><isbn><isbn10>0849922070</isbn10><isbn13>9780849922077</isbn13></isbn></isbns><buy_links><buy_link><name>Local Booksellers</name><url>http://www.indiebound.org/book/9780849949203?aff=NYT</url></buy_link><buy_link><name>Barnes and Noble</name><url>http://www.anrdoezrs.net/click-7990613-11819508?url=http%3A%2F%2Fwww.barnesandnoble.com%2Fw%2F%3Fean%3D9780849949203</url></buy_link><buy_link><name>Amazon</name><url>http://www.amazon.com/Heaven-Real-Little-Astounding-Story-ebook/dp/B004A90BXS?tag=NYTBS-20</url></buy_link></buy_links></book><book><rank>13</rank><rank_last_week>14</rank_last_week><weeks_on_list>107</weeks_on_list><asterisk>0</asterisk><dagger>0</dagger><primary_isbn10>0679603751</primary_isbn10><primary_isbn13>9780679603757</primary_isbn13><publisher>Random House Publishing</publisher><description>An Olympic runner’s story of survival as a prisoner of the Japanese in World War II.</description><price>0</price><title>UNBROKEN</title><author>Laura Hillenbrand</author><contributor>by Laura Hillenbrand</contributor><contributor_note></contributor_note><book_image>https://s1.nyt.com/du/books/images/9781400064168.jpg</book_image><book_image_width>264</book_image_width><book_image_height>400</book_image_height><amazon_product_url>http://www.amazon.com/Unbroken-World-Survival-Resilience-Redemption/dp/1400064163?tag=NYTBS-20</amazon_product_url><age_group></age_group><book_review_link>https://www.nytimes.com/2010/11/15/books/15book.html</book_review_link><first_chapter_link></first_chapter_link><sunday_review_link>https://www.nytimes.com/2010/11/21/books/review/Margolick-t.html</sunday_review_link><article_chapter_link></article_chapter_link><isbns><isbn><isbn10>1400064163</isbn10><isbn13>9781400064168</isbn13></isbn><isbn><isbn10>0679603751</isbn10><isbn13>9780679603757</isbn13></isbn><isbn><isbn10>0375435018</isbn10><isbn13>9780375435010</isbn13></isbn><isbn><isbn10></isbn10><isbn13></isbn13></isbn><isbn><isbn10>0739319698</isbn10><isbn13>9780739319697</isbn13></isbn><isbn><isbn10>0007378033</isbn10><isbn13>9780007378036</isbn13></isbn><isbn><isbn10>0812974492</isbn10><isbn13>9780812974492</isbn13></isbn><isbn><isbn10>0606355987</isbn10><isbn13>9780606355988</isbn13></isbn><isbn><isbn10>081298711X</isbn10><isbn13>9780812987119</isbn13></isbn><isbn><isbn10>0553397117</isbn10><isbn13>9780553397116</isbn13></isbn><isbn><isbn10>1101912626</isbn10><isbn13>9781101912621</isbn13></isbn><isbn><isbn10>1984818449</isbn10><isbn13>9781984818447</isbn13></isbn><isbn><isbn10>1984837621</isbn10><isbn13>9781984837622</isbn13></isbn></isbns><buy_links><buy_link><name>Local Booksellers</name><url>http://www.indiebound.org/book/9780679603757?aff=NYT</url></buy_link><buy_link><name>Barnes and Noble</name><url>http://www.anrdoezrs.net/click-7990613-11819508?url=http%3A%2F%2Fwww.barnesandnoble.com%2Fw%2F%3Fean%3D9780679603757</url></buy_link><buy_link><name>Amazon</name><url>http://www.amazon.com/Unbroken-World-Survival-Resilience-Redemption/dp/1400064163?tag=NYTBS-20</url></buy_link></buy_links></book><book><rank>14</rank><rank_last_week>11</rank_last_week><weeks_on_list>2</weeks_on_list><asterisk>0</asterisk><dagger>0</dagger><primary_isbn10>0812992946</primary_isbn10><primary_isbn13>9780812992946</primary_isbn13><publisher>Random House Publishing</publisher><description>The six drivers of global change that are reshaping our world. </description><price>0</price><title>FUTURE</title><author>Al Gore</author><contributor>by Al Gore</contributor><contributor_note></contributor_note><book_image>https://s1.nyt.com/du/books/images/9780679644309.jpg</book_image><book_image_width>128</book_image_width><book_image_height>191</book_image_height><amazon_product_url>http://www.amazon.com/The-Future-Drivers-Global-Change-ebook/dp/B009MYD9EE?tag=NYTBS-20</amazon_product_url><age_group></age_group><book_review_link>https://www.nytimes.com/2013/01/24/books/the-future-by-al-gore.html</book_review_link><first_chapter_link></first_chapter_link><sunday_review_link>https://www.nytimes.com/2013/02/10/books/review/the-future-six-drivers-of-global-change-by-al-gore.html</sunday_review_link><article_chapter_link></article_chapter_link><isbns><isbn><isbn10>0812992946</isbn10><isbn13>9780812992946</isbn13></isbn><isbn><isbn10>067964430X</isbn10><isbn13>9780679644309</isbn13></isbn><isbn><isbn10>0449015467</isbn10><isbn13>9780449015469</isbn13></isbn></isbns><buy_links><buy_link><name>Local Booksellers</name><url>http://www.indiebound.org/book/9780812992946?aff=NYT</url></buy_link><buy_link><name>Barnes and Noble</name><url>http://www.anrdoezrs.net/click-7990613-11819508?url=http%3A%2F%2Fwww.barnesandnoble.com%2Fw%2F%3Fean%3D9780812992946</url></buy_link><buy_link><name>Amazon</name><url>http://www.amazon.com/The-Future-Drivers-Global-Change-ebook/dp/B009MYD9EE?tag=NYTBS-20</url></buy_link></buy_links></book><book><rank>15</rank><rank_last_week>0</rank_last_week><weeks_on_list>27</weeks_on_list><asterisk>0</asterisk><dagger>0</dagger><primary_isbn10>0679603859</primary_isbn10><primary_isbn13>9780679603856</primary_isbn13><publisher>Random House Publishing</publisher><description>A Times reporter’s account of the science behind how we form, and break, habits.</description><price>0</price><title>THE POWER OF HABIT</title><author>Charles Duhigg</author><contributor>by Charles Duhigg</contributor><contributor_note></contributor_note><book_image>https://s1.nyt.com/du/books/images/9780812981605.jpg</book_image><book_image_width>321</book_image_width><book_image_height>495</book_image_height><amazon_product_url>http://www.amazon.com/The-Power-Habit-What-Business/dp/081298160X?tag=NYTBS-20</amazon_product_url><age_group></age_group><book_review_link></book_review_link><first_chapter_link></first_chapter_link><sunday_review_link>https://www.nytimes.com/2012/03/11/books/review/the-power-of-habit-by-charles-duhigg.html</sunday_review_link><article_chapter_link></article_chapter_link><isbns><isbn><isbn10>1400069289</isbn10><isbn13>9781400069286</isbn13></isbn><isbn><isbn10>0679603859</isbn10><isbn13>9780679603856</isbn13></isbn><isbn><isbn10>030796664X</isbn10><isbn13>9780307966643</isbn13></isbn><isbn><isbn10>1847946240</isbn10><isbn13>9781847946249</isbn13></isbn><isbn><isbn10>081298160X</isbn10><isbn13>9780812981605</isbn13></isbn><isbn><isbn10>152472274X</isbn10><isbn13>9781524722746</isbn13></isbn></isbns><buy_links><buy_link><name>Local Booksellers</name><url>http://www.indiebound.org/book/9780679603856?aff=NYT</url></buy_link><buy_link><name>Barnes and Noble</name><url>http://www.anrdoezrs.net/click-7990613-11819508?url=http%3A%2F%2Fwww.barnesandnoble.com%2Fw%2F%3Fean%3D9780679603856</url></buy_link><buy_link><name>Amazon</name><url>http://www.amazon.com/The-Power-Habit-What-Business/dp/081298160X?tag=NYTBS-20</url></buy_link></buy_links></book><book><rank>16</rank><rank_last_week>0</rank_last_week><weeks_on_list>0</weeks_on_list><asterisk>0</asterisk><dagger>0</dagger><primary_isbn10>1400067669</primary_isbn10><primary_isbn13>9781400067664</primary_isbn13><publisher>Random House Publishing</publisher><description>The Pulitzer Prize-winning journalist celebrates Jefferson’s skills as a practical politician. </description><price>0</price><title>THOMAS JEFFERSON</title><author>Jon Meacham</author><contributor>by Jon Meacham</contributor><contributor_note></contributor_note><book_image>https://s1.nyt.com/du/books/images/9780679645368.jpg</book_image><book_image_width>330</book_image_width><book_image_height>491</book_image_height><amazon_product_url>http://www.amazon.com/Thomas-Jefferson-The-Art-Power-ebook/dp/B0089EHKE8?tag=NYTBS-20</amazon_product_url><age_group></age_group><book_review_link></book_review_link><first_chapter_link></first_chapter_link><sunday_review_link>https://www.nytimes.com/2012/11/11/books/review/thomas-jefferson-the-art-of-power-by-jon-meacham.html</sunday_review_link><article_chapter_link></article_chapter_link><isbns><isbn><isbn10>1400067669</isbn10><isbn13>9781400067664</isbn13></isbn><isbn><isbn10>0679645365</isbn10><isbn13>9780679645368</isbn13></isbn><isbn><isbn10>0307990877</isbn10><isbn13>9780307990877</isbn13></isbn><isbn><isbn10>0739334611</isbn10><isbn13>9780739334614</isbn13></isbn><isbn><isbn10>0812979486</isbn10><isbn13>9780812979480</isbn13></isbn></isbns><buy_links><buy_link><name>Local Booksellers</name><url>http://www.indiebound.org/book/9781400067664?aff=NYT</url></buy_link><buy_link><name>Barnes and Noble</name><url>http://www.anrdoezrs.net/click-7990613-11819508?url=http%3A%2F%2Fwww.barnesandnoble.com%2Fw%2F%3Fean%3D9781400067664</url></buy_link><buy_link><name>Amazon</name><url>http://www.amazon.com/Thomas-Jefferson-The-Art-Power-ebook/dp/B0089EHKE8?tag=NYTBS-20</url></buy_link></buy_links></book><book><rank>17</rank><rank_last_week>0</rank_last_week><weeks_on_list>0</weeks_on_list><asterisk>0</asterisk><dagger>0</dagger><primary_isbn10>1451656033</primary_isbn10><primary_isbn13>9781451656039</primary_isbn13><publisher><![CDATA[Simon & Schuster]]></publisher><description>Portraits of six people who have undergone personal transformation. </description><price>0</price><title>TEN YEARS LATER</title><author>Hoda Kotb with Jane Lorenzini</author><contributor>by Hoda Kotb with Jane Lorenzini</contributor><contributor_note></contributor_note><book_image>https://s1.nyt.com/du/books/images/9781451656039.jpg</book_image><book_image_width>328</book_image_width><book_image_height>495</book_image_height><amazon_product_url>http://www.amazon.com/Ten-Years-Later-Adversity-Transformed-ebook/dp/B008QYA10G?tag=NYTBS-20</amazon_product_url><age_group></age_group><book_review_link></book_review_link><first_chapter_link></first_chapter_link><sunday_review_link></sunday_review_link><article_chapter_link></article_chapter_link><isbns><isbn><isbn10>1451656033</isbn10><isbn13>9781451656039</isbn13></isbn></isbns><buy_links><buy_link><name>Local Booksellers</name><url>http://www.indiebound.org/book/9781451656039?aff=NYT</url></buy_link><buy_link><name>Barnes and Noble</name><url>http://www.anrdoezrs.net/click-7990613-11819508?url=http%3A%2F%2Fwww.barnesandnoble.com%2Fw%2F%3Fean%3D9781451656039</url></buy_link><buy_link><name>Amazon</name><url>http://www.amazon.com/Ten-Years-Later-Adversity-Transformed-ebook/dp/B008QYA10G?tag=NYTBS-20</url></buy_link></buy_links></book><book><rank>18</rank><rank_last_week>0</rank_last_week><weeks_on_list>0</weeks_on_list><asterisk>0</asterisk><dagger>0</dagger><primary_isbn10>1416549838</primary_isbn10><primary_isbn13>9781416549833</primary_isbn13><publisher><![CDATA[Simon & Schuster]]></publisher><description>The political genius of Abraham Lincoln, revealed in his relationship with his cabinet; originally published in 2005.</description><price>0</price><title>TEAM OF RIVALS</title><author>Doris Kearns Goodwin</author><contributor>by Doris Kearns Goodwin</contributor><contributor_note></contributor_note><book_image>https://s1.nyt.com/du/books/images/9780743270755.jpg</book_image><book_image_width>119</book_image_width><book_image_height>180</book_image_height><amazon_product_url>http://www.amazon.com/Team-Rivals-Political-Abraham-Lincoln/dp/0743270754?tag=NYTBS-20</amazon_product_url><age_group></age_group><book_review_link>https://www.nytimes.com/2005/10/25/books/25kaku.html</book_review_link><first_chapter_link></first_chapter_link><sunday_review_link>https://www.nytimes.com/2005/11/06/books/review/06mcpherson.html</sunday_review_link><article_chapter_link></article_chapter_link><isbns><isbn><isbn10>0743270754</isbn10><isbn13>9780743270755</isbn13></isbn><isbn><isbn10>1451688091</isbn10><isbn13>9781451688092</isbn13></isbn><isbn><isbn10>0684824906</isbn10><isbn13>9780684824901</isbn13></isbn><isbn><isbn10>1416549838</isbn10><isbn13>9781416549833</isbn13></isbn></isbns><buy_links><buy_link><name>Local Booksellers</name><url>http://www.indiebound.org/book/9781416549833?aff=NYT</url></buy_link><buy_link><name>Barnes and Noble</name><url>http://www.anrdoezrs.net/click-7990613-11819508?url=http%3A%2F%2Fwww.barnesandnoble.com%2Fw%2F%3Fean%3D9781416549833</url></buy_link><buy_link><name>Amazon</name><url>http://www.amazon.com/Team-Rivals-Political-Abraham-Lincoln/dp/0743270754?tag=NYTBS-20</url></buy_link></buy_links></book><book><rank>19</rank><rank_last_week>0</rank_last_week><weeks_on_list>0</weeks_on_list><asterisk>0</asterisk><dagger>0</dagger><primary_isbn10>0307957659</primary_isbn10><primary_isbn13>9780307957658</primary_isbn13><publisher>Knopf Doubleday Publishing</publisher><description>An account of the life-changing 1,100-mile solo hike along the Pacific Crest Trail in 1995. Originally published in 2012 and a 2014 movie.</description><price>0</price><title>WILD</title><author>Cheryl Strayed</author><contributor>by Cheryl Strayed</contributor><contributor_note></contributor_note><book_image>https://s1.nyt.com/du/books/images/9780307476074.jpg</book_image><book_image_width>321</book_image_width><book_image_height>495</book_image_height><amazon_product_url>http://www.amazon.com/Wild-Found-Pacific-Crest-Trail/dp/0307476073?tag=NYTBS-20</amazon_product_url><age_group></age_group><book_review_link>https://www.nytimes.com/2012/03/28/books/wild-by-cheryl-strayed-a-walkabout-of-reinvention.html</book_review_link><first_chapter_link></first_chapter_link><sunday_review_link>https://www.nytimes.com/2012/04/01/books/review/wild-a-hiking-memoir-by-cheryl-strayed.html</sunday_review_link><article_chapter_link></article_chapter_link><isbns><isbn><isbn10>0307592731</isbn10><isbn13>9780307592736</isbn13></isbn><isbn><isbn10>0307957659</isbn10><isbn13>9780307957658</isbn13></isbn><isbn><isbn10>0307476073</isbn10><isbn13>9780307476074</isbn13></isbn><isbn><isbn10>1594136742</isbn10><isbn13>9781594136740</isbn13></isbn><isbn><isbn10>0307970299</isbn10><isbn13>9780307970299</isbn13></isbn><isbn><isbn10>1101873442</isbn10><isbn13>9781101873441</isbn13></isbn></isbns><buy_links><buy_link><name>Local Booksellers</name><url>http://www.indiebound.org/book/9780307957658?aff=NYT</url></buy_link><buy_link><name>Barnes and Noble</name><url>http://www.anrdoezrs.net/click-7990613-11819508?url=http%3A%2F%2Fwww.barnesandnoble.com%2Fw%2F%3Fean%3D9780307957658</url></buy_link><buy_link><name>Amazon</name><url>http://www.amazon.com/Wild-Found-Pacific-Crest-Trail/dp/0307476073?tag=NYTBS-20</url></buy_link></buy_links></book><book><rank>20</rank><rank_last_week>0</rank_last_week><weeks_on_list>0</weeks_on_list><asterisk>0</asterisk><dagger>0</dagger><primary_isbn10>None</primary_isbn10><primary_isbn13>9780007287154</primary_isbn13><publisher>HarperCollins Publishers</publisher><description>An account, first published in 2009, of a foster mother who tries to save a suicidal little girl. </description><price>0</price><title>CUT</title><author>Cathy Glass</author><contributor>by Cathy Glass</contributor><contributor_note></contributor_note><book_image>https://s1.nyt.com/du/books/images/9780007287154.jpg</book_image><book_image_width>128</book_image_width><book_image_height>206</book_image_height><amazon_product_url>http://www.amazon.com/Cut-abandoned-abused-little-desperate-ebook/dp/B002RI91EO?tag=NYTBS-20</amazon_product_url><age_group></age_group><book_review_link></book_review_link><first_chapter_link></first_chapter_link><sunday_review_link></sunday_review_link><article_chapter_link></article_chapter_link><isbns/><buy_links><buy_link><name>Local Booksellers</name><url>http://www.indiebound.org/book/9780007287154?aff=NYT</url></buy_link><buy_link><name>Barnes and Noble</name><url>http://www.anrdoezrs.net/click-7990613-11819508?url=http%3A%2F%2Fwww.barnesandnoble.com%2Fw%2F%3Fean%3D9780007287154</url></buy_link><buy_link><name>Amazon</name><url>http://www.amazon.com/Cut-abandoned-abused-little-desperate-ebook/dp/B002RI91EO?tag=NYTBS-20</url></buy_link></buy_links></book></books><corrections/></results></result_set>
