<?xml version="1.0" encoding="UTF-8"?>
<result_set><status>OK</status><copyright>Copyright (c) 2018 The New York Times Company.  All Rights Reserved.</copyright><num_results>25</num_results><last_modified>2017-03-21T13:38:01-04:00</last_modified><results><list_name>Combined Print and E-Book Nonfiction</list_name><list_name_encoded>combined-print-and-e-book-nonfiction</list_name_encoded><bestsellers_date>2013-07-27</bestsellers_date><published_date>2013-08-11</published_date><published_date_description></published_date_description><next_published_date>2013-08-18</next_published_date><previous_published_date>2013-08-04</previous_published_date><display_name><![CDATA[Combined Print & E-Book Nonfiction]]></display_name><normal_list_ends_at>15</normal_list_ends_at><updated>WEEKLY</updated><books><book><rank>1</rank><rank_last_week>2</rank_last_week><weeks_on_list>2</weeks_on_list><asterisk>0</asterisk><dagger>0</dagger><primary_isbn10>140006922X</primary_isbn10><primary_isbn13>9781400069224</primary_isbn13><publisher>Random House</publisher><description> A biography of Jesus of Nazareth presents him in the context of his times as the leader of a revolutionary movement.</description><price>0</price><title>ZEALOT</title><author>Reza Aslan</author><contributor>by Reza Aslan</contributor><contributor_note></contributor_note><book_image>https://s1.nyt.com/du/books/images/9781400069224.jpg</book_image><book_image_width>326</book_image_width><book_image_height>495</book_image_height><amazon_product_url>http://www.amazon.com/Zealot-Life-Times-Jesus-Nazareth-ebook/dp/B00BRUQ7ZY?tag=NYTBS-20</amazon_product_url><age_group></age_group><book_review_link>https://www.nytimes.com/2013/08/06/books/reza-aslans-zealot-the-life-and-times-of-jesus-of-nazareth.html</book_review_link><first_chapter_link></first_chapter_link><sunday_review_link></sunday_review_link><article_chapter_link></article_chapter_link><isbns><isbn><isbn10>140006922X</isbn10><isbn13>9781400069224</isbn13></isbn><isbn><isbn10>0679603530</isbn10><isbn13>9780679603535</isbn13></isbn><isbn><isbn10>0812981480</isbn10><isbn13>9780812981483</isbn13></isbn><isbn><isbn10>080419257X</isbn10><isbn13>9780804192576</isbn13></isbn></isbns><buy_links><buy_link><name>Local Booksellers</name><url>http://www.indiebound.org/book/9781400069224?aff=NYT</url></buy_link><buy_link><name>Barnes and Noble</name><url>http://www.anrdoezrs.net/click-7990613-11819508?url=http%3A%2F%2Fwww.barnesandnoble.com%2Fw%2F%3Fean%3D9781400069224</url></buy_link><buy_link><name>Amazon</name><url>http://www.amazon.com/Zealot-Life-Times-Jesus-Nazareth-ebook/dp/B00BRUQ7ZY?tag=NYTBS-20</url></buy_link></buy_links></book><book><rank>2</rank><rank_last_week>1</rank_last_week><weeks_on_list>2</weeks_on_list><asterisk>0</asterisk><dagger>0</dagger><primary_isbn10>0399161309</primary_isbn10><primary_isbn13>9780399161308</primary_isbn13><publisher>Blue Rider</publisher><description> An examination of Washington’s “media-industrial complex” by the chief national correspondent for The New York Times Magazine.</description><price>0</price><title>THIS TOWN</title><author>Mark Leibovich</author><contributor>by Mark Leibovich</contributor><contributor_note></contributor_note><book_image>https://s1.nyt.com/du/books/images/9780399161308.jpg</book_image><book_image_width>328</book_image_width><book_image_height>495</book_image_height><amazon_product_url>http://www.amazon.com/This-Town-Parties-Funeral-Americas/dp/0399161309?tag=NYTBS-20</amazon_product_url><age_group></age_group><book_review_link></book_review_link><first_chapter_link></first_chapter_link><sunday_review_link></sunday_review_link><article_chapter_link></article_chapter_link><isbns><isbn><isbn10>0399161309</isbn10><isbn13>9780399161308</isbn13></isbn></isbns><buy_links><buy_link><name>Local Booksellers</name><url>http://www.indiebound.org/book/9780399161308?aff=NYT</url></buy_link><buy_link><name>Barnes and Noble</name><url>http://www.anrdoezrs.net/click-7990613-11819508?url=http%3A%2F%2Fwww.barnesandnoble.com%2Fw%2F%3Fean%3D9780399161308</url></buy_link><buy_link><name>Amazon</name><url>http://www.amazon.com/This-Town-Parties-Funeral-Americas/dp/0399161309?tag=NYTBS-20</url></buy_link></buy_links></book><book><rank>3</rank><rank_last_week>4</rank_last_week><weeks_on_list>20</weeks_on_list><asterisk>0</asterisk><dagger>0</dagger><primary_isbn10>0385349947</primary_isbn10><primary_isbn13>9780385349949</primary_isbn13><publisher>Knopf</publisher><description>The chief operating officer of Facebook urges women to pursue their careers without ambivalence.</description><price>0</price><title>LEAN IN</title><author>Sheryl Sandberg with Nell Scovell</author><contributor>by Sheryl Sandberg with Nell Scovell</contributor><contributor_note></contributor_note><book_image>https://s1.nyt.com/du/books/images/9780385349956.jpg</book_image><book_image_width>300</book_image_width><book_image_height>495</book_image_height><amazon_product_url>http://www.amazon.com/Lean-In-Women-Work-Will-ebook/dp/B009LMTDL0?tag=NYTBS-20</amazon_product_url><age_group></age_group><book_review_link>https://www.nytimes.com/2013/03/07/books/sheryl-sandbergs-lean-in.html</book_review_link><first_chapter_link></first_chapter_link><sunday_review_link>https://www.nytimes.com/2013/03/10/books/review/sheryl-sandbergs-lean-in.html</sunday_review_link><article_chapter_link></article_chapter_link><isbns><isbn><isbn10>0385349947</isbn10><isbn13>9780385349949</isbn13></isbn><isbn><isbn10>0385394233</isbn10><isbn13>9780385394239</isbn13></isbn><isbn><isbn10>0553544470</isbn10><isbn13>9780553544473</isbn13></isbn></isbns><buy_links><buy_link><name>Local Booksellers</name><url>http://www.indiebound.org/book/9780385349949?aff=NYT</url></buy_link><buy_link><name>Barnes and Noble</name><url>http://www.anrdoezrs.net/click-7990613-11819508?url=http%3A%2F%2Fwww.barnesandnoble.com%2Fw%2F%3Fean%3D9780385349949</url></buy_link><buy_link><name>Amazon</name><url>http://www.amazon.com/Lean-In-Women-Work-Will-ebook/dp/B009LMTDL0?tag=NYTBS-20</url></buy_link></buy_links></book><book><rank>4</rank><rank_last_week>3</rank_last_week><weeks_on_list>40</weeks_on_list><asterisk>0</asterisk><dagger>0</dagger><primary_isbn10>1451695195</primary_isbn10><primary_isbn13>9781451695199</primary_isbn13><publisher><![CDATA[Simon & Schuster]]></publisher><description>A neurosurgeon recounts his near death experience during a coma from bacterial meningitis.</description><price>0</price><title>PROOF OF HEAVEN</title><author>Eben Alexander</author><contributor>by Eben Alexander</contributor><contributor_note></contributor_note><book_image>https://s1.nyt.com/du/books/images/9781451695199.jpg</book_image><book_image_width>300</book_image_width><book_image_height>300</book_image_height><amazon_product_url>http://www.amazon.com/Proof-Heaven-Neurosurgeons-Journey-Afterlife/dp/1451695195?tag=NYTBS-20</amazon_product_url><age_group></age_group><book_review_link></book_review_link><first_chapter_link></first_chapter_link><sunday_review_link></sunday_review_link><article_chapter_link></article_chapter_link><isbns><isbn><isbn10>1451695187</isbn10><isbn13>9781451695182</isbn13></isbn><isbn><isbn10>1451695195</isbn10><isbn13>9781451695199</isbn13></isbn><isbn><isbn10>1451695209</isbn10><isbn13>9781451695205</isbn13></isbn><isbn><isbn10>1476753024</isbn10><isbn13>9781476753027</isbn13></isbn><isbn><isbn10>1442359315</isbn10><isbn13>9781442359314</isbn13></isbn><isbn><isbn10>1410458806</isbn10><isbn13>9781410458803</isbn13></isbn></isbns><buy_links><buy_link><name>Local Booksellers</name><url>http://www.indiebound.org/book/9781451695199?aff=NYT</url></buy_link><buy_link><name>Barnes and Noble</name><url>http://www.anrdoezrs.net/click-7990613-11819508?url=http%3A%2F%2Fwww.barnesandnoble.com%2Fw%2F%3Fean%3D9781451695199</url></buy_link><buy_link><name>Amazon</name><url>http://www.amazon.com/Proof-Heaven-Neurosurgeons-Journey-Afterlife/dp/1451695195?tag=NYTBS-20</url></buy_link></buy_links></book><book><rank>5</rank><rank_last_week>0</rank_last_week><weeks_on_list>2</weeks_on_list><asterisk>0</asterisk><dagger>0</dagger><primary_isbn10>1402271735</primary_isbn10><primary_isbn13>9781402271731</primary_isbn13><publisher>Sourcebooks</publisher><description>Her beagle’s life-threatening illness prepared the author to face her own.</description><price>0</price><title>THE DOG LIVED (AND SO WILL I)</title><author>Teresa J Rhyne</author><contributor>by Teresa J. Rhyne</contributor><contributor_note></contributor_note><book_image>https://s1.nyt.com/du/books/images/9781402271731.jpg</book_image><book_image_width>324</book_image_width><book_image_height>495</book_image_height><amazon_product_url>http://www.amazon.com/Dog-Lived-So-Will-I-ebook/dp/B008BWABAI?tag=NYTBS-20</amazon_product_url><age_group></age_group><book_review_link></book_review_link><first_chapter_link></first_chapter_link><sunday_review_link></sunday_review_link><article_chapter_link></article_chapter_link><isbns><isbn><isbn10>1402271735</isbn10><isbn13>9781402271731</isbn13></isbn><isbn><isbn10>1402271727</isbn10><isbn13>9781402271724</isbn13></isbn></isbns><buy_links><buy_link><name>Local Booksellers</name><url>http://www.indiebound.org/book/9781402271731?aff=NYT</url></buy_link><buy_link><name>Barnes and Noble</name><url>http://www.anrdoezrs.net/click-7990613-11819508?url=http%3A%2F%2Fwww.barnesandnoble.com%2Fw%2F%3Fean%3D9781402271731</url></buy_link><buy_link><name>Amazon</name><url>http://www.amazon.com/Dog-Lived-So-Will-I-ebook/dp/B008BWABAI?tag=NYTBS-20</url></buy_link></buy_links></book><book><rank>6</rank><rank_last_week>5</rank_last_week><weeks_on_list>12</weeks_on_list><asterisk>0</asterisk><dagger>0</dagger><primary_isbn10>1476726094</primary_isbn10><primary_isbn13>9781476726090</primary_isbn13><publisher>Howard Books</publisher><description>The Duck Commander pays tribute to “faith, family and ducks.”</description><price>0</price><title>HAPPY, HAPPY, HAPPY</title><author>Phil Robertson with Mark Schlabach</author><contributor>by Phil Robertson with Mark Schlabach</contributor><contributor_note></contributor_note><book_image>https://s1.nyt.com/du/books/images/9781476726090.jpg</book_image><book_image_width>128</book_image_width><book_image_height>193</book_image_height><amazon_product_url>http://www.amazon.com/Happy-Life-Legacy-Duck-Commander-ebook/dp/B009UVMGMA?tag=NYTBS-20</amazon_product_url><age_group></age_group><book_review_link></book_review_link><first_chapter_link></first_chapter_link><sunday_review_link></sunday_review_link><article_chapter_link></article_chapter_link><isbns><isbn><isbn10>1476726094</isbn10><isbn13>9781476726090</isbn13></isbn><isbn><isbn10>1476726116</isbn10><isbn13>9781476726113</isbn13></isbn></isbns><buy_links><buy_link><name>Local Booksellers</name><url>http://www.indiebound.org/book/9781476726090?aff=NYT</url></buy_link><buy_link><name>Barnes and Noble</name><url>http://www.anrdoezrs.net/click-7990613-11819508?url=http%3A%2F%2Fwww.barnesandnoble.com%2Fw%2F%3Fean%3D9781476726090</url></buy_link><buy_link><name>Amazon</name><url>http://www.amazon.com/Happy-Life-Legacy-Duck-Commander-ebook/dp/B009UVMGMA?tag=NYTBS-20</url></buy_link></buy_links></book><book><rank>7</rank><rank_last_week>14</rank_last_week><weeks_on_list>2</weeks_on_list><asterisk>0</asterisk><dagger>0</dagger><primary_isbn10>0385530269</primary_isbn10><primary_isbn13>9780385530262</primary_isbn13><publisher><![CDATA[Spiegel & Grau]]></publisher><description>A memoir by a Brooklyn woman whose relationship with a drug runner gets her sentenced to a year in prison. The basis for the Netflix series, originally published in 2010.</description><price>0</price><title>ORANGE IS THE NEW BLACK</title><author>Piper Kerman</author><contributor>by Piper Kerman</contributor><contributor_note></contributor_note><book_image>https://s1.nyt.com/du/books/images/9780385530262.jpg</book_image><book_image_width>330</book_image_width><book_image_height>440</book_image_height><amazon_product_url>http://www.amazon.com/Orange-Is-New-Black-Womens-ebook/dp/B0036S4B6M?tag=NYTBS-20</amazon_product_url><age_group></age_group><book_review_link></book_review_link><first_chapter_link></first_chapter_link><sunday_review_link></sunday_review_link><article_chapter_link></article_chapter_link><isbns><isbn><isbn10>0385530269</isbn10><isbn13>9780385530262</isbn13></isbn><isbn><isbn10>0385523394</isbn10><isbn13>9780385523394</isbn13></isbn><isbn><isbn10>0812986180</isbn10><isbn13>9780812986181</isbn13></isbn><isbn><isbn10>1410472124</isbn10><isbn13>9781410472120</isbn13></isbn><isbn><isbn10>1452607664</isbn10><isbn13>9781452607665</isbn13></isbn><isbn><isbn10>1452657661</isbn10><isbn13>9781452657660</isbn13></isbn></isbns><buy_links><buy_link><name>Local Booksellers</name><url>http://www.indiebound.org/book/9780385530262?aff=NYT</url></buy_link><buy_link><name>Barnes and Noble</name><url>http://www.anrdoezrs.net/click-7990613-11819508?url=http%3A%2F%2Fwww.barnesandnoble.com%2Fw%2F%3Fean%3D9780385530262</url></buy_link><buy_link><name>Amazon</name><url>http://www.amazon.com/Orange-Is-New-Black-Womens-ebook/dp/B0036S4B6M?tag=NYTBS-20</url></buy_link></buy_links></book><book><rank>8</rank><rank_last_week>0</rank_last_week><weeks_on_list>1</weeks_on_list><asterisk>0</asterisk><dagger>0</dagger><primary_isbn10>None</primary_isbn10><primary_isbn13>9781476725970</primary_isbn13><publisher>Gallery Books</publisher><description>A memoir by the Oscar-winning actress and singer (“Carousel,” “Elmer Gantry,” “The Partridge Family”).</description><price>0</price><title>SHIRLEY JONES</title><author>Shirley Jones with Wendy Leigh</author><contributor>by Shirley Jones with Wendy Leigh</contributor><contributor_note></contributor_note><book_image>https://s1.nyt.com/du/books/images/9781476725956.jpg</book_image><book_image_width>327</book_image_width><book_image_height>495</book_image_height><amazon_product_url>http://www.amazon.com/Shirley-Jones-A-Memoir-ebook/dp/B00A25FAYO?tag=NYTBS-20</amazon_product_url><age_group></age_group><book_review_link></book_review_link><first_chapter_link></first_chapter_link><sunday_review_link></sunday_review_link><article_chapter_link></article_chapter_link><isbns><isbn><isbn10>1476725950</isbn10><isbn13>9781476725956</isbn13></isbn></isbns><buy_links><buy_link><name>Local Booksellers</name><url>http://www.indiebound.org/book/9781476725970?aff=NYT</url></buy_link><buy_link><name>Barnes and Noble</name><url>http://www.anrdoezrs.net/click-7990613-11819508?url=http%3A%2F%2Fwww.barnesandnoble.com%2Fw%2F%3Fean%3D9781476725970</url></buy_link><buy_link><name>Amazon</name><url>http://www.amazon.com/Shirley-Jones-A-Memoir-ebook/dp/B00A25FAYO?tag=NYTBS-20</url></buy_link></buy_links></book><book><rank>9</rank><rank_last_week>0</rank_last_week><weeks_on_list>1</weeks_on_list><asterisk>0</asterisk><dagger>1</dagger><primary_isbn10>1137278781</primary_isbn10><primary_isbn13>9781137278784</primary_isbn13><publisher>Palgrave Macmillan</publisher><description>A neuroscientist and entrepreneur shows how the brain can act as a guide to understanding the future of the Internet.</description><price>0</price><title>BREAKPOINT</title><author>Jeff Stibel</author><contributor>by Jeff Stibel</contributor><contributor_note></contributor_note><book_image>https://s1.nyt.com/du/books/images/9781137278784.jpg</book_image><book_image_width>326</book_image_width><book_image_height>495</book_image_height><amazon_product_url>http://www.amazon.com/Breakpoint-Implode-Obsolete-Everything-Technology/dp/1137278781?tag=NYTBS-20</amazon_product_url><age_group></age_group><book_review_link></book_review_link><first_chapter_link></first_chapter_link><sunday_review_link></sunday_review_link><article_chapter_link></article_chapter_link><isbns><isbn><isbn10>1137278781</isbn10><isbn13>9781137278784</isbn13></isbn></isbns><buy_links><buy_link><name>Local Booksellers</name><url>http://www.indiebound.org/book/9781137278784?aff=NYT</url></buy_link><buy_link><name>Barnes and Noble</name><url>http://www.anrdoezrs.net/click-7990613-11819508?url=http%3A%2F%2Fwww.barnesandnoble.com%2Fw%2F%3Fean%3D9781137278784</url></buy_link><buy_link><name>Amazon</name><url>http://www.amazon.com/Breakpoint-Implode-Obsolete-Everything-Technology/dp/1137278781?tag=NYTBS-20</url></buy_link></buy_links></book><book><rank>10</rank><rank_last_week>7</rank_last_week><weeks_on_list>123</weeks_on_list><asterisk>0</asterisk><dagger>0</dagger><primary_isbn10>1400064163</primary_isbn10><primary_isbn13>9781400064168</primary_isbn13><publisher>Random House</publisher><description>An Olympic runner’s story of survival as a prisoner of the Japanese in World War II.</description><price>0</price><title>UNBROKEN</title><author>Laura Hillenbrand</author><contributor>by Laura Hillenbrand</contributor><contributor_note></contributor_note><book_image>https://s1.nyt.com/du/books/images/9781400064168.jpg</book_image><book_image_width>264</book_image_width><book_image_height>400</book_image_height><amazon_product_url>http://www.amazon.com/Unbroken-World-Survival-Resilience-Redemption/dp/1400064163?tag=NYTBS-20</amazon_product_url><age_group></age_group><book_review_link>https://www.nytimes.com/2010/11/15/books/15book.html</book_review_link><first_chapter_link></first_chapter_link><sunday_review_link>https://www.nytimes.com/2010/11/21/books/review/Margolick-t.html</sunday_review_link><article_chapter_link></article_chapter_link><isbns><isbn><isbn10>1400064163</isbn10><isbn13>9781400064168</isbn13></isbn><isbn><isbn10>0679603751</isbn10><isbn13>9780679603757</isbn13></isbn><isbn><isbn10>0375435018</isbn10><isbn13>9780375435010</isbn13></isbn><isbn><isbn10></isbn10><isbn13></isbn13></isbn><isbn><isbn10>0739319698</isbn10><isbn13>9780739319697</isbn13></isbn><isbn><isbn10>0007378033</isbn10><isbn13>9780007378036</isbn13></isbn><isbn><isbn10>0812974492</isbn10><isbn13>9780812974492</isbn13></isbn><isbn><isbn10>0606355987</isbn10><isbn13>9780606355988</isbn13></isbn><isbn><isbn10>081298711X</isbn10><isbn13>9780812987119</isbn13></isbn><isbn><isbn10>0553397117</isbn10><isbn13>9780553397116</isbn13></isbn><isbn><isbn10>1101912626</isbn10><isbn13>9781101912621</isbn13></isbn><isbn><isbn10>1984818449</isbn10><isbn13>9781984818447</isbn13></isbn><isbn><isbn10>1984837621</isbn10><isbn13>9781984837622</isbn13></isbn></isbns><buy_links><buy_link><name>Local Booksellers</name><url>http://www.indiebound.org/book/9781400064168?aff=NYT</url></buy_link><buy_link><name>Barnes and Noble</name><url>http://www.anrdoezrs.net/click-7990613-11819508?url=http%3A%2F%2Fwww.barnesandnoble.com%2Fw%2F%3Fean%3D9781400064168</url></buy_link><buy_link><name>Amazon</name><url>http://www.amazon.com/Unbroken-World-Survival-Resilience-Redemption/dp/1400064163?tag=NYTBS-20</url></buy_link></buy_links></book><book><rank>11</rank><rank_last_week>9</rank_last_week><weeks_on_list>14</weeks_on_list><asterisk>0</asterisk><dagger>0</dagger><primary_isbn10>0316154695</primary_isbn10><primary_isbn13>9780316154697</primary_isbn13><publisher>Little, Brown</publisher><description>Essays from the humorist on subjects like French dentistry and a North Carolina Costco.</description><price>0</price><title>LET'S EXPLORE DIABETES WITH OWLS</title><author>David Sedaris</author><contributor>by David Sedaris</contributor><contributor_note></contributor_note><book_image>https://s1.nyt.com/du/books/images/9780316125680.jpg</book_image><book_image_width>128</book_image_width><book_image_height>193</book_image_height><amazon_product_url>http://www.amazon.com/Lets-Explore-Diabetes-David-Sedaris/dp/0316154709?tag=NYTBS-20</amazon_product_url><age_group></age_group><book_review_link>https://www.nytimes.com/2013/05/15/books/lets-explore-diabetes-with-owls-by-david-sedaris.html</book_review_link><first_chapter_link></first_chapter_link><sunday_review_link>https://www.nytimes.com/2013/05/19/books/review/lets-explore-diabetes-with-owls-by-david-sedaris.html</sunday_review_link><article_chapter_link></article_chapter_link><isbns><isbn><isbn10>0316154695</isbn10><isbn13>9780316154697</isbn13></isbn><isbn><isbn10>0316154709</isbn10><isbn13>9780316154703</isbn13></isbn><isbn><isbn10>1619696991</isbn10><isbn13>9781619696990</isbn13></isbn></isbns><buy_links><buy_link><name>Local Booksellers</name><url>http://www.indiebound.org/book/9780316154697?aff=NYT</url></buy_link><buy_link><name>Barnes and Noble</name><url>http://www.anrdoezrs.net/click-7990613-11819508?url=http%3A%2F%2Fwww.barnesandnoble.com%2Fw%2F%3Fean%3D9780316154697</url></buy_link><buy_link><name>Amazon</name><url>http://www.amazon.com/Lets-Explore-Diabetes-David-Sedaris/dp/0316154709?tag=NYTBS-20</url></buy_link></buy_links></book><book><rank>12</rank><rank_last_week>8</rank_last_week><weeks_on_list>26</weeks_on_list><asterisk>0</asterisk><dagger>0</dagger><primary_isbn10>0316017930</primary_isbn10><primary_isbn13>9780316017930</primary_isbn13><publisher>Little, Brown</publisher><description>Why some people succeed — it has to do with luck and opportunities as well as talent. From the author of "Blink" and "The Tipping Point."</description><price>0</price><title>OUTLIERS</title><author>Malcolm Gladwell</author><contributor>by Malcolm Gladwell</contributor><contributor_note></contributor_note><book_image>https://s1.nyt.com/du/books/images/9780316017930.jpg</book_image><book_image_width>184</book_image_width><book_image_height>280</book_image_height><amazon_product_url>http://www.amazon.com/Outliers-Story-Success-Malcolm-Gladwell/dp/0316017930?tag=NYTBS-20</amazon_product_url><age_group></age_group><book_review_link>https://www.nytimes.com/2008/11/18/books/18kaku.html</book_review_link><first_chapter_link>https://www.nytimes.com/2008/11/30/books/chapters/chapter-outliers.html</first_chapter_link><sunday_review_link>https://www.nytimes.com/2008/11/30/books/review/Leonhardt-t.html</sunday_review_link><article_chapter_link></article_chapter_link><isbns><isbn><isbn10>0316017922</isbn10><isbn13>9780316017923</isbn13></isbn><isbn><isbn10>0316040347</isbn10><isbn13>9780316040341</isbn13></isbn><isbn><isbn10>0316017930</isbn10><isbn13>9780316017930</isbn13></isbn><isbn><isbn10>1600243916</isbn10><isbn13>9781600243912</isbn13></isbn><isbn><isbn10>031602497X</isbn10><isbn13>9780316024976</isbn13></isbn><isbn><isbn10>1600243924</isbn10><isbn13>9781600243929</isbn13></isbn><isbn><isbn10>0606324275</isbn10><isbn13>9780606324274</isbn13></isbn></isbns><buy_links><buy_link><name>Local Booksellers</name><url>http://www.indiebound.org/book/9780316017930?aff=NYT</url></buy_link><buy_link><name>Barnes and Noble</name><url>http://www.anrdoezrs.net/click-7990613-11819508?url=http%3A%2F%2Fwww.barnesandnoble.com%2Fw%2F%3Fean%3D9780316017930</url></buy_link><buy_link><name>Amazon</name><url>http://www.amazon.com/Outliers-Story-Success-Malcolm-Gladwell/dp/0316017930?tag=NYTBS-20</url></buy_link></buy_links></book><book><rank>13</rank><rank_last_week>12</rank_last_week><weeks_on_list>35</weeks_on_list><asterisk>0</asterisk><dagger>1</dagger><primary_isbn10>074324754X</primary_isbn10><primary_isbn13>9780743247542</primary_isbn13><publisher><![CDATA[Simon & Schuster]]></publisher><description>The author recalls a bizarre childhood during which she was constantly moved from place to place.</description><price>0</price><title>THE GLASS CASTLE</title><author>Jeannette Walls</author><contributor>by Jeannette Walls</contributor><contributor_note></contributor_note><book_image>https://s1.nyt.com/du/books/images/9780743247542.jpg</book_image><book_image_width>313</book_image_width><book_image_height>495</book_image_height><amazon_product_url>http://www.amazon.com/The-Glass-Castle-A-Memoir/dp/074324754X?tag=NYTBS-20</amazon_product_url><age_group></age_group><book_review_link></book_review_link><first_chapter_link>https://www.nytimes.com/2005/03/13/books/chapters/0313-1st-walls.html</first_chapter_link><sunday_review_link>https://www.nytimes.com/2005/03/13/books/review/013COVERPROSE.html</sunday_review_link><article_chapter_link></article_chapter_link><isbns><isbn><isbn10>074324754X</isbn10><isbn13>9780743247542</isbn13></isbn><isbn><isbn10>1416550607</isbn10><isbn13>9781416550600</isbn13></isbn><isbn><isbn10>1439156964</isbn10><isbn13>9781439156964</isbn13></isbn><isbn><isbn10>1416544666</isbn10><isbn13>9781416544661</isbn13></isbn></isbns><buy_links><buy_link><name>Local Booksellers</name><url>http://www.indiebound.org/book/9780743247542?aff=NYT</url></buy_link><buy_link><name>Barnes and Noble</name><url>http://www.anrdoezrs.net/click-7990613-11819508?url=http%3A%2F%2Fwww.barnesandnoble.com%2Fw%2F%3Fean%3D9780743247542</url></buy_link><buy_link><name>Amazon</name><url>http://www.amazon.com/The-Glass-Castle-A-Memoir/dp/074324754X?tag=NYTBS-20</url></buy_link></buy_links></book><book><rank>14</rank><rank_last_week>10</rank_last_week><weeks_on_list>55</weeks_on_list><asterisk>0</asterisk><dagger>0</dagger><primary_isbn10>0307476073</primary_isbn10><primary_isbn13>9780307476074</primary_isbn13><publisher>Knopf</publisher><description>A woman’s account of a life-changing 1,100-mile hike along the Pacific Crest Trail during the summer of 1995.</description><price>0</price><title>WILD</title><author>Cheryl Strayed</author><contributor>by Cheryl Strayed</contributor><contributor_note></contributor_note><book_image>https://s1.nyt.com/du/books/images/9780307476074.jpg</book_image><book_image_width>321</book_image_width><book_image_height>495</book_image_height><amazon_product_url>http://www.amazon.com/Wild-Found-Pacific-Crest-Trail/dp/0307476073?tag=NYTBS-20</amazon_product_url><age_group></age_group><book_review_link>https://www.nytimes.com/2012/03/28/books/wild-by-cheryl-strayed-a-walkabout-of-reinvention.html</book_review_link><first_chapter_link></first_chapter_link><sunday_review_link>https://www.nytimes.com/2012/04/01/books/review/wild-a-hiking-memoir-by-cheryl-strayed.html</sunday_review_link><article_chapter_link></article_chapter_link><isbns><isbn><isbn10>0307592731</isbn10><isbn13>9780307592736</isbn13></isbn><isbn><isbn10>0307957659</isbn10><isbn13>9780307957658</isbn13></isbn><isbn><isbn10>0307476073</isbn10><isbn13>9780307476074</isbn13></isbn><isbn><isbn10>1594136742</isbn10><isbn13>9781594136740</isbn13></isbn><isbn><isbn10>0307970299</isbn10><isbn13>9780307970299</isbn13></isbn><isbn><isbn10>1101873442</isbn10><isbn13>9781101873441</isbn13></isbn></isbns><buy_links><buy_link><name>Local Booksellers</name><url>http://www.indiebound.org/book/9780307476074?aff=NYT</url></buy_link><buy_link><name>Barnes and Noble</name><url>http://www.anrdoezrs.net/click-7990613-11819508?url=http%3A%2F%2Fwww.barnesandnoble.com%2Fw%2F%3Fean%3D9780307476074</url></buy_link><buy_link><name>Amazon</name><url>http://www.amazon.com/Wild-Found-Pacific-Crest-Trail/dp/0307476073?tag=NYTBS-20</url></buy_link></buy_links></book><book><rank>15</rank><rank_last_week>0</rank_last_week><weeks_on_list>58</weeks_on_list><asterisk>0</asterisk><dagger>0</dagger><primary_isbn10>0316175862</primary_isbn10><primary_isbn13>9780316175869</primary_isbn13><publisher>Reagan Arthur/Little, Brown</publisher><description>A memoir from the former "Saturday Night Live" star and creator of "30 Rock."</description><price>0</price><title>BOSSYPANTS</title><author>Tina Fey</author><contributor>by Tina Fey</contributor><contributor_note></contributor_note><book_image>https://s1.nyt.com/du/books/images/9780316056892.jpg</book_image><book_image_width>308</book_image_width><book_image_height>495</book_image_height><amazon_product_url>http://www.amazon.com/Bossypants-Tina-Fey/dp/0316056898?tag=NYTBS-20</amazon_product_url><age_group></age_group><book_review_link>https://www.nytimes.com/2011/04/04/books/bossypants-by-tina-fey-review.html</book_review_link><first_chapter_link></first_chapter_link><sunday_review_link></sunday_review_link><article_chapter_link></article_chapter_link><isbns><isbn><isbn10>0316056863</isbn10><isbn13>9780316056861</isbn13></isbn><isbn><isbn10>031617789X</isbn10><isbn13>9780316177894</isbn13></isbn><isbn><isbn10>0316175862</isbn10><isbn13>9780316175869</isbn13></isbn><isbn><isbn10>031619803X</isbn10><isbn13>9780316198035</isbn13></isbn><isbn><isbn10>0316056871</isbn10><isbn13>9780316056878</isbn13></isbn><isbn><isbn10>0316056898</isbn10><isbn13>9780316056892</isbn13></isbn><isbn><isbn10>1609419693</isbn10><isbn13>9781609419691</isbn13></isbn><isbn><isbn10>0606267212</isbn10><isbn13>9780606267212</isbn13></isbn><isbn><isbn10>0751547832</isbn10><isbn13>9780751547832</isbn13></isbn></isbns><buy_links><buy_link><name>Local Booksellers</name><url>http://www.indiebound.org/book/9780316175869?aff=NYT</url></buy_link><buy_link><name>Barnes and Noble</name><url>http://www.anrdoezrs.net/click-7990613-11819508?url=http%3A%2F%2Fwww.barnesandnoble.com%2Fw%2F%3Fean%3D9780316175869</url></buy_link><buy_link><name>Amazon</name><url>http://www.amazon.com/Bossypants-Tina-Fey/dp/0316056898?tag=NYTBS-20</url></buy_link></buy_links></book><book><rank>16</rank><rank_last_week>0</rank_last_week><weeks_on_list>0</weeks_on_list><asterisk>0</asterisk><dagger>0</dagger><primary_isbn10>1400052181</primary_isbn10><primary_isbn13>9781400052189</primary_isbn13><publisher>Broadway</publisher><description>The story of a woman whose cancer cells were cultured without her permission in 1951.</description><price>0</price><title>THE IMMORTAL LIFE OF HENRIETTA LACKS</title><author>Rebecca Skloot</author><contributor>by Rebecca Skloot</contributor><contributor_note></contributor_note><book_image>https://s1.nyt.com/du/books/images/9781400052189.jpg</book_image><book_image_width>182</book_image_width><book_image_height>280</book_image_height><amazon_product_url>http://www.amazon.com/The-Immortal-Life-Henrietta-Lacks/dp/1400052181?tag=NYTBS-20</amazon_product_url><age_group></age_group><book_review_link>https://www.nytimes.com/2010/02/03/books/03book.html</book_review_link><first_chapter_link></first_chapter_link><sunday_review_link>https://www.nytimes.com/2010/02/07/books/review/Margonelli-t.html</sunday_review_link><article_chapter_link></article_chapter_link><isbns><isbn><isbn10>1400052173</isbn10><isbn13>9781400052172</isbn13></isbn><isbn><isbn10>0307589382</isbn10><isbn13>9780307589385</isbn13></isbn><isbn><isbn10>1410427927</isbn10><isbn13>9781410427922</isbn13></isbn><isbn><isbn10>1400052181</isbn10><isbn13>9781400052189</isbn13></isbn><isbn><isbn10>1594134324</isbn10><isbn13>9781594134326</isbn13></isbn><isbn><isbn10>0451486315</isbn10><isbn13>9780451486318</isbn13></isbn><isbn><isbn10>0804190100</isbn10><isbn13>9780804190107</isbn13></isbn></isbns><buy_links><buy_link><name>Local Booksellers</name><url>http://www.indiebound.org/book/9781400052189?aff=NYT</url></buy_link><buy_link><name>Barnes and Noble</name><url>http://www.anrdoezrs.net/click-7990613-11819508?url=http%3A%2F%2Fwww.barnesandnoble.com%2Fw%2F%3Fean%3D9781400052189</url></buy_link><buy_link><name>Amazon</name><url>http://www.amazon.com/The-Immortal-Life-Henrietta-Lacks/dp/1400052181?tag=NYTBS-20</url></buy_link></buy_links></book><book><rank>17</rank><rank_last_week>0</rank_last_week><weeks_on_list>0</weeks_on_list><asterisk>0</asterisk><dagger>0</dagger><primary_isbn10>0307352153</primary_isbn10><primary_isbn13>9780307352156</primary_isbn13><publisher>Crown</publisher><description>Introverts — one-third of the population — are undervalued in American society.</description><price>0</price><title>QUIET</title><author>Susan Cain</author><contributor>by Susan Cain</contributor><contributor_note></contributor_note><book_image>https://s1.nyt.com/du/books/images/9780307452207.jpg</book_image><book_image_width>329</book_image_width><book_image_height>495</book_image_height><amazon_product_url>http://www.amazon.com/Quiet-Power-Introverts-World-Talking-ebook/dp/B004J4WNL2?tag=NYTBS-20</amazon_product_url><age_group></age_group><book_review_link></book_review_link><first_chapter_link></first_chapter_link><sunday_review_link>https://www.nytimes.com/2012/02/12/books/review/susan-cains-quiet-argues-for-the-power-of-introverts.html</sunday_review_link><article_chapter_link></article_chapter_link><isbns><isbn><isbn10>0307352145</isbn10><isbn13>9780307352149</isbn13></isbn><isbn><isbn10>0307452204</isbn10><isbn13>9780307452207</isbn13></isbn><isbn><isbn10>0307352153</isbn10><isbn13>9780307352156</isbn13></isbn><isbn><isbn10>1611734207</isbn10><isbn13>9781611734201</isbn13></isbn><isbn><isbn10>0739341243</isbn10><isbn13>9780739341247</isbn13></isbn><isbn><isbn10>0606320822</isbn10><isbn13>9780606320825</isbn13></isbn></isbns><buy_links><buy_link><name>Local Booksellers</name><url>http://www.indiebound.org/book/9780307352156?aff=NYT</url></buy_link><buy_link><name>Barnes and Noble</name><url>http://www.anrdoezrs.net/click-7990613-11819508?url=http%3A%2F%2Fwww.barnesandnoble.com%2Fw%2F%3Fean%3D9780307352156</url></buy_link><buy_link><name>Amazon</name><url>http://www.amazon.com/Quiet-Power-Introverts-World-Talking-ebook/dp/B004J4WNL2?tag=NYTBS-20</url></buy_link></buy_links></book><book><rank>18</rank><rank_last_week>0</rank_last_week><weeks_on_list>0</weeks_on_list><asterisk>0</asterisk><dagger>0</dagger><primary_isbn10>0805096671</primary_isbn10><primary_isbn13>9780805096675</primary_isbn13><publisher>Holt</publisher><description>The host of “The O’Reilly Factor” recounts the events surrounding the assassination of John F. Kennedy.</description><price>0</price><title>KILLING KENNEDY</title><author>Bill O'Reilly and Martin Dugard</author><contributor>by Bill O'Reilly and Martin Dugard</contributor><contributor_note></contributor_note><book_image>https://s1.nyt.com/du/books/images/9780805096668.jpg</book_image><book_image_width>327</book_image_width><book_image_height>495</book_image_height><amazon_product_url>http://www.amazon.com/Killing-Kennedy-The-End-Camelot-ebook/dp/B0079886DY?tag=NYTBS-20</amazon_product_url><age_group></age_group><book_review_link></book_review_link><first_chapter_link></first_chapter_link><sunday_review_link></sunday_review_link><article_chapter_link></article_chapter_link><isbns><isbn><isbn10>0805096663</isbn10><isbn13>9780805096668</isbn13></isbn><isbn><isbn10>0805096671</isbn10><isbn13>9780805096675</isbn13></isbn><isbn><isbn10>1427226849</isbn10><isbn13>9781427226846</isbn13></isbn><isbn><isbn10>1410452964</isbn10><isbn13>9781410452962</isbn13></isbn><isbn><isbn10>1250092337</isbn10><isbn13>9781250092335</isbn13></isbn></isbns><buy_links><buy_link><name>Local Booksellers</name><url>http://www.indiebound.org/book/9780805096675?aff=NYT</url></buy_link><buy_link><name>Barnes and Noble</name><url>http://www.anrdoezrs.net/click-7990613-11819508?url=http%3A%2F%2Fwww.barnesandnoble.com%2Fw%2F%3Fean%3D9780805096675</url></buy_link><buy_link><name>Amazon</name><url>http://www.amazon.com/Killing-Kennedy-The-End-Camelot-ebook/dp/B0079886DY?tag=NYTBS-20</url></buy_link></buy_links></book><book><rank>19</rank><rank_last_week>0</rank_last_week><weeks_on_list>0</weeks_on_list><asterisk>0</asterisk><dagger>0</dagger><primary_isbn10>038534905X</primary_isbn10><primary_isbn13>9780385349055</primary_isbn13><publisher>Crown Archetype</publisher><description>A comedian's account of life with five kids in a two-bedroom New York City apartment.</description><price>0</price><title>DAD IS FAT</title><author>Jim Gaffigan</author><contributor>by Jim Gaffigan</contributor><contributor_note></contributor_note><book_image>https://s1.nyt.com/du/books/images/9780385349079.jpg</book_image><book_image_width>323</book_image_width><book_image_height>495</book_image_height><amazon_product_url>http://www.amazon.com/Dad-Is-Fat-Jim-Gaffigan/dp/0385349076?tag=NYTBS-20</amazon_product_url><age_group></age_group><book_review_link></book_review_link><first_chapter_link></first_chapter_link><sunday_review_link></sunday_review_link><article_chapter_link></article_chapter_link><isbns><isbn><isbn10>038534905X</isbn10><isbn13>9780385349055</isbn13></isbn><isbn><isbn10>0385349076</isbn10><isbn13>9780385349079</isbn13></isbn></isbns><buy_links><buy_link><name>Local Booksellers</name><url>http://www.indiebound.org/book/9780385349055?aff=NYT</url></buy_link><buy_link><name>Barnes and Noble</name><url>http://www.anrdoezrs.net/click-7990613-11819508?url=http%3A%2F%2Fwww.barnesandnoble.com%2Fw%2F%3Fean%3D9780385349055</url></buy_link><buy_link><name>Amazon</name><url>http://www.amazon.com/Dad-Is-Fat-Jim-Gaffigan/dp/0385349076?tag=NYTBS-20</url></buy_link></buy_links></book><book><rank>20</rank><rank_last_week>0</rank_last_week><weeks_on_list>0</weeks_on_list><asterisk>0</asterisk><dagger>0</dagger><primary_isbn10>141656974X</primary_isbn10><primary_isbn13>9781416569749</primary_isbn13><publisher>Scribner</publisher><description>Martin, now a writer and actor, recalls his years as a stand-up comedian, from the early 1960s to 1981. Originally published in 2008.</description><price>0</price><title>BORN STANDING UP</title><author>Steve Martin</author><contributor>by Steve Martin</contributor><contributor_note></contributor_note><book_image>https://s1.nyt.com/du/books/images/9781416553656.jpg</book_image><book_image_width>176</book_image_width><book_image_height>280</book_image_height><amazon_product_url>http://www.amazon.com/Born-Standing-Up-Comics-Life/dp/1416553657?tag=NYTBS-20</amazon_product_url><age_group></age_group><book_review_link>https://www.nytimes.com/2007/11/15/books/15masl.html</book_review_link><first_chapter_link></first_chapter_link><sunday_review_link>https://www.nytimes.com/2007/12/02/books/review/Witchel-t.html</sunday_review_link><article_chapter_link></article_chapter_link><isbns><isbn><isbn10>141656974X</isbn10><isbn13>9781416569749</isbn13></isbn><isbn><isbn10>1416553657</isbn10><isbn13>9781416553656</isbn13></isbn></isbns><buy_links><buy_link><name>Local Booksellers</name><url>http://www.indiebound.org/book/9781416569749?aff=NYT</url></buy_link><buy_link><name>Barnes and Noble</name><url>http://www.anrdoezrs.net/click-7990613-11819508?url=http%3A%2F%2Fwww.barnesandnoble.com%2Fw%2F%3Fean%3D9781416569749</url></buy_link><buy_link><name>Amazon</name><url>http://www.amazon.com/Born-Standing-Up-Comics-Life/dp/1416553657?tag=NYTBS-20</url></buy_link></buy_links></book></books><corrections/></results></result_set>
