<?xml version="1.0" encoding="UTF-8"?>
<result_set><status>OK</status><copyright>Copyright (c) 2018 The New York Times Company.  All Rights Reserved.</copyright><num_results>35</num_results><last_modified>2017-03-21T13:38:01-04:00</last_modified><results><list_name>Combined Print and E-Book Nonfiction</list_name><list_name_encoded>combined-print-and-e-book-nonfiction</list_name_encoded><bestsellers_date>2012-09-29</bestsellers_date><published_date>2012-10-14</published_date><published_date_description></published_date_description><next_published_date>2012-10-21</next_published_date><previous_published_date>2012-10-07</previous_published_date><display_name><![CDATA[Combined Print & E-Book Nonfiction]]></display_name><normal_list_ends_at>15</normal_list_ends_at><updated>WEEKLY</updated><books><book><rank>1</rank><rank_last_week>1</rank_last_week><weeks_on_list>4</weeks_on_list><asterisk>0</asterisk><dagger>0</dagger><primary_isbn10>0525953728</primary_isbn10><primary_isbn13>9780525953722</primary_isbn13><publisher>Penguin Group</publisher><description>An account of the mission that killed Osama bin Laden, by a former member of the Navy SEALs.</description><price>0</price><title>NO EASY DAY</title><author>Mark Owen with Kevin Maurer</author><contributor>by Mark Owen with Kevin Maurer</contributor><contributor_note></contributor_note><book_image>https://s1.nyt.com/du/books/images/9781101611302.jpg</book_image><book_image_width>330</book_image_width><book_image_height>490</book_image_height><amazon_product_url>http://www.amazon.com/No-Easy-Day-Firsthand-Account/dp/0451468740?tag=NYTBS-20</amazon_product_url><age_group></age_group><book_review_link>https://www.nytimes.com/2012/09/03/books/no-easy-day-by-mark-owen-with-kevin-maurer.html</book_review_link><first_chapter_link></first_chapter_link><sunday_review_link>https://www.nytimes.com/2012/10/21/books/review/no-easy-day-by-mark-owen.html</sunday_review_link><article_chapter_link></article_chapter_link><isbns><isbn><isbn10>0525953728</isbn10><isbn13>9780525953722</isbn13></isbn><isbn><isbn10>1611761565</isbn10><isbn13>9781611761566</isbn13></isbn><isbn><isbn10>0451468740</isbn10><isbn13>9780451468741</isbn13></isbn></isbns><buy_links><buy_link><name>Local Booksellers</name><url>http://www.indiebound.org/book/9780525953722?aff=NYT</url></buy_link><buy_link><name>Barnes and Noble</name><url>http://www.anrdoezrs.net/click-7990613-11819508?url=http%3A%2F%2Fwww.barnesandnoble.com%2Fw%2F%3Fean%3D9780525953722</url></buy_link><buy_link><name>Amazon</name><url>http://www.amazon.com/No-Easy-Day-Firsthand-Account/dp/0451468740?tag=NYTBS-20</url></buy_link></buy_links></book><book><rank>2</rank><rank_last_week>0</rank_last_week><weeks_on_list>1</weeks_on_list><asterisk>0</asterisk><dagger>0</dagger><primary_isbn10>0399159460</primary_isbn10><primary_isbn13>9780399159466</primary_isbn13><publisher>Penguin Group</publisher><description><![CDATA[The rocker’s memoir ranges over his personal life and his music, including his days with Crosby, Stills, Nash & Young.]]></description><price>0</price><title>WAGING HEAVY PEACE</title><author>Neil Young</author><contributor>by Neil Young</contributor><contributor_note></contributor_note><book_image>https://s1.nyt.com/du/books/images/9780399159466.jpg</book_image><book_image_width>128</book_image_width><book_image_height>192</book_image_height><amazon_product_url>http://www.amazon.com/Waging-Heavy-Peace-Hippie-Dream/dp/0142180319?tag=NYTBS-20</amazon_product_url><age_group></age_group><book_review_link>https://www.nytimes.com/2012/10/29/books/neil-youngs-memoir-waging-heavy-peace.html</book_review_link><first_chapter_link></first_chapter_link><sunday_review_link>https://www.nytimes.com/2012/10/28/books/review/neil-youngs-waging-heavy-peace.html</sunday_review_link><article_chapter_link></article_chapter_link><isbns><isbn><isbn10>0399159460</isbn10><isbn13>9780399159466</isbn13></isbn><isbn><isbn10>024196217X</isbn10><isbn13>9780241962176</isbn13></isbn><isbn><isbn10>0399162844</isbn10><isbn13>9780399162848</isbn13></isbn><isbn><isbn10>0142180319</isbn10><isbn13>9780142180310</isbn13></isbn></isbns><buy_links><buy_link><name>Local Booksellers</name><url>http://www.indiebound.org/book/9780399159466?aff=NYT</url></buy_link><buy_link><name>Barnes and Noble</name><url>http://www.anrdoezrs.net/click-7990613-11819508?url=http%3A%2F%2Fwww.barnesandnoble.com%2Fw%2F%3Fean%3D9780399159466</url></buy_link><buy_link><name>Amazon</name><url>http://www.amazon.com/Waging-Heavy-Peace-Hippie-Dream/dp/0142180319?tag=NYTBS-20</url></buy_link></buy_links></book><book><rank>3</rank><rank_last_week>0</rank_last_week><weeks_on_list>1</weeks_on_list><asterisk>0</asterisk><dagger>0</dagger><primary_isbn10>1595230998</primary_isbn10><primary_isbn13>9781595230997</primary_isbn13><publisher>Penguin Group</publisher><description>The political commentator traces racial demagoguery from the 1970s to the present.</description><price>0</price><title>MUGGED</title><author>Ann Coulter</author><contributor>by Ann Coulter</contributor><contributor_note></contributor_note><book_image>https://s1.nyt.com/du/books/images/9781595230997.jpg</book_image><book_image_width>105</book_image_width><book_image_height>159</book_image_height><amazon_product_url>http://www.amazon.com/Mugged-Racial-Demagoguery-Seventies-Obama/dp/1595230998?tag=NYTBS-20</amazon_product_url><age_group></age_group><book_review_link></book_review_link><first_chapter_link></first_chapter_link><sunday_review_link></sunday_review_link><article_chapter_link></article_chapter_link><isbns><isbn><isbn10>1595230998</isbn10><isbn13>9781595230997</isbn13></isbn></isbns><buy_links><buy_link><name>Local Booksellers</name><url>http://www.indiebound.org/book/9781595230997?aff=NYT</url></buy_link><buy_link><name>Barnes and Noble</name><url>http://www.anrdoezrs.net/click-7990613-11819508?url=http%3A%2F%2Fwww.barnesandnoble.com%2Fw%2F%3Fean%3D9781595230997</url></buy_link><buy_link><name>Amazon</name><url>http://www.amazon.com/Mugged-Racial-Demagoguery-Seventies-Obama/dp/1595230998?tag=NYTBS-20</url></buy_link></buy_links></book><book><rank>4</rank><rank_last_week>0</rank_last_week><weeks_on_list>1</weeks_on_list><asterisk>0</asterisk><dagger>0</dagger><primary_isbn10>0679645446</primary_isbn10><primary_isbn13>9780679645443</primary_isbn13><publisher>Random House Publishing</publisher><description>A Medal of Honor winner’s firsthand account of a crucial battle in the Afghan war.</description><price>0</price><title>INTO THE FIRE</title><author>Dakota Meyer and Bing West</author><contributor>by Dakota Meyer and Bing West</contributor><contributor_note></contributor_note><book_image>https://s1.nyt.com/du/books/images/9780812993400.jpg</book_image><book_image_width>328</book_image_width><book_image_height>495</book_image_height><amazon_product_url>http://www.amazon.com/Into-Fire-Firsthand-Account-Extraordinary/dp/0812993403?tag=NYTBS-20</amazon_product_url><age_group></age_group><book_review_link></book_review_link><first_chapter_link></first_chapter_link><sunday_review_link></sunday_review_link><article_chapter_link></article_chapter_link><isbns><isbn><isbn10>0812993403</isbn10><isbn13>9780812993400</isbn13></isbn><isbn><isbn10>0679645446</isbn10><isbn13>9780679645443</isbn13></isbn><isbn><isbn10>0449012093</isbn10><isbn13>9780449012093</isbn13></isbn></isbns><buy_links><buy_link><name>Local Booksellers</name><url>http://www.indiebound.org/book/9780679645443?aff=NYT</url></buy_link><buy_link><name>Barnes and Noble</name><url>http://www.anrdoezrs.net/click-7990613-11819508?url=http%3A%2F%2Fwww.barnesandnoble.com%2Fw%2F%3Fean%3D9780679645443</url></buy_link><buy_link><name>Amazon</name><url>http://www.amazon.com/Into-Fire-Firsthand-Account-Extraordinary/dp/0812993403?tag=NYTBS-20</url></buy_link></buy_links></book><book><rank>5</rank><rank_last_week>2</rank_last_week><weeks_on_list>3</weeks_on_list><asterisk>0</asterisk><dagger>0</dagger><primary_isbn10>1451651104</primary_isbn10><primary_isbn13>9781451651102</primary_isbn13><publisher><![CDATA[Simon & Schuster]]></publisher><description>Inside the debt-ceiling negotiations of 2011 with the Washington Post journalist.</description><price>0</price><title>THE PRICE OF POLITICS</title><author>Bob Woodward</author><contributor>by Bob Woodward</contributor><contributor_note></contributor_note><book_image>https://s1.nyt.com/du/books/images/9781451651102.jpg</book_image><book_image_width>128</book_image_width><book_image_height>195</book_image_height><amazon_product_url>http://www.amazon.com/The-Price-Politics-Bob-Woodward-ebook/dp/B0087JTQFG?tag=NYTBS-20</amazon_product_url><age_group></age_group><book_review_link>https://www.nytimes.com/2012/09/08/books/the-price-of-politics-by-bob-woodward.html</book_review_link><first_chapter_link></first_chapter_link><sunday_review_link></sunday_review_link><article_chapter_link></article_chapter_link><isbns><isbn><isbn10>1451651104</isbn10><isbn13>9781451651102</isbn13></isbn><isbn><isbn10>1451651120</isbn10><isbn13>9781451651126</isbn13></isbn><isbn><isbn10>1442353295</isbn10><isbn13>9781442353299</isbn13></isbn></isbns><buy_links><buy_link><name>Local Booksellers</name><url>http://www.indiebound.org/book/9781451651102?aff=NYT</url></buy_link><buy_link><name>Barnes and Noble</name><url>http://www.anrdoezrs.net/click-7990613-11819508?url=http%3A%2F%2Fwww.barnesandnoble.com%2Fw%2F%3Fean%3D9781451651102</url></buy_link><buy_link><name>Amazon</name><url>http://www.amazon.com/The-Price-Politics-Bob-Woodward-ebook/dp/B0087JTQFG?tag=NYTBS-20</url></buy_link></buy_links></book><book><rank>6</rank><rank_last_week>3</rank_last_week><weeks_on_list>2</weeks_on_list><asterisk>0</asterisk><dagger>0</dagger><primary_isbn10>0812992784</primary_isbn10><primary_isbn13>9780812992786</primary_isbn13><publisher>Random House Publishing</publisher><description>The novelist’s life for nearly 10 years under the Ayatollah Khomeini’s death sentence for writing “The Satanic Verses.”</description><price>0</price><title>JOSEPH ANTON</title><author>Salman Rushdie</author><contributor>by Salman Rushdie</contributor><contributor_note></contributor_note><book_image>https://s1.nyt.com/du/books/images/9780679643883.jpg</book_image><book_image_width>128</book_image_width><book_image_height>192</book_image_height><amazon_product_url>http://www.amazon.com/Joseph-Anton-Memoir-Salman-Rushdie/dp/0812992784?tag=NYTBS-20</amazon_product_url><age_group></age_group><book_review_link>https://www.nytimes.com/2012/09/18/books/in-joseph-anton-salman-rushdie-revisits-death-threat.html</book_review_link><first_chapter_link></first_chapter_link><sunday_review_link>https://www.nytimes.com/2012/10/14/books/review/joseph-anton-a-memoir-by-salman-rushdie.html</sunday_review_link><article_chapter_link></article_chapter_link><isbns><isbn><isbn10>0812992784</isbn10><isbn13>9780812992786</isbn13></isbn><isbn><isbn10>0679643885</isbn10><isbn13>9780679643883</isbn13></isbn></isbns><buy_links><buy_link><name>Local Booksellers</name><url>http://www.indiebound.org/book/9780812992786?aff=NYT</url></buy_link><buy_link><name>Barnes and Noble</name><url>http://www.anrdoezrs.net/click-7990613-11819508?url=http%3A%2F%2Fwww.barnesandnoble.com%2Fw%2F%3Fean%3D9780812992786</url></buy_link><buy_link><name>Amazon</name><url>http://www.amazon.com/Joseph-Anton-Memoir-Salman-Rushdie/dp/0812992784?tag=NYTBS-20</url></buy_link></buy_links></book><book><rank>7</rank><rank_last_week>10</rank_last_week><weeks_on_list>4</weeks_on_list><asterisk>0</asterisk><dagger>0</dagger><primary_isbn10>0547564651</primary_isbn10><primary_isbn13>9780547564654</primary_isbn13><publisher>Houghton Mifflin Harcourt Publishing</publisher><description>An argument that the qualities that matter most have to do with character, not intelligence.</description><price>0</price><title>HOW CHILDREN SUCCEED</title><author>Paul Tough</author><contributor>by Paul Tough</contributor><contributor_note></contributor_note><book_image>https://s1.nyt.com/du/books/images/9780544104402.jpg</book_image><book_image_width>330</book_image_width><book_image_height>494</book_image_height><amazon_product_url>http://www.amazon.com/How-Children-Succeed-Curiosity-Character/dp/0544104404?tag=NYTBS-20</amazon_product_url><age_group></age_group><book_review_link></book_review_link><first_chapter_link></first_chapter_link><sunday_review_link>https://www.nytimes.com/2012/08/26/books/review/how-children-succeed-by-paul-tough.html</sunday_review_link><article_chapter_link></article_chapter_link><isbns><isbn><isbn10>0547564651</isbn10><isbn13>9780547564654</isbn13></isbn><isbn><isbn10>054756466X</isbn10><isbn13>9780547564661</isbn13></isbn><isbn><isbn10>0544104404</isbn10><isbn13>9780544104402</isbn13></isbn><isbn><isbn10>1452608148</isbn10><isbn13>9781452608143</isbn13></isbn></isbns><buy_links><buy_link><name>Local Booksellers</name><url>http://www.indiebound.org/book/9780547564654?aff=NYT</url></buy_link><buy_link><name>Barnes and Noble</name><url>http://www.anrdoezrs.net/click-7990613-11819508?url=http%3A%2F%2Fwww.barnesandnoble.com%2Fw%2F%3Fean%3D9780547564654</url></buy_link><buy_link><name>Amazon</name><url>http://www.amazon.com/How-Children-Succeed-Curiosity-Character/dp/0544104404?tag=NYTBS-20</url></buy_link></buy_links></book><book><rank>8</rank><rank_last_week>4</rank_last_week><weeks_on_list>52</weeks_on_list><asterisk>0</asterisk><dagger>0</dagger><primary_isbn10>0805093079</primary_isbn10><primary_isbn13>9780805093070</primary_isbn13><publisher><![CDATA[Henry Holt & Company]]></publisher><description>The anchor of “The O’Reilly Factor” recounts the assassination of Abraham Lincoln.</description><price>0</price><title>KILLING LINCOLN</title><author>Bill O'Reilly and Martin Dugard</author><contributor>by Bill O'Reilly and Martin Dugard</contributor><contributor_note></contributor_note><book_image>https://s1.nyt.com/du/books/images/9780805093070.jpg</book_image><book_image_width>324</book_image_width><book_image_height>495</book_image_height><amazon_product_url>http://www.amazon.com/Killing-Lincoln-Shocking-Assassination-Changed-ebook/dp/B004ULORYU?tag=NYTBS-20</amazon_product_url><age_group></age_group><book_review_link></book_review_link><first_chapter_link></first_chapter_link><sunday_review_link></sunday_review_link><article_chapter_link></article_chapter_link><isbns><isbn><isbn10>0805093079</isbn10><isbn13>9780805093070</isbn13></isbn><isbn><isbn10>1429996870</isbn10><isbn13>9781429996877</isbn13></isbn><isbn><isbn10>1427213127</isbn10><isbn13>9781427213129</isbn13></isbn><isbn><isbn10>1410443000</isbn10><isbn13>9781410443007</isbn13></isbn><isbn><isbn10>1250012163</isbn10><isbn13>9781250012166</isbn13></isbn><isbn><isbn10>1250105218</isbn10><isbn13>9781250105219</isbn13></isbn></isbns><buy_links><buy_link><name>Local Booksellers</name><url>http://www.indiebound.org/book/9780805093070?aff=NYT</url></buy_link><buy_link><name>Barnes and Noble</name><url>http://www.anrdoezrs.net/click-7990613-11819508?url=http%3A%2F%2Fwww.barnesandnoble.com%2Fw%2F%3Fean%3D9780805093070</url></buy_link><buy_link><name>Amazon</name><url>http://www.amazon.com/Killing-Lincoln-Shocking-Assassination-Changed-ebook/dp/B004ULORYU?tag=NYTBS-20</url></buy_link></buy_links></book><book><rank>9</rank><rank_last_week>0</rank_last_week><weeks_on_list>1</weeks_on_list><asterisk>0</asterisk><dagger>0</dagger><primary_isbn10>159420411X</primary_isbn10><primary_isbn13>9781594204111</primary_isbn13><publisher>Penguin Group</publisher><description>An examination of predictions, the ones that come true and the ones that don’t.</description><price>0</price><title>THE SIGNAL AND THE NOISE</title><author>Nate Silver</author><contributor>by Nate Silver</contributor><contributor_note></contributor_note><book_image>https://s1.nyt.com/du/books/images/9781594204111.jpg</book_image><book_image_width>265</book_image_width><book_image_height>400</book_image_height><amazon_product_url>http://www.amazon.com/The-Signal-Noise-Predictions-Fail-but-ebook/dp/B007V65R54?tag=NYTBS-20</amazon_product_url><age_group></age_group><book_review_link>https://www.nytimes.com/2012/10/24/books/nate-silvers-signal-and-the-noise-examines-predictions.html</book_review_link><first_chapter_link></first_chapter_link><sunday_review_link>https://www.nytimes.com/2012/11/04/books/review/the-signal-and-the-noise-by-nate-silver.html</sunday_review_link><article_chapter_link></article_chapter_link><isbns><isbn><isbn10>159420411X</isbn10><isbn13>9781594204111</isbn13></isbn><isbn><isbn10>0143125087</isbn10><isbn13>9780143125082</isbn13></isbn></isbns><buy_links><buy_link><name>Local Booksellers</name><url>http://www.indiebound.org/book/9781594204111?aff=NYT</url></buy_link><buy_link><name>Barnes and Noble</name><url>http://www.anrdoezrs.net/click-7990613-11819508?url=http%3A%2F%2Fwww.barnesandnoble.com%2Fw%2F%3Fean%3D9781594204111</url></buy_link><buy_link><name>Amazon</name><url>http://www.amazon.com/The-Signal-Noise-Predictions-Fail-but-ebook/dp/B007V65R54?tag=NYTBS-20</url></buy_link></buy_links></book><book><rank>10</rank><rank_last_week>7</rank_last_week><weeks_on_list>88</weeks_on_list><asterisk>0</asterisk><dagger>0</dagger><primary_isbn10>0679603751</primary_isbn10><primary_isbn13>9780679603757</primary_isbn13><publisher>Random House Publishing</publisher><description>An Olympic runner’s story of survival as a prisoner of the Japanese in World War II.</description><price>0</price><title>UNBROKEN</title><author>Laura Hillenbrand</author><contributor>by Laura Hillenbrand</contributor><contributor_note></contributor_note><book_image>https://s1.nyt.com/du/books/images/9781400064168.jpg</book_image><book_image_width>264</book_image_width><book_image_height>400</book_image_height><amazon_product_url>http://www.amazon.com/Unbroken-World-Survival-Resilience-Redemption/dp/1400064163?tag=NYTBS-20</amazon_product_url><age_group></age_group><book_review_link>https://www.nytimes.com/2010/11/15/books/15book.html</book_review_link><first_chapter_link></first_chapter_link><sunday_review_link>https://www.nytimes.com/2010/11/21/books/review/Margolick-t.html</sunday_review_link><article_chapter_link></article_chapter_link><isbns><isbn><isbn10>1400064163</isbn10><isbn13>9781400064168</isbn13></isbn><isbn><isbn10>0679603751</isbn10><isbn13>9780679603757</isbn13></isbn><isbn><isbn10>0375435018</isbn10><isbn13>9780375435010</isbn13></isbn><isbn><isbn10></isbn10><isbn13></isbn13></isbn><isbn><isbn10>0739319698</isbn10><isbn13>9780739319697</isbn13></isbn><isbn><isbn10>0007378033</isbn10><isbn13>9780007378036</isbn13></isbn><isbn><isbn10>0812974492</isbn10><isbn13>9780812974492</isbn13></isbn><isbn><isbn10>0606355987</isbn10><isbn13>9780606355988</isbn13></isbn><isbn><isbn10>081298711X</isbn10><isbn13>9780812987119</isbn13></isbn><isbn><isbn10>0553397117</isbn10><isbn13>9780553397116</isbn13></isbn><isbn><isbn10>1101912626</isbn10><isbn13>9781101912621</isbn13></isbn><isbn><isbn10>1984818449</isbn10><isbn13>9781984818447</isbn13></isbn><isbn><isbn10>1984837621</isbn10><isbn13>9781984837622</isbn13></isbn></isbns><buy_links><buy_link><name>Local Booksellers</name><url>http://www.indiebound.org/book/9780679603757?aff=NYT</url></buy_link><buy_link><name>Barnes and Noble</name><url>http://www.anrdoezrs.net/click-7990613-11819508?url=http%3A%2F%2Fwww.barnesandnoble.com%2Fw%2F%3Fean%3D9780679603757</url></buy_link><buy_link><name>Amazon</name><url>http://www.amazon.com/Unbroken-World-Survival-Resilience-Redemption/dp/1400064163?tag=NYTBS-20</url></buy_link></buy_links></book><book><rank>11</rank><rank_last_week>8</rank_last_week><weeks_on_list>24</weeks_on_list><asterisk>0</asterisk><dagger>0</dagger><primary_isbn10>0307957659</primary_isbn10><primary_isbn13>9780307957658</primary_isbn13><publisher>Knopf Doubleday Publishing</publisher><description>A woman’s account of a life-changing 1,100-mile hike along the Pacific Crest Trail.</description><price>0</price><title>WILD</title><author>Cheryl Strayed</author><contributor>by Cheryl Strayed</contributor><contributor_note></contributor_note><book_image>https://s1.nyt.com/du/books/images/9780307476074.jpg</book_image><book_image_width>321</book_image_width><book_image_height>495</book_image_height><amazon_product_url>http://www.amazon.com/Wild-Found-Pacific-Crest-Trail/dp/0307476073?tag=NYTBS-20</amazon_product_url><age_group></age_group><book_review_link>https://www.nytimes.com/2012/03/28/books/wild-by-cheryl-strayed-a-walkabout-of-reinvention.html</book_review_link><first_chapter_link></first_chapter_link><sunday_review_link>https://www.nytimes.com/2012/04/01/books/review/wild-a-hiking-memoir-by-cheryl-strayed.html</sunday_review_link><article_chapter_link></article_chapter_link><isbns><isbn><isbn10>0307592731</isbn10><isbn13>9780307592736</isbn13></isbn><isbn><isbn10>0307957659</isbn10><isbn13>9780307957658</isbn13></isbn><isbn><isbn10>0307476073</isbn10><isbn13>9780307476074</isbn13></isbn><isbn><isbn10>1594136742</isbn10><isbn13>9781594136740</isbn13></isbn><isbn><isbn10>0307970299</isbn10><isbn13>9780307970299</isbn13></isbn><isbn><isbn10>1101873442</isbn10><isbn13>9781101873441</isbn13></isbn></isbns><buy_links><buy_link><name>Local Booksellers</name><url>http://www.indiebound.org/book/9780307957658?aff=NYT</url></buy_link><buy_link><name>Barnes and Noble</name><url>http://www.anrdoezrs.net/click-7990613-11819508?url=http%3A%2F%2Fwww.barnesandnoble.com%2Fw%2F%3Fean%3D9780307957658</url></buy_link><buy_link><name>Amazon</name><url>http://www.amazon.com/Wild-Found-Pacific-Crest-Trail/dp/0307476073?tag=NYTBS-20</url></buy_link></buy_links></book><book><rank>12</rank><rank_last_week>0</rank_last_week><weeks_on_list>1</weeks_on_list><asterisk>0</asterisk><dagger>0</dagger><primary_isbn10>0062207385</primary_isbn10><primary_isbn13>9780062207388</primary_isbn13><publisher>HarperCollins Publishers</publisher><description>The former manager of the St. Louis Cardinals describes the team’s remarkable 2011 World Series title.</description><price>0</price><title>ONE LAST STRIKE</title><author>Tony La Russa with Rick Hummel</author><contributor>by Tony La Russa with Rick Hummel</contributor><contributor_note></contributor_note><book_image>https://s1.nyt.com/du/books/images/9780062207531.jpg</book_image><book_image_width>328</book_image_width><book_image_height>495</book_image_height><amazon_product_url>http://www.amazon.com/One-Last-Strike-Baseball-Championship/dp/0062207385?tag=NYTBS-20</amazon_product_url><age_group></age_group><book_review_link></book_review_link><first_chapter_link></first_chapter_link><sunday_review_link></sunday_review_link><article_chapter_link></article_chapter_link><isbns><isbn><isbn10>0062207385</isbn10><isbn13>9780062207388</isbn13></isbn><isbn><isbn10>0062207539</isbn10><isbn13>9780062207531</isbn13></isbn></isbns><buy_links><buy_link><name>Local Booksellers</name><url>http://www.indiebound.org/book/9780062207388?aff=NYT</url></buy_link><buy_link><name>Barnes and Noble</name><url>http://www.anrdoezrs.net/click-7990613-11819508?url=http%3A%2F%2Fwww.barnesandnoble.com%2Fw%2F%3Fean%3D9780062207388</url></buy_link><buy_link><name>Amazon</name><url>http://www.amazon.com/One-Last-Strike-Baseball-Championship/dp/0062207385?tag=NYTBS-20</url></buy_link></buy_links></book><book><rank>13</rank><rank_last_week>6</rank_last_week><weeks_on_list>2</weeks_on_list><asterisk>0</asterisk><dagger>0</dagger><primary_isbn10>0385527209</primary_isbn10><primary_isbn13>9780385527200</primary_isbn13><publisher>Knopf Doubleday Publishing</publisher><description>The ideological battles between President Obama and the Supreme Court.</description><price>0</price><title>OATH</title><author>Jeffrey Toobin</author><contributor>by Jeffrey Toobin</contributor><contributor_note></contributor_note><book_image>https://s1.nyt.com/du/books/images/9780385536301.jpg</book_image><book_image_width>128</book_image_width><book_image_height>194</book_image_height><amazon_product_url>http://www.amazon.com/The-Oath-Obama-White-Supreme-ebook/dp/B007QPHK5K?tag=NYTBS-20</amazon_product_url><age_group></age_group><book_review_link>https://www.nytimes.com/2012/10/23/books/in-the-oath-jeffrey-toobin-portrays-supreme-court.html</book_review_link><first_chapter_link></first_chapter_link><sunday_review_link>https://www.nytimes.com/2012/09/30/books/review/the-obama-white-house-and-the-supreme-court-by-jeffrey-toobin.html</sunday_review_link><article_chapter_link></article_chapter_link><isbns><isbn><isbn10>0385527209</isbn10><isbn13>9780385527200</isbn13></isbn><isbn><isbn10>0385536305</isbn10><isbn13>9780385536301</isbn13></isbn><isbn><isbn10>0449013677</isbn10><isbn13>9780449013670</isbn13></isbn><isbn><isbn10>0307390713</isbn10><isbn13>9780307390714</isbn13></isbn></isbns><buy_links><buy_link><name>Local Booksellers</name><url>http://www.indiebound.org/book/9780385527200?aff=NYT</url></buy_link><buy_link><name>Barnes and Noble</name><url>http://www.anrdoezrs.net/click-7990613-11819508?url=http%3A%2F%2Fwww.barnesandnoble.com%2Fw%2F%3Fean%3D9780385527200</url></buy_link><buy_link><name>Amazon</name><url>http://www.amazon.com/The-Oath-Obama-White-Supreme-ebook/dp/B007QPHK5K?tag=NYTBS-20</url></buy_link></buy_links></book><book><rank>14</rank><rank_last_week>5</rank_last_week><weeks_on_list>2</weeks_on_list><asterisk>0</asterisk><dagger>0</dagger><primary_isbn10>0399160205</primary_isbn10><primary_isbn13>9780399160202</primary_isbn13><publisher>Penguin Group</publisher><description>The boyhood and prison life of a man who was released last year after serving 17 years on a wrongful conviction for the murder of three boys in Arkansas.</description><price>0</price><title>LIFE AFTER DEATH</title><author>Damien Echols</author><contributor>by Damien Echols</contributor><contributor_note></contributor_note><book_image>https://s1.nyt.com/du/books/images/9781101598580.jpg</book_image><book_image_width>324</book_image_width><book_image_height>495</book_image_height><amazon_product_url>http://www.amazon.com/Life-After-Death-Damien-Echols-ebook/dp/B0085DOPBO?tag=NYTBS-20</amazon_product_url><age_group></age_group><book_review_link>https://www.nytimes.com/2012/09/20/books/life-after-death-by-damien-echols.html</book_review_link><first_chapter_link></first_chapter_link><sunday_review_link></sunday_review_link><article_chapter_link></article_chapter_link><isbns><isbn><isbn10>0399160205</isbn10><isbn13>9780399160202</isbn13></isbn><isbn><isbn10>0142180289</isbn10><isbn13>9780142180280</isbn13></isbn></isbns><buy_links><buy_link><name>Local Booksellers</name><url>http://www.indiebound.org/book/9780399160202?aff=NYT</url></buy_link><buy_link><name>Barnes and Noble</name><url>http://www.anrdoezrs.net/click-7990613-11819508?url=http%3A%2F%2Fwww.barnesandnoble.com%2Fw%2F%3Fean%3D9780399160202</url></buy_link><buy_link><name>Amazon</name><url>http://www.amazon.com/Life-After-Death-Damien-Echols-ebook/dp/B0085DOPBO?tag=NYTBS-20</url></buy_link></buy_links></book><book><rank>15</rank><rank_last_week>12</rank_last_week><weeks_on_list>4</weeks_on_list><asterisk>0</asterisk><dagger>0</dagger><primary_isbn10>1455502758</primary_isbn10><primary_isbn13>9781455502752</primary_isbn13><publisher>Grand Central Publishing</publisher><description>Reports and reflections on his illness and impending death by the writer, who died in December 2011.</description><price>0</price><title>MORTALITY</title><author>Christopher Hitchens</author><contributor>by Christopher Hitchens</contributor><contributor_note></contributor_note><book_image>https://s1.nyt.com/du/books/images/9781455502752.jpg</book_image><book_image_width>328</book_image_width><book_image_height>495</book_image_height><amazon_product_url>http://www.amazon.com/Mortality-Christopher-Hitchens/dp/1455502758?tag=NYTBS-20</amazon_product_url><age_group></age_group><book_review_link></book_review_link><first_chapter_link></first_chapter_link><sunday_review_link>https://www.nytimes.com/2012/09/02/books/review/mortality-by-christopher-hitchens.html</sunday_review_link><article_chapter_link></article_chapter_link><isbns><isbn><isbn10>1455502758</isbn10><isbn13>9781455502752</isbn13></isbn><isbn><isbn10>1455517828</isbn10><isbn13>9781455517824</isbn13></isbn></isbns><buy_links><buy_link><name>Local Booksellers</name><url>http://www.indiebound.org/book/9781455502752?aff=NYT</url></buy_link><buy_link><name>Barnes and Noble</name><url>http://www.anrdoezrs.net/click-7990613-11819508?url=http%3A%2F%2Fwww.barnesandnoble.com%2Fw%2F%3Fean%3D9781455502752</url></buy_link><buy_link><name>Amazon</name><url>http://www.amazon.com/Mortality-Christopher-Hitchens/dp/1455502758?tag=NYTBS-20</url></buy_link></buy_links></book><book><rank>16</rank><rank_last_week>0</rank_last_week><weeks_on_list>0</weeks_on_list><asterisk>0</asterisk><dagger>0</dagger><primary_isbn10>1596987855</primary_isbn10><primary_isbn13>9781596987852</primary_isbn13><publisher>Regnery Publishing</publisher><description>A journalist argues that President Obama is callow and unable to lead.</description><price>0</price><title>AMATEUR</title><author>Edward Klein</author><contributor>by Edward Klein</contributor><contributor_note></contributor_note><book_image>https://s1.nyt.com/du/books/images/9781596983144.jpg</book_image><book_image_width>128</book_image_width><book_image_height>193</book_image_height><amazon_product_url>http://www.amazon.com/The-Amateur-Edward-Klein/dp/1596987855?tag=NYTBS-20</amazon_product_url><age_group></age_group><book_review_link></book_review_link><first_chapter_link></first_chapter_link><sunday_review_link></sunday_review_link><article_chapter_link></article_chapter_link><isbns><isbn><isbn10>1596987855</isbn10><isbn13>9781596987852</isbn13></isbn><isbn><isbn10>1596983140</isbn10><isbn13>9781596983144</isbn13></isbn></isbns><buy_links><buy_link><name>Local Booksellers</name><url>http://www.indiebound.org/book/9781596987852?aff=NYT</url></buy_link><buy_link><name>Barnes and Noble</name><url>http://www.anrdoezrs.net/click-7990613-11819508?url=http%3A%2F%2Fwww.barnesandnoble.com%2Fw%2F%3Fean%3D9781596987852</url></buy_link><buy_link><name>Amazon</name><url>http://www.amazon.com/The-Amateur-Edward-Klein/dp/1596987855?tag=NYTBS-20</url></buy_link></buy_links></book><book><rank>17</rank><rank_last_week>0</rank_last_week><weeks_on_list>0</weeks_on_list><asterisk>0</asterisk><dagger>0</dagger><primary_isbn10>1451672489</primary_isbn10><primary_isbn13>9781451672480</primary_isbn13><publisher>Free Press</publisher><description>The former chairman of the Federal Deposit Insurance Corporation offers analysis and advice for moving forward after the financial collapse of 2008.</description><price>0</price><title>BULL BY THE HORNS</title><author>Sheila Bair</author><contributor>by Sheila Bair</contributor><contributor_note></contributor_note><book_image>https://s1.nyt.com/du/books/images/9781451672503.jpg</book_image><book_image_width>128</book_image_width><book_image_height>193</book_image_height><amazon_product_url>http://www.amazon.com/Bull-Horns-Fighting-Street-Itself-ebook/dp/B0061Q688A?tag=NYTBS-20</amazon_product_url><age_group></age_group><book_review_link></book_review_link><first_chapter_link></first_chapter_link><sunday_review_link></sunday_review_link><article_chapter_link></article_chapter_link><isbns><isbn><isbn10>1451672489</isbn10><isbn13>9781451672480</isbn13></isbn><isbn><isbn10>1451672500</isbn10><isbn13>9781451672503</isbn13></isbn></isbns><buy_links><buy_link><name>Local Booksellers</name><url>http://www.indiebound.org/book/9781451672480?aff=NYT</url></buy_link><buy_link><name>Barnes and Noble</name><url>http://www.anrdoezrs.net/click-7990613-11819508?url=http%3A%2F%2Fwww.barnesandnoble.com%2Fw%2F%3Fean%3D9781451672480</url></buy_link><buy_link><name>Amazon</name><url>http://www.amazon.com/Bull-Horns-Fighting-Street-Itself-ebook/dp/B0061Q688A?tag=NYTBS-20</url></buy_link></buy_links></book><book><rank>18</rank><rank_last_week>0</rank_last_week><weeks_on_list>0</weeks_on_list><asterisk>0</asterisk><dagger>0</dagger><primary_isbn10>1401324568</primary_isbn10><primary_isbn13>9781401324568</primary_isbn13><publisher>Hyperion Press</publisher><description>The secret White House recordings of John F. Kennedy; includes a two- and-a-half-hour audio CD.</description><price>0</price><title>LISTENING IN</title><author>selected  Ted Widmer</author><contributor>selected by Ted Widmer</contributor><contributor_note></contributor_note><book_image>https://s1.nyt.com/du/books/images/9781401324568.jpg</book_image><book_image_width>330</book_image_width><book_image_height>495</book_image_height><amazon_product_url>http://www.amazon.com/Listening-In-Secret-Recordings-Kennedy/dp/1401324568?tag=NYTBS-20</amazon_product_url><age_group></age_group><book_review_link></book_review_link><first_chapter_link></first_chapter_link><sunday_review_link></sunday_review_link><article_chapter_link></article_chapter_link><isbns><isbn><isbn10>1401324568</isbn10><isbn13>9781401324568</isbn13></isbn></isbns><buy_links><buy_link><name>Local Booksellers</name><url>http://www.indiebound.org/book/9781401324568?aff=NYT</url></buy_link><buy_link><name>Barnes and Noble</name><url>http://www.anrdoezrs.net/click-7990613-11819508?url=http%3A%2F%2Fwww.barnesandnoble.com%2Fw%2F%3Fean%3D9781401324568</url></buy_link><buy_link><name>Amazon</name><url>http://www.amazon.com/Listening-In-Secret-Recordings-Kennedy/dp/1401324568?tag=NYTBS-20</url></buy_link></buy_links></book><book><rank>19</rank><rank_last_week>0</rank_last_week><weeks_on_list>0</weeks_on_list><asterisk>0</asterisk><dagger>0</dagger><primary_isbn10>0849946158</primary_isbn10><primary_isbn13>9780849946158</primary_isbn13><publisher>Thomas Nelson</publisher><description>A 3-year-old’s encounter with Jesus during an appendectomy; the basis of the movie.</description><price>0</price><title>HEAVEN IS FOR REAL</title><author>Todd Burpo with Lynn Vincent</author><contributor>by Todd Burpo with Lynn Vincent</contributor><contributor_note></contributor_note><book_image>https://s1.nyt.com/du/books/images/9780849949203.jpg</book_image><book_image_width>309</book_image_width><book_image_height>495</book_image_height><amazon_product_url>http://www.amazon.com/Heaven-Real-Little-Astounding-Story-ebook/dp/B004A90BXS?tag=NYTBS-20</amazon_product_url><age_group></age_group><book_review_link>https://www.nytimes.com/2011/03/12/books/heaven-is-for-real-is-publishing-phenomenon.html</book_review_link><first_chapter_link></first_chapter_link><sunday_review_link></sunday_review_link><article_chapter_link></article_chapter_link><isbns><isbn><isbn10>0849946158</isbn10><isbn13>9780849946158</isbn13></isbn><isbn><isbn10>0849948363</isbn10><isbn13>9780849948367</isbn13></isbn><isbn><isbn10>0849922070</isbn10><isbn13>9780849922077</isbn13></isbn></isbns><buy_links><buy_link><name>Local Booksellers</name><url>http://www.indiebound.org/book/9780849946158?aff=NYT</url></buy_link><buy_link><name>Barnes and Noble</name><url>http://www.anrdoezrs.net/click-7990613-11819508?url=http%3A%2F%2Fwww.barnesandnoble.com%2Fw%2F%3Fean%3D9780849946158</url></buy_link><buy_link><name>Amazon</name><url>http://www.amazon.com/Heaven-Real-Little-Astounding-Story-ebook/dp/B004A90BXS?tag=NYTBS-20</url></buy_link></buy_links></book><book><rank>20</rank><rank_last_week>0</rank_last_week><weeks_on_list>0</weeks_on_list><asterisk>0</asterisk><dagger>0</dagger><primary_isbn10>1451648553</primary_isbn10><primary_isbn13>9781451648553</primary_isbn13><publisher><![CDATA[Simon & Schuster]]></publisher><description>A biography of the entrepreneur, based on 40 interviews with Jobs conducted over two years.</description><price>0</price><title>STEVE JOBS</title><author>Walter Isaacson</author><contributor>by Walter Isaacson</contributor><contributor_note></contributor_note><book_image>https://s1.nyt.com/du/books/images/9781451648553.jpg</book_image><book_image_width>325</book_image_width><book_image_height>495</book_image_height><amazon_product_url>http://www.amazon.com/Steve-Jobs-Walter-Isaacson-ebook/dp/B004W2UBYW?tag=NYTBS-20</amazon_product_url><age_group></age_group><book_review_link>https://www.nytimes.com/2011/10/22/books/steve-jobs-by-walter-isaacson-review.html</book_review_link><first_chapter_link></first_chapter_link><sunday_review_link></sunday_review_link><article_chapter_link></article_chapter_link><isbns><isbn><isbn10>1451648537</isbn10><isbn13>9781451648539</isbn13></isbn><isbn><isbn10>1451648553</isbn10><isbn13>9781451648553</isbn13></isbn><isbn><isbn10>1442346272</isbn10><isbn13>9781442346277</isbn13></isbn><isbn><isbn10>1442346949</isbn10><isbn13>9781442346949</isbn13></isbn><isbn><isbn10>1410445224</isbn10><isbn13>9781410445223</isbn13></isbn><isbn><isbn10>030795028X</isbn10><isbn13>9780307950284</isbn13></isbn><isbn><isbn10>1408703742</isbn10><isbn13>9781408703748</isbn13></isbn><isbn><isbn10>1451648545</isbn10><isbn13>9781451648546</isbn13></isbn><isbn><isbn10>1594136793</isbn10><isbn13>9781594136795</isbn13></isbn></isbns><buy_links><buy_link><name>Local Booksellers</name><url>http://www.indiebound.org/book/9781451648553?aff=NYT</url></buy_link><buy_link><name>Barnes and Noble</name><url>http://www.anrdoezrs.net/click-7990613-11819508?url=http%3A%2F%2Fwww.barnesandnoble.com%2Fw%2F%3Fean%3D9781451648553</url></buy_link><buy_link><name>Amazon</name><url>http://www.amazon.com/Steve-Jobs-Walter-Isaacson-ebook/dp/B004W2UBYW?tag=NYTBS-20</url></buy_link></buy_links></book></books><corrections/></results></result_set>
