<?xml version="1.0" encoding="UTF-8"?>
<result_set><status>OK</status><copyright>Copyright (c) 2018 The New York Times Company.  All Rights Reserved.</copyright><num_results>25</num_results><last_modified>2017-03-21T13:38:01-04:00</last_modified><results><list_name>Combined Print and E-Book Nonfiction</list_name><list_name_encoded>combined-print-and-e-book-nonfiction</list_name_encoded><bestsellers_date>2014-02-15</bestsellers_date><published_date>2014-03-02</published_date><published_date_description></published_date_description><next_published_date>2014-03-09</next_published_date><previous_published_date>2014-02-23</previous_published_date><display_name><![CDATA[Combined Print & E-Book Nonfiction]]></display_name><normal_list_ends_at>15</normal_list_ends_at><updated>WEEKLY</updated><books><book><rank>1</rank><rank_last_week>2</rank_last_week><weeks_on_list>6</weeks_on_list><asterisk>0</asterisk><dagger>0</dagger><primary_isbn10>1599952653</primary_isbn10><primary_isbn13>9781599952659</primary_isbn13><publisher>Center Street</publisher><description>The fight to preserve art works stolen by the Nazis during World War II. The basis for the movie.</description><price>0</price><title>THE MONUMENTS MEN</title><author>Robert M Edsel with Bret Witter</author><contributor>by Robert M. Edsel with Bret Witter</contributor><contributor_note></contributor_note><book_image>https://s1.nyt.com/du/books/images/9780316240055.jpg</book_image><book_image_width>327</book_image_width><book_image_height>495</book_image_height><amazon_product_url>http://www.amazon.com/The-Monuments-Men-Greatest-Treasure-ebook/dp/B002LHRLNE?tag=NYTBS-20</amazon_product_url><age_group></age_group><book_review_link></book_review_link><first_chapter_link></first_chapter_link><sunday_review_link></sunday_review_link><article_chapter_link></article_chapter_link><isbns><isbn><isbn10>0316240052</isbn10><isbn13>9780316240055</isbn13></isbn><isbn><isbn10>0316240079</isbn10><isbn13>9780316240079</isbn13></isbn><isbn><isbn10>1599951509</isbn10><isbn13>9781599951508</isbn13></isbn><isbn><isbn10>1599952653</isbn10><isbn13>9781599952659</isbn13></isbn><isbn><isbn10>1599951495</isbn10><isbn13>9781599951492</isbn13></isbn><isbn><isbn10>097743494X</isbn10><isbn13>9780977434947</isbn13></isbn></isbns><buy_links><buy_link><name>Local Booksellers</name><url>http://www.indiebound.org/book/9781599952659?aff=NYT</url></buy_link><buy_link><name>Barnes and Noble</name><url>http://www.anrdoezrs.net/click-7990613-11819508?url=http%3A%2F%2Fwww.barnesandnoble.com%2Fw%2F%3Fean%3D9781599952659</url></buy_link><buy_link><name>Amazon</name><url>http://www.amazon.com/The-Monuments-Men-Greatest-Treasure-ebook/dp/B002LHRLNE?tag=NYTBS-20</url></buy_link></buy_links></book><book><rank>2</rank><rank_last_week>1</rank_last_week><weeks_on_list>13</weeks_on_list><asterisk>0</asterisk><dagger>0</dagger><primary_isbn10>0316007544</primary_isbn10><primary_isbn13>9780316007542</primary_isbn13><publisher>Little, Brown</publisher><description>The only survivor of a Navy SEALs operation in northern Afghanistan describes the battle and his escape. First published in 2007; the basis for the movie.</description><price>0</price><title>LONE SURVIVOR</title><author>Marcus Luttrell with Patrick Robinson</author><contributor>by Marcus Luttrell with Patrick Robinson</contributor><contributor_note></contributor_note><book_image>https://s1.nyt.com/du/books/images/9780316067607.jpg</book_image><book_image_width>180</book_image_width><book_image_height>270</book_image_height><amazon_product_url>http://www.amazon.com/Lone-Survivor-Eyewitness-Account-Operation/dp/0316067601?tag=NYTBS-20</amazon_product_url><age_group></age_group><book_review_link></book_review_link><first_chapter_link></first_chapter_link><sunday_review_link></sunday_review_link><article_chapter_link></article_chapter_link><isbns><isbn><isbn10>0316007544</isbn10><isbn13>9780316007542</isbn13></isbn><isbn><isbn10>0316044695</isbn10><isbn13>9780316044691</isbn13></isbn><isbn><isbn10>0316067601</isbn10><isbn13>9780316067607</isbn13></isbn><isbn><isbn10>0316067598</isbn10><isbn13>9780316067591</isbn13></isbn><isbn><isbn10>031632406X</isbn10><isbn13>9780316324069</isbn13></isbn><isbn><isbn10>0316324108</isbn10><isbn13>9780316324106</isbn13></isbn><isbn><isbn10>1478927089</isbn10><isbn13>9781478927082</isbn13></isbn><isbn><isbn10>1600242197</isbn10><isbn13>9781600242199</isbn13></isbn><isbn><isbn10>0606352155</isbn10><isbn13>9780606352154</isbn13></isbn></isbns><buy_links><buy_link><name>Local Booksellers</name><url>http://www.indiebound.org/book/9780316007542?aff=NYT</url></buy_link><buy_link><name>Barnes and Noble</name><url>http://www.anrdoezrs.net/click-7990613-11819508?url=http%3A%2F%2Fwww.barnesandnoble.com%2Fw%2F%3Fean%3D9780316007542</url></buy_link><buy_link><name>Amazon</name><url>http://www.amazon.com/Lone-Survivor-Eyewitness-Account-Operation/dp/0316067601?tag=NYTBS-20</url></buy_link></buy_links></book><book><rank>3</rank><rank_last_week>4</rank_last_week><weeks_on_list>5</weeks_on_list><asterisk>0</asterisk><dagger>0</dagger><primary_isbn10>0307959473</primary_isbn10><primary_isbn13>9780307959478</primary_isbn13><publisher>Knopf</publisher><description>The former defense secretary recounts his experience serving Presidents Bush and Obama during the wars in Iraq and Afghanistan.</description><price>0</price><title>DUTY</title><author>Robert M Gates</author><contributor>by Robert M. Gates</contributor><contributor_note></contributor_note><book_image>https://s1.nyt.com/du/books/images/9780307959485.jpg</book_image><book_image_width>128</book_image_width><book_image_height>192</book_image_height><amazon_product_url>http://www.amazon.com/Duty-Memoirs-Secretary-at-War-ebook/dp/B00F8F3J2S?tag=NYTBS-20</amazon_product_url><age_group></age_group><book_review_link></book_review_link><first_chapter_link></first_chapter_link><sunday_review_link>https://www.nytimes.com/2014/01/19/books/review/duty-a-memoir-by-robert-m-gates.html</sunday_review_link><article_chapter_link></article_chapter_link><isbns><isbn><isbn10>0307959473</isbn10><isbn13>9780307959478</isbn13></isbn><isbn><isbn10>0307959481</isbn10><isbn13>9780307959485</isbn13></isbn><isbn><isbn10>0804148627</isbn10><isbn13>9780804148627</isbn13></isbn></isbns><buy_links><buy_link><name>Local Booksellers</name><url>http://www.indiebound.org/book/9780307959478?aff=NYT</url></buy_link><buy_link><name>Barnes and Noble</name><url>http://www.anrdoezrs.net/click-7990613-11819508?url=http%3A%2F%2Fwww.barnesandnoble.com%2Fw%2F%3Fean%3D9780307959478</url></buy_link><buy_link><name>Amazon</name><url>http://www.amazon.com/Duty-Memoirs-Secretary-at-War-ebook/dp/B00F8F3J2S?tag=NYTBS-20</url></buy_link></buy_links></book><book><rank>4</rank><rank_last_week>3</rank_last_week><weeks_on_list>10</weeks_on_list><asterisk>0</asterisk><dagger>0</dagger><primary_isbn10>None</primary_isbn10><primary_isbn13>9781443433099</primary_isbn13><publisher>Various publishers</publisher><description>The narrative, first published in 1853, of a freeman who was kidnapped and sold into slavery, and spent 12 years in bondage before escaping; the basis of the recently released movie.</description><price>0</price><title>TWELVE YEARS A SLAVE</title><author>Solomon Northup</author><contributor>by Solomon Northup</contributor><contributor_note></contributor_note><book_image>https://s1.nyt.com/du/books/images/9781443433099.jpg</book_image><book_image_width>330</book_image_width><book_image_height>485</book_image_height><amazon_product_url>http://www.amazon.com/Twelve-Years-Slave-Solomon-Northup-ebook/dp/B00FDS85EM?tag=NYTBS-20</amazon_product_url><age_group></age_group><book_review_link></book_review_link><first_chapter_link></first_chapter_link><sunday_review_link></sunday_review_link><article_chapter_link></article_chapter_link><isbns><isbn><isbn10>1612107141</isbn10><isbn13>9781612107141</isbn13></isbn><isbn><isbn10>1843914719</isbn10><isbn13>9781843914716</isbn13></isbn><isbn><isbn10>1476767343</isbn10><isbn13>9781476767345</isbn13></isbn><isbn><isbn10>0143106708</isbn10><isbn13>9780143106708</isbn13></isbn><isbn><isbn10>1492368288</isbn10><isbn13>9781492368281</isbn13></isbn><isbn><isbn10>0143125419</isbn10><isbn13>9780143125419</isbn13></isbn><isbn><isbn10>0486411435</isbn10><isbn13>9780486411439</isbn13></isbn><isbn><isbn10>1429093374</isbn10><isbn13>9781429093378</isbn13></isbn><isbn><isbn10>1612931081</isbn10><isbn13>9781612931081</isbn13></isbn><isbn><isbn10>1480476900</isbn10><isbn13>9781480476905</isbn13></isbn><isbn><isbn10>1480476889</isbn10><isbn13>9781480476882</isbn13></isbn><isbn><isbn10>1629143499</isbn10><isbn13>9781629143491</isbn13></isbn><isbn><isbn10>1629143502</isbn10><isbn13>9781629143507</isbn13></isbn><isbn><isbn10>0007582951</isbn10><isbn13>9780007582952</isbn13></isbn><isbn><isbn10>0807101508</isbn10><isbn13>9780807101506</isbn13></isbn></isbns><buy_links><buy_link><name>Local Booksellers</name><url>http://www.indiebound.org/book/9781443433099?aff=NYT</url></buy_link><buy_link><name>Barnes and Noble</name><url>http://www.anrdoezrs.net/click-7990613-11819508?url=http%3A%2F%2Fwww.barnesandnoble.com%2Fw%2F%3Fean%3D9781443433099</url></buy_link><buy_link><name>Amazon</name><url>http://www.amazon.com/Twelve-Years-Slave-Solomon-Northup-ebook/dp/B00FDS85EM?tag=NYTBS-20</url></buy_link></buy_links></book><book><rank>5</rank><rank_last_week>5</rank_last_week><weeks_on_list>21</weeks_on_list><asterisk>0</asterisk><dagger>0</dagger><primary_isbn10>0805098542</primary_isbn10><primary_isbn13>9780805098549</primary_isbn13><publisher>Holt</publisher><description>The host of "The O'Reilly Factor" recounts the events leading up to Jesus' execution.</description><price>0</price><title>KILLING JESUS</title><author>Bill O'Reilly and Martin Dugard</author><contributor>by Bill O'Reilly and Martin Dugard</contributor><contributor_note></contributor_note><book_image>https://s1.nyt.com/du/books/images/9780805098549.jpg</book_image><book_image_width>326</book_image_width><book_image_height>495</book_image_height><amazon_product_url>http://www.amazon.com/Killing-Jesus-Bill-OReilly/dp/0805098542?tag=NYTBS-20</amazon_product_url><age_group></age_group><book_review_link></book_review_link><first_chapter_link></first_chapter_link><sunday_review_link></sunday_review_link><article_chapter_link></article_chapter_link><isbns><isbn><isbn10>0805098542</isbn10><isbn13>9780805098549</isbn13></isbn><isbn><isbn10>1410462420</isbn10><isbn13>9781410462428</isbn13></isbn><isbn><isbn10>1427233322</isbn10><isbn13>9781427233325</isbn13></isbn><isbn><isbn10>1250142202</isbn10><isbn13>9781250142207</isbn13></isbn></isbns><buy_links><buy_link><name>Local Booksellers</name><url>http://www.indiebound.org/book/9780805098549?aff=NYT</url></buy_link><buy_link><name>Barnes and Noble</name><url>http://www.anrdoezrs.net/click-7990613-11819508?url=http%3A%2F%2Fwww.barnesandnoble.com%2Fw%2F%3Fean%3D9780805098549</url></buy_link><buy_link><name>Amazon</name><url>http://www.amazon.com/Killing-Jesus-Bill-OReilly/dp/0805098542?tag=NYTBS-20</url></buy_link></buy_links></book><book><rank>6</rank><rank_last_week>0</rank_last_week><weeks_on_list>1</weeks_on_list><asterisk>0</asterisk><dagger>0</dagger><primary_isbn10>0805092994</primary_isbn10><primary_isbn13>9780805092998</primary_isbn13><publisher>Holt</publisher><description>The New Yorker writer examines the role of man-made influences in causing plant and animal loss.</description><price>0</price><title>THE SIXTH EXTINCTION</title><author>Elizabeth Kolbert</author><contributor>by Elizabeth Kolbert</contributor><contributor_note></contributor_note><book_image>https://s1.nyt.com/du/books/images/9780805099799.jpg</book_image><book_image_width>128</book_image_width><book_image_height>195</book_image_height><amazon_product_url>http://www.amazon.com/The-Sixth-Extinction-Unnatural-History-ebook/dp/B00EGJE4G2?tag=NYTBS-20</amazon_product_url><age_group></age_group><book_review_link></book_review_link><first_chapter_link></first_chapter_link><sunday_review_link>https://www.nytimes.com/2014/02/16/books/review/the-sixth-extinction-by-elizabeth-kolbert.html</sunday_review_link><article_chapter_link></article_chapter_link><isbns><isbn><isbn10>0805092994</isbn10><isbn13>9780805092998</isbn13></isbn><isbn><isbn10>0805099794</isbn10><isbn13>9780805099799</isbn13></isbn><isbn><isbn10>1442369450</isbn10><isbn13>9781442369450</isbn13></isbn><isbn><isbn10>1250062187</isbn10><isbn13>9781250062185</isbn13></isbn><isbn><isbn10>1408851237</isbn10><isbn13>9781408851234</isbn13></isbn></isbns><buy_links><buy_link><name>Local Booksellers</name><url>http://www.indiebound.org/book/9780805092998?aff=NYT</url></buy_link><buy_link><name>Barnes and Noble</name><url>http://www.anrdoezrs.net/click-7990613-11819508?url=http%3A%2F%2Fwww.barnesandnoble.com%2Fw%2F%3Fean%3D9780805092998</url></buy_link><buy_link><name>Amazon</name><url>http://www.amazon.com/The-Sixth-Extinction-Unnatural-History-ebook/dp/B00EGJE4G2?tag=NYTBS-20</url></buy_link></buy_links></book><book><rank>7</rank><rank_last_week>7</rank_last_week><weeks_on_list>17</weeks_on_list><asterisk>0</asterisk><dagger>0</dagger><primary_isbn10>0385349173</primary_isbn10><primary_isbn13>9780385349178</primary_isbn13><publisher>Crown Forum</publisher><description>Three decades’ worth of essays from the conservative columnist.</description><price>0</price><title>THINGS THAT MATTER</title><author>Charles Krauthammer</author><contributor>by Charles Krauthammer</contributor><contributor_note></contributor_note><book_image>https://s1.nyt.com/du/books/images/9780385349178.jpg</book_image><book_image_width>330</book_image_width><book_image_height>493</book_image_height><amazon_product_url>http://www.amazon.com/Things-That-Matter-Passions-Pastimes/dp/0385349173?tag=NYTBS-20</amazon_product_url><age_group></age_group><book_review_link></book_review_link><first_chapter_link></first_chapter_link><sunday_review_link></sunday_review_link><article_chapter_link></article_chapter_link><isbns><isbn><isbn10>0385349173</isbn10><isbn13>9780385349178</isbn13></isbn><isbn><isbn10>0385349181</isbn10><isbn13>9780385349185</isbn13></isbn><isbn><isbn10>0553398326</isbn10><isbn13>9780553398328</isbn13></isbn><isbn><isbn10>0804194513</isbn10><isbn13>9780804194518</isbn13></isbn><isbn><isbn10>038534919X</isbn10><isbn13>9780385349192</isbn13></isbn></isbns><buy_links><buy_link><name>Local Booksellers</name><url>http://www.indiebound.org/book/9780385349178?aff=NYT</url></buy_link><buy_link><name>Barnes and Noble</name><url>http://www.anrdoezrs.net/click-7990613-11819508?url=http%3A%2F%2Fwww.barnesandnoble.com%2Fw%2F%3Fean%3D9780385349178</url></buy_link><buy_link><name>Amazon</name><url>http://www.amazon.com/Things-That-Matter-Passions-Pastimes/dp/0385349173?tag=NYTBS-20</url></buy_link></buy_links></book><book><rank>8</rank><rank_last_week>6</rank_last_week><weeks_on_list>20</weeks_on_list><asterisk>0</asterisk><dagger>0</dagger><primary_isbn10>0316204366</primary_isbn10><primary_isbn13>9780316204361</primary_isbn13><publisher>Little, Brown</publisher><description>How disadvantages can work in our favor; from the author of "The Tipping Point" and "Outliers."</description><price>0</price><title>DAVID AND GOLIATH</title><author>Malcolm Gladwell</author><contributor>by Malcolm Gladwell</contributor><contributor_note></contributor_note><book_image>https://s1.nyt.com/du/books/images/9780316204361.jpg</book_image><book_image_width>330</book_image_width><book_image_height>474</book_image_height><amazon_product_url>http://www.amazon.com/David-Goliath-Underdogs-Misfits-Battling/dp/0316204366?tag=NYTBS-20</amazon_product_url><age_group></age_group><book_review_link>https://www.nytimes.com/2013/10/03/books/david-and-goliath-by-malcolm-gladwell.html</book_review_link><first_chapter_link></first_chapter_link><sunday_review_link>https://www.nytimes.com/2013/10/13/books/review/malcolm-gladwells-david-and-goliath.html</sunday_review_link><article_chapter_link></article_chapter_link><isbns><isbn><isbn10>0316204366</isbn10><isbn13>9780316204361</isbn13></isbn><isbn><isbn10>0316204382</isbn10><isbn13>9780316204385</isbn13></isbn><isbn><isbn10>1611137527</isbn10><isbn13>9781611137521</isbn13></isbn><isbn><isbn10>0316239852</isbn10><isbn13>9780316239851</isbn13></isbn><isbn><isbn10>0316204374</isbn10><isbn13>9780316204378</isbn13></isbn><isbn><isbn10>031625178X</isbn10><isbn13>9780316251785</isbn13></isbn></isbns><buy_links><buy_link><name>Local Booksellers</name><url>http://www.indiebound.org/book/9780316204361?aff=NYT</url></buy_link><buy_link><name>Barnes and Noble</name><url>http://www.anrdoezrs.net/click-7990613-11819508?url=http%3A%2F%2Fwww.barnesandnoble.com%2Fw%2F%3Fean%3D9780316204361</url></buy_link><buy_link><name>Amazon</name><url>http://www.amazon.com/David-Goliath-Underdogs-Misfits-Battling/dp/0316204366?tag=NYTBS-20</url></buy_link></buy_links></book><book><rank>9</rank><rank_last_week>12</rank_last_week><weeks_on_list>64</weeks_on_list><asterisk>0</asterisk><dagger>0</dagger><primary_isbn10>0307476073</primary_isbn10><primary_isbn13>9780307476074</primary_isbn13><publisher>Knopf</publisher><description>A woman’s account of a life-changing 1,100-mile hike along the Pacific Crest Trail during the summer of 1995.</description><price>0</price><title>WILD</title><author>Cheryl Strayed</author><contributor>by Cheryl Strayed</contributor><contributor_note></contributor_note><book_image>https://s1.nyt.com/du/books/images/9780307476074.jpg</book_image><book_image_width>321</book_image_width><book_image_height>495</book_image_height><amazon_product_url>http://www.amazon.com/Wild-Found-Pacific-Crest-Trail/dp/0307476073?tag=NYTBS-20</amazon_product_url><age_group></age_group><book_review_link>https://www.nytimes.com/2012/03/28/books/wild-by-cheryl-strayed-a-walkabout-of-reinvention.html</book_review_link><first_chapter_link></first_chapter_link><sunday_review_link>https://www.nytimes.com/2012/04/01/books/review/wild-a-hiking-memoir-by-cheryl-strayed.html</sunday_review_link><article_chapter_link></article_chapter_link><isbns><isbn><isbn10>0307592731</isbn10><isbn13>9780307592736</isbn13></isbn><isbn><isbn10>0307957659</isbn10><isbn13>9780307957658</isbn13></isbn><isbn><isbn10>0307476073</isbn10><isbn13>9780307476074</isbn13></isbn><isbn><isbn10>1594136742</isbn10><isbn13>9781594136740</isbn13></isbn><isbn><isbn10>0307970299</isbn10><isbn13>9780307970299</isbn13></isbn><isbn><isbn10>1101873442</isbn10><isbn13>9781101873441</isbn13></isbn></isbns><buy_links><buy_link><name>Local Booksellers</name><url>http://www.indiebound.org/book/9780307476074?aff=NYT</url></buy_link><buy_link><name>Barnes and Noble</name><url>http://www.anrdoezrs.net/click-7990613-11819508?url=http%3A%2F%2Fwww.barnesandnoble.com%2Fw%2F%3Fean%3D9780307476074</url></buy_link><buy_link><name>Amazon</name><url>http://www.amazon.com/Wild-Found-Pacific-Crest-Trail/dp/0307476073?tag=NYTBS-20</url></buy_link></buy_links></book><book><rank>10</rank><rank_last_week>0</rank_last_week><weeks_on_list>1</weeks_on_list><asterisk>0</asterisk><dagger>0</dagger><primary_isbn10>0062297171</primary_isbn10><primary_isbn13>9780062297174</primary_isbn13><publisher>HarperOne/HarperCollins</publisher><description>Observations on hooking up, from the “Real Housewives of Beverly Hills” star.</description><price>0</price><title>DRINKING AND DATING</title><author>Brandi Glanville with Leslie Bruce</author><contributor>by Brandi Glanville with Leslie Bruce</contributor><contributor_note></contributor_note><book_image>https://s1.nyt.com/du/books/images/9780062297174.jpg</book_image><book_image_width>128</book_image_width><book_image_height>193</book_image_height><amazon_product_url>http://www.amazon.com/Drinking-Dating-Social-Ruining-Romance-ebook/dp/B00DB3DAIM?tag=NYTBS-20</amazon_product_url><age_group></age_group><book_review_link></book_review_link><first_chapter_link></first_chapter_link><sunday_review_link></sunday_review_link><article_chapter_link></article_chapter_link><isbns><isbn><isbn10>0062296310</isbn10><isbn13>9780062296313</isbn13></isbn><isbn><isbn10>0062297171</isbn10><isbn13>9780062297174</isbn13></isbn></isbns><buy_links><buy_link><name>Local Booksellers</name><url>http://www.indiebound.org/book/9780062297174?aff=NYT</url></buy_link><buy_link><name>Barnes and Noble</name><url>http://www.anrdoezrs.net/click-7990613-11819508?url=http%3A%2F%2Fwww.barnesandnoble.com%2Fw%2F%3Fean%3D9780062297174</url></buy_link><buy_link><name>Amazon</name><url>http://www.amazon.com/Drinking-Dating-Social-Ruining-Romance-ebook/dp/B00DB3DAIM?tag=NYTBS-20</url></buy_link></buy_links></book><book><rank>11</rank><rank_last_week>10</rank_last_week><weeks_on_list>140</weeks_on_list><asterisk>0</asterisk><dagger>0</dagger><primary_isbn10>0679603751</primary_isbn10><primary_isbn13>9780679603757</primary_isbn13><publisher>Random House</publisher><description>An Olympic runner’s story of survival as a prisoner of the Japanese in World War II.</description><price>0</price><title>UNBROKEN</title><author>Laura Hillenbrand</author><contributor>by Laura Hillenbrand</contributor><contributor_note></contributor_note><book_image>https://s1.nyt.com/du/books/images/9781400064168.jpg</book_image><book_image_width>264</book_image_width><book_image_height>400</book_image_height><amazon_product_url>http://www.amazon.com/Unbroken-World-Survival-Resilience-Redemption/dp/1400064163?tag=NYTBS-20</amazon_product_url><age_group></age_group><book_review_link>https://www.nytimes.com/2010/11/15/books/15book.html</book_review_link><first_chapter_link></first_chapter_link><sunday_review_link>https://www.nytimes.com/2010/11/21/books/review/Margolick-t.html</sunday_review_link><article_chapter_link></article_chapter_link><isbns><isbn><isbn10>1400064163</isbn10><isbn13>9781400064168</isbn13></isbn><isbn><isbn10>0679603751</isbn10><isbn13>9780679603757</isbn13></isbn><isbn><isbn10>0375435018</isbn10><isbn13>9780375435010</isbn13></isbn><isbn><isbn10></isbn10><isbn13></isbn13></isbn><isbn><isbn10>0739319698</isbn10><isbn13>9780739319697</isbn13></isbn><isbn><isbn10>0007378033</isbn10><isbn13>9780007378036</isbn13></isbn><isbn><isbn10>0812974492</isbn10><isbn13>9780812974492</isbn13></isbn><isbn><isbn10>0606355987</isbn10><isbn13>9780606355988</isbn13></isbn><isbn><isbn10>081298711X</isbn10><isbn13>9780812987119</isbn13></isbn><isbn><isbn10>0553397117</isbn10><isbn13>9780553397116</isbn13></isbn><isbn><isbn10>1101912626</isbn10><isbn13>9781101912621</isbn13></isbn><isbn><isbn10>1984818449</isbn10><isbn13>9781984818447</isbn13></isbn><isbn><isbn10>1984837621</isbn10><isbn13>9781984837622</isbn13></isbn></isbns><buy_links><buy_link><name>Local Booksellers</name><url>http://www.indiebound.org/book/9780679603757?aff=NYT</url></buy_link><buy_link><name>Barnes and Noble</name><url>http://www.anrdoezrs.net/click-7990613-11819508?url=http%3A%2F%2Fwww.barnesandnoble.com%2Fw%2F%3Fean%3D9780679603757</url></buy_link><buy_link><name>Amazon</name><url>http://www.amazon.com/Unbroken-World-Survival-Resilience-Redemption/dp/1400064163?tag=NYTBS-20</url></buy_link></buy_links></book><book><rank>12</rank><rank_last_week>0</rank_last_week><weeks_on_list>1</weeks_on_list><asterisk>0</asterisk><dagger>0</dagger><primary_isbn10>0804136750</primary_isbn10><primary_isbn13>9780804136754</primary_isbn13><publisher>Crown</publisher><description>An account of Hillary Clinton’s years in the State Department.</description><price>0</price><title>HRC</title><author>Jonathan Allen and Amie Parnes</author><contributor>by Jonathan Allen and Amie Parnes</contributor><contributor_note></contributor_note><book_image>https://s1.nyt.com/du/books/images/9780804136761.jpg</book_image><book_image_width>128</book_image_width><book_image_height>190</book_image_height><amazon_product_url>http://www.amazon.com/HRC-Secrets-Rebirth-Hillary-Clinton-ebook/dp/B00ERTEPKG?tag=NYTBS-20</amazon_product_url><age_group></age_group><book_review_link></book_review_link><first_chapter_link></first_chapter_link><sunday_review_link>https://www.nytimes.com/2014/02/23/books/review/hrc-by-jonathan-allen-and-amie-parnes.html</sunday_review_link><article_chapter_link></article_chapter_link><isbns><isbn><isbn10>0804136750</isbn10><isbn13>9780804136754</isbn13></isbn><isbn><isbn10>0804149259</isbn10><isbn13>9780804149259</isbn13></isbn></isbns><buy_links><buy_link><name>Local Booksellers</name><url>http://www.indiebound.org/book/9780804136754?aff=NYT</url></buy_link><buy_link><name>Barnes and Noble</name><url>http://www.anrdoezrs.net/click-7990613-11819508?url=http%3A%2F%2Fwww.barnesandnoble.com%2Fw%2F%3Fean%3D9780804136754</url></buy_link><buy_link><name>Amazon</name><url>http://www.amazon.com/HRC-Secrets-Rebirth-Hillary-Clinton-ebook/dp/B00ERTEPKG?tag=NYTBS-20</url></buy_link></buy_links></book><book><rank>13</rank><rank_last_week>11</rank_last_week><weeks_on_list>45</weeks_on_list><asterisk>0</asterisk><dagger>0</dagger><primary_isbn10>0385349947</primary_isbn10><primary_isbn13>9780385349949</primary_isbn13><publisher>Knopf</publisher><description>The chief operating officer of Facebook urges women to pursue their careers without ambivalence.</description><price>0</price><title>LEAN IN</title><author>Sheryl Sandberg with Nell Scovell</author><contributor>by Sheryl Sandberg with Nell Scovell</contributor><contributor_note></contributor_note><book_image>https://s1.nyt.com/du/books/images/9780385349956.jpg</book_image><book_image_width>300</book_image_width><book_image_height>495</book_image_height><amazon_product_url>http://www.amazon.com/Lean-In-Women-Work-Will-ebook/dp/B009LMTDL0?tag=NYTBS-20</amazon_product_url><age_group></age_group><book_review_link>https://www.nytimes.com/2013/03/07/books/sheryl-sandbergs-lean-in.html</book_review_link><first_chapter_link></first_chapter_link><sunday_review_link>https://www.nytimes.com/2013/03/10/books/review/sheryl-sandbergs-lean-in.html</sunday_review_link><article_chapter_link></article_chapter_link><isbns><isbn><isbn10>0385349947</isbn10><isbn13>9780385349949</isbn13></isbn><isbn><isbn10>0385394233</isbn10><isbn13>9780385394239</isbn13></isbn><isbn><isbn10>0553544470</isbn10><isbn13>9780553544473</isbn13></isbn></isbns><buy_links><buy_link><name>Local Booksellers</name><url>http://www.indiebound.org/book/9780385349949?aff=NYT</url></buy_link><buy_link><name>Barnes and Noble</name><url>http://www.anrdoezrs.net/click-7990613-11819508?url=http%3A%2F%2Fwww.barnesandnoble.com%2Fw%2F%3Fean%3D9780385349949</url></buy_link><buy_link><name>Amazon</name><url>http://www.amazon.com/Lean-In-Women-Work-Will-ebook/dp/B009LMTDL0?tag=NYTBS-20</url></buy_link></buy_links></book><book><rank>14</rank><rank_last_week>0</rank_last_week><weeks_on_list>14</weeks_on_list><asterisk>0</asterisk><dagger>0</dagger><primary_isbn10>159523103X</primary_isbn10><primary_isbn13>9781595231031</primary_isbn13><publisher>Sentinel</publisher><description>The story of the Culper spy ring, which aided the American cause during the Revolution. </description><price>0</price><title>GEORGE WASHINGTON'S SECRET SIX</title><author>Brian Kilmeade and Don Yaeger</author><contributor>by Brian Kilmeade and Don Yaeger</contributor><contributor_note></contributor_note><book_image>https://s1.nyt.com/du/books/images/9780698137653.jpg</book_image><book_image_width>328</book_image_width><book_image_height>495</book_image_height><amazon_product_url>http://www.amazon.com/George-Washingtons-Secret-Six-Revolution-ebook/dp/B00C5R7FP4?tag=NYTBS-20</amazon_product_url><age_group></age_group><book_review_link></book_review_link><first_chapter_link></first_chapter_link><sunday_review_link></sunday_review_link><article_chapter_link></article_chapter_link><isbns><isbn><isbn10>159523103X</isbn10><isbn13>9781595231031</isbn13></isbn><isbn><isbn10>1611762278</isbn10><isbn13>9781611762273</isbn13></isbn><isbn><isbn10>1595231102</isbn10><isbn13>9781595231109</isbn13></isbn><isbn><isbn10>073520943X</isbn10><isbn13>9780735209435</isbn13></isbn><isbn><isbn10>0143130609</isbn10><isbn13>9780143130604</isbn13></isbn></isbns><buy_links><buy_link><name>Local Booksellers</name><url>http://www.indiebound.org/book/9781595231031?aff=NYT</url></buy_link><buy_link><name>Barnes and Noble</name><url>http://www.anrdoezrs.net/click-7990613-11819508?url=http%3A%2F%2Fwww.barnesandnoble.com%2Fw%2F%3Fean%3D9781595231031</url></buy_link><buy_link><name>Amazon</name><url>http://www.amazon.com/George-Washingtons-Secret-Six-Revolution-ebook/dp/B00C5R7FP4?tag=NYTBS-20</url></buy_link></buy_links></book><book><rank>15</rank><rank_last_week>15</rank_last_week><weeks_on_list>103</weeks_on_list><asterisk>0</asterisk><dagger>0</dagger><primary_isbn10>0849946158</primary_isbn10><primary_isbn13>9780849946158</primary_isbn13><publisher>Thomas Nelson</publisher><description>A father recounts his 3-year-old son’s encounter with Jesus during an appendectomy.</description><price>0</price><title>HEAVEN IS FOR REAL</title><author>Todd Burpo with Lynn Vincent</author><contributor>by Todd Burpo with Lynn Vincent</contributor><contributor_note></contributor_note><book_image>https://s1.nyt.com/du/books/images/9780849949203.jpg</book_image><book_image_width>309</book_image_width><book_image_height>495</book_image_height><amazon_product_url>http://www.amazon.com/Heaven-Real-Little-Astounding-Story-ebook/dp/B004A90BXS?tag=NYTBS-20</amazon_product_url><age_group></age_group><book_review_link>https://www.nytimes.com/2011/03/12/books/heaven-is-for-real-is-publishing-phenomenon.html</book_review_link><first_chapter_link></first_chapter_link><sunday_review_link></sunday_review_link><article_chapter_link></article_chapter_link><isbns><isbn><isbn10>0849946158</isbn10><isbn13>9780849946158</isbn13></isbn><isbn><isbn10>0849948363</isbn10><isbn13>9780849948367</isbn13></isbn><isbn><isbn10>0849922070</isbn10><isbn13>9780849922077</isbn13></isbn></isbns><buy_links><buy_link><name>Local Booksellers</name><url>http://www.indiebound.org/book/9780849946158?aff=NYT</url></buy_link><buy_link><name>Barnes and Noble</name><url>http://www.anrdoezrs.net/click-7990613-11819508?url=http%3A%2F%2Fwww.barnesandnoble.com%2Fw%2F%3Fean%3D9780849946158</url></buy_link><buy_link><name>Amazon</name><url>http://www.amazon.com/Heaven-Real-Little-Astounding-Story-ebook/dp/B004A90BXS?tag=NYTBS-20</url></buy_link></buy_links></book><book><rank>16</rank><rank_last_week>0</rank_last_week><weeks_on_list>0</weeks_on_list><asterisk>0</asterisk><dagger>0</dagger><primary_isbn10>0307352153</primary_isbn10><primary_isbn13>9780307352156</primary_isbn13><publisher>Crown</publisher><description>Introverts — one-third of the population — are undervalued in American society.</description><price>0</price><title>QUIET</title><author>Susan Cain</author><contributor>by Susan Cain</contributor><contributor_note></contributor_note><book_image>https://s1.nyt.com/du/books/images/9780307452207.jpg</book_image><book_image_width>329</book_image_width><book_image_height>495</book_image_height><amazon_product_url>http://www.amazon.com/Quiet-Power-Introverts-World-Talking-ebook/dp/B004J4WNL2?tag=NYTBS-20</amazon_product_url><age_group></age_group><book_review_link></book_review_link><first_chapter_link></first_chapter_link><sunday_review_link>https://www.nytimes.com/2012/02/12/books/review/susan-cains-quiet-argues-for-the-power-of-introverts.html</sunday_review_link><article_chapter_link></article_chapter_link><isbns><isbn><isbn10>0307352145</isbn10><isbn13>9780307352149</isbn13></isbn><isbn><isbn10>0307452204</isbn10><isbn13>9780307452207</isbn13></isbn><isbn><isbn10>0307352153</isbn10><isbn13>9780307352156</isbn13></isbn><isbn><isbn10>1611734207</isbn10><isbn13>9781611734201</isbn13></isbn><isbn><isbn10>0739341243</isbn10><isbn13>9780739341247</isbn13></isbn><isbn><isbn10>0606320822</isbn10><isbn13>9780606320825</isbn13></isbn></isbns><buy_links><buy_link><name>Local Booksellers</name><url>http://www.indiebound.org/book/9780307352156?aff=NYT</url></buy_link><buy_link><name>Barnes and Noble</name><url>http://www.anrdoezrs.net/click-7990613-11819508?url=http%3A%2F%2Fwww.barnesandnoble.com%2Fw%2F%3Fean%3D9780307352156</url></buy_link><buy_link><name>Amazon</name><url>http://www.amazon.com/Quiet-Power-Introverts-World-Talking-ebook/dp/B004J4WNL2?tag=NYTBS-20</url></buy_link></buy_links></book><book><rank>17</rank><rank_last_week>0</rank_last_week><weeks_on_list>0</weeks_on_list><asterisk>0</asterisk><dagger>0</dagger><primary_isbn10>None</primary_isbn10><primary_isbn13>9781418556341</primary_isbn13><publisher>Thomas Nelson</publisher><description>A biography of Dietrich Bonhoeffer, a German pastor and theologian who was hanged for his part in the assassination plot against Hitler.</description><price>0</price><title>BONHOEFFER</title><author>Eric Metaxas</author><contributor>by Eric Metaxas</contributor><contributor_note></contributor_note><book_image>https://s1.nyt.com/du/books/images/9781418556341.jpg</book_image><book_image_width>330</book_image_width><book_image_height>495</book_image_height><amazon_product_url>http://www.amazon.com/Bonhoeffer-Pastor-Martyr-Prophet-Spy-ebook/dp/B003GY0K48?tag=NYTBS-20</amazon_product_url><age_group></age_group><book_review_link></book_review_link><first_chapter_link></first_chapter_link><sunday_review_link></sunday_review_link><article_chapter_link></article_chapter_link><isbns><isbn><isbn10>1595551387</isbn10><isbn13>9781595551382</isbn13></isbn><isbn><isbn10>1595552464</isbn10><isbn13>9781595552464</isbn13></isbn><isbn><isbn10>1602558655</isbn10><isbn13>9781602558656</isbn13></isbn></isbns><buy_links><buy_link><name>Local Booksellers</name><url>http://www.indiebound.org/book/9781418556341?aff=NYT</url></buy_link><buy_link><name>Barnes and Noble</name><url>http://www.anrdoezrs.net/click-7990613-11819508?url=http%3A%2F%2Fwww.barnesandnoble.com%2Fw%2F%3Fean%3D9781418556341</url></buy_link><buy_link><name>Amazon</name><url>http://www.amazon.com/Bonhoeffer-Pastor-Martyr-Prophet-Spy-ebook/dp/B003GY0K48?tag=NYTBS-20</url></buy_link></buy_links></book><book><rank>18</rank><rank_last_week>0</rank_last_week><weeks_on_list>0</weeks_on_list><asterisk>0</asterisk><dagger>0</dagger><primary_isbn10>1451695195</primary_isbn10><primary_isbn13>9781451695199</primary_isbn13><publisher><![CDATA[Simon & Schuster]]></publisher><description>A neurosurgeon recounts his near death experience during a coma from bacterial meningitis.</description><price>0</price><title>PROOF OF HEAVEN</title><author>Eben Alexander</author><contributor>by Eben Alexander</contributor><contributor_note></contributor_note><book_image>https://s1.nyt.com/du/books/images/9781451695199.jpg</book_image><book_image_width>300</book_image_width><book_image_height>300</book_image_height><amazon_product_url>http://www.amazon.com/Proof-Heaven-Neurosurgeons-Journey-Afterlife/dp/1451695195?tag=NYTBS-20</amazon_product_url><age_group></age_group><book_review_link></book_review_link><first_chapter_link></first_chapter_link><sunday_review_link></sunday_review_link><article_chapter_link></article_chapter_link><isbns><isbn><isbn10>1451695187</isbn10><isbn13>9781451695182</isbn13></isbn><isbn><isbn10>1451695195</isbn10><isbn13>9781451695199</isbn13></isbn><isbn><isbn10>1451695209</isbn10><isbn13>9781451695205</isbn13></isbn><isbn><isbn10>1476753024</isbn10><isbn13>9781476753027</isbn13></isbn><isbn><isbn10>1442359315</isbn10><isbn13>9781442359314</isbn13></isbn><isbn><isbn10>1410458806</isbn10><isbn13>9781410458803</isbn13></isbn></isbns><buy_links><buy_link><name>Local Booksellers</name><url>http://www.indiebound.org/book/9781451695199?aff=NYT</url></buy_link><buy_link><name>Barnes and Noble</name><url>http://www.anrdoezrs.net/click-7990613-11819508?url=http%3A%2F%2Fwww.barnesandnoble.com%2Fw%2F%3Fean%3D9781451695199</url></buy_link><buy_link><name>Amazon</name><url>http://www.amazon.com/Proof-Heaven-Neurosurgeons-Journey-Afterlife/dp/1451695195?tag=NYTBS-20</url></buy_link></buy_links></book><book><rank>19</rank><rank_last_week>0</rank_last_week><weeks_on_list>0</weeks_on_list><asterisk>0</asterisk><dagger>0</dagger><primary_isbn10>0307886271</primary_isbn10><primary_isbn13>9780307886279</primary_isbn13><publisher>Three Rivers Press</publisher><description>The comedian and actress offers essays about her life. Originally published in 2011.</description><price>0</price><title>IS EVERYONE HANGING OUT WITHOUT ME?</title><author>Mindy Kaling</author><contributor>by Mindy Kaling</contributor><contributor_note></contributor_note><book_image>https://s1.nyt.com/du/books/images/9780307886286.jpg</book_image><book_image_width>321</book_image_width><book_image_height>495</book_image_height><amazon_product_url>http://www.amazon.com/Everyone-Hanging-Without-Other-Concerns-ebook/dp/B004JN1D3M?tag=NYTBS-20</amazon_product_url><age_group></age_group><book_review_link></book_review_link><first_chapter_link></first_chapter_link><sunday_review_link></sunday_review_link><article_chapter_link></article_chapter_link><isbns><isbn><isbn10>0307886263</isbn10><isbn13>9780307886262</isbn13></isbn><isbn><isbn10>030788628X</isbn10><isbn13>9780307886286</isbn13></isbn><isbn><isbn10>0307886271</isbn10><isbn13>9780307886279</isbn13></isbn><isbn><isbn10>0307939804</isbn10><isbn13>9780307939807</isbn13></isbn></isbns><buy_links><buy_link><name>Local Booksellers</name><url>http://www.indiebound.org/book/9780307886279?aff=NYT</url></buy_link><buy_link><name>Barnes and Noble</name><url>http://www.anrdoezrs.net/click-7990613-11819508?url=http%3A%2F%2Fwww.barnesandnoble.com%2Fw%2F%3Fean%3D9780307886279</url></buy_link><buy_link><name>Amazon</name><url>http://www.amazon.com/Everyone-Hanging-Without-Other-Concerns-ebook/dp/B004JN1D3M?tag=NYTBS-20</url></buy_link></buy_links></book><book><rank>20</rank><rank_last_week>0</rank_last_week><weeks_on_list>0</weeks_on_list><asterisk>0</asterisk><dagger>0</dagger><primary_isbn10>0062267558</primary_isbn10><primary_isbn13>9780062267559</primary_isbn13><publisher>Morrow</publisher><description>The story of an Iraqi interpreter who spent six years working with American special forces before being brought to safety in America.</description><price>0</price><title>CODE NAME: JOHNNY WALKER</title><author>"Johnny Walker" with Jim DeFelice</author><contributor>by "Johnny Walker" with Jim DeFelice</contributor><contributor_note></contributor_note><book_image>https://s1.nyt.com/du/books/images/9780062267573.jpg</book_image><book_image_width>128</book_image_width><book_image_height>193</book_image_height><amazon_product_url>http://www.amazon.com/Code-Name-Johnny-Extraordinary-Everything-ebook/dp/B00DB3A0CQ?tag=NYTBS-20</amazon_product_url><age_group></age_group><book_review_link></book_review_link><first_chapter_link></first_chapter_link><sunday_review_link></sunday_review_link><article_chapter_link></article_chapter_link><isbns><isbn><isbn10>0062267558</isbn10><isbn13>9780062267559</isbn13></isbn></isbns><buy_links><buy_link><name>Local Booksellers</name><url>http://www.indiebound.org/book/9780062267559?aff=NYT</url></buy_link><buy_link><name>Barnes and Noble</name><url>http://www.anrdoezrs.net/click-7990613-11819508?url=http%3A%2F%2Fwww.barnesandnoble.com%2Fw%2F%3Fean%3D9780062267559</url></buy_link><buy_link><name>Amazon</name><url>http://www.amazon.com/Code-Name-Johnny-Extraordinary-Everything-ebook/dp/B00DB3A0CQ?tag=NYTBS-20</url></buy_link></buy_links></book></books><corrections/></results></result_set>
