<?xml version="1.0" encoding="UTF-8"?>
<result_set><status>OK</status><copyright>Copyright (c) 2018 The New York Times Company.  All Rights Reserved.</copyright><num_results>25</num_results><last_modified>2017-03-21T13:38:01-04:00</last_modified><results><list_name>Combined Print and E-Book Nonfiction</list_name><list_name_encoded>combined-print-and-e-book-nonfiction</list_name_encoded><bestsellers_date>2013-11-30</bestsellers_date><published_date>2013-12-15</published_date><published_date_description></published_date_description><next_published_date>2013-12-22</next_published_date><previous_published_date>2013-12-08</previous_published_date><display_name><![CDATA[Combined Print & E-Book Nonfiction]]></display_name><normal_list_ends_at>15</normal_list_ends_at><updated>WEEKLY</updated><books><book><rank>1</rank><rank_last_week>1</rank_last_week><weeks_on_list>6</weeks_on_list><asterisk>0</asterisk><dagger>0</dagger><primary_isbn10>0385349173</primary_isbn10><primary_isbn13>9780385349178</primary_isbn13><publisher>Crown Forum</publisher><description>Three decades’ worth of essays from the conservative columnist.</description><price>0</price><title>THINGS THAT MATTER</title><author>Charles Krauthammer</author><contributor>by Charles Krauthammer</contributor><contributor_note></contributor_note><book_image>https://s1.nyt.com/du/books/images/9780385349178.jpg</book_image><book_image_width>330</book_image_width><book_image_height>493</book_image_height><amazon_product_url>http://www.amazon.com/Things-That-Matter-Passions-Pastimes/dp/0385349173?tag=NYTBS-20</amazon_product_url><age_group></age_group><book_review_link></book_review_link><first_chapter_link></first_chapter_link><sunday_review_link></sunday_review_link><article_chapter_link></article_chapter_link><isbns><isbn><isbn10>0385349173</isbn10><isbn13>9780385349178</isbn13></isbn><isbn><isbn10>0385349181</isbn10><isbn13>9780385349185</isbn13></isbn><isbn><isbn10>0553398326</isbn10><isbn13>9780553398328</isbn13></isbn><isbn><isbn10>0804194513</isbn10><isbn13>9780804194518</isbn13></isbn><isbn><isbn10>038534919X</isbn10><isbn13>9780385349192</isbn13></isbn></isbns><buy_links><buy_link><name>Local Booksellers</name><url>http://www.indiebound.org/book/9780385349178?aff=NYT</url></buy_link><buy_link><name>Barnes and Noble</name><url>http://www.anrdoezrs.net/click-7990613-11819508?url=http%3A%2F%2Fwww.barnesandnoble.com%2Fw%2F%3Fean%3D9780385349178</url></buy_link><buy_link><name>Amazon</name><url>http://www.amazon.com/Things-That-Matter-Passions-Pastimes/dp/0385349173?tag=NYTBS-20</url></buy_link></buy_links></book><book><rank>2</rank><rank_last_week>6</rank_last_week><weeks_on_list>9</weeks_on_list><asterisk>0</asterisk><dagger>0</dagger><primary_isbn10>0316204366</primary_isbn10><primary_isbn13>9780316204361</primary_isbn13><publisher>Little, Brown</publisher><description>How disadvantages can work in our favor; from the author of "The Tipping Point" and "Outliers."</description><price>0</price><title>DAVID AND GOLIATH</title><author>Malcolm Gladwell</author><contributor>by Malcolm Gladwell</contributor><contributor_note></contributor_note><book_image>https://s1.nyt.com/du/books/images/9780316204361.jpg</book_image><book_image_width>330</book_image_width><book_image_height>474</book_image_height><amazon_product_url>http://www.amazon.com/David-Goliath-Underdogs-Misfits-Battling/dp/0316204366?tag=NYTBS-20</amazon_product_url><age_group></age_group><book_review_link>https://www.nytimes.com/2013/10/03/books/david-and-goliath-by-malcolm-gladwell.html</book_review_link><first_chapter_link></first_chapter_link><sunday_review_link>https://www.nytimes.com/2013/10/13/books/review/malcolm-gladwells-david-and-goliath.html</sunday_review_link><article_chapter_link></article_chapter_link><isbns><isbn><isbn10>0316204366</isbn10><isbn13>9780316204361</isbn13></isbn><isbn><isbn10>0316204382</isbn10><isbn13>9780316204385</isbn13></isbn><isbn><isbn10>1611137527</isbn10><isbn13>9781611137521</isbn13></isbn><isbn><isbn10>0316239852</isbn10><isbn13>9780316239851</isbn13></isbn><isbn><isbn10>0316204374</isbn10><isbn13>9780316204378</isbn13></isbn><isbn><isbn10>031625178X</isbn10><isbn13>9780316251785</isbn13></isbn></isbns><buy_links><buy_link><name>Local Booksellers</name><url>http://www.indiebound.org/book/9780316204361?aff=NYT</url></buy_link><buy_link><name>Barnes and Noble</name><url>http://www.anrdoezrs.net/click-7990613-11819508?url=http%3A%2F%2Fwww.barnesandnoble.com%2Fw%2F%3Fean%3D9780316204361</url></buy_link><buy_link><name>Amazon</name><url>http://www.amazon.com/David-Goliath-Underdogs-Misfits-Battling/dp/0316204366?tag=NYTBS-20</url></buy_link></buy_links></book><book><rank>3</rank><rank_last_week>2</rank_last_week><weeks_on_list>10</weeks_on_list><asterisk>0</asterisk><dagger>0</dagger><primary_isbn10>0805098542</primary_isbn10><primary_isbn13>9780805098549</primary_isbn13><publisher>Holt</publisher><description>The host of "The O'Reilly Factor" recounts the events leading up to Jesus' execution.</description><price>0</price><title>KILLING JESUS</title><author>Bill O'Reilly and Martin Dugard</author><contributor>by Bill O'Reilly and Martin Dugard</contributor><contributor_note></contributor_note><book_image>https://s1.nyt.com/du/books/images/9780805098549.jpg</book_image><book_image_width>326</book_image_width><book_image_height>495</book_image_height><amazon_product_url>http://www.amazon.com/Killing-Jesus-Bill-OReilly/dp/0805098542?tag=NYTBS-20</amazon_product_url><age_group></age_group><book_review_link></book_review_link><first_chapter_link></first_chapter_link><sunday_review_link></sunday_review_link><article_chapter_link></article_chapter_link><isbns><isbn><isbn10>0805098542</isbn10><isbn13>9780805098549</isbn13></isbn><isbn><isbn10>1410462420</isbn10><isbn13>9781410462428</isbn13></isbn><isbn><isbn10>1427233322</isbn10><isbn13>9781427233325</isbn13></isbn><isbn><isbn10>1250142202</isbn10><isbn13>9781250142207</isbn13></isbn></isbns><buy_links><buy_link><name>Local Booksellers</name><url>http://www.indiebound.org/book/9780805098549?aff=NYT</url></buy_link><buy_link><name>Barnes and Noble</name><url>http://www.anrdoezrs.net/click-7990613-11819508?url=http%3A%2F%2Fwww.barnesandnoble.com%2Fw%2F%3Fean%3D9780805098549</url></buy_link><buy_link><name>Amazon</name><url>http://www.amazon.com/Killing-Jesus-Bill-OReilly/dp/0805098542?tag=NYTBS-20</url></buy_link></buy_links></book><book><rank>4</rank><rank_last_week>4</rank_last_week><weeks_on_list>4</weeks_on_list><asterisk>0</asterisk><dagger>0</dagger><primary_isbn10>159523103X</primary_isbn10><primary_isbn13>9781595231031</primary_isbn13><publisher>Sentinel</publisher><description>The story of the Culper spy ring, which aided the American cause during the Revolution. </description><price>0</price><title>GEORGE WASHINGTON'S SECRET SIX</title><author>Brian Kilmeade and Don Yaeger</author><contributor>by Brian Kilmeade and Don Yaeger</contributor><contributor_note></contributor_note><book_image>https://s1.nyt.com/du/books/images/9780698137653.jpg</book_image><book_image_width>328</book_image_width><book_image_height>495</book_image_height><amazon_product_url>http://www.amazon.com/George-Washingtons-Secret-Six-Revolution-ebook/dp/B00C5R7FP4?tag=NYTBS-20</amazon_product_url><age_group></age_group><book_review_link></book_review_link><first_chapter_link></first_chapter_link><sunday_review_link></sunday_review_link><article_chapter_link></article_chapter_link><isbns><isbn><isbn10>159523103X</isbn10><isbn13>9781595231031</isbn13></isbn><isbn><isbn10>1611762278</isbn10><isbn13>9781611762273</isbn13></isbn><isbn><isbn10>1595231102</isbn10><isbn13>9781595231109</isbn13></isbn><isbn><isbn10>073520943X</isbn10><isbn13>9780735209435</isbn13></isbn><isbn><isbn10>0143130609</isbn10><isbn13>9780143130604</isbn13></isbn></isbns><buy_links><buy_link><name>Local Booksellers</name><url>http://www.indiebound.org/book/9781595231031?aff=NYT</url></buy_link><buy_link><name>Barnes and Noble</name><url>http://www.anrdoezrs.net/click-7990613-11819508?url=http%3A%2F%2Fwww.barnesandnoble.com%2Fw%2F%3Fean%3D9781595231031</url></buy_link><buy_link><name>Amazon</name><url>http://www.amazon.com/George-Washingtons-Secret-Six-Revolution-ebook/dp/B00C5R7FP4?tag=NYTBS-20</url></buy_link></buy_links></book><book><rank>5</rank><rank_last_week>3</rank_last_week><weeks_on_list>2</weeks_on_list><asterisk>0</asterisk><dagger>0</dagger><primary_isbn10>1476764743</primary_isbn10><primary_isbn13>9781476764740</primary_isbn13><publisher>Threshold Editions/Mercury Radio Arts</publisher><description>Little-known stories from the American past.</description><price>0</price><title>MIRACLES AND MASSACRES</title><author>Glenn Beck with Kevin Balfe and Hannah Beck</author><contributor>by Glenn Beck with Kevin Balfe and Hannah Beck</contributor><contributor_note></contributor_note><book_image>https://s1.nyt.com/du/books/images/9781476764757.jpg</book_image><book_image_width>328</book_image_width><book_image_height>495</book_image_height><amazon_product_url>http://www.amazon.com/Miracles-Massacres-Untold-Stories-America-ebook/dp/B00EWWLKPQ?tag=NYTBS-20</amazon_product_url><age_group></age_group><book_review_link></book_review_link><first_chapter_link></first_chapter_link><sunday_review_link></sunday_review_link><article_chapter_link></article_chapter_link><isbns><isbn><isbn10>1476764743</isbn10><isbn13>9781476764740</isbn13></isbn><isbn><isbn10>1442369671</isbn10><isbn13>9781442369672</isbn13></isbn></isbns><buy_links><buy_link><name>Local Booksellers</name><url>http://www.indiebound.org/book/9781476764740?aff=NYT</url></buy_link><buy_link><name>Barnes and Noble</name><url>http://www.anrdoezrs.net/click-7990613-11819508?url=http%3A%2F%2Fwww.barnesandnoble.com%2Fw%2F%3Fean%3D9781476764740</url></buy_link><buy_link><name>Amazon</name><url>http://www.amazon.com/Miracles-Massacres-Untold-Stories-America-ebook/dp/B00EWWLKPQ?tag=NYTBS-20</url></buy_link></buy_links></book><book><rank>6</rank><rank_last_week>5</rank_last_week><weeks_on_list>4</weeks_on_list><asterisk>0</asterisk><dagger>0</dagger><primary_isbn10>141654786X</primary_isbn10><primary_isbn13>9781416547860</primary_isbn13><publisher><![CDATA[Simon & Schuster]]></publisher><description>The relationship between Theodore Roosevelt and William Howard Taft and the activities of the muckraking press, from the author of “Team of Rivals.”</description><price>0</price><title>THE BULLY PULPIT</title><author>Doris Kearns Goodwin</author><contributor>by Doris Kearns Goodwin</contributor><contributor_note></contributor_note><book_image>https://s1.nyt.com/du/books/images/9781416547860.jpg</book_image><book_image_width>330</book_image_width><book_image_height>487</book_image_height><amazon_product_url>http://www.amazon.com/The-Bully-Pulpit-Roosevelt-Journalism/dp/141654786X?tag=NYTBS-20</amazon_product_url><age_group></age_group><book_review_link>https://www.nytimes.com/2013/11/12/books/bully-pulpit-doris-kearns-goodwins-book-on-roosevelt.html</book_review_link><first_chapter_link></first_chapter_link><sunday_review_link>https://www.nytimes.com/2013/11/17/books/review/doris-kearns-goodwins-bully-pulpit.html</sunday_review_link><article_chapter_link></article_chapter_link><isbns><isbn><isbn10>141654786X</isbn10><isbn13>9781416547860</isbn13></isbn><isbn><isbn10>1442362626</isbn10><isbn13>9781442362628</isbn13></isbn><isbn><isbn10>1442353155</isbn10><isbn13>9781442353152</isbn13></isbn><isbn><isbn10>1410463222</isbn10><isbn13>9781410463227</isbn13></isbn><isbn><isbn10>1442365706</isbn10><isbn13>9781442365704</isbn13></isbn><isbn><isbn10>1416547878</isbn10><isbn13>9781416547877</isbn13></isbn></isbns><buy_links><buy_link><name>Local Booksellers</name><url>http://www.indiebound.org/book/9781416547860?aff=NYT</url></buy_link><buy_link><name>Barnes and Noble</name><url>http://www.anrdoezrs.net/click-7990613-11819508?url=http%3A%2F%2Fwww.barnesandnoble.com%2Fw%2F%3Fean%3D9781416547860</url></buy_link><buy_link><name>Amazon</name><url>http://www.amazon.com/The-Bully-Pulpit-Roosevelt-Journalism/dp/141654786X?tag=NYTBS-20</url></buy_link></buy_links></book><book><rank>7</rank><rank_last_week>0</rank_last_week><weeks_on_list>2</weeks_on_list><asterisk>0</asterisk><dagger>0</dagger><primary_isbn10>1250038820</primary_isbn10><primary_isbn13>9781250038821</primary_isbn13><publisher>St. Martin's</publisher><description>Four hundred color photos of New Yorkers, with brief commentary by Stanton. </description><price>0</price><title>HUMANS OF NEW YORK</title><author>Brandon Stanton</author><contributor>by Brandon Stanton</contributor><contributor_note></contributor_note><book_image>https://s1.nyt.com/du/books/images/9781250038821.jpg</book_image><book_image_width>330</book_image_width><book_image_height>424</book_image_height><amazon_product_url>http://www.amazon.com/Humans-New-York-Brandon-Stanton/dp/1250038820?tag=NYTBS-20</amazon_product_url><age_group></age_group><book_review_link></book_review_link><first_chapter_link></first_chapter_link><sunday_review_link></sunday_review_link><article_chapter_link></article_chapter_link><isbns><isbn><isbn10>1250038820</isbn10><isbn13>9781250038821</isbn13></isbn></isbns><buy_links><buy_link><name>Local Booksellers</name><url>http://www.indiebound.org/book/9781250038821?aff=NYT</url></buy_link><buy_link><name>Barnes and Noble</name><url>http://www.anrdoezrs.net/click-7990613-11819508?url=http%3A%2F%2Fwww.barnesandnoble.com%2Fw%2F%3Fean%3D9781250038821</url></buy_link><buy_link><name>Amazon</name><url>http://www.amazon.com/Humans-New-York-Brandon-Stanton/dp/1250038820?tag=NYTBS-20</url></buy_link></buy_links></book><book><rank>8</rank><rank_last_week>8</rank_last_week><weeks_on_list>8</weeks_on_list><asterisk>0</asterisk><dagger>0</dagger><primary_isbn10>0316322407</primary_isbn10><primary_isbn13>9780316322409</primary_isbn13><publisher>Little, Brown</publisher><description>The experience of the Pakistani girl who advocated for women’s education and was shot by the Taliban.</description><price>0</price><title>I AM MALALA</title><author>Malala Yousafzai with Christina Lamb</author><contributor>by Malala Yousafzai with Christina Lamb</contributor><contributor_note></contributor_note><book_image>https://s1.nyt.com/du/books/images/9780316322409.jpg</book_image><book_image_width>318</book_image_width><book_image_height>495</book_image_height><amazon_product_url>http://www.amazon.com/Am-Malala-Stood-Education-Taliban/dp/0316322407?tag=NYTBS-20</amazon_product_url><age_group></age_group><book_review_link></book_review_link><first_chapter_link></first_chapter_link><sunday_review_link></sunday_review_link><article_chapter_link></article_chapter_link><isbns><isbn><isbn10>0316322407</isbn10><isbn13>9780316322409</isbn13></isbn><isbn><isbn10>147897978X</isbn10><isbn13>9781478979784</isbn13></isbn><isbn><isbn10>031628663X</isbn10><isbn13>9780316286633</isbn13></isbn><isbn><isbn10>0316322423</isbn10><isbn13>9780316322423</isbn13></isbn><isbn><isbn10>1478902337</isbn10><isbn13>9781478902331</isbn13></isbn><isbn><isbn10>0297870939</isbn10><isbn13>9780297870937</isbn13></isbn><isbn><isbn10>1478983701</isbn10><isbn13>9781478983705</isbn13></isbn></isbns><buy_links><buy_link><name>Local Booksellers</name><url>http://www.indiebound.org/book/9780316322409?aff=NYT</url></buy_link><buy_link><name>Barnes and Noble</name><url>http://www.anrdoezrs.net/click-7990613-11819508?url=http%3A%2F%2Fwww.barnesandnoble.com%2Fw%2F%3Fean%3D9780316322409</url></buy_link><buy_link><name>Amazon</name><url>http://www.amazon.com/Am-Malala-Stood-Education-Taliban/dp/0316322407?tag=NYTBS-20</url></buy_link></buy_links></book><book><rank>9</rank><rank_last_week>9</rank_last_week><weeks_on_list>2</weeks_on_list><asterisk>0</asterisk><dagger>0</dagger><primary_isbn10>0385521707</primary_isbn10><primary_isbn13>9780385521703</primary_isbn13><publisher><![CDATA[Spiegel & Grau]]></publisher><description>An Israeli journalist expresses both solidarity with and criticism of his countrymen in this memoir and history.</description><price>0</price><title>MY PROMISED LAND</title><author>Ari Shavit</author><contributor>by Ari Shavit</contributor><contributor_note></contributor_note><book_image>https://s1.nyt.com/du/books/images/9780385521703.jpg</book_image><book_image_width>328</book_image_width><book_image_height>495</book_image_height><amazon_product_url>http://www.amazon.com/My-Promised-Land-Triumph-Tragedy-ebook/dp/B009QJMXI8?tag=NYTBS-20</amazon_product_url><age_group></age_group><book_review_link>https://www.nytimes.com/2013/11/20/books/ari-shavits-my-promised-land.html</book_review_link><first_chapter_link></first_chapter_link><sunday_review_link>https://www.nytimes.com/2013/11/24/books/review/my-promised-land-by-ari-shavit.html</sunday_review_link><article_chapter_link></article_chapter_link><isbns><isbn><isbn10>0385521707</isbn10><isbn13>9780385521703</isbn13></isbn><isbn><isbn10>0385359594</isbn10><isbn13>9780385359597</isbn13></isbn></isbns><buy_links><buy_link><name>Local Booksellers</name><url>http://www.indiebound.org/book/9780385521703?aff=NYT</url></buy_link><buy_link><name>Barnes and Noble</name><url>http://www.anrdoezrs.net/click-7990613-11819508?url=http%3A%2F%2Fwww.barnesandnoble.com%2Fw%2F%3Fean%3D9780385521703</url></buy_link><buy_link><name>Amazon</name><url>http://www.amazon.com/My-Promised-Land-Triumph-Tragedy-ebook/dp/B009QJMXI8?tag=NYTBS-20</url></buy_link></buy_links></book><book><rank>10</rank><rank_last_week>11</rank_last_week><weeks_on_list>11</weeks_on_list><asterisk>0</asterisk><dagger>0</dagger><primary_isbn10>1476745374</primary_isbn10><primary_isbn13>9781476745374</primary_isbn13><publisher>Howard Books</publisher><description>Tales from Phil’s youngest brother, retired from the Army, who works in the Duck Commander workshop.</description><price>0</price><title>SI-COLOGY 1</title><author>Si Robertson with Mark Schlabach</author><contributor>by Si Robertson with Mark Schlabach</contributor><contributor_note></contributor_note><book_image>https://s1.nyt.com/du/books/images/9781476745398.jpg</book_image><book_image_width>324</book_image_width><book_image_height>495</book_image_height><amazon_product_url>http://www.amazon.com/Si-cology-Tales-Wisdom-Dynastys-Favorite-ebook/dp/B00C0CPCVI?tag=NYTBS-20</amazon_product_url><age_group></age_group><book_review_link></book_review_link><first_chapter_link></first_chapter_link><sunday_review_link></sunday_review_link><article_chapter_link></article_chapter_link><isbns><isbn><isbn10>1476745374</isbn10><isbn13>9781476745374</isbn13></isbn><isbn><isbn10>1476745390</isbn10><isbn13>9781476745398</isbn13></isbn><isbn><isbn10>159415483X</isbn10><isbn13>9781594154836</isbn13></isbn></isbns><buy_links><buy_link><name>Local Booksellers</name><url>http://www.indiebound.org/book/9781476745374?aff=NYT</url></buy_link><buy_link><name>Barnes and Noble</name><url>http://www.anrdoezrs.net/click-7990613-11819508?url=http%3A%2F%2Fwww.barnesandnoble.com%2Fw%2F%3Fean%3D9781476745374</url></buy_link><buy_link><name>Amazon</name><url>http://www.amazon.com/Si-cology-Tales-Wisdom-Dynastys-Favorite-ebook/dp/B00C0CPCVI?tag=NYTBS-20</url></buy_link></buy_links></book><book><rank>11</rank><rank_last_week>13</rank_last_week><weeks_on_list>2</weeks_on_list><asterisk>0</asterisk><dagger>0</dagger><primary_isbn10>0804139571</primary_isbn10><primary_isbn13>9780804139571</primary_isbn13><publisher>Crown Archetype</publisher><description>A “memoir” in the voice of Will Ferrell’s anchorman character.</description><price>0</price><title>LET ME OFF AT THE TOP!</title><author>Ron Burgundy</author><contributor>by Ron Burgundy</contributor><contributor_note></contributor_note><book_image>https://s1.nyt.com/du/books/images/9780804139588.jpg</book_image><book_image_width>328</book_image_width><book_image_height>495</book_image_height><amazon_product_url>http://www.amazon.com/Let-Me-Off-Top-Musings-ebook/dp/B00EIGS388?tag=NYTBS-20</amazon_product_url><age_group></age_group><book_review_link></book_review_link><first_chapter_link></first_chapter_link><sunday_review_link></sunday_review_link><article_chapter_link></article_chapter_link><isbns><isbn><isbn10>0804139571</isbn10><isbn13>9780804139571</isbn13></isbn><isbn><isbn10>080413958X</isbn10><isbn13>9780804139588</isbn13></isbn></isbns><buy_links><buy_link><name>Local Booksellers</name><url>http://www.indiebound.org/book/9780804139571?aff=NYT</url></buy_link><buy_link><name>Barnes and Noble</name><url>http://www.anrdoezrs.net/click-7990613-11819508?url=http%3A%2F%2Fwww.barnesandnoble.com%2Fw%2F%3Fean%3D9780804139571</url></buy_link><buy_link><name>Amazon</name><url>http://www.amazon.com/Let-Me-Off-Top-Musings-ebook/dp/B00EIGS388?tag=NYTBS-20</url></buy_link></buy_links></book><book><rank>12</rank><rank_last_week>7</rank_last_week><weeks_on_list>2</weeks_on_list><asterisk>0</asterisk><dagger>0</dagger><primary_isbn10>1476731497</primary_isbn10><primary_isbn13>9781476731490</primary_isbn13><publisher>Gallery Books</publisher><description>Recollections from the Secret Service agent assigned to President Kennedy in Dallas. </description><price>0</price><title>FIVE DAYS IN NOVEMBER</title><author>Clint Hill and Lisa McCubbin</author><contributor>by Clint Hill and Lisa McCubbin</contributor><contributor_note></contributor_note><book_image>https://s1.nyt.com/du/books/images/9781476731513.jpg</book_image><book_image_width>330</book_image_width><book_image_height>408</book_image_height><amazon_product_url>http://www.amazon.com/Five-Days-November-Clint-Hill-ebook/dp/B00BSBVDH4?tag=NYTBS-20</amazon_product_url><age_group></age_group><book_review_link></book_review_link><first_chapter_link></first_chapter_link><sunday_review_link></sunday_review_link><article_chapter_link></article_chapter_link><isbns><isbn><isbn10>1476731497</isbn10><isbn13>9781476731490</isbn13></isbn><isbn><isbn10>1476731519</isbn10><isbn13>9781476731513</isbn13></isbn></isbns><buy_links><buy_link><name>Local Booksellers</name><url>http://www.indiebound.org/book/9781476731490?aff=NYT</url></buy_link><buy_link><name>Barnes and Noble</name><url>http://www.anrdoezrs.net/click-7990613-11819508?url=http%3A%2F%2Fwww.barnesandnoble.com%2Fw%2F%3Fean%3D9781476731490</url></buy_link><buy_link><name>Amazon</name><url>http://www.amazon.com/Five-Days-November-Clint-Hill-ebook/dp/B00BSBVDH4?tag=NYTBS-20</url></buy_link></buy_links></book><book><rank>13</rank><rank_last_week>0</rank_last_week><weeks_on_list>56</weeks_on_list><asterisk>0</asterisk><dagger>0</dagger><primary_isbn10>1451695195</primary_isbn10><primary_isbn13>9781451695199</primary_isbn13><publisher><![CDATA[Simon & Schuster]]></publisher><description>A neurosurgeon recounts his near death experience during a coma from bacterial meningitis.</description><price>0</price><title>PROOF OF HEAVEN</title><author>Eben Alexander</author><contributor>by Eben Alexander</contributor><contributor_note></contributor_note><book_image>https://s1.nyt.com/du/books/images/9781451695199.jpg</book_image><book_image_width>300</book_image_width><book_image_height>300</book_image_height><amazon_product_url>http://www.amazon.com/Proof-Heaven-Neurosurgeons-Journey-Afterlife/dp/1451695195?tag=NYTBS-20</amazon_product_url><age_group></age_group><book_review_link></book_review_link><first_chapter_link></first_chapter_link><sunday_review_link></sunday_review_link><article_chapter_link></article_chapter_link><isbns><isbn><isbn10>1451695187</isbn10><isbn13>9781451695182</isbn13></isbn><isbn><isbn10>1451695195</isbn10><isbn13>9781451695199</isbn13></isbn><isbn><isbn10>1451695209</isbn10><isbn13>9781451695205</isbn13></isbn><isbn><isbn10>1476753024</isbn10><isbn13>9781476753027</isbn13></isbn><isbn><isbn10>1442359315</isbn10><isbn13>9781442359314</isbn13></isbn><isbn><isbn10>1410458806</isbn10><isbn13>9781410458803</isbn13></isbn></isbns><buy_links><buy_link><name>Local Booksellers</name><url>http://www.indiebound.org/book/9781451695199?aff=NYT</url></buy_link><buy_link><name>Barnes and Noble</name><url>http://www.anrdoezrs.net/click-7990613-11819508?url=http%3A%2F%2Fwww.barnesandnoble.com%2Fw%2F%3Fean%3D9781451695199</url></buy_link><buy_link><name>Amazon</name><url>http://www.amazon.com/Proof-Heaven-Neurosurgeons-Journey-Afterlife/dp/1451695195?tag=NYTBS-20</url></buy_link></buy_links></book><book><rank>14</rank><rank_last_week>15</rank_last_week><weeks_on_list>5</weeks_on_list><asterisk>0</asterisk><dagger>0</dagger><primary_isbn10>0385530900</primary_isbn10><primary_isbn13>9780385530903</primary_isbn13><publisher>Nan A. Talese/Doubleday</publisher><description>In this memoir, Conroy mourns the abusive father on whom “The Great Santini” was based.</description><price>0</price><title>THE DEATH OF SANTINI</title><author>Pat Conroy</author><contributor>by Pat Conroy</contributor><contributor_note></contributor_note><book_image>https://s1.nyt.com/du/books/images/9780385530859.jpg</book_image><book_image_width>330</book_image_width><book_image_height>485</book_image_height><amazon_product_url>http://www.amazon.com/The-Death-Santini-Story-Father/dp/0385530900?tag=NYTBS-20</amazon_product_url><age_group></age_group><book_review_link></book_review_link><first_chapter_link></first_chapter_link><sunday_review_link>https://www.nytimes.com/2013/11/17/books/review/pat-conroys-death-of-santini.html</sunday_review_link><article_chapter_link></article_chapter_link><isbns><isbn><isbn10>0385530900</isbn10><isbn13>9780385530903</isbn13></isbn><isbn><isbn10>0385530854</isbn10><isbn13>9780385530859</isbn13></isbn><isbn><isbn10>0385343523</isbn10><isbn13>9780385343527</isbn13></isbn><isbn><isbn10>0804121176</isbn10><isbn13>9780804121170</isbn13></isbn><isbn><isbn10>0307989828</isbn10><isbn13>9780307989826</isbn13></isbn></isbns><buy_links><buy_link><name>Local Booksellers</name><url>http://www.indiebound.org/book/9780385530903?aff=NYT</url></buy_link><buy_link><name>Barnes and Noble</name><url>http://www.anrdoezrs.net/click-7990613-11819508?url=http%3A%2F%2Fwww.barnesandnoble.com%2Fw%2F%3Fean%3D9780385530903</url></buy_link><buy_link><name>Amazon</name><url>http://www.amazon.com/The-Death-Santini-Story-Father/dp/0385530900?tag=NYTBS-20</url></buy_link></buy_links></book><book><rank>15</rank><rank_last_week>0</rank_last_week><weeks_on_list>18</weeks_on_list><asterisk>0</asterisk><dagger>0</dagger><primary_isbn10>0385530269</primary_isbn10><primary_isbn13>9780385530262</primary_isbn13><publisher><![CDATA[Spiegel & Grau]]></publisher><description>A memoir by a Brooklyn woman whose relationship with a drug runner gets her sentenced to a year in prison. The basis for the Netflix series, originally published in 2010.</description><price>0</price><title>ORANGE IS THE NEW BLACK</title><author>Piper Kerman</author><contributor>by Piper Kerman</contributor><contributor_note></contributor_note><book_image>https://s1.nyt.com/du/books/images/9780385530262.jpg</book_image><book_image_width>330</book_image_width><book_image_height>440</book_image_height><amazon_product_url>http://www.amazon.com/Orange-Is-New-Black-Womens-ebook/dp/B0036S4B6M?tag=NYTBS-20</amazon_product_url><age_group></age_group><book_review_link></book_review_link><first_chapter_link></first_chapter_link><sunday_review_link></sunday_review_link><article_chapter_link></article_chapter_link><isbns><isbn><isbn10>0385530269</isbn10><isbn13>9780385530262</isbn13></isbn><isbn><isbn10>0385523394</isbn10><isbn13>9780385523394</isbn13></isbn><isbn><isbn10>0812986180</isbn10><isbn13>9780812986181</isbn13></isbn><isbn><isbn10>1410472124</isbn10><isbn13>9781410472120</isbn13></isbn><isbn><isbn10>1452607664</isbn10><isbn13>9781452607665</isbn13></isbn><isbn><isbn10>1452657661</isbn10><isbn13>9781452657660</isbn13></isbn></isbns><buy_links><buy_link><name>Local Booksellers</name><url>http://www.indiebound.org/book/9780385530262?aff=NYT</url></buy_link><buy_link><name>Barnes and Noble</name><url>http://www.anrdoezrs.net/click-7990613-11819508?url=http%3A%2F%2Fwww.barnesandnoble.com%2Fw%2F%3Fean%3D9780385530262</url></buy_link><buy_link><name>Amazon</name><url>http://www.amazon.com/Orange-Is-New-Black-Womens-ebook/dp/B0036S4B6M?tag=NYTBS-20</url></buy_link></buy_links></book><book><rank>16</rank><rank_last_week>0</rank_last_week><weeks_on_list>0</weeks_on_list><asterisk>0</asterisk><dagger>0</dagger><primary_isbn10>0805096663</primary_isbn10><primary_isbn13>9780805096668</primary_isbn13><publisher>Holt</publisher><description>The host of “The O’Reilly Factor” recounts the events surrounding the assassination of John F. Kennedy.</description><price>0</price><title>KILLING KENNEDY</title><author>Bill O'Reilly and Martin Dugard</author><contributor>by Bill O'Reilly and Martin Dugard</contributor><contributor_note></contributor_note><book_image>https://s1.nyt.com/du/books/images/9780805096668.jpg</book_image><book_image_width>327</book_image_width><book_image_height>495</book_image_height><amazon_product_url>http://www.amazon.com/Killing-Kennedy-The-End-Camelot-ebook/dp/B0079886DY?tag=NYTBS-20</amazon_product_url><age_group></age_group><book_review_link></book_review_link><first_chapter_link></first_chapter_link><sunday_review_link></sunday_review_link><article_chapter_link></article_chapter_link><isbns><isbn><isbn10>0805096663</isbn10><isbn13>9780805096668</isbn13></isbn><isbn><isbn10>0805096671</isbn10><isbn13>9780805096675</isbn13></isbn><isbn><isbn10>1427226849</isbn10><isbn13>9781427226846</isbn13></isbn><isbn><isbn10>1410452964</isbn10><isbn13>9781410452962</isbn13></isbn><isbn><isbn10>1250092337</isbn10><isbn13>9781250092335</isbn13></isbn></isbns><buy_links><buy_link><name>Local Booksellers</name><url>http://www.indiebound.org/book/9780805096668?aff=NYT</url></buy_link><buy_link><name>Barnes and Noble</name><url>http://www.anrdoezrs.net/click-7990613-11819508?url=http%3A%2F%2Fwww.barnesandnoble.com%2Fw%2F%3Fean%3D9780805096668</url></buy_link><buy_link><name>Amazon</name><url>http://www.amazon.com/Killing-Kennedy-The-End-Camelot-ebook/dp/B0079886DY?tag=NYTBS-20</url></buy_link></buy_links></book><book><rank>17</rank><rank_last_week>0</rank_last_week><weeks_on_list>0</weeks_on_list><asterisk>0</asterisk><dagger>0</dagger><primary_isbn10>0316017930</primary_isbn10><primary_isbn13>9780316017930</primary_isbn13><publisher>Little, Brown</publisher><description>Unexpected factors that explain why some people succeed.</description><price>0</price><title>OUTLIERS</title><author>Malcolm Gladwell</author><contributor>by Malcolm Gladwell</contributor><contributor_note></contributor_note><book_image>https://s1.nyt.com/du/books/images/9780316017930.jpg</book_image><book_image_width>184</book_image_width><book_image_height>280</book_image_height><amazon_product_url>http://www.amazon.com/Outliers-Story-Success-Malcolm-Gladwell/dp/0316017930?tag=NYTBS-20</amazon_product_url><age_group></age_group><book_review_link>https://www.nytimes.com/2008/11/18/books/18kaku.html</book_review_link><first_chapter_link>https://www.nytimes.com/2008/11/30/books/chapters/chapter-outliers.html</first_chapter_link><sunday_review_link>https://www.nytimes.com/2008/11/30/books/review/Leonhardt-t.html</sunday_review_link><article_chapter_link></article_chapter_link><isbns><isbn><isbn10>0316017922</isbn10><isbn13>9780316017923</isbn13></isbn><isbn><isbn10>0316040347</isbn10><isbn13>9780316040341</isbn13></isbn><isbn><isbn10>0316017930</isbn10><isbn13>9780316017930</isbn13></isbn><isbn><isbn10>1600243916</isbn10><isbn13>9781600243912</isbn13></isbn><isbn><isbn10>031602497X</isbn10><isbn13>9780316024976</isbn13></isbn><isbn><isbn10>1600243924</isbn10><isbn13>9781600243929</isbn13></isbn><isbn><isbn10>0606324275</isbn10><isbn13>9780606324274</isbn13></isbn></isbns><buy_links><buy_link><name>Local Booksellers</name><url>http://www.indiebound.org/book/9780316017930?aff=NYT</url></buy_link><buy_link><name>Barnes and Noble</name><url>http://www.anrdoezrs.net/click-7990613-11819508?url=http%3A%2F%2Fwww.barnesandnoble.com%2Fw%2F%3Fean%3D9780316017930</url></buy_link><buy_link><name>Amazon</name><url>http://www.amazon.com/Outliers-Story-Success-Malcolm-Gladwell/dp/0316017930?tag=NYTBS-20</url></buy_link></buy_links></book><book><rank>18</rank><rank_last_week>0</rank_last_week><weeks_on_list>0</weeks_on_list><asterisk>0</asterisk><dagger>0</dagger><primary_isbn10>0767919408</primary_isbn10><primary_isbn13>9780767919401</primary_isbn13><publisher>Doubleday</publisher><description>The events of the summer of 1927: Charles Lindbergh’s trans-Atlantic flight, Babe Ruth’s 60 homers, the great Mississippi flood.</description><price>0</price><title>ONE SUMMER</title><author>Bill Bryson</author><contributor>by Bill Bryson</contributor><contributor_note></contributor_note><book_image>https://s1.nyt.com/du/books/images/9780385537827.jpg</book_image><book_image_width>326</book_image_width><book_image_height>495</book_image_height><amazon_product_url>http://www.amazon.com/One-Summer-America-Bill-Bryson-ebook/dp/B00C8S9VKM?tag=NYTBS-20</amazon_product_url><age_group></age_group><book_review_link></book_review_link><first_chapter_link></first_chapter_link><sunday_review_link>https://www.nytimes.com/2013/11/24/books/review/bill-brysons-one-summer-america-1927.html</sunday_review_link><article_chapter_link></article_chapter_link><isbns><isbn><isbn10>0767919408</isbn10><isbn13>9780767919401</isbn13></isbn><isbn><isbn10>0767919416</isbn10><isbn13>9780767919418</isbn13></isbn><isbn><isbn10>0739315293</isbn10><isbn13>9780739315293</isbn13></isbn><isbn><isbn10>0375434321</isbn10><isbn13>9780375434327</isbn13></isbn></isbns><buy_links><buy_link><name>Local Booksellers</name><url>http://www.indiebound.org/book/9780767919401?aff=NYT</url></buy_link><buy_link><name>Barnes and Noble</name><url>http://www.anrdoezrs.net/click-7990613-11819508?url=http%3A%2F%2Fwww.barnesandnoble.com%2Fw%2F%3Fean%3D9780767919401</url></buy_link><buy_link><name>Amazon</name><url>http://www.amazon.com/One-Summer-America-Bill-Bryson-ebook/dp/B00C8S9VKM?tag=NYTBS-20</url></buy_link></buy_links></book><book><rank>19</rank><rank_last_week>0</rank_last_week><weeks_on_list>0</weeks_on_list><asterisk>0</asterisk><dagger>0</dagger><primary_isbn10>1594204403</primary_isbn10><primary_isbn13>9781594204401</primary_isbn13><publisher>Penguin Press</publisher><description>Insider reporting on the election of 2012 from the authors of “Game Change.”</description><price>0</price><title>DOUBLE DOWN</title><author>Mark Halperin and John Heilemann</author><contributor>by Mark Halperin and John Heilemann</contributor><contributor_note></contributor_note><book_image>https://s1.nyt.com/du/books/images/9781101638705.jpg</book_image><book_image_width>326</book_image_width><book_image_height>495</book_image_height><amazon_product_url>http://www.amazon.com/Double-Down-Game-Change-2012-ebook/dp/B00C5R7EE6?tag=NYTBS-20</amazon_product_url><age_group></age_group><book_review_link>https://www.nytimes.com/2013/11/05/books/double-down-by-mark-halperin-and-john-heilemann.html</book_review_link><first_chapter_link></first_chapter_link><sunday_review_link></sunday_review_link><article_chapter_link></article_chapter_link><isbns><isbn><isbn10>1594204403</isbn10><isbn13>9781594204401</isbn13></isbn><isbn><isbn10>1611762154</isbn10><isbn13>9781611762150</isbn13></isbn></isbns><buy_links><buy_link><name>Local Booksellers</name><url>http://www.indiebound.org/book/9781594204401?aff=NYT</url></buy_link><buy_link><name>Barnes and Noble</name><url>http://www.anrdoezrs.net/click-7990613-11819508?url=http%3A%2F%2Fwww.barnesandnoble.com%2Fw%2F%3Fean%3D9781594204401</url></buy_link><buy_link><name>Amazon</name><url>http://www.amazon.com/Double-Down-Game-Change-2012-ebook/dp/B00C5R7EE6?tag=NYTBS-20</url></buy_link></buy_links></book><book><rank>20</rank><rank_last_week>0</rank_last_week><weeks_on_list>0</weeks_on_list><asterisk>0</asterisk><dagger>0</dagger><primary_isbn10>0385349947</primary_isbn10><primary_isbn13>9780385349949</primary_isbn13><publisher>Knopf</publisher><description>The chief operating officer of Facebook urges women to pursue their careers without ambivalence.</description><price>0</price><title>LEAN IN</title><author>Sheryl Sandberg with Nell Scovell</author><contributor>by Sheryl Sandberg with Nell Scovell</contributor><contributor_note></contributor_note><book_image>https://s1.nyt.com/du/books/images/9780385349956.jpg</book_image><book_image_width>300</book_image_width><book_image_height>495</book_image_height><amazon_product_url>http://www.amazon.com/Lean-In-Women-Work-Will-ebook/dp/B009LMTDL0?tag=NYTBS-20</amazon_product_url><age_group></age_group><book_review_link>https://www.nytimes.com/2013/03/07/books/sheryl-sandbergs-lean-in.html</book_review_link><first_chapter_link></first_chapter_link><sunday_review_link>https://www.nytimes.com/2013/03/10/books/review/sheryl-sandbergs-lean-in.html</sunday_review_link><article_chapter_link></article_chapter_link><isbns><isbn><isbn10>0385349947</isbn10><isbn13>9780385349949</isbn13></isbn><isbn><isbn10>0385394233</isbn10><isbn13>9780385394239</isbn13></isbn><isbn><isbn10>0553544470</isbn10><isbn13>9780553544473</isbn13></isbn></isbns><buy_links><buy_link><name>Local Booksellers</name><url>http://www.indiebound.org/book/9780385349949?aff=NYT</url></buy_link><buy_link><name>Barnes and Noble</name><url>http://www.anrdoezrs.net/click-7990613-11819508?url=http%3A%2F%2Fwww.barnesandnoble.com%2Fw%2F%3Fean%3D9780385349949</url></buy_link><buy_link><name>Amazon</name><url>http://www.amazon.com/Lean-In-Women-Work-Will-ebook/dp/B009LMTDL0?tag=NYTBS-20</url></buy_link></buy_links></book></books><corrections/></results></result_set>
