<?xml version="1.0" encoding="UTF-8"?>
<result_set><status>OK</status><copyright>Copyright (c) 2018 The New York Times Company.  All Rights Reserved.</copyright><num_results>20</num_results><last_modified>2016-04-28T15:03:27-04:00</last_modified><results><list_name>Combined Print and E-Book Nonfiction</list_name><list_name_encoded>combined-print-and-e-book-nonfiction</list_name_encoded><bestsellers_date>2014-11-01</bestsellers_date><published_date>2014-11-16</published_date><published_date_description></published_date_description><next_published_date>2014-11-23</next_published_date><previous_published_date>2014-11-09</previous_published_date><display_name><![CDATA[Combined Print & E-Book Nonfiction]]></display_name><normal_list_ends_at>15</normal_list_ends_at><updated>WEEKLY</updated><books><book><rank>1</rank><rank_last_week>0</rank_last_week><weeks_on_list>1</weeks_on_list><asterisk>0</asterisk><dagger>0</dagger><primary_isbn10>0062268341</primary_isbn10><primary_isbn13>9780062268341</primary_isbn13><publisher>Dey St./Morrow</publisher><description>A humorous miscellany from the comedian and actress, the “S.N.L.” alumna and star of “Parks and Recreation.”</description><price>0</price><title>YES PLEASE</title><author>Amy Poehler</author><contributor>by Amy Poehler</contributor><contributor_note></contributor_note><book_image>https://s1.nyt.com/du/books/images/9780062268341.jpg</book_image><book_image_width>128</book_image_width><book_image_height>193</book_image_height><amazon_product_url>http://www.amazon.com/Yes-Please-Amy-Poehler/dp/0062268341?tag=NYTBS-20</amazon_product_url><age_group></age_group><book_review_link>https://www.nytimes.com/2014/11/05/books/book-review-amy-poehlers-yes-please.html</book_review_link><first_chapter_link></first_chapter_link><sunday_review_link>https://www.nytimes.com/2014/12/07/books/review/yes-please-by-amy-poehler.html</sunday_review_link><article_chapter_link></article_chapter_link><isbns><isbn><isbn10>0062268341</isbn10><isbn13>9780062268341</isbn13></isbn><isbn><isbn10>0062268376</isbn10><isbn13>9780062268372</isbn13></isbn><isbn><isbn10>0062350889</isbn10><isbn13>9780062350886</isbn13></isbn><isbn><isbn10>006226835X</isbn10><isbn13>9780062268358</isbn13></isbn></isbns><buy_links><buy_link><name>Local Booksellers</name><url>http://www.indiebound.org/book/9780062268341?aff=NYT</url></buy_link><buy_link><name>Barnes and Noble</name><url>http://www.anrdoezrs.net/click-7990613-11819508?url=http%3A%2F%2Fwww.barnesandnoble.com%2Fw%2F%3Fean%3D9780062268341</url></buy_link><buy_link><name>Amazon</name><url>http://www.amazon.com/Yes-Please-Amy-Poehler/dp/0062268341?tag=NYTBS-20</url></buy_link></buy_links></book><book><rank>2</rank><rank_last_week>1</rank_last_week><weeks_on_list>6</weeks_on_list><asterisk>0</asterisk><dagger>0</dagger><primary_isbn10>080509668X</primary_isbn10><primary_isbn13>9780805096682</primary_isbn13><publisher>Holt</publisher><description>The host of “The O’Reilly Factor” recounts the strange death of Gen. George S. Patton in December 1945.</description><price>0</price><title>KILLING PATTON</title><author>Bill O'Reilly and Martin Dugard</author><contributor>by Bill O'Reilly and Martin Dugard</contributor><contributor_note></contributor_note><book_image>https://s1.nyt.com/du/books/images/9780805096699.jpg</book_image><book_image_width>324</book_image_width><book_image_height>495</book_image_height><amazon_product_url>http://www.amazon.com/Killing-Patton-Strange-Audacious-General/dp/080509668X?tag=NYTBS-20</amazon_product_url><age_group></age_group><book_review_link></book_review_link><first_chapter_link></first_chapter_link><sunday_review_link></sunday_review_link><article_chapter_link></article_chapter_link><isbns><isbn><isbn10>080509668X</isbn10><isbn13>9780805096682</isbn13></isbn><isbn><isbn10>1427244219</isbn10><isbn13>9781427244215</isbn13></isbn><isbn><isbn10>1410473651</isbn10><isbn13>9781410473653</isbn13></isbn></isbns><buy_links><buy_link><name>Local Booksellers</name><url>http://www.indiebound.org/book/9780805096682?aff=NYT</url></buy_link><buy_link><name>Barnes and Noble</name><url>http://www.anrdoezrs.net/click-7990613-11819508?url=http%3A%2F%2Fwww.barnesandnoble.com%2Fw%2F%3Fean%3D9780805096682</url></buy_link><buy_link><name>Amazon</name><url>http://www.amazon.com/Killing-Patton-Strange-Audacious-General/dp/080509668X?tag=NYTBS-20</url></buy_link></buy_links></book><book><rank>3</rank><rank_last_week>3</rank_last_week><weeks_on_list>177</weeks_on_list><asterisk>0</asterisk><dagger>0</dagger><primary_isbn10>0812974492</primary_isbn10><primary_isbn13>9780812974492</primary_isbn13><publisher>Random House</publisher><description>An Olympic runner’s story of survival as a prisoner of the Japanese in World War II.</description><price>0</price><title>UNBROKEN</title><author>Laura Hillenbrand</author><contributor>by Laura Hillenbrand</contributor><contributor_note></contributor_note><book_image>https://s1.nyt.com/du/books/images/9781400064168.jpg</book_image><book_image_width>264</book_image_width><book_image_height>400</book_image_height><amazon_product_url>http://www.amazon.com/Unbroken-World-Survival-Resilience-Redemption/dp/1400064163?tag=NYTBS-20</amazon_product_url><age_group></age_group><book_review_link>https://www.nytimes.com/2010/11/15/books/15book.html</book_review_link><first_chapter_link></first_chapter_link><sunday_review_link>https://www.nytimes.com/2010/11/21/books/review/Margolick-t.html</sunday_review_link><article_chapter_link></article_chapter_link><isbns><isbn><isbn10>1400064163</isbn10><isbn13>9781400064168</isbn13></isbn><isbn><isbn10>0679603751</isbn10><isbn13>9780679603757</isbn13></isbn><isbn><isbn10>0375435018</isbn10><isbn13>9780375435010</isbn13></isbn><isbn><isbn10></isbn10><isbn13></isbn13></isbn><isbn><isbn10>0739319698</isbn10><isbn13>9780739319697</isbn13></isbn><isbn><isbn10>0007378033</isbn10><isbn13>9780007378036</isbn13></isbn><isbn><isbn10>0812974492</isbn10><isbn13>9780812974492</isbn13></isbn><isbn><isbn10>0606355987</isbn10><isbn13>9780606355988</isbn13></isbn><isbn><isbn10>081298711X</isbn10><isbn13>9780812987119</isbn13></isbn><isbn><isbn10>0553397117</isbn10><isbn13>9780553397116</isbn13></isbn><isbn><isbn10>1101912626</isbn10><isbn13>9781101912621</isbn13></isbn><isbn><isbn10>1984818449</isbn10><isbn13>9781984818447</isbn13></isbn><isbn><isbn10>1984837621</isbn10><isbn13>9781984837622</isbn13></isbn></isbns><buy_links><buy_link><name>Local Booksellers</name><url>http://www.indiebound.org/book/9780812974492?aff=NYT</url></buy_link><buy_link><name>Barnes and Noble</name><url>http://www.anrdoezrs.net/click-7990613-11819508?url=http%3A%2F%2Fwww.barnesandnoble.com%2Fw%2F%3Fean%3D9780812974492</url></buy_link><buy_link><name>Amazon</name><url>http://www.amazon.com/Unbroken-World-Survival-Resilience-Redemption/dp/1400064163?tag=NYTBS-20</url></buy_link></buy_links></book><book><rank>4</rank><rank_last_week>2</rank_last_week><weeks_on_list>5</weeks_on_list><asterisk>0</asterisk><dagger>0</dagger><primary_isbn10>081299499X</primary_isbn10><primary_isbn13>9780812994995</primary_isbn13><publisher>Random House</publisher><description>A collection of revealing and often humorous personal essays from the creator and star of “Girls.”</description><price>0</price><title>NOT THAT KIND OF GIRL</title><author>Lena Dunham</author><contributor>by Lena Dunham</contributor><contributor_note></contributor_note><book_image>https://s1.nyt.com/du/books/images/9780812995008.jpg</book_image><book_image_width>128</book_image_width><book_image_height>193</book_image_height><amazon_product_url>http://www.amazon.com/Not-That-Kind-Girl-Learned/dp/081299499X?tag=NYTBS-20</amazon_product_url><age_group></age_group><book_review_link>https://www.nytimes.com/2014/09/24/books/lena-dunhams-memoir-ish-not-that-kind-of-girl.html</book_review_link><first_chapter_link></first_chapter_link><sunday_review_link>https://www.nytimes.com/2014/10/12/books/review/lena-dunham-memoir-not-that-kind-of-girl-review.html</sunday_review_link><article_chapter_link></article_chapter_link><isbns><isbn><isbn10>081299499X</isbn10><isbn13>9780812994995</isbn13></isbn><isbn><isbn10>080412731X</isbn10><isbn13>9780804127318</isbn13></isbn><isbn><isbn10>0812985176</isbn10><isbn13>9780812985177</isbn13></isbn></isbns><buy_links><buy_link><name>Local Booksellers</name><url>http://www.indiebound.org/book/9780812994995?aff=NYT</url></buy_link><buy_link><name>Barnes and Noble</name><url>http://www.anrdoezrs.net/click-7990613-11819508?url=http%3A%2F%2Fwww.barnesandnoble.com%2Fw%2F%3Fean%3D9780812994995</url></buy_link><buy_link><name>Amazon</name><url>http://www.amazon.com/Not-That-Kind-Girl-Learned/dp/081299499X?tag=NYTBS-20</url></buy_link></buy_links></book><book><rank>5</rank><rank_last_week>4</rank_last_week><weeks_on_list>24</weeks_on_list><asterisk>0</asterisk><dagger>0</dagger><primary_isbn10>0143125478</primary_isbn10><primary_isbn13>9780143125471</primary_isbn13><publisher>Viking</publisher><description>The University of Washington’s eight-oar crew and their quest for gold at the 1936 Berlin Olympics.</description><price>0</price><title>THE BOYS IN THE BOAT</title><author>Daniel James Brown</author><contributor>by Daniel James Brown</contributor><contributor_note></contributor_note><book_image>https://s1.nyt.com/du/books/images/9781101622742.jpg</book_image><book_image_width>323</book_image_width><book_image_height>495</book_image_height><amazon_product_url>http://www.amazon.com/The-Boys-Boat-Americans-Olympics-ebook/dp/B00AEBETU2?tag=NYTBS-20</amazon_product_url><age_group></age_group><book_review_link></book_review_link><first_chapter_link></first_chapter_link><sunday_review_link></sunday_review_link><article_chapter_link></article_chapter_link><isbns><isbn><isbn10>067002581X</isbn10><isbn13>9780670025817</isbn13></isbn><isbn><isbn10>0143125478</isbn10><isbn13>9780143125471</isbn13></isbn><isbn><isbn10>159413779X</isbn10><isbn13>9781594137792</isbn13></isbn><isbn><isbn10>1611761697</isbn10><isbn13>9781611761696</isbn13></isbn><isbn><isbn10>1410459543</isbn10><isbn13>9781410459541</isbn13></isbn><isbn><isbn10>0143130838</isbn10><isbn13>9780143130833</isbn13></isbn><isbn><isbn10>1101620137</isbn10><isbn13>9781101620137</isbn13></isbn><isbn><isbn10>0606393129</isbn10><isbn13>9780606393126</isbn13></isbn></isbns><buy_links><buy_link><name>Local Booksellers</name><url>http://www.indiebound.org/book/9780143125471?aff=NYT</url></buy_link><buy_link><name>Barnes and Noble</name><url>http://www.anrdoezrs.net/click-7990613-11819508?url=http%3A%2F%2Fwww.barnesandnoble.com%2Fw%2F%3Fean%3D9780143125471</url></buy_link><buy_link><name>Amazon</name><url>http://www.amazon.com/The-Boys-Boat-Americans-Olympics-ebook/dp/B00AEBETU2?tag=NYTBS-20</url></buy_link></buy_links></book><book><rank>6</rank><rank_last_week>6</rank_last_week><weeks_on_list>4</weeks_on_list><asterisk>0</asterisk><dagger>0</dagger><primary_isbn10>0805095152</primary_isbn10><primary_isbn13>9780805095159</primary_isbn13><publisher>Metropolitan/Holt</publisher><description>The surgeon and New Yorker writer considers how doctors fail patients at the end of life, and how they can do better.</description><price>0</price><title>BEING MORTAL</title><author>Atul Gawande</author><contributor>by Atul Gawande</contributor><contributor_note></contributor_note><book_image>https://s1.nyt.com/du/books/images/9780805095159.jpg</book_image><book_image_width>328</book_image_width><book_image_height>495</book_image_height><amazon_product_url>http://www.amazon.com/Being-Mortal-Medicine-What-Matters/dp/0805095152?tag=NYTBS-20</amazon_product_url><age_group></age_group><book_review_link>https://www.nytimes.com/2014/10/17/arts/being-mortal-by-atul-gawande.html</book_review_link><first_chapter_link></first_chapter_link><sunday_review_link>https://www.nytimes.com/2014/11/09/books/review/atul-gawande-being-mortal-review.html</sunday_review_link><article_chapter_link></article_chapter_link><isbns><isbn><isbn10>0805095152</isbn10><isbn13>9780805095159</isbn13></isbn><isbn><isbn10>1427244235</isbn10><isbn13>9781427244239</isbn13></isbn><isbn><isbn10>1410478122</isbn10><isbn13>9781410478122</isbn13></isbn><isbn><isbn10>1514732998</isbn10><isbn13>9781514732991</isbn13></isbn><isbn><isbn10>1250081246</isbn10><isbn13>9781250081247</isbn13></isbn><isbn><isbn10>1250076226</isbn10><isbn13>9781250076229</isbn13></isbn><isbn><isbn10>1594139245</isbn10><isbn13>9781594139246</isbn13></isbn><isbn><isbn10>1427244243</isbn10><isbn13>9781427244246</isbn13></isbn></isbns><buy_links><buy_link><name>Local Booksellers</name><url>http://www.indiebound.org/book/9780805095159?aff=NYT</url></buy_link><buy_link><name>Barnes and Noble</name><url>http://www.anrdoezrs.net/click-7990613-11819508?url=http%3A%2F%2Fwww.barnesandnoble.com%2Fw%2F%3Fean%3D9780805095159</url></buy_link><buy_link><name>Amazon</name><url>http://www.amazon.com/Being-Mortal-Medicine-What-Matters/dp/0805095152?tag=NYTBS-20</url></buy_link></buy_links></book><book><rank>7</rank><rank_last_week>0</rank_last_week><weeks_on_list>1</weeks_on_list><asterisk>0</asterisk><dagger>0</dagger><primary_isbn10>1476783667</primary_isbn10><primary_isbn13>9781476783666</primary_isbn13><publisher>Jeter Publishing/Gallery Books</publisher><description>The Yankee shortstop and team captain looks back over his career, with photographs from his recently concluded final season, as well as older ones.</description><price>0</price><title>JETER UNFILTERED</title><author>Derek Jeter with Anthony Bozza</author><contributor>by Derek Jeter with Anthony Bozza</contributor><contributor_note></contributor_note><book_image>https://s1.nyt.com/du/books/images/9781476783666.jpg</book_image><book_image_width>128</book_image_width><book_image_height>154</book_image_height><amazon_product_url>http://www.amazon.com/Jeter-Unfiltered-Derek/dp/1476783667?tag=NYTBS-20</amazon_product_url><age_group></age_group><book_review_link></book_review_link><first_chapter_link></first_chapter_link><sunday_review_link></sunday_review_link><article_chapter_link></article_chapter_link><isbns><isbn><isbn10>1476783667</isbn10><isbn13>9781476783666</isbn13></isbn></isbns><buy_links><buy_link><name>Local Booksellers</name><url>http://www.indiebound.org/book/9781476783666?aff=NYT</url></buy_link><buy_link><name>Barnes and Noble</name><url>http://www.anrdoezrs.net/click-7990613-11819508?url=http%3A%2F%2Fwww.barnesandnoble.com%2Fw%2F%3Fean%3D9781476783666</url></buy_link><buy_link><name>Amazon</name><url>http://www.amazon.com/Jeter-Unfiltered-Derek/dp/1476783667?tag=NYTBS-20</url></buy_link></buy_links></book><book><rank>8</rank><rank_last_week>0</rank_last_week><weeks_on_list>1</weeks_on_list><asterisk>0</asterisk><dagger>0</dagger><primary_isbn10>030748730X</primary_isbn10><primary_isbn13>9780307487308</primary_isbn13><publisher>Bantam</publisher><description>An account of a naval battle during the campaign to liberate the Philippines in 1944.</description><price>0</price><title>THE LAST STAND OF THE TIN CAN SAILORS</title><author>James D Hornfischer</author><contributor>by James D. Hornfischer</contributor><contributor_note></contributor_note><book_image>https://s1.nyt.com/du/books/images/9780307487308.jpg</book_image><book_image_width>128</book_image_width><book_image_height>193</book_image_height><amazon_product_url>http://www.amazon.com/The-Last-Stand-Sailors-Extraordinary-ebook/dp/B001L83PM0?tag=NYTBS-20</amazon_product_url><age_group></age_group><book_review_link></book_review_link><first_chapter_link></first_chapter_link><sunday_review_link></sunday_review_link><article_chapter_link></article_chapter_link><isbns><isbn><isbn10>030748730X</isbn10><isbn13>9780307487308</isbn13></isbn></isbns><buy_links><buy_link><name>Local Booksellers</name><url>http://www.indiebound.org/book/9780307487308?aff=NYT</url></buy_link><buy_link><name>Barnes and Noble</name><url>http://www.anrdoezrs.net/click-7990613-11819508?url=http%3A%2F%2Fwww.barnesandnoble.com%2Fw%2F%3Fean%3D9780307487308</url></buy_link><buy_link><name>Amazon</name><url>http://www.amazon.com/The-Last-Stand-Sailors-Extraordinary-ebook/dp/B001L83PM0?tag=NYTBS-20</url></buy_link></buy_links></book><book><rank>9</rank><rank_last_week>0</rank_last_week><weeks_on_list>1</weeks_on_list><asterisk>0</asterisk><dagger>0</dagger><primary_isbn10>1476783896</primary_isbn10><primary_isbn13>9781476783895</primary_isbn13><publisher>Threshold Editions/Mercury Radio Arts</publisher><description>More little-known stories from America’s past; a follow-up to “Miracles and Massacres.”</description><price>0</price><title>DREAMERS AND DECEIVERS</title><author>Glenn Beck with Kevin Balfe</author><contributor>by Glenn Beck with Kevin Balfe</contributor><contributor_note></contributor_note><book_image>https://s1.nyt.com/du/books/images/9781476783895.jpg</book_image><book_image_width>128</book_image_width><book_image_height>194</book_image_height><amazon_product_url>http://www.amazon.com/Dreamers-Deceivers-Stories-Villains-America/dp/1476783896?tag=NYTBS-20</amazon_product_url><age_group></age_group><book_review_link></book_review_link><first_chapter_link></first_chapter_link><sunday_review_link></sunday_review_link><article_chapter_link></article_chapter_link><isbns><isbn><isbn10>1476783896</isbn10><isbn13>9781476783895</isbn13></isbn><isbn><isbn10>1476787158</isbn10><isbn13>9781476787152</isbn13></isbn><isbn><isbn10>1442375116</isbn10><isbn13>9781442375116</isbn13></isbn></isbns><buy_links><buy_link><name>Local Booksellers</name><url>http://www.indiebound.org/book/9781476783895?aff=NYT</url></buy_link><buy_link><name>Barnes and Noble</name><url>http://www.anrdoezrs.net/click-7990613-11819508?url=http%3A%2F%2Fwww.barnesandnoble.com%2Fw%2F%3Fean%3D9781476783895</url></buy_link><buy_link><name>Amazon</name><url>http://www.amazon.com/Dreamers-Deceivers-Stories-Villains-America/dp/1476783896?tag=NYTBS-20</url></buy_link></buy_links></book><book><rank>10</rank><rank_last_week>10</rank_last_week><weeks_on_list>4</weeks_on_list><asterisk>0</asterisk><dagger>0</dagger><primary_isbn10>147670869X</primary_isbn10><primary_isbn13>9781476708690</primary_isbn13><publisher><![CDATA[Simon & Schuster]]></publisher><description>Studies of the people who created computers and the Internet, beginning in the 1840s.</description><price>0</price><title>THE INNOVATORS</title><author>Walter Isaacson</author><contributor>by Walter Isaacson</contributor><contributor_note></contributor_note><book_image>https://s1.nyt.com/du/books/images/9781476708713.jpg</book_image><book_image_width>128</book_image_width><book_image_height>193</book_image_height><amazon_product_url>http://www.amazon.com/The-Innovators-Hackers-Geniuses-Revolution-ebook/dp/B00JGAS65Q?tag=NYTBS-20</amazon_product_url><age_group></age_group><book_review_link>https://www.nytimes.com/2014/10/09/arts/walter-isaacsons-the-innovators-studies-computer-wizards.html</book_review_link><first_chapter_link></first_chapter_link><sunday_review_link>https://www.nytimes.com/2014/10/05/books/review/the-innovators-by-walter-isaacson.html</sunday_review_link><article_chapter_link></article_chapter_link><isbns><isbn><isbn10>147670869X</isbn10><isbn13>9781476708690</isbn13></isbn><isbn><isbn10>1476708711</isbn10><isbn13>9781476708713</isbn13></isbn><isbn><isbn10>1442376228</isbn10><isbn13>9781442376229</isbn13></isbn><isbn><isbn10>1476708703</isbn10><isbn13>9781476708706</isbn13></isbn></isbns><buy_links><buy_link><name>Local Booksellers</name><url>http://www.indiebound.org/book/9781476708690?aff=NYT</url></buy_link><buy_link><name>Barnes and Noble</name><url>http://www.anrdoezrs.net/click-7990613-11819508?url=http%3A%2F%2Fwww.barnesandnoble.com%2Fw%2F%3Fean%3D9781476708690</url></buy_link><buy_link><name>Amazon</name><url>http://www.amazon.com/The-Innovators-Hackers-Geniuses-Revolution-ebook/dp/B00JGAS65Q?tag=NYTBS-20</url></buy_link></buy_links></book><book><rank>11</rank><rank_last_week>5</rank_last_week><weeks_on_list>2</weeks_on_list><asterisk>0</asterisk><dagger>0</dagger><primary_isbn10>0804140413</primary_isbn10><primary_isbn13>9780804140416</primary_isbn13><publisher>Crown Archetype</publisher><description>The comedian, author of “Dad Is Fat,” describes his relationship with his subject.</description><price>0</price><title>FOOD</title><author>Jim Gaffigan</author><contributor>by Jim Gaffigan</contributor><contributor_note></contributor_note><book_image>https://s1.nyt.com/du/books/images/9780804140423.jpg</book_image><book_image_width>128</book_image_width><book_image_height>192</book_image_height><amazon_product_url>http://www.amazon.com/Food-Love-Story-Jim-Gaffigan/dp/0804140413?tag=NYTBS-20</amazon_product_url><age_group></age_group><book_review_link></book_review_link><first_chapter_link></first_chapter_link><sunday_review_link></sunday_review_link><article_chapter_link></article_chapter_link><isbns><isbn><isbn10>0804140413</isbn10><isbn13>9780804140416</isbn13></isbn><isbn><isbn10>0804192219</isbn10><isbn13>9780804192217</isbn13></isbn></isbns><buy_links><buy_link><name>Local Booksellers</name><url>http://www.indiebound.org/book/9780804140416?aff=NYT</url></buy_link><buy_link><name>Barnes and Noble</name><url>http://www.anrdoezrs.net/click-7990613-11819508?url=http%3A%2F%2Fwww.barnesandnoble.com%2Fw%2F%3Fean%3D9780804140416</url></buy_link><buy_link><name>Amazon</name><url>http://www.amazon.com/Food-Love-Story-Jim-Gaffigan/dp/0804140413?tag=NYTBS-20</url></buy_link></buy_links></book><book><rank>12</rank><rank_last_week>14</rank_last_week><weeks_on_list>85</weeks_on_list><asterisk>0</asterisk><dagger>0</dagger><primary_isbn10>0307476073</primary_isbn10><primary_isbn13>9780307476074</primary_isbn13><publisher>Knopf</publisher><description>A woman’s account of a life-changing 1,100-mile hike along the Pacific Crest Trail during the summer of 1995.</description><price>0</price><title>WILD</title><author>Cheryl Strayed</author><contributor>by Cheryl Strayed</contributor><contributor_note></contributor_note><book_image>https://s1.nyt.com/du/books/images/9780307476074.jpg</book_image><book_image_width>321</book_image_width><book_image_height>495</book_image_height><amazon_product_url>http://www.amazon.com/Wild-Found-Pacific-Crest-Trail/dp/0307476073?tag=NYTBS-20</amazon_product_url><age_group></age_group><book_review_link>https://www.nytimes.com/2012/03/28/books/wild-by-cheryl-strayed-a-walkabout-of-reinvention.html</book_review_link><first_chapter_link></first_chapter_link><sunday_review_link>https://www.nytimes.com/2012/04/01/books/review/wild-a-hiking-memoir-by-cheryl-strayed.html</sunday_review_link><article_chapter_link></article_chapter_link><isbns><isbn><isbn10>0307592731</isbn10><isbn13>9780307592736</isbn13></isbn><isbn><isbn10>0307957659</isbn10><isbn13>9780307957658</isbn13></isbn><isbn><isbn10>0307476073</isbn10><isbn13>9780307476074</isbn13></isbn><isbn><isbn10>1594136742</isbn10><isbn13>9781594136740</isbn13></isbn><isbn><isbn10>0307970299</isbn10><isbn13>9780307970299</isbn13></isbn><isbn><isbn10>1101873442</isbn10><isbn13>9781101873441</isbn13></isbn></isbns><buy_links><buy_link><name>Local Booksellers</name><url>http://www.indiebound.org/book/9780307476074?aff=NYT</url></buy_link><buy_link><name>Barnes and Noble</name><url>http://www.anrdoezrs.net/click-7990613-11819508?url=http%3A%2F%2Fwww.barnesandnoble.com%2Fw%2F%3Fean%3D9780307476074</url></buy_link><buy_link><name>Amazon</name><url>http://www.amazon.com/Wild-Found-Pacific-Crest-Trail/dp/0307476073?tag=NYTBS-20</url></buy_link></buy_links></book><book><rank>13</rank><rank_last_week>0</rank_last_week><weeks_on_list>1</weeks_on_list><asterisk>0</asterisk><dagger>0</dagger><primary_isbn10>1250017645</primary_isbn10><primary_isbn13>9781250017642</primary_isbn13><publisher>Thomas Dunne/St. Martin’s</publisher><description>The former first lady’s struggles after John Kennedy’s assassination.</description><price>0</price><title>JACQUELINE BOUVIER KENNEDY ONASSIS</title><author>Barbara Leaming</author><contributor>by Barbara Leaming</contributor><contributor_note></contributor_note><book_image>https://s1.nyt.com/du/books/images/9781250017635.jpg</book_image><book_image_width>128</book_image_width><book_image_height>195</book_image_height><amazon_product_url>http://www.amazon.com/Jacqueline-Bouvier-Kennedy-Onassis-Untold-ebook/dp/B00JI0RS12?tag=NYTBS-20</amazon_product_url><age_group></age_group><book_review_link></book_review_link><first_chapter_link></first_chapter_link><sunday_review_link>https://www.nytimes.com/2014/12/07/books/review/jacqueline-bouvier-kennedy-onassis-by-barbara-leaming.html</sunday_review_link><article_chapter_link></article_chapter_link><isbns><isbn><isbn10>1250017645</isbn10><isbn13>9781250017642</isbn13></isbn><isbn><isbn10>1250017637</isbn10><isbn13>9781250017635</isbn13></isbn><isbn><isbn10>1427252327</isbn10><isbn13>9781427252326</isbn13></isbn></isbns><buy_links><buy_link><name>Local Booksellers</name><url>http://www.indiebound.org/book/9781250017642?aff=NYT</url></buy_link><buy_link><name>Barnes and Noble</name><url>http://www.anrdoezrs.net/click-7990613-11819508?url=http%3A%2F%2Fwww.barnesandnoble.com%2Fw%2F%3Fean%3D9781250017642</url></buy_link><buy_link><name>Amazon</name><url>http://www.amazon.com/Jacqueline-Bouvier-Kennedy-Onassis-Untold-ebook/dp/B00JI0RS12?tag=NYTBS-20</url></buy_link></buy_links></book><book><rank>14</rank><rank_last_week>0</rank_last_week><weeks_on_list>1</weeks_on_list><asterisk>0</asterisk><dagger>0</dagger><primary_isbn10>0385354045</primary_isbn10><primary_isbn13>9780385354042</primary_isbn13><publisher>Knopf</publisher><description>The Harvard historian and New Yorker writer argues that Wonder Woman’s creator was influenced by early feminists.</description><price>0</price><title>THE SECRET HISTORY OF WONDER WOMAN</title><author>Jill Lepore</author><contributor>by Jill Lepore</contributor><contributor_note></contributor_note><book_image>https://s1.nyt.com/du/books/images/9780385354059.jpg</book_image><book_image_width>128</book_image_width><book_image_height>187</book_image_height><amazon_product_url>http://www.amazon.com/The-Secret-History-Wonder-Woman/dp/0385354045?tag=NYTBS-20</amazon_product_url><age_group></age_group><book_review_link>https://www.nytimes.com/2014/10/24/books/the-secret-history-of-wonder-woman-by-jill-lepore.html</book_review_link><first_chapter_link></first_chapter_link><sunday_review_link>https://www.nytimes.com/2014/12/14/books/review/jill-lepores-secret-history-of-wonder-woman.html</sunday_review_link><article_chapter_link></article_chapter_link><isbns><isbn><isbn10>0385354045</isbn10><isbn13>9780385354042</isbn13></isbn><isbn><isbn10>0804173400</isbn10><isbn13>9780804173407</isbn13></isbn></isbns><buy_links><buy_link><name>Local Booksellers</name><url>http://www.indiebound.org/book/9780385354042?aff=NYT</url></buy_link><buy_link><name>Barnes and Noble</name><url>http://www.anrdoezrs.net/click-7990613-11819508?url=http%3A%2F%2Fwww.barnesandnoble.com%2Fw%2F%3Fean%3D9780385354042</url></buy_link><buy_link><name>Amazon</name><url>http://www.amazon.com/The-Secret-History-Wonder-Woman/dp/0385354045?tag=NYTBS-20</url></buy_link></buy_links></book><book><rank>15</rank><rank_last_week>7</rank_last_week><weeks_on_list>7</weeks_on_list><asterisk>0</asterisk><dagger>0</dagger><primary_isbn10>0385479565</primary_isbn10><primary_isbn13>9780385479561</primary_isbn13><publisher>Anchor</publisher><description>The discovery of the Ebola virus, and the efforts to keep it from spreading; first published in 1994.</description><price>0</price><title>THE HOT ZONE</title><author>Richard Preston</author><contributor>by Richard Preston</contributor><contributor_note></contributor_note><book_image>https://s1.nyt.com/du/books/images/9780307817655.jpg</book_image><book_image_width>285</book_image_width><book_image_height>475</book_image_height><amazon_product_url>http://www.amazon.com/The-Hot-Zone-Terrifying-Origins-ebook/dp/B007DCU4IQ?tag=NYTBS-20</amazon_product_url><age_group></age_group><book_review_link>https://www.nytimes.com/1994/09/30/books/books-of-the-times-a-visit-to-the-biohazard-battleground.html</book_review_link><first_chapter_link></first_chapter_link><sunday_review_link></sunday_review_link><article_chapter_link></article_chapter_link><isbns><isbn><isbn10>0307817652</isbn10><isbn13>9780307817655</isbn13></isbn><isbn><isbn10>0385479565</isbn10><isbn13>9780385479561</isbn13></isbn><isbn><isbn10>0385495226</isbn10><isbn13>9780385495226</isbn13></isbn><isbn><isbn10>1442386509</isbn10><isbn13>9781442386501</isbn13></isbn></isbns><buy_links><buy_link><name>Local Booksellers</name><url>http://www.indiebound.org/book/9780385479561?aff=NYT</url></buy_link><buy_link><name>Barnes and Noble</name><url>http://www.anrdoezrs.net/click-7990613-11819508?url=http%3A%2F%2Fwww.barnesandnoble.com%2Fw%2F%3Fean%3D9780385479561</url></buy_link><buy_link><name>Amazon</name><url>http://www.amazon.com/The-Hot-Zone-Terrifying-Origins-ebook/dp/B007DCU4IQ?tag=NYTBS-20</url></buy_link></buy_links></book><book><rank>16</rank><rank_last_week>0</rank_last_week><weeks_on_list>0</weeks_on_list><asterisk>0</asterisk><dagger>0</dagger><primary_isbn10>1476775583</primary_isbn10><primary_isbn13>9781476775586</primary_isbn13><publisher>Gallery</publisher><description></description><price>0</price><title>THE GOOD SON</title><author>Christopher Andersen</author><contributor>by Christopher Andersen</contributor><contributor_note></contributor_note><book_image>https://s1.nyt.com/du/books/images/9781476775586.jpg</book_image><book_image_width>328</book_image_width><book_image_height>495</book_image_height><amazon_product_url>http://www.amazon.com/The-Good-Son-Mother-Loved/dp/1476775567?tag=NYTBS-20</amazon_product_url><age_group></age_group><book_review_link></book_review_link><first_chapter_link></first_chapter_link><sunday_review_link></sunday_review_link><article_chapter_link></article_chapter_link><isbns><isbn><isbn10>1476775583</isbn10><isbn13>9781476775586</isbn13></isbn><isbn><isbn10>1476775567</isbn10><isbn13>9781476775562</isbn13></isbn></isbns><buy_links><buy_link><name>Local Booksellers</name><url>http://www.indiebound.org/book/9781476775586?aff=NYT</url></buy_link><buy_link><name>Barnes and Noble</name><url>http://www.anrdoezrs.net/click-7990613-11819508?url=http%3A%2F%2Fwww.barnesandnoble.com%2Fw%2F%3Fean%3D9781476775586</url></buy_link><buy_link><name>Amazon</name><url>http://www.amazon.com/The-Good-Son-Mother-Loved/dp/1476775567?tag=NYTBS-20</url></buy_link></buy_links></book><book><rank>17</rank><rank_last_week>0</rank_last_week><weeks_on_list>0</weeks_on_list><asterisk>0</asterisk><dagger>0</dagger><primary_isbn10>1476764026</primary_isbn10><primary_isbn13>9781476764023</primary_isbn13><publisher><![CDATA[Touchstone/Simon & Schuster]]></publisher><description>The making of the movie “The Princess Bride,” 25 years ago.</description><price>0</price><title>AS YOU WISH</title><author>Cary Elwes with Joe Layden</author><contributor>by Cary Elwes with Joe Layden</contributor><contributor_note></contributor_note><book_image>https://s1.nyt.com/du/books/images/9781476764030.jpg</book_image><book_image_width>128</book_image_width><book_image_height>194</book_image_height><amazon_product_url>http://www.amazon.com/As-You-Wish-Inconceivable-Princess/dp/1476764026?tag=NYTBS-20</amazon_product_url><age_group></age_group><book_review_link></book_review_link><first_chapter_link></first_chapter_link><sunday_review_link>https://www.nytimes.com/2014/12/07/books/review/as-you-wish-about-the-making-of-the-princess.html</sunday_review_link><article_chapter_link></article_chapter_link><isbns><isbn><isbn10>1476764026</isbn10><isbn13>9781476764023</isbn13></isbn><isbn><isbn10>1442383453</isbn10><isbn13>9781442383456</isbn13></isbn></isbns><buy_links><buy_link><name>Local Booksellers</name><url>http://www.indiebound.org/book/9781476764023?aff=NYT</url></buy_link><buy_link><name>Barnes and Noble</name><url>http://www.anrdoezrs.net/click-7990613-11819508?url=http%3A%2F%2Fwww.barnesandnoble.com%2Fw%2F%3Fean%3D9781476764023</url></buy_link><buy_link><name>Amazon</name><url>http://www.amazon.com/As-You-Wish-Inconceivable-Princess/dp/1476764026?tag=NYTBS-20</url></buy_link></buy_links></book><book><rank>18</rank><rank_last_week>0</rank_last_week><weeks_on_list>0</weeks_on_list><asterisk>0</asterisk><dagger>0</dagger><primary_isbn10>0544272994</primary_isbn10><primary_isbn13>9780544272996</primary_isbn13><publisher>Houghton Mifflin Harcourt</publisher><description>Scientific (but often humorous) answers to hypothetical questions, based in part on the author’s website, xkcd.com.</description><price>0</price><title>WHAT IF?</title><author>Randall Munroe</author><contributor>by Randall Munroe</contributor><contributor_note></contributor_note><book_image>https://s1.nyt.com/du/books/images/9780544272644.jpg</book_image><book_image_width>128</book_image_width><book_image_height>165</book_image_height><amazon_product_url>http://www.amazon.com/What-If-Scientific-Hypothetical-Questions-ebook/dp/B00IYUYF4A?tag=NYTBS-20</amazon_product_url><age_group></age_group><book_review_link></book_review_link><first_chapter_link></first_chapter_link><sunday_review_link></sunday_review_link><article_chapter_link></article_chapter_link><isbns><isbn><isbn10>0544272994</isbn10><isbn13>9780544272996</isbn13></isbn><isbn><isbn10>0544456866</isbn10><isbn13>9780544456860</isbn13></isbn></isbns><buy_links><buy_link><name>Local Booksellers</name><url>http://www.indiebound.org/book/9780544272996?aff=NYT</url></buy_link><buy_link><name>Barnes and Noble</name><url>http://www.anrdoezrs.net/click-7990613-11819508?url=http%3A%2F%2Fwww.barnesandnoble.com%2Fw%2F%3Fean%3D9780544272996</url></buy_link><buy_link><name>Amazon</name><url>http://www.amazon.com/What-If-Scientific-Hypothetical-Questions-ebook/dp/B00IYUYF4A?tag=NYTBS-20</url></buy_link></buy_links></book><book><rank>19</rank><rank_last_week>0</rank_last_week><weeks_on_list>0</weeks_on_list><asterisk>0</asterisk><dagger>0</dagger><primary_isbn10>1455582433</primary_isbn10><primary_isbn13>9781455582433</primary_isbn13><publisher>Center Street</publisher><description>The radio host urges true patriots to save the country  from the machinations of the left.
</description><price>0</price><title>STOP THE COMING CIVIL WAR</title><author>Michael Savage</author><contributor>by Michael Savage</contributor><contributor_note></contributor_note><book_image>https://s1.nyt.com/du/books/images/9781455582433.jpg</book_image><book_image_width>128</book_image_width><book_image_height>193</book_image_height><amazon_product_url>http://www.amazon.com/Stop-Coming-Civil-War-Savage-ebook/dp/B00I829RX8?tag=NYTBS-20</amazon_product_url><age_group></age_group><book_review_link></book_review_link><first_chapter_link></first_chapter_link><sunday_review_link></sunday_review_link><article_chapter_link></article_chapter_link><isbns><isbn><isbn10>1455582433</isbn10><isbn13>9781455582433</isbn13></isbn><isbn><isbn10>1455582425</isbn10><isbn13>9781455582426</isbn13></isbn><isbn><isbn10>1478982713</isbn10><isbn13>9781478982715</isbn13></isbn></isbns><buy_links><buy_link><name>Local Booksellers</name><url>http://www.indiebound.org/book/9781455582433?aff=NYT</url></buy_link><buy_link><name>Barnes and Noble</name><url>http://www.anrdoezrs.net/click-7990613-11819508?url=http%3A%2F%2Fwww.barnesandnoble.com%2Fw%2F%3Fean%3D9781455582433</url></buy_link><buy_link><name>Amazon</name><url>http://www.amazon.com/Stop-Coming-Civil-War-Savage-ebook/dp/B00I829RX8?tag=NYTBS-20</url></buy_link></buy_links></book><book><rank>20</rank><rank_last_week>0</rank_last_week><weeks_on_list>0</weeks_on_list><asterisk>0</asterisk><dagger>0</dagger><primary_isbn10>0385346999</primary_isbn10><primary_isbn13>9780385346993</primary_isbn13><publisher>Crown Archetype</publisher><description>The actor’s life story is structured as a Choose Your Own Adventure book.</description><price>0</price><title>NEIL PATRICK HARRIS: CHOOSE YOUR OWN AUTOBIOGRAPHY</title><author>Neil Patrick Harris with David Javerbaum</author><contributor>by Neil Patrick Harris with David Javerbaum</contributor><contributor_note></contributor_note><book_image>https://s1.nyt.com/du/books/images/9780385347006.jpg</book_image><book_image_width>128</book_image_width><book_image_height>192</book_image_height><amazon_product_url>http://www.amazon.com/Neil-Patrick-Harris-Choose-Autobiography/dp/0385346999?tag=NYTBS-20</amazon_product_url><age_group></age_group><book_review_link></book_review_link><first_chapter_link></first_chapter_link><sunday_review_link></sunday_review_link><article_chapter_link></article_chapter_link><isbns><isbn><isbn10>0385346999</isbn10><isbn13>9780385346993</isbn13></isbn><isbn><isbn10>0385347006</isbn10><isbn13>9780385347006</isbn13></isbn></isbns><buy_links><buy_link><name>Local Booksellers</name><url>http://www.indiebound.org/book/9780385346993?aff=NYT</url></buy_link><buy_link><name>Barnes and Noble</name><url>http://www.anrdoezrs.net/click-7990613-11819508?url=http%3A%2F%2Fwww.barnesandnoble.com%2Fw%2F%3Fean%3D9780385346993</url></buy_link><buy_link><name>Amazon</name><url>http://www.amazon.com/Neil-Patrick-Harris-Choose-Autobiography/dp/0385346999?tag=NYTBS-20</url></buy_link></buy_links></book></books><corrections/></results></result_set>
