<person>
<firstName>Adrianus</firstName>
<lastName>Opperkamp</lastName>
<dob>1748</dob>
<dod></dod>
<pob>leiden</pob>
<pob-id>1</pob-id>
<pod></pod>
<professional-start>1775</professional-start>
<professional-end></professional-end>
<professions>
<profession>
<term>letterzetter</term>
<profession-id>4</profession-id></profession>
</professions>
<marriage>KO 14-4-1775 Christina Hofman uit Delft, in de Langestraat (getuige zijn vader en haar moeder Alida Passjee); kinderen: PK 4-8-1779 Stephanus Hendrik; HK 15-7-1781 Johannes Adrianus; 2. SH 21-4-1796 Francina Franchimon (getuige zijn broer Hendrik).</marriage>
<address>1775 Langestraat; 1796 Hazewindsteeg.</address>
<street>Hazewindsteeg</street>
<street-id>16</street-id>
<lat>52.1618315</lat>
<lon>4.4895793
</lon>
<misc>NA 2681, nr. 237 (1796) Akte.</misc>
<all>
<l>Opperkamp, Adrianus (* Leiden 1748 [doop Loodskerk 15-4]; w. 1775)</l>
<l>Letterzetter.</l>
<l>Zoon van Hendrik Opperkamp en Magtelt van der Kaaden.</l>
<l>Adres: 1775 Langestraat; 1796 Hazewindsteeg.</l>
<l>Huwelijk: KO 14-4-1775 Christina Hofman uit Delft, in de Langestraat (getuige zijn vader en haar moeder Alida Passjee); kinderen: PK 4-8-1779 Stephanus Hendrik; HK 15-7-1781 Johannes Adrianus; 2. SH 21-4-1796 Francina Franchimon (getuige zijn broer Hendrik).</l>
<l>NA 2681, nr. 237 (1796) Akte.</l>
</all>
</person>