<person>
<firstName>Cornelis Jansz</firstName>
<lastName>Orlers</lastName>
<dob>1569</dob>
<dod></dod>
<pob></pob>
<pod></pod>
<professional-start></professional-start>
<professional-end></professional-end>
<professions>
<profession>
<term>boekdrukker</term>
<profession-id>6</profession-id></profession>
<profession>
<term>drukker</term>
<profession-id>9</profession-id></profession>
</professions>
<literature>Bostoen, Hart voor Leiden, 78-79.</literature>
<misc>RA, Getuigenisboek C, f. 48-r-v Verklaring van Cornelis Meesz van Hout en twee andere getuigen t.b.v. Cornelis Jansz Orlaers, ?bouckdrucker, geboren poorter deser stadt Leyden.?</misc>
<all>
<l>Orlers, Cornelis Jansz (1569-?)</l>
<l>Boekdrukker.</l>
<l>Zoon van Jan Willemsz Orlers, zeemtouwer uit St. Truiden, en Barbara ? (1544-1574; haar man hertrouwt na haar dood in de Zuidelijke Nederlanden).</l>
<l>Hij wordt in 1578 genoemd als verlaten wees. Neef van Jan van Hout. Zie ook zijn broer Jan Jansz Orlers.</l>
<l>RA, Getuigenisboek C, f. 48-r-v Verklaring van Cornelis Meesz van Hout en twee andere getuigen t.b.v. Cornelis Jansz Orlaers, ?bouckdrucker, geboren poorter deser stadt Leyden.?</l>
<l>Lit.: Bostoen, Hart voor Leiden, 78-79.</l>
</all>
</person>