<person>
<firstName>Jan Jansz</firstName>
<lastName>Orlers</lastName>
<dob>10</dob>
<dod></dod>
<pob></pob>
<pod></pod>
<professional-start>1596</professional-start>
<professional-end>1617</professional-end>
<professions>
<profession>
<term>boekverkoper</term>
<profession-id>1</profession-id></profession>
<profession>
<term>verkoper</term>
<profession-id>25</profession-id></profession>
</professions>
<marriage>KO 20-1-1596 Geertruid Andries Cloeting (dochter van de boekverkoper Andries Jansz Cloeting en Maritje Simons, die overigens een zuster was van de echtgenote van de Leidse hoogleraar Ludolph van Ceulen) uit Delft. Zij ? ?huisvrouw van schepen Orlers? ? werd begraven in de PK op 15-12-1629  vanuit de Choorsteeg.</marriage>
<address>1596 ?De Draec? (LJ, 11 (1914), 36); 1597 ?Gulden Laers? (ibid., 38); 1596-1610 St. Pieterskerk(choor)steeg ZZ, ?In den Duytschen bybel?; z.j. Sionsteeg; Nieuwe Sionstraat; Langegracht; Pieterskerkhof; Westdwarsgracht; Vliet; Swietenstraat of Vellesteeg. Neef van Jan van Hout.</address>
<street>Vliet</street>
<street-id>61</street-id>
<lat>52.1549069</lat>
<lon>4.4877165
</lon>
<auction>4-10-1606 Hieronymus Commelin (catalogus gedrukt door Jan Claesz van Dorp) (KBK); 30-10-1609 Johannes Bernardus (catalogus gedrukt door Thomas Basson) (KBK); 20-10-1610 Egbertus Aemilius &amp; Jacobus Kuchlinus (catalogus gedrukt door Van Haestens) (KBK); 22-5-1613 Johannes Fungerus (catalogus gedrukt door Van Haestens) (KBK); 8-3-1617 anon. en collectie muziekboeken uit nalatenschap Cornelis Schuyt (cat. gedrukt door v.d. Marsche) (KBK); 1623 winkelassortiment; vgl. Cataloge vande boeck-winckel van Jan Jansz Orlers (Leiden, 1623). UB Gent, H.717 (4).</auction>
<literature>Prinsen 1905; Pelinck 1941; Blok 111-112; Briels 379; Van Selm 1987, p. 168, n. 4; Van Selm 1988; Simoni 1992; Meeus; Koppenol 1998, 42; Bostoen, Hart voor Leiden, 78-79.</literature>
<misc>Orlers? eigen bibliotheek werd geveild op 3-1-1647 bij Franciscus Hackius: Catalogus van verscheyde raare boucken. Naer-gelaten by den heer Ian Iansz. Orlers zalr. in zyn leven oudt-burgemeester ende wees-meester der stadt Leyden. Welcke by openbare op-veylinge verkoft sullen werden op den 3. ianuarii. ten 8. uuren precijs. Ten huyse van Frans Hackes bouckverkooper inde Choor-steeg. Ghedruckt ten huyse van Frans Hackes. KBK; GAL Bibl. 75501. Op het Leidse ex. is de datum d.m.v. correctie op de pers veranderd in 1647.</misc>
<all>
<l>Orlers, Jan Jansz (* 5-1-1570; ? 10-8-1646; w. 1596-1617)</l>
<l>Boekverkoper.</l>
<l>Zoon van Jan Willemsz Orlers, zeemtouwer uit St. Truiden, en Barbara ? (1544-1574; haar man hertrouwt na haar dood in de Zuidelijke Nederlanden). Hij wordt in 1578 met zijn broer Cornelis Jansz genoemd als verlaten wees.</l>
<l>Adres: 1596 ?De Draec? (LJ, 11 (1914), 36); 1597 ?Gulden Laers? (ibid., 38); 1596-1610 St. Pieterskerk(choor)steeg ZZ, ?In den Duytschen bybel?; z.j. Sionsteeg; Nieuwe Sionstraat; Langegracht; Pieterskerkhof; Westdwarsgracht; Vliet; Swietenstraat of Vellesteeg. Neef van Jan van Hout.</l>
<l>Huwelijk: KO 20-1-1596 Geertruid Andries Cloeting (dochter van de boekverkoper Andries Jansz Cloeting en Maritje Simons, die overigens een zuster was van de echtgenote van de Leidse hoogleraar Ludolph van Ceulen) uit Delft. Zij ? ?huisvrouw van schepen Orlers? ? werd begraven in de PK op 15-12-1629  vanuit de Choorsteeg.</l>
<l>1591-96 L bij Cornelis Claesz te Amsterdam.</l>
<l>J. Prinsen, ?Bronnen ... Jan van Hout III?, p. 179, brief d.d. 19-4-1594 waarin Franciscus sr. en Christoffel Raphelengius hebben aangeboden om hem een leerbetrekking te bezorgen in Parijs of Lyon. Orlers verbleef toen nog in Amsterdam.</l>
<l>MPM, AP 998, Cahier de Francfort Ll, f. 23 (sept. 1604) Leverde voor ?90 9 ?dousains de parchemins de veau? aan Jan Moretus. Zie ook MPM, AP 111, Grootboek ?Libraires ?trangers? F (1594-1600), f. 161; nr. 129 (1610-1618), f. 24.</l>
<l>NA 61, f. 151 (1597) Genoemd in de schuldverklaring van de Litouwse student en edelman Jaroslaus Drucki Sokolinski met een bedrag van N13.11.8.</l>
<l>2-5-1601 Genoemd in de uitdelingslijst van de desolate boedel van de hoogleraar Arabisch Philips Ferdinandus voor een bedrag van ?18.6 ?ter cause van eenige boucken volgende zijn register?. Molhuysen, Bronnen, I, Bijlage 346, p. 405*.</l>
<l>Leverde op 12-5-1604 boeken aan Gisbertus Voetius, toen student aan het Staten College; zie Duker I, p. 50, n. 4, op basis van Oud-Archief Heusden, Stadsrekeningen, inv. nr. E 209, f. 68v (bijlage).</l>
<l>Gerechtsdagboeken: 85, f. 172v (dezelfde?).</l>
<l>Na 1613 wijdde hij zich o.a. aan de geschiedschrijving en was van 1618-41 lid van de Leidse magistraat. 1618 Verhoord en beboet met ?60 wegens contra-remonstrantse agitatie. 1623 Veiling van zijn winkelvoorraad; 3-1-1647 Veiling van zijn bibliotheek. Leverde in 1619-20 couranten aan de Leidse magistraat (Simoni 1992, 95, n. 14).</l>
<l>NA 37, nr. 193 (6-11-1609) Procuratie met Andries Clouck en Jan Maire aan de Keulse drukker en boekverkoper Coenraad Rutgenius (?) om van de karthuizer monnik Joannes Haeckesteyn geld te eisen wegens geleverde boeken. Het betreft ?46.11.10 voor Maire (van ?90.6.8), ?25.9.8 voor Clouck (van ?49.8) en ?28.15.14 van Orlers (van ?55.16.8). De zaak was op 30-9-1609 voor de Academische Vierschaar geweest.</l>
<l>NA 40, nr. 39 (18-3-1612) Mutueel testament.</l>
<l>3049, Weeskamer, qq, f. 12r (23-3-1613) Contract met de weduwe van de rector van de Latijnse school te Franeker Johannes Fungerus voor de veiling van diens bibliotheek. ?Opten 23 martii geaccordeert mette wedue van d Fungerus gewesen rector van Groningen dat ic de Boecken van haer z. man vercopen sal in auctione op dees volgende Conditien: dat ic haer betaelen zal op drie termynen van halff jaeren telcken een derden deel; dat ic hebben zal op yder gulden 1? st.; dat zy de Catalogie tot haer kosten zal laten drucken, behouden dat ic haer 12 gulden te goede komen zal; dat zy de Boecken tot mynen huyse buyten myne kosten sal leveren; dat ic hebben zal voor het binden vande catalogen tot 350 toe van elc ? st. bedragende 8-15-0.? Vgl. Van Selm 1988, 51-52; de veiling vond plaats op 22-5-1613 (catalogus gedrukt door Van Haestens; ex. KBK).</l>
<l>NA 95, nr. 133 (14-6-1614) Transport aan hem door Hendrick Lodewijcksz van Haestens van de koperen platen van de Nassauschen lauren-crans (1e dr. 1610-11) en van de Genealogie van het huis van Nassau en andere platen daartoe behorende, als ook van de privileges op deze werken en andere zaken (in feite dus het kopijrecht) voor een obligatie van ?125. Getuigen prof. Swanenburch en Joost van Colster.</l>
<l>Dingboek LL, f. 69v (10-6-1616) Schilperoort, gemachtigde van Pieter Buys, contra Jan Jansz. Orlers, gedaagde. Orlers moet ervoor zorgen dat zijn hoenderen niet op de gemene plaats en gang lopen van hun beider huizen en verder moet Orlers de schade en rente betalen die door de vrijheid van de hoenderen ontstaan is.</l>
<l>1618 Samen met zijn neef Orlers behorend tot de leiders van een protestbeweging om Thonis Jansz van Walwyck uit de gevangenis te krijgen.</l>
<l>RA 4, Correctieboek K, f. 88v (4-4-1618) Veroordeling met zijdelakenverkoper Daniel de Burchgrave, kammaker Cornelis Symonsz, korenkoper Jan Willems ..., vleeshouwer Dirck van Coolhoven en Joost van Colster wegens agitatie tot ?60. Zie ook RA, Vonnisboek (17-4-1618).</l>
<l>NA 136, nr. 99 (24-8-1620) Akte over een geschil tussen Hans Casimr du Jon, luitenant kapitein van een vendel voetknechten, garnizoen houdende te Emden en Wijburch Cornelis, weduwe van Louis Elsevier te Den Haag, bijgestaan door haar zwagers en voogden Matthijs en Bonaventura Elsevier, over de koop van een partij boeken, getiteld ?Wederlegginge van de weechschael?, waarvan Du Jon de auteur is [=  H.C. Du Jon, Wederlegginge van de Weegschael onlangs uytgegeven tegens d?oratie des ed. heere Dudley Carletons (z.pl. en uitg., 1618), 4?]. De zaak wordt in handen gelegd van Jan Jansz Orlers, schepen, en Jan de Laet als arbiters. Hun (toegevoegd is burgemeester Geraert Lennaerts)  oordeel is bijgevoegd. Wijburch moet aan Du Jon voor de 603 exx. die zij heeft gekocht een bedrag betalen ter waarde van 560 boeken, tegen 12 st., is ?336, plus ?75 ?by de voors. Lowijs Elsevier over de dedicatie vand?selve boucken aen de Heeren Staten Generael ontfangen?, is totaal ?411. Bonaventura Elsevier staat borg. De uitspraak wordt bekrachtigd door alle partijen op 25-8-1620.</l>
<l>Burgemeesters en Gerechtsdagboek van Publieke Saken A, f. 9v (25-2-1621) Volgens een plakkaat van de Staten van Holland van 6-1-1621 is aan de boekdrukkers verboden boeken te drukken en uit te geven zonder authorisatie. In navolging van dit plakkaat zal Jan Jansz Orlers de Nederlandse boeken onderzoeken en eventueel goedkeuring verlenen om ze in druk uit te geven. Wat betreft de Franse en Latijnse boeken, deze zullen door een van de hoogleraren van de universiteit of door iemand anders worden gekeurd.</l>
<l>NA 140, nr. 19 (15-7-1622) Akkoord met Marcus Manuchet over een huis, aangrenzend aan dat van Orlers aan de ZZ van de Pieterskerkchoorsteeg.</l>
<l>NA 140, nr. 20 (25-7-1622) Akkoord met Marcus Manuchet over hun huizen in de Pieterskerkchoorsteeg.</l>
<l>NA 292, nr. 46 [scans 171-172] (22-3-1623) Transport aan de Amsterdamse boekverkoper Jan Jansz van alle platen behorende tot de ?Nassauschen Laurencrans mitsgaders van de Genealogie vant huys van Nassau en andere plaeten daer toe dienende, daertoe de privilegien ende alle andere dingen en behouften tot de bevorderinge van?t voors. werc gehorende, Item hondert en tachtig exemplaren der gemelde Genealogie in Latijn. Dan noch zeven vande selve in fransch, item vierendertich laurencransen in hoochduijts ende ten laetsten tweehondert veertien exemplaren vande zelve int Nederduijts, alle sonder de grote figuren. In vougen dat de gemelde Jan Jansz met alle de voorgemelde getransporteerde goederen sal mogen doen en leven na sijn eijgen wille, ende voortaen alleen sal genieten t?effect vande gemelde privilegien. Belovende hy comparant daerbeneffens dat hij de gemelde platen ofte boucken int geheel noch deels  nimmermeer sal nadrucken, maken, snyden off doen snyden, drucken off doen drucken in eeniger maniere.? Hij ontvangt hiervoor van Jan Jansz ?880 (borg Jan Evertsz Cloppenburch). In 1624 verscheen bij Johannes Janssonius inderdaad een tweede druk van La genealogie des illustres comtes de Nassau ? en Warhafftige Beschreibung, und eygentliche Abbildung aller zuge und Victorien ? die Gott ? den hochmogenden Herrn Staten, der Vereinigten Niederlandischen Provintzen gegeben hat ? (STCN).</l>
<l>NA 147, nr. 64 (6-2-1625) Uitgebreid mutueel testament. Diverse legaten, o.a. aan zijn neef Joost van Colster. Genoemd als schepen.</l>
<l>Walle 2006 (27-9-1627) Buurtheer van West-Kerstenrijk (Pieterskerkchoorsteeg).</l>
<l>NA 331, nr. 91 [scan 156-157] (25-10-1628) Akkoord met Garbrand en Jacob Knotter over een schutting tussen hun tuinen buiten de Koepoort in Zoeterwoude.</l>
<l>NA 319, nr. 125 (27-12-1633) Vader van een buitenechtelijk kind?</l>
<l>NA 578, nr. 63 (29-7-1635) Genoemd als oud-burgemeester.</l>
<l>Veilingen: 4-10-1606 Hieronymus Commelin (catalogus gedrukt door Jan Claesz van Dorp) (KBK); 30-10-1609 Johannes Bernardus (catalogus gedrukt door Thomas Basson) (KBK); 20-10-1610 Egbertus Aemilius &amp; Jacobus Kuchlinus (catalogus gedrukt door Van Haestens) (KBK); 22-5-1613 Johannes Fungerus (catalogus gedrukt door Van Haestens) (KBK); 8-3-1617 anon. en collectie muziekboeken uit nalatenschap Cornelis Schuyt (cat. gedrukt door v.d. Marsche) (KBK); 1623 winkelassortiment; vgl. Cataloge vande boeck-winckel van Jan Jansz Orlers (Leiden, 1623). UB Gent, H.717 (4).</l>
<l>Orlers? eigen bibliotheek werd geveild op 3-1-1647 bij Franciscus Hackius: Catalogus van verscheyde raare boucken. Naer-gelaten by den heer Ian Iansz. Orlers zalr. in zyn leven oudt-burgemeester ende wees-meester der stadt Leyden. Welcke by openbare op-veylinge verkoft sullen werden op den 3. ianuarii. ten 8. uuren precijs. Ten huyse van Frans Hackes bouckverkooper inde Choor-steeg. Ghedruckt ten huyse van Frans Hackes. KBK; GAL Bibl. 75501. Op het Leidse ex. is de datum d.m.v. correctie op de pers veranderd in 1647.</l>
<l>Lit.: Prinsen 1905; Pelinck 1941; Blok 111-112; Briels 379; Van Selm 1987, p. 168, n. 4; Van Selm 1988; Simoni 1992; Meeus; Koppenol 1998, 42; Bostoen, Hart voor Leiden, 78-79.</l>
</all>
</person>