<person>
<firstName>Thomas van</firstName>
<lastName>Ossenberg</lastName>
<dob>1755</dob>
<dod></dod>
<pob>? voor </pob>
<pob-id>87</pob-id>
<pod></pod>
<professional-start>1740</professional-start>
<professional-end></professional-end>
<professions>
<profession>
<term>letterzetter</term>
<profession-id>4</profession-id></profession>
</professions>
<marriage>SH 2/17-12-1740 Jannetje Fleur, weduwe van Jan Halberdijn, van wie zij een kind had, op het kerkplein op de hoek van de Langestraat (getuige zijn zwager Daniel van Polanen en haar vader Pieter Fleur en nicht Marijtje Darie). Zij hertrouwt in 1755 met Sybrand Korpershoek. Kinderen: doop RK Kuipersteeg 29-9-1745 Pieter.</marriage>
<address>1740 Breestraat.</address>
<street>Breestraat</street>
<street-id>5</street-id>
<lat>52.1576037</lat>
<lon>4.4910914
</lon>
<misc>NA 2038, nr. 110 (1749) Akte.</misc>
<all>
<l>Ossenberg, Thomas van (* Den Haag; ? voor 1755; w. 1740)</l>
<l>Letterzetter.</l>
<l>Katholiek.</l>
<l>Adres: 1740 Breestraat.</l>
<l>Huwelijk: SH 2/17-12-1740 Jannetje Fleur, weduwe van Jan Halberdijn, van wie zij een kind had, op het kerkplein op de hoek van de Langestraat (getuige zijn zwager Daniel van Polanen en haar vader Pieter Fleur en nicht Marijtje Darie). Zij hertrouwt in 1755 met Sybrand Korpershoek. Kinderen: doop RK Kuipersteeg 29-9-1745 Pieter.</l>
<l>NA 1886, nr. 21 (1741) Akte.</l>
<l>NA 2038, nr. 110 (1749) Akte.</l>
</all>
</person>