<person>
<firstName>Arnoldus van</firstName>
<lastName>Ostaa</lastName>
<dob></dob>
<dod></dod>
<pob></pob>
<pod></pod>
<professional-start>1789</professional-start>
<professional-end>1792</professional-end>
<professions>
<profession>
<term>speelkaartverkoper</term>
<profession-id>3</profession-id></profession>
<profession>
<term>verkoper</term>
<profession-id>25</profession-id></profession>
<profession>
<term>kaartverkoper</term>
<profession-id>66</profession-id></profession>
</professions>
<guild>Contribuant (AB 83c, ff. 96, 102).</guild>
<misc>NA 2243, nr. 84 (1805) Akte.</misc>
<all>
<l>Ostaa, Arnoldus van (w. 1789-92)</l>
<l>Speelkaartverkoper.</l>
<l>Gilde: Contribuant (AB 83c, ff. 96, 102).</l>
<l>NA 2228, nr. 109 (1790) Testament.</l>
<l>NA 2243, nr. 84 (1805) Akte.</l>
</all>
</person>