<person>
<firstName>Pieter de</firstName>
<lastName>Oude</lastName>
<dob>1614</dob>
<dod></dod>
<pob>den bosch</pob>
<pob-id>70</pob-id>
<pod></pod>
<professional-start>1649</professional-start>
<professional-end></professional-end>
<professions>
<profession>
<term>corrector</term>
<profession-id>19</profession-id></profession>
</professions>
<literature>Willems p. cxii.</literature>
<misc>Album studiosorum 23-2-1649 ?Petrus de Oude Silva-Ducensis, Correct. Typographiae Academicae. 35.?</misc>
<all>
<l>Oude, Pieter de (* Den Bosch c. 1614; w. 1649)</l>
<l>Corrector bij de Elzeviers.</l>
<l>Album studiosorum 23-2-1649 ?Petrus de Oude Silva-Ducensis, Correct. Typographiae Academicae. 35.?</l>
<l>Lit.: Willems p. cxii.</l>
</all>
</person>