<person>
<firstName>Ditmer van</firstName>
<lastName>Outstede</lastName>
<dob></dob>
<dod></dod>
<pob></pob>
<pod></pod>
<professional-start>1645</professional-start>
<professional-end></professional-end>
<professions>
<profession>
<term>boekdrukker</term>
<profession-id>6</profession-id></profession>
<profession>
<term>drukker</term>
<profession-id>9</profession-id></profession>
</professions>
<address>Middelweg. Getuige bij het huwelijk van boekdrukker Hans Schopp* en Vroutje Barents.</address>
<street>Middelweg</street>
<street-id>35</street-id>
<lat>52.1581081</lat>
<lon>4.4948943
</lon>
<misc>Vgl. een Ditmer van Desten, in 1658 getuige bij de Lutherse doop van Heinrich Lange.</misc>
<all>
<l>Outstede, Ditmer van (w. 1645)</l>
<l>Boekdrukker.</l>
<l>Adres: Middelweg. Getuige bij het huwelijk van boekdrukker Hans Schopp* en Vroutje Barents.</l>
<l>Vgl. een Ditmer van Desten, in 1658 getuige bij de Lutherse doop van Heinrich Lange.</l>
</all>
</person>