<person>
<firstName>Huybert van</firstName>
<lastName>Outhuysen</lastName>
<dob></dob>
<dod></dod>
<pob>monfoort</pob>
<pob-id>71</pob-id>
<pod></pod>
<professional-start>1689</professional-start>
<professional-end></professional-end>
<professions>
<profession>
<term>verkoper</term>
<profession-id>25</profession-id></profession>
<profession>
<term>kunstverkoper</term>
<profession-id>47</profession-id></profession>
</professions>
<marriage>KO 1-4-1689 Margrieta de Bie (getuige zijn bekende Jan Cosseer). Als zijn beroep wordt opgegeven zilversmid.</marriage>
<address>1689 Rapenburg.</address>
<street>Rapenburg</street>
<street-id>50</street-id>
<lat>52.155884</lat>
<lon>4.4876151
</lon>
<guild>25-6-1689 Vrijmeester op request aan het gerecht (apostille 23-6-1689) (AB 83a, f. 117v).</guild>
<misc>unknown</misc>
<all>
<l>Outhuysen, Huybert van (* Monfoort; w. 1689)</l>
<l>Prent-, kaart- en tekenkunstverkoper.</l>
<l>Adres: 1689 Rapenburg.</l>
<l>Huwelijk: KO 1-4-1689 Margrieta de Bie (getuige zijn bekende Jan Cosseer). Als zijn beroep wordt opgegeven zilversmid.</l>
<l>Gilde: 25-6-1689 Vrijmeester op request aan het gerecht (apostille 23-6-1689) (AB 83a, f. 117v).</l>
</all>
</person>