<person>
<firstName>Jan Jansz</firstName>
<lastName>Ouwenbroek</lastName>
<dob>1724</dob>
<dod></dod>
<pob>leiden</pob>
<pob-id>1</pob-id>
<pod></pod>
<professional-start>1750</professional-start>
<professional-end></professional-end>
<professions>
<profession>
<term>boekverkoper</term>
<profession-id>1</profession-id></profession>
<profession>
<term>verkoper</term>
<profession-id>25</profession-id></profession>
</professions>
<marriage>Anna Maria Swartz; kinderen: doop HK 4-8-1748 Maria.</marriage>
<guild>1-5-1739 L bij Philips Bonck voor 4 jaar. 2-11-1750 Vrijmeester (AB 83a, f. 23v).</guild>
<misc>NA 2048, nr. 179 (1759) Akte. Dezelfde?</misc>
<all>
<l>Ouwenbroek, Jan Jansz (* Leiden 1724 [doop PK 17-3]; w. 1750)</l>
<l>Boekverkoper.</l>
<l>Zoon van Karel Ouwenbroek en Marijtje Priester.</l>
<l>Huwelijk: Anna Maria Swartz; kinderen: doop HK 4-8-1748 Maria.</l>
<l>Gilde: 1-5-1739 L bij Philips Bonck voor 4 jaar. 2-11-1750 Vrijmeester (AB 83a, f. 23v).</l>
<l>Personeel: 5-7-1756 Cornelis van Hoogeveen* voor 2 jaar (van Carel de Pecker); 5-2-1760 Arnout Voute L; 7-3-1763 Jan Drijk L; 5-9-1763 Thomas Koet* (van Cornelis van Hoogeveen); 2-12-1765 Isaak Obijn (van Crijn Visser) (AB 83c, f. 71).</l>
<l>NA 1741, nr. 106 (1721) Voogdij. Dezelfde?</l>
<l>NA 2048, nr. 179 (1759) Akte. Dezelfde?</l>
</all>
</person>