<person>
<firstName>Pieter van</firstName>
<lastName>Overlandt</lastName>
<dob></dob>
<dod></dod>
<pob></pob>
<pod></pod>
<professional-start>1674</professional-start>
<professional-end></professional-end>
<professions>
<profession>
<term>boekverkoper</term>
<profession-id>1</profession-id></profession>
<profession>
<term>verkoper</term>
<profession-id>25</profession-id></profession>
</professions>
<marriage>Catharina Jans; kinderen: doop RK Zoeterwoude 6-8-1694 Pieternellitje.</marriage>
<address>1685 Pieterskerkchoorsteeg/Dwarssteeg. Boekboek Over ?t Hof inv. nr. 6613, f. 353v (gekocht van Pieter Hackius en zijn vrouw Catharina van Ravesteyn voor fl. 1000 gereed geld; op 18-2-1688 verkocht aan Pieter van der Aa).</address>
<street>Choorsteeg</street>
<street-id>7</street-id>
<lat>52.1579938</lat>
<lon>4.4888337
</lon>
<guild>30-5-1674 Vrijmeester (AB 83a, f. 105v).</guild>
<misc>P</misc>
<all>
<l>Overlandt, Pieter van (w. 1674)</l>
<l>Boekverkoper.</l>
<l>Katholiek.</l>
<l>Adres: 1685 Pieterskerkchoorsteeg/Dwarssteeg. Boekboek Over ?t Hof inv. nr. 6613, f. 353v (gekocht van Pieter Hackius en zijn vrouw Catharina van Ravesteyn voor fl. 1000 gereed geld; op 18-2-1688 verkocht aan Pieter van der Aa).</l>
<l>Huwelijk: Catharina Jans; kinderen: doop RK Zoeterwoude 6-8-1694 Pieternellitje.</l>
<l>Gilde: 30-5-1674 Vrijmeester (AB 83a, f. 105v).</l>
<l>NA 1008B, nr. 5 (21-11-1675) Obligatie van ?2000 aan de arts dr. Petrus van der Velde i.v.m. een lening.</l>
<l>NA 1289, nr. 5 (6-2-1688) Akte n.a.v. een veiling.</l>
<l>P</l>
</all>
</person>