<person>
<firstName>Pauwel Adriaensz I</firstName>
<lastName>Beyman</lastName>
<dob>1622</dob>
<dod></dod>
<pob>delft</pob>
<pob-id>8</pob-id>
<pod></pod>
<professional-start>1585</professional-start>
<professional-end></professional-end>
<professions>
<profession>
<term>boekverkoper</term>
<profession-id>1</profession-id></profession>
<profession>
<term>verkoper</term>
<profession-id>25</profession-id></profession>
</professions>
<marriage>1576 Grietje Allerts de Haes (Hase).</marriage>
<address>Nieuwe Rijn, In den Bijbel (bij Simon Pauwelsz); 1608-1622 Pieterskerkhof/Rapenburg 50 (al in 1585 in zijn bezit).</address>
<street>Rapenburg</street>
<street-id>50</street-id>
<lat>52.155884</lat>
<lon>4.4876151
</lon>
<literature>Ledeboer; Prinsen 1910, 137-150; Van den Oord 1989; G.R.W. Dibbets, Nederduitse orthographie van Pontus de Heuiter (1581) (Assen, 1968), 41; Het Rapenburg V, 604-605, 613-614.</literature>
<misc>Een ver familielid van Pauwel Adriaensz met dezelfde naam (zoon van de Alkmaarse stadsarts Adriaen Beyman, zelf boekverkoper en rector van de Latijnse school te Enkhuizen) had het pand Rapenburg 50 na 1644 tot 1663 in bezit.</misc>
<all>
<l>Beyman, Pauwel Adriaensz I (* Delft   Leiden 1622; w. 1585)</l>
<l>Boekverkoper.</l>
<l>Adres: Nieuwe Rijn, In den Bijbel (bij Simon Pauwelsz); 1608-1622 Pieterskerkhof/Rapenburg 50 (al in 1585 in zijn bezit).</l>
<l>Huwelijk: 1576 Grietje Allerts de Haes (Hase).</l>
<l>1578 Lid schutterij.</l>
<l>Betrok o.m. boeken van Plantijn.</l>
<l>NA 13, nr. 15 (16-1-1585) Verklaring over ruzie n.a.v. beschuldiging dat Grietje Allerts voor haar huwelijk met Beyman al een kind gehad zou hebben.</l>
<l>NA 13, nr 122 (17-5-1585) Verklaring op zijn verzoek in de hoedanigheid van voogd van de weeskinderen van mr. Hendrick Pouwels. Het betreft de prisering van laken.</l>
<l>NA 13, nr. 217 (18-8-1585) Procuratie aan Julius Seraets (?) te Leiden om van Joffrouwe van Persinge te Bommel (?) 29.10 te ontvangen voor aan haar zoon Hector van Apeltaeren geleverde boeken.</l>
<l>NA 17, nr. 122 (1588) Genoemd als schoonzoon en erfgenaam in de boedelbeschrijving van de overleden burgemeester Jacob Allertsz de Hase. Hij erft van hem een tresoor.</l>
<l>NA 17, nr. 173 (10-7-1588) Verklaring dat Martijn Nuyts (= Martinus Nutius) vanuit Antwerpen een baal met boeken naar hem gezonden heeft, die echter te Middelburg zijn geconfisqueert door de Zeeuwse admiraliteit. Als gevolg daarvan was bovendien een deel verbrand en verrot. Nutius had hem nu aangeraden compensatie van de admiraliteit te verlangen.</l>
<l>NA 18, nr. 4 (9-1-1589) Conflict n.a.v. een te Middelburg met Bonaventura Vulcanius gesloten weddenschap over de invoering van de psalmvertaling van Marnix van St. Aldegonde.</l>
<l>NA 18, nr. 14 (14-1-1589) Bonaventura Vulcanius professor zegt ende geeft voor antwoorde opte insinuatie op maendach lestleden aen hem gedaen van wegen Pauwels Adriaensz, dat wel mach zyn dat hy tanderen tyden, nu meer als twee jaeren geleden, wesende tot Middelburg, eenige propoosten gehadt heeft met de voorn. Pauwels nopende coop ende vercoopinge huic inde [?] van zekere boecken, daer van zyluyden comende tot  Leyden, met melcanderen te weder syden breeder souden handelen, ende alsdan voorder doen, dat daer toe te doen soude staen. Maer en is daer naer niet meer gevolcht, noch eenige leveringe vande boven gementioneerde boecken ten weder syden geschiet, ymmers is tusschen henluyden tot Leyden gecomen zynde, eenich geschil geweest opte woorden ofte conditien tot Middelburg gevallen, daer inne hy Vulcanius ende Pauwels voorn. melcanderen niet en hebben comen verstaen. Mits [?] welck de contracten by hem Pauwels gepretendeert gebleven zyn onvolmaeckt ende niet voltogen. So dat de voors. Vulcanius geenssins en verstaet dat hy der halven eenichssins in hem Pauwels voorn., noch oock de selve Pauwels in hem Vulcanio ter cause van dien gehouden mach zyn.</l>
<l>NA 18, f. 15 (14-1-1589) Verklaring als pedel van de universiteit, oud ca. 40 jaar t.b.v. Pauwels Adriaensz, boekverkoper, dat hij omtrent twee jaar geleden is geweest bij Bonaventura Vulcanius. Hij had daartoe eerst verlof gevraagd van de rector. Hij had Vulcanius geinsinueert dat Adriaensz bereid was aan Vulcanius te leveren en weder te ontvangen zoedanige boucken als den requirant binnen Middelburg aen de vsz. Vulcanius vercoft, ende hy weder van zelven Vulcanius gecoft hadde, welcke insinuatie by de vsz. Vulcanius gehoort zynde, heeft hy deposant geen goet antwoort van zelve Vulcanius ontfangen. Ende hy tuychde wyders nyet presenterende in cas van recolemente alle tzelzve by zyn eede solempnelicken te affirmeren.</l>
<l>NA 18, nr. 37 (8-2-1589) Procuratie aan Cornelis Luc[] om hem te vertegenwoordigen voor het Hof van Holland.</l>
<l>NA 18, nr. 61 (13-3-1589) Procuratie met Mees Allertsz de Haze (familie van zijn vrouw) als voogden van Jacob de Haze.</l>
<l>NA 20, nr. 98 (3-5-1591) Conflict over het gebruik van een tuin in Zoeterwoude.</l>
<l>NA 25, nr. 28 (2-3-1599) Borgstelling ten behoeve van Thomas Cornelisz, dienaer mitten swaerde te Haarlem, die door het Hof van Holland was veroordeeld tot het betalen van 300 aan Dirck Pietersz en Jan Bouwens te Leiden. Pouwel woont in Leiderdorp. Dezelfde?</l>
<l>NA 63, f. 100v (9-5-1599) Verklaring t.b.v. Pouwels Adriaensz, eertyts backer. Dezelfde?</l>
<l>NA 63, f. 103v (14-5-1599) Verklaring t.b.v. Pouwels Adriaensz, eertyts backer. Dezelfde?</l>
<l>NA 30, nr. 150 (1-8-1602) Verklaring met zijn zwager, de kistemaker Claes Bruynensz als a.s. bruidegom.</l>
<l>Een ver familielid van Pauwel Adriaensz met dezelfde naam (zoon van de Alkmaarse stadsarts Adriaen Beyman, zelf boekverkoper en rector van de Latijnse school te Enkhuizen) had het pand Rapenburg 50 na 1644 tot 1663 in bezit.</l>
<l>Lit.: Ledeboer; Prinsen 1910, 137-150; Van den Oord 1989; G.R.W. Dibbets, Nederduitse orthographie van Pontus de Heuiter (1581) (Assen, 1968), 41; Het Rapenburg V, 604-605, 613-614.</l>
</all>
</person>