<person>
<firstName>Jacob</firstName>
<lastName>Paedts</lastName>
<dob></dob>
<dod></dod>
<pob></pob>
<pod></pod>
<professional-start></professional-start>
<professional-end></professional-end>
<professions>
<profession>
<term>boekverkoper</term>
<profession-id>1</profession-id></profession>
<profession>
<term>verkoper</term>
<profession-id>25</profession-id></profession>
</professions>
<misc>Getuigenisboeken: I, f. 292v (boekverkoper Amsterdam).</misc>
<all>
<l>Paedts, Jacob (w. Amsterdam)</l>
<l>Boekverkoper.</l>
<l>Getuigenisboeken: I, f. 292v (boekverkoper Amsterdam).</l>
</all>
</person>