<person>
<firstName>Jacob Jansz</firstName>
<lastName>Paedts</lastName>
<dob>1629</dob>
<dod></dod>
<pob>? voor </pob>
<pob-id>1</pob-id>
<pod></pod>
<professional-start>1612</professional-start>
<professional-end>1614</professional-end>
<professions>
<profession>
<term>boekdrukker</term>
<profession-id>6</profession-id></profession>
<profession>
<term>drukker</term>
<profession-id>9</profession-id></profession>
</professions>
<marriage>KO 23-8-1613 Catharina Willems Grossiers (getuige zijn vader Jan en haar schoonmoeder Neeltje Claes van Dorp). Zij hertrouwde op 11-10-1629 met de koopman Daniel van der Brugge en woonde op dat moment in Leiderdorp.</marriage>
<address>1614 Zonneveldsteeg. Remonstrants?</address>
<misc>NA 373, nr. 29 (17-6-1629) Verklaring couroyer Fran?ois Diederick en Catharina Grossiers n.a.v. tenietdoening van een contract d.d. 1-8-1628 voor notaris Van Sandwech (NA 352?) t.b.v. een nieuw contract van wolnegotie. Hij brengt ?200 in, zij ?1000.</misc>
<all>
<l>Paedts, Jacob Jansz (* Leiden ? 1585?; ? voor 1629; w. 1612-14)</l>
<l>Boekdrukker.</l>
<l>Zoon van Jan Jacobsz Paedts en Annetje van Banchem.</l>
<l>Adres: 1614 Zonneveldsteeg. Remonstrants?</l>
<l>Huwelijk: KO 23-8-1613 Catharina Willems Grossiers (getuige zijn vader Jan en haar schoonmoeder Neeltje Claes van Dorp). Zij hertrouwde op 11-10-1629 met de koopman Daniel van der Brugge en woonde op dat moment in Leiderdorp.</l>
<l>Album Studiosorum: 12-4-1600 Jacobus Paets, 15. L. Dezelfde?</l>
<l>NA 125, nr. 17 (8-2-1614) Mutueel testament met Catharina Grossiers.</l>
<l>Dingboek LL, f. 97r (8-7-1616) Abraham van Altena, gemachtigde van Jan Fudrigem (?), herbergier, eiser, contra Jacob Paedts, boekdrukker, gedaagde, om betalinge van ?5.16 volgens het register van de eiser.</l>
<l>NA 135, nr. 140 (26-4-1620) Verklaring Laurens Huygensz Gael en Dirck Gerritsz van Hogeveen, oud-burgemeesters van Leiden, en van Dammas van Codden, kapitein van de afgedankte waardgelders op verzoek van Jan Jacobsz Paedts, dat Jacob Jansz Paedts eerlijk en trouw heeft gediend onder Van der Codden als kapitein. Getuige o.a. Casp. Barlaeus.</l>
<l>NA 140, nr. 18 (2-7-1622) Verklaring schoenmaker Joost Aerntsz en Sacharias Jansz, letterzetter, oud ca. 22 jaar t.v.v. Annetje van Banchem, weduwe Jan Jacobsz Paedts, over het onverantwoordelijke gedrag van haar zoon Jacob Jansz tot groot verdriet van zijn familie en vrienden.</l>
<l>NA 140, nr. 30 (2-7-1622) Procuratie Annetje van Banchem aan haar neef Jan van Banchem, griffier van Leiden, en Gijsbrecht Willemsz die Milde ten overstaan van Catharina Grossiers, huisvrouw van Jacob Jansz Paedts, aangaande het onderhouden van hem in het tuchthuis van Utrecht (Annetje kan haar handtekening niet zetten).</l>
<l>NA 373, nr. 7 (1-2-1629) Compromis tussen Catharina Grossiers als enig erfgenaam van haar man, geassisteerd door de wijnkoper Arend Dircx Cortenbosch, en Johannes Arnoldus Corvinus als voogd van Anna Paedts Jans als erfgenaam van Jan Paedts Jacobsz en Anna van Banchem vlgs. besloten testament d.d. 25-4-1619.</l>
<l>NA 373, nr. 29 (17-6-1629) Verklaring couroyer Fran?ois Diederick en Catharina Grossiers n.a.v. tenietdoening van een contract d.d. 1-8-1628 voor notaris Van Sandwech (NA 352?) t.b.v. een nieuw contract van wolnegotie. Hij brengt ?200 in, zij ?1000.</l>
</all>
</person>