<person>
<firstName>Jan Jacobsz</firstName>
<lastName>Paedts</lastName>
<dob>1626</dob>
<dod></dod>
<pob>zijn weduwe ca. </pob>
<pob-id>1</pob-id>
<pod></pod>
<professional-start>1564</professional-start>
<professional-end>1622</professional-end>
<professions>
<profession>
<term>boekverkoper</term>
<profession-id>1</profession-id></profession>
<profession>
<term>boekdrukker</term>
<profession-id>6</profession-id></profession>
<profession>
<term>drukker</term>
<profession-id>9</profession-id></profession>
<profession>
<term>verkoper</term>
<profession-id>25</profession-id></profession>
<profession>
<term>boekbinder</term>
<profession-id>43</profession-id></profession>
</professions>
<marriage>1. ca. 1566 Jannetje Dirck Goelen?; 2. KO 24-3-1576 Agatha (Aechje) Dircx (met consent van zijn moeder en haar vader); 3. KO 8-8-1579 Anna Jans van Banchem.</marriage>
<address>1579-1623 Breestraat, ?op den hoeck van de Blauwe Steen?, 1579-82 ?In den gulden paet?; 1595 ?In den vergulden engel?. Remonstrants.</address>
<street>Breestraat</street>
<street-id>5</street-id>
<lat>52.1576037</lat>
<lon>4.4910914
</lon>
<literature>Kolff 1966; Willems 422; Briels 380-384; MA Scriptie Nooteboom 2009.</literature>
<misc>NA 109a, nr. 35 (3-6-1632) Akte waarin zijn erven met een huis aan de Breestraat/hoek Koornbrugsteeg worden genoemd.</misc>
<all>
<l>Paedts, Jan Jacobsz (* Leiden ? 1541; ? 1622; w. 1564-1622; zijn weduwe ca. 1626)</l>
<l>Boekbinder, boekdrukker en boekverkoper.</l>
<l>Adres: 1579-1623 Breestraat, ?op den hoeck van de Blauwe Steen?, 1579-82 ?In den gulden paet?; 1595 ?In den vergulden engel?. Remonstrants.</l>
<l>Bonboeken: 501A Eerste register, Wanthuis en Wolhuis, ff. 26v, 66v, 67; Tweede Register, Zevenhuizen, f. 95v; Derde Register, Noord Rapenburg, f. 125; Vijfde Register, Burgstreng en Kerkvierendeel, f. 65.</l>
<l>Huwelijk: 1. ca. 1566 Jannetje Dirck Goelen?; 2. KO 24-3-1576 Agatha (Aechje) Dircx (met consent van zijn moeder en haar vader); 3. KO 8-8-1579 Anna Jans van Banchem.</l>
<l>In 1564 vermeld als ketter.</l>
<l>Personeel: 1596 Jasper Tournay (zie aldaar).</l>
<l>RAL 501, nr. 759, regest nr. 2006 (1566) Huurcontract van het huis naast het Raadhuis aan de Breestraat, door de stad verhuurd aan Jan Jacobsz, alias Paets, boekverkoper, onder beding, dat deze er de vierschaar van Rijnland in moet dulden. Zie ook: Regest(en) 2006 De burgemeesters van Leyden en Jan Jacobsz, alias Paets, boekverkoper, sluiten een huurcontract waarbij zij aan Paets het huis naast het Raadhuis verhuren voor zeven jaar tegen 18 carolusgulden per jaar, onder beding dat Paets zal dulden dat hierin de vierschaar van Rijnlant gehouden wordt.</l>
<l>Crimineel Vonnissenboek 263, 3+1, f. 263 (8-10-1567) Veroordeeld wegens ketterij tot ophanging subs. levenslange verbanning uit de Nederlanden en confiscatie.</l>
<l>In 1567 gevlucht na beschuldigingen van ketterij, in 1572 terug in Leiden. 1586 drukker van Leicester; 1596 drukker van theses voor de Academie; 1602-19 academiedrukker (als opvolger van Christoffel van Raphelingen).</l>
<l>Getuige bij het poorterschap van: Hubrecht Gerytsz (17-5-1577); Lucas Abelmont (5-5-1587); Pieter Alexandersz Lauwijck (28-5-1599); Maerten van den Vijver* (E, f. 153, nr. 8499, 8-10-1599 met Pieter Lauwijck).</l>
<l>Getuigenisboeken: C, f. 183 (boekbinder); F, f. 85v (drukker, 54 jaar); G, f. 248 (boekverkoper); H, f. 321 (boekverkoper); I, f. 357 (boekverkoper); K, f. 134 (drukker).</l>
<l>NA 6, nr. 270 (31-8-1577) Procuratie, mede uit naam van zijn vrouw Agatha Dircx, erfgename van haar vader Dirck Willemsz, coman, aan Cornelis van Dam om hem te vertegenwoordigen voor het Hof van Holland.</l>
<l>SA 7446, Tresoriersrekening, f. 211v (1577) betaling van ?6 ?uyt zaecke dat hij deur bevel van Burgemeesteren omtrent acht of thien dagen gevacheert heeft omme [?] de Vlaminghen alhier uyt Engelandt comende van huysinghe verzien te hebben?.</l>
<l>In 1579-81 div. malen getuuige bij akten Jan van Hout.</l>
<l>NA 68, nr. 243 [scan nr. 300 e.v.] (7-12-1587) Akte. Door waterschade onleesbaar.</l>
<l>Arch. Plant. nr. 19, Grand livre sign? C (1572-1589): f. 133 (28-4-1580) Levering van papier door Plantijn voor ?400. Ook nog leverantie in augustus, in totaal ?1536.5; betalingen in augustus via anderen: ? Gillis Landock, Jerosme Crymanis, Jan Ficknoirt, Plesmanis de Lure, Geldijn Beeck. Plantijn leverde papier aan Paedts, die in termijnen, via anderen, betaalde.</l>
<l>Poorterboek E, 1266, f. 103, nr. 8064 (6-6-1594) Samen met de letterzetter Cornelis Symonsz borg bij het poorterschap van Jasper Tournay.</l>
<l>Album studiosorum 18-2-1595 ?Joannes Paetz Leidensis, Bibliopola sub intersigni Angeli aurei, annorum 53?.</l>
<l>10-8-1595 Geschenk aan de Universiteitsbibliotheek van Paulus Montanus, Tractatus de iure tutelarum et curationum. Vgl. Nomenclator, f. O1.</l>
<l>NA 59, f. 215v (10-9-1595) Borg bij verklaring Thomas I de Vechter over diens moederlijk erfdeel. Zie aldaar.</l>
<l>10-2-1596 Krijgt toestemming om theses te drukken (Van Dorsten 113-114).</l>
<l>NA 68, nr. 177 (21-6-1599) Verklaring boekbinder Pieter Lauwijck (zie boven) op zijn verzoek; Lauwijck had ca. drie maanden geleden van Pieter van Dijck gehoord dat hij zoveel kaarten van Paedts zou afnemen als hij boeken van Willem Binck, predikant te Katwijk, had.(?).</l>
<l>NA 68, nr. 139 (7-12-1599) Procuratie aan een zekere IJsbrandt ..., procureur te Waddinxveen (?). Onleesbaar door waterschade.</l>
<l>Molhuysen, Bronnen, I, C 8-9-1602 Contract als academiedrukker. Bepalingen: 1. hij moet voor de hoogleraren een tot anderhalve pers gereed houden; 2. Tijding ge?nformeerd moet hij daarop drukken ?alle cleyne tractaetgens ofte stuckens, die de professoren sullen willen lesen?; 3. Ook grotere stukken van hoogleraren, maar dan na instructie van de Senaat en Curatoren; 4. In het geval van illustraties hoeft hij deze niet te betalen; 5. Hij krijgt het volledige kopijrecht (?de volle copie?) over de uitgaven van hoogleraren; 6. Hij moet zorgen voor goede correctie; 7. Op zijn drukwerk moet hij plaatsen: ?door Jan Paedts ordinaris gesworen drucker van de Universiteit tot Leyden in Hollant?; 8. Van de door hem gedrukte boeken moet hij een exemplaar leveren aan de UB; 9. Hij moet alle boeken uit Frankfurt meenemen die de curatoren of hoogleraren en andere notabele lidmaten van de universiteit zouden willen ontbiden, ?te sijnen costen ende pericule?, ?mits genyetende jegens elcke Francforter gulden die se ingecoft sullen wesen, veertig onser stuvers ende het ordinaris rabat?; 10. Als vergoeding ontvangt hij jaarlijks ?200 (p. 142; Bijlage no. 353, pp. 410-411*).</l>
<l>NA 43, nr. ? (1-8-1603) Behoort tot de schuldeisers van de Franse student Samuel Gaultier des Aulnees (?7). Hij is waarschijnlijk degene die ?8.10 uit heeft staan voor ?l?impression de mes theses? (f. 13). Zie ook NA 44, f. 58 e.v. (31-7-1603), waarin ook zijn handtekening ter bevestiging van de afhandeling. De verklaring over de schulden is opgesteld op 14-12-1602.</l>
<l>NA 32, nr. 76 (2-4-1604).</l>
<l>NA 78, nr. 149 scan nr. 197] (11-10-1610) Mutueel testament met Anna van Banchem Zij hebben twee kinderen, Jacob jr. en Annetje. De kinderen krijgen bij hun huwellijk elk ?1000. Jacob heeft reizen in Frankrijk en de Duitse landen gemaakt, waarvoor Annetje wordt gecompenseerd. Jacob mag geen voorwerpen uit de boedel verkopen.</l>
<l>NA 79, nr. 3 (19-1-1613) Verklaring met enkele anderen t.v.v. Neeltje Dircx Mes (Moes/Noes?). Hij is 72 jaar en boekdrukker in ?De Engel?.</l>
<l>NA 79, nr. 81 (21-8-1613) Herroeping mutueel testament van 11-10-1610.</l>
<l>NA 126A, nr. 1 (10-1-1615) Mutueel testament; o.a. sprake van een speeltuin. Voogden Jasper van Banchem, schepen, en Nicolaas van Zeijst, pensionaris. Getuige Pieter de Witte.</l>
<l>NA 80, nr. 75 (30-9-1615) Genoemd in akte uit naam van de witmaker Cornelis Huybrechtsz.</l>
<l>NA 127, nr. 43 (14-3-1616) Mutueel testament. Getuige Pieter de Witte.</l>
<l>NA 156, nr. 196 (11-12-1616) Procuratie Hendrik Nobel aan Paedts i.v.m. erfeniskwestie te Koudekerk.</l>
<l>Molhuysen, Bronnen, II: C 8/10-2-1617 Aanschaf voor elk van de curatoren ?van de grootte bibels by Jan Paedts gedruct? (p. 78).</l>
<l>Dingboek LL, f. 125r (19-2-1618) Abraham van Altena, gemachtigde van Paedts, boekbinder, eiser, contra de weduwe Hendrik van Heemskerck, gedaagde, om betalinge van ?24.6.8 ?reste meerder somme? voor de koop van papier en anders volgens het register van de eiser. ?Concluderende tot cond. bij provisie tot namept [?] mitte costen.?</l>
<l>NA 133, nr. 121 (25-4-1619) Mutueel testament; o.a. huis a.d. Singel t.o. Levendaal.</l>
<l>NA 133, nr. 97 (25-4-1619) Codicil betreffende het mutueel testament; dochter Annetje is gehuwd met de remonstrantse predikant Johannes Arnoldus Ravens (Corvinus). Zie ook KO 26-4-1613; hij was eerder getrouwd geweest met Catharina van der Morsch.</l>
<l>Molhuysen, Bronnen, II: C 7-2-1620 Ontslag als academiedrukker; onderhandeling met Isaac Elzevier om zijn plaats in te nemen; Jacob Marcus zal de theses drukken (p. 88).</l>
<l>NA 135, nr. 140 (26-4-1620) Verklaring Laurens Huygensz Gael en Dirck Gerritsz van Hogeveen, oud-burgemeesters van Leiden, en van Dammas van Codden, kapitein van de afgedankte waardgelders op verzoek van Jan Jacobsz Paedts, dat Jacob Jansz Paedts eerlijk en trouw heeft gediend onder Van der Codden als kapitein. Getuigen o.a. Caspar Barlaeus.</l>
<l>NA 138, nr. 66 (8-9-1621) Mutueel testament.</l>
<l>NA 139, nr. 166 (24-5-1622) Schenking van een vicarie van de Hooglandse Kerk, gesticht in 1460 en het laatst eigendom van Claes Jacobsz Paedts aan Aernt Jansz, het zoontje van zijn zuster.</l>
<l>NA 140, nr. 18 (2-7-1622) Verklaring van de schoenmaker Joost Aerntsz, oud ca. 36 jaar, en de letterzetter Sacharias Jansz, oud ca. 22 jaar, t.b.v. Annetje van Banchem, ?dat zijluyden eenigen langen tyt herwaerts zeer wel gekent hebben, den persoon van Jacob Paedts des requirantes soon, ende mitsdien goede kennisse hebben dat deselve Jacob Paedts hem al eenigen langen tyt herwaerts geheel ongeschictelicken onrgeregelt ende ongebonden tot grote hertseer ende leetwesen van desselfs ouders, huysvrouw ende vrunden gedragen ende aengestelt heeft?.</l>
<l>NA 140, nr. 30 (2-7-1622) Procuratie Anna van Banchem aan haar neef Jan van Banchem, griffier van Leiden, en Gijsbrecht Willemsz die Milde ten overstaan van Catharina Grossiers, vrouw van Jacob Jansz Paedts, aangaande het onderhouden van hem in het tuchthuis van Utrecht (Annetje kan haar handtekening niet zetten).</l>
<l>NA 281, nr. 44 (9-4-1623) Verklaring Anna van Banchem t.v.v. haar dochter Annetje, huisvrouw van de gewezen predikant Johannes Arnoldus Ravens, dat alle in de akte genoemde goederen in haar huis op de Breestraat ?In de Engel? toebehoren aan haar en Ravens. Volgt een lange lijst met goederen, veel goud, zilver en juwelen, portretten van Arminius en Jan van Hout, en een niet nader gespecificeerde bibliotheek. Zacharias Jans en Jan de Velde getuigen.</l>
<l>NA 281, nr. 45 (9-4-1623) Schenking door Anna van Banchem van enkele goederen (o.a. haar beste en een na beste bed) aan haar zoon Jacob en aan haar dochter Annetje en haar man Johannes Arnoldus Ravens.</l>
<l>NA 147, nr. 136 (1625) Anna van Banchem vermeld in boedel van Jochem Cares als buurvrouw in de Nieuwe Herenstraat.</l>
<l>NA 338, nr. 24 (24-10-1625) Procuratie Anna van Banchem. Getuige letterzetter Zacharias Jansz Baron.</l>
<l>NA 150, nr. 3 (6-1-1626) Testament Anna van Banchem.</l>
<l>1626 Zij wordt gedaagd door de magistraat met andere boekverkopers vanwege de verkoop van het pamflet Den Hollandsche Apocalypsis.</l>
<l>NA 164, nr. 40 (4-4-1626) Obligatie Anna van Banchem, weduwe van de pensionaris Niclaes van Heijst. Dezelfde? Zie ook NA 374, nr. 2 (4-1-1631).</l>
<l>NA 188B, nr. 151 (8-7-1628) Akte waarin zijn erven met een huis aan de westzijde van de Hooglandsekerkstraat worden genoemd.</l>
<l>NA 373, nr. 7 (1-2-1629) Compromis tussen Catharina Grossiers als enig erfgenaam van Jacob Paedts Jansz en Johannes Arnoldus Corvinus als voogd van Anna Paedts Jans (zij is erfgenaam van Jan Paedts Jacobsz en Anna van Banchem vlgs. testament d.d. 25-4-1619).</l>
<l>NA 109a, nr. 35 (3-6-1632) Akte waarin zijn erven met een huis aan de Breestraat/hoek Koornbrugsteeg worden genoemd.</l>
<l>Lit.: Kolff 1966; Willems 422; Briels 380-384; MA Scriptie Nooteboom 2009.</l>
</all>
</person>