<person>
<firstName>Ahraham van</firstName>
<lastName>Panne</lastName>
<dob></dob>
<dod></dod>
<pob></pob>
<pod></pod>
<professional-start>1751</professional-start>
<professional-end></professional-end>
<professions>
<profession>
<term>letterzetter</term>
<profession-id>4</profession-id></profession>
</professions>
<marriage>KO 16-4-1751 Maria de Planke (getuige zijn moeder).</marriage>
<address>1751 Doelachtergracht.</address>
<misc>Zoon van ? en Aaltje Pot.</misc>
<all>
<l>Panne, Ahraham van (w. 1751)</l>
<l>Letterzetter.</l>
<l>Zoon van ? en Aaltje Pot.</l>
<l>Adres: 1751 Doelachtergracht.</l>
<l>Huwelijk: KO 16-4-1751 Maria de Planke (getuige zijn moeder).</l>
</all>
</person>