<person>
<firstName>Arnoldus Gualteri</firstName>
<lastName>Parck</lastName>
<dob></dob>
<dod></dod>
<pob></pob>
<pod></pod>
<professional-start>1663</professional-start>
<professional-end>1665</professional-end>
<professions>
<profession>
<term>boekverkoper</term>
<profession-id>1</profession-id></profession>
<profession>
<term>verkoper</term>
<profession-id>25</profession-id></profession>
</professions>
<literature>Thesaurus; STCN.</literature>
<misc>unknown</misc>
<all>
<l>Parck, Arnoldus Gualteri (w. 1663-65)</l>
<l>Boekverkoper? Van 1663 tot 1671 werkzaam te Harderwijk.</l>
<l>Lit.: Thesaurus; STCN.</l>
</all>
</person>