<person>
<firstName>Pieter</firstName>
<lastName>Parival</lastName>
<dob></dob>
<dod></dod>
<pob></pob>
<pod></pod>
<professional-start>1653</professional-start>
<professional-end></professional-end>
<professions>
<profession>
<term>boekbinder</term>
<profession-id>43</profession-id></profession>
</professions>
<misc>NA 567, nr. 16 (3-1-1653) Getuige bij procuratie Johannes Elzevier.</misc>
<all>
<l>Parival, Pieter (w. 1653)</l>
<l>Boekbinder.</l>
<l>Werkzaam bij Johan Elzevier?</l>
<l>NA 567, nr. 16 (3-1-1653) Getuige bij procuratie Johannes Elzevier.</l>
</all>
</person>