<person>
<firstName>Nicolaes</firstName>
<lastName>Parmentier</lastName>
<dob>1690</dob>
<dod></dod>
<pob>,  Amsterdam</pob>
<pob-id>18</pob-id>
<pod></pod>
<professional-start>1686</professional-start>
<professional-end></professional-end>
<professions>
<profession>
<term>boekverkoper</term>
<profession-id>1</profession-id></profession>
<profession>
<term>boekdrukker</term>
<profession-id>6</profession-id></profession>
<profession>
<term>drukker</term>
<profession-id>9</profession-id></profession>
<profession>
<term>verkoper</term>
<profession-id>25</profession-id></profession>
</professions>
<marriage>KO WK 8-3-1686 Anna Sjacke (Jaques?) uit Parijs, wonend op de Pieterskerkgracht (getuige zijn bekende Jacques Darlie in de Kruysstraat en haar bekende Maria Tortrue, ook in de Kruisstraat). Zijn naam wordt gespeld ?Palmentie?.</marriage>
<address>1686 Pieterskerkgracht; 1687 Kloksteeg, ?e regione Academiae? / ?vis-?-vis de l?Acad?mie?.</address>
<street>Pieterskerkgracht</street>
<street-id>47</street-id>
<lat>52.1593263</lat>
<lon>4.4873395
</lon>
<guild>12-11-1686 Vrijmeester (toegelaten als refugi? door het gerecht d.d. 30-10-1686) (AB 83a, ff. 29v, 30A).</guild>
<misc>Waals.</misc>
<all>
<l>Parmentier, Nicolaes (* Parijs; w. 1686; 1690, 1695 Amsterdam)</l>
<l>Boekdrukker en boekverkoper.</l>
<l>Waals.</l>
<l>Adres: 1686 Pieterskerkgracht; 1687 Kloksteeg, ?e regione Academiae? / ?vis-?-vis de l?Acad?mie?.</l>
<l>Huwelijk: KO WK 8-3-1686 Anna Sjacke (Jaques?) uit Parijs, wonend op de Pieterskerkgracht (getuige zijn bekende Jacques Darlie in de Kruysstraat en haar bekende Maria Tortrue, ook in de Kruisstraat). Zijn naam wordt gespeld ?Palmentie?.</l>
<l>Gilde: 12-11-1686 Vrijmeester (toegelaten als refugi? door het gerecht d.d. 30-10-1686) (AB 83a, ff. 29v, 30A).</l>
</all>
</person>