<person>
<firstName>Claes Claesz</firstName>
<lastName>Biestkens</lastName>
<dob></dob>
<dod></dod>
<pob>Amsterdam</pob>
<pod></pod>
<professional-start>1596</professional-start>
<professional-end></professional-end>
<professions>
<profession>
<term>boekdrukker</term>
<profession-id>6</profession-id></profession>
<profession>
<term>drukker</term>
<profession-id>9</profession-id></profession>
</professions>
<marriage>KO 26-4-1596 Marytje Aelbrechts (getuige Jan Bouwensz).</marriage>
<literature>Briels 238.</literature>
<misc>Zijn broer? Abraham was werkzaam te Amsterdam (Briels 175).</misc>
<all>
<l>Biestkens, Claes Claesz (Amsterdam; w. 1596, later weer te Amsterdam)</l>
<l>Boekdrukker in dienst van Jan Bouwensz.</l>
<l>Huwelijk: KO 26-4-1596 Marytje Aelbrechts (getuige Jan Bouwensz).</l>
<l>Zijn broer? Abraham was werkzaam te Amsterdam (Briels 175).</l>
<l>Lit.: Briels 238.</l>
</all>
</person>