<person>
<firstName>Simon van der</firstName>
<lastName>Pars</lastName>
<dob></dob>
<dod></dod>
<pob></pob>
<pod></pod>
<professional-start>1657</professional-start>
<professional-end></professional-end>
<professions>
<profession>
<term>boekverkoper</term>
<profession-id>1</profession-id></profession>
<profession>
<term>verkoper</term>
<profession-id>25</profession-id></profession>
</professions>
<address>Rapenburg, achter de academie.</address>
<street>Rapenburg</street>
<street-id>50</street-id>
<lat>52.155884</lat>
<lon>4.4876151
</lon>
<literature>Thesaurus.</literature>
<misc>unknown</misc>
<all>
<l>Pars, Simon van der (w. 1657)</l>
<l>Boekverkoper?</l>
<l>Adres: Rapenburg, achter de academie.</l>
<l>Lit.: Thesaurus.</l>
</all>
</person>