<person>
<firstName>Corstiaen</firstName>
<lastName>Parssen [Parson?]</lastName>
<dob></dob>
<dod></dod>
<pob>leiden</pob>
<pob-id>1</pob-id>
<pod></pod>
<professional-start>1664</professional-start>
<professional-end></professional-end>
<professions>
<profession>
<term>boekbinder</term>
<profession-id>43</profession-id></profession>
</professions>
<marriage>KO 5-1-1644 Sara Claes uit Delft (getuige zijn vader).</marriage>
<address>1644 Langebrug.</address>
<street>Langebrug</street>
<street-id>28</street-id>
<lat>52.1563598</lat>
<lon>4.4906321
</lon>
<misc>Zoon van Richard Parssen.</misc>
<all>
<l>Parssen [Parson?], Corstiaen (* Leiden; w. 1664)</l>
<l>Boekbinder.</l>
<l>Zoon van Richard Parssen.</l>
<l>Adres: 1644 Langebrug.</l>
<l>Huwelijk: KO 5-1-1644 Sara Claes uit Delft (getuige zijn vader).</l>
</all>
</person>