<person>
<firstName>Lambrecht</firstName>
<lastName>Paspoort</lastName>
<dob></dob>
<dod></dod>
<pob></pob>
<pod></pod>
<professional-start>1643</professional-start>
<professional-end></professional-end>
<professions>
<profession>
<term>boekbinder</term>
<profession-id>43</profession-id></profession>
</professions>
<misc>Getuige bij overeenkomst tussen David Lopez en Dirck Uittenbrouck (zie aldaar).</misc>
<all>
<l>Paspoort, Lambrecht (w. 1643)</l>
<l>Boekbinder.</l>
<l>Getuige bij overeenkomst tussen David Lopez en Dirck Uittenbrouck (zie aldaar).</l>
</all>
</person>