<person>
<firstName>Jan Pietersz</firstName>
<lastName>Pattou[x]</lastName>
<dob>1634</dob>
<dod></dod>
<pob>? na </pob>
<pod></pod>
<professional-start>1615</professional-start>
<professional-end>1623</professional-end>
<professions>
<profession>
<term>lettergieter</term>
<profession-id>34</profession-id></profession>
</professions>
<marriage>1620.</marriage>
<literature>Lane 1995, 103.</literature>
<misc>Nog in Leiden in 1634.</misc>
<all>
<l>Pattou[x], Jan Pietersz (* ? 1597/98; ? na 1634; w. 1615-23)</l>
<l>Lettergieter in dienst van Thomas de Vechter.</l>
<l>Huwelijk: 1620.</l>
<l>NA 366, nr. 51 (17-6-1623) Aanbevelingsbrief voor hem van Thomas de Vechter. Pattoux heeft de kunst van het lettergieten bij hem geleerd en gedurende ongeveer acht jaar bij hem naar genoegen gewerkt. De Vechter noemt Pattoux, die nu wil vertrekken, ?een goet ende trou ende wel ervaren jongman in de voorsz. cunste?. Getuigen Arent Corsz van Hogenacker en Abraham de Vechter.</l>
<l>NA 314, nr. 91 (29-5-1628) Verklaring, lettergieter, oud omtrent 30 jaar. Hij kan alleen een kruisje voor zijn naam plaatsen.</l>
<l>Nog in Leiden in 1634.</l>
<l>Lit.: Lane 1995, 103.</l>
</all>
</person>