<person>
<firstName>Carel de</firstName>
<lastName>Pecker</lastName>
<dob></dob>
<dod></dod>
<pob>leiden</pob>
<pob-id>1</pob-id>
<pod></pod>
<professional-start>1676</professional-start>
<professional-end></professional-end>
<professions>
<profession>
<term>boekverkoper</term>
<profession-id>1</profession-id></profession>
<profession>
<term>verkoper</term>
<profession-id>25</profession-id></profession>
</professions>
<marriage>? Adriana Verwiel (22-10-1681 doop PK Bessula de Pecker, dochter van Carel de Pecker en Adriana Verwiel).</marriage>
<guild>?-5-1669 L bij Felix Lopez de Haro. 14-10-1676 Vrijmeester (AB 83a, f. 47).</guild>
<misc>NA 1758, ff. 1417- (5-12-1738) Testament (?).</misc>
<all>
<l>Pecker, Carel de (* Leiden; w. 1676)</l>
<l>Boekverkoper.</l>
<l>? Zoon van Carel Pietersz de Pecker en Jannetje Comijn (doop HK 27-9-1654 Carel de Pecker).</l>
<l>Huwelijk: ? Adriana Verwiel (22-10-1681 doop PK Bessula de Pecker, dochter van Carel de Pecker en Adriana Verwiel).</l>
<l>Gilde: ?-5-1669 L bij Felix Lopez de Haro. 14-10-1676 Vrijmeester (AB 83a, f. 47).</l>
<l>NA 1758, ff. 1417- (5-12-1738) Testament (?).</l>
</all>
</person>