<person>
<firstName>Cornelis I de</firstName>
<lastName>Pecker</lastName>
<dob>1768</dob>
<dod></dod>
<pob>? Leiden  [begr. /-5]</pob>
<pob-id>1</pob-id>
<pod></pod>
<professional-start>1747</professional-start>
<professional-end>1764</professional-end>
<professions>
<profession>
<term>boekverkoper</term>
<profession-id>1</profession-id></profession>
<profession>
<term>verkoper</term>
<profession-id>25</profession-id></profession>
</professions>
<marriage>1. KO 4-5-1752 Willemina van der Waarde (getuige zijn moeder); kinderen: doop HK 19-4-1753 Karel; HK 27-5-1759 Adolph; 2. KO 4-6-1761 Arentje Rijsbroeck.</marriage>
<address>1752, 1761 hoek Rapenburg/Houtstraat; 1793 zijn weduwe Nieuwe Rijn, hoek Hartesteeg.</address>
<street>Rapenburg</street>
<street-id>50</street-id>
<lat>52.155884</lat>
<lon>4.4876151
</lon>
<guild>1-4-1734 L bij Johannes Arnoldus Langerak. 6-11-1747 Vrijmeester (AB 83a, f. 93).</guild>
<auction>29-3-1769 Veiling van zijn eigen bibliotheek (KB Brussel VI 86.750 A 109 met enkele prijzen en namen van kopers) (IDC 1927; Blogie kol. 25).</auction>
<literature>Het Rapenburg Va, 65.</literature>
<misc>Zie ook onder Johannes Arnoldus Langerak.</misc>
<all>
<l>Pecker, Cornelis I de (* Leiden 1705 [doop HK 5-7]; ? Leiden 1768 [begr. 14/21-5]; w. 1747-64) Data kloppen niet met huwelijk Arentje Rijsbroeck.</l>
<l>Boekverkoper.</l>
<l>Zoon van de kleermaker Karel de Pecker en Maria Ramaer (NA 1552, nr. 85 (18-1-1705) Mutueel testament Karel de Pecker en Maria Ramaer; hun huwelijk KO 8-3-1704). Neef van Karel de Pecker, secretaris van KWAV.</l>
<l>Adres: 1752, 1761 hoek Rapenburg/Houtstraat; 1793 zijn weduwe Nieuwe Rijn, hoek Hartesteeg.</l>
<l>Huwelijk: 1. KO 4-5-1752 Willemina van der Waarde (getuige zijn moeder); kinderen: doop HK 19-4-1753 Karel; HK 27-5-1759 Adolph; 2. KO 4-6-1761 Arentje Rijsbroeck.</l>
<l>Gilde: 1-4-1734 L bij Johannes Arnoldus Langerak. 6-11-1747 Vrijmeester (AB 83a, f. 93).</l>
<l>Personeel: 5-1-1750 Hermanus Mol* L voor 4 jaar (van De Leus); 1-11-1751 Philip van Edenburg (van Le Mair); 11-4-1752 Cornelis Hogeveen* L voor 4 jaar; 5-5-1755 Johannes Goudelius (van Cors); 2-10-1758 Dirk Oly (van Hasebroek); 5-11-1764 Jacob van Ingen (van Cornelis Schouten) (AB 83c, f. 62). Hoofdman 1765, 1767.</l>
<l>Veilingen: 29-3-1769 Veiling van zijn eigen bibliotheek (KB Brussel VI 86.750 A 109 met enkele prijzen en namen van kopers) (IDC 1927; Blogie kol. 25).</l>
<l>NA 2101, f. 244 [scan nr. 229] (15-11-1749) Johannes Arnoldus Langerak schenkt aan zijn neef Cornelis de Pecker ?1500 die deze schuldig was voor aankopen op de veiling van Langerak op 4-8-1749 e.v. Cornelis moet er wel rente over betalen zolang Langerak leeft. Cornelis accepteert de donatie. Vgl. een zelfde donatie aan Philippus Bonk.</l>
<l>NA 2101, f. 248 [scan nr. 233] (1749) Obligatie aan zijn oom Johannes Arnoldus Langerak van ?2118 als rest van geleverde boeken, gekocht op de veiling van Langerak op 4-8-1749 e.v.</l>
<l>NA 2315, nr. 4 (1752) Testament.</l>
<l>NA 2315, nr. 14 (1752) Obligatie.</l>
<l>NA 2106, f. 18 [scan nr. 28] (23-2-1754) Met Abraham van de Walle, schrijver aan de Witte poort, borg voor een bedrag van ?1200 bij een obligatie van ?1900 van de mr. glazenmaker en verver Jan van ?t Sand en Marijtje van der Waarde i.v.m. de koop van een huis.</l>
<l>NA 2318, nr. 45 (18-4-1754) Verklaring met Pierre Henry Jacqueau t.b.v. van Abraham Trembley uit Geneve, maar nu woonachtig op het Rapenburg in de St. Pieterswijk,  dat hij in leven en in goede gezondheid is.</l>
<l>NA 2317, nr. 24 (1756) Akte.</l>
<l>NA 2317, nr. 42 (1756) Akte.</l>
<l>NA 2317, nr. 57 (1756) Akte.</l>
<l>NA 2109, f. 36 [scan nr. 46] (28-1-1757) Testament Johannes Arnoldus Langerak. Cornelis de Pecker erft zijn pakhuis in de Nonnensteeg.</l>
<l>NA 1951, f. 163 [scan nr. 143] (2-6-1761) Huwelijkse voorwaarden met Arentje Rijsbroek. Bevat lijst met door haar ingebrachte goederen, waaronder een boek met zilver beslag (?12).</l>
<l>NA 2259, nr. 58 (1761) Voogdij.</l>
<l>NA 2259, nr. 59 (1761) Bewijs.</l>
<l>NA 2296, nr. 121 (1762) Akte Cornelis de Pecker en Arentje Rijsbroek.</l>
<l>GAU NA U194a13, nr. 34 (20-9-1769) Borgtocht Joachim Langerak voor de schuld van zijn zoon Willem Langerak voor gekochte boeken op de veiling van wijlen Cornelis de Pecker. Executeur van de boedel van Cornelis is Pieter van der Eyck.</l>
<l>NA 2464, nr. 31, ff. 181 [scan nr. 159] (6-7-1782) Borg Jan Honkoop voor de boekhandelaar Hermanus Keijzer te Amsterdam, in diens proces voor de Leidse vierschaar tegen Cornelis de Pecker (I of II?).</l>
<l>NA 2464, nr. 35, f. 195 [scan nr. 171] (31-7-1782) Borg Jan Honkoop voor de boekhandelaar Hermanus Keijzer te Amsterdam, in diens proces voor de Leidse vierschaar tegen Cornelis (I of II?) de Pecker.</l>
<l>NA 2635, nr. 46 (1784) Procuratie.</l>
<l>NA 2609, nr. 59 (1790) Testament Cornelis de Pecker en Arentje Rijsbroek.</l>
<l>NA 2562, f. 105 [scan nr. 111] (8-8-1793) Boedel Arendje Rijsbroek (? 7-8-1792), weduwe van Cornelis de Pecker. Woonhuis Nieuwe Rijn op de hoek van de Hartesteeg (Bon Burgstreng nr. 17). Huisraad: (comptoir) 2 schilderijtjes; 2 printschilderijen met glazen; (bedstee) 2 pleister beeldjes; horlogekastje; (voorkamer) 20 pulletjes en beestjes; (zolder) lessenaar. Boeken: (zilver) boekje met zilveren slootjes; (voorhuis) 2x een ?partij boeken?, waarvan 1 in een vaste kast. Rekening nr. 35.</l>
<l>Zie ook onder Johannes Arnoldus Langerak.</l>
<l>Lit.: Het Rapenburg Va, 65.</l>
</all>
</person>