<person>
<firstName>Cornelis II de</firstName>
<lastName>Pecker</lastName>
<dob>1752</dob>
<dod></dod>
<pob>leiden</pob>
<pob-id>1</pob-id>
<pod></pod>
<professional-start>1770</professional-start>
<professional-end>1804</professional-end>
<professions>
<profession>
<term>boekverkoper</term>
<profession-id>1</profession-id></profession>
<profession>
<term>verkoper</term>
<profession-id>25</profession-id></profession>
<profession>
<term>custos</term>
<profession-id>48</profession-id></profession>
</professions>
<marriage>1. KO 18-2-1775 Johanna van den Brink uit Amsterdam (getuige bruid Karel Pietersz de Pecker); kinderen: doop PK 3-12-1775 Willemina Cornelia; HK 23-11-1777 Elisabet Johanna; PK 17-9-1779 Christina de Pecker; 2. KO 23-10-1794 Johanna Elisabeth van der Bijl (Blij) (getuige zijn oom Abraham van der Walle); hij bracht drie kinderen mee uit zijn eerste huwelijk; kinderen: doop HK 11-10-1795 Cornelis Johannes; PK 24-10-1798 Jacob.</marriage>
<address>1794 Pieterskerkchoorsteeg; 1804 Pieterskerkstraat.</address>
<street>Choorsteeg</street>
<street-id>7</street-id>
<lat>52.1579938</lat>
<lon>4.4888337
</lon>
<guild>6-2-1770 Vrijmeester vlgs. geboorterecht (AB 83a, f. 35).</guild>
<misc>AS 11-6-1803 ?Cornelis de Pekker Leydensis, Custos Bibliothecae. 51.?</misc>
<all>
<l>Pecker, Cornelis II de (* Leiden c. 1752; w. 1770-1804)</l>
<l>Boekverkoper en custos van de Universiteitsbibliotheek.</l>
<l>Zoon van Cornelis I de Pecker?</l>
<l>Adres: 1794 Pieterskerkchoorsteeg; 1804 Pieterskerkstraat.</l>
<l>Huwelijk: 1. KO 18-2-1775 Johanna van den Brink uit Amsterdam (getuige bruid Karel Pietersz de Pecker); kinderen: doop PK 3-12-1775 Willemina Cornelia; HK 23-11-1777 Elisabet Johanna; PK 17-9-1779 Christina de Pecker; 2. KO 23-10-1794 Johanna Elisabeth van der Bijl (Blij) (getuige zijn oom Abraham van der Walle); hij bracht drie kinderen mee uit zijn eerste huwelijk; kinderen: doop HK 11-10-1795 Cornelis Johannes; PK 24-10-1798 Jacob.</l>
<l>Gilde: 6-2-1770 Vrijmeester vlgs. geboorterecht (AB 83a, f. 35).</l>
<l>Personeel: 5-9-1774 Jan Wetsteden voor 4 jr.; 4-12-1780 Jacob van Ingen (van Cornelis de Pecker) (AB 83c, f. 62). Vertrokken 1783, terug 1786 (AB 83c, f. 98).</l>
<l>NA 2309, nr. 8 (1779) Akte.</l>
<l>NA 2651, f. 499 (1794) Akte van assumptie.</l>
<l>NA 2651, f. 503 (1794) Akte van bewijs.</l>
<l>NA 2563, f. 387 [scan nr. 377] (7-11-1794) Huwelijkse voorwaarden met Johanna Elisabeth van der Blij.</l>
<l>AS 11-6-1803 ?Cornelis de Pekker Leydensis, Custos Bibliothecae. 51.?</l>
</all>
</person>