<person>
<firstName>Johannes van</firstName>
<lastName>Pelte</lastName>
<dob></dob>
<dod></dod>
<pob></pob>
<pod></pod>
<professional-start>1773</professional-start>
<professional-end></professional-end>
<professions>
<profession>
<term>contribuant</term>
<profession-id>27</profession-id></profession>
</professions>
<address>hoek Koornbrugsteeg (AB 83c, f. 96).</address>
<street>Koornbrugsteeg</street>
<street-id>23</street-id>
<lat>52.1577147</lat>
<lon>4.4913455
</lon>
<misc>unknown</misc>
<all>
<l>Pelte, Johannes van (w. 1773)</l>
<l>Contribuant.</l>
<l>Adres: hoek Koornbrugsteeg (AB 83c, f. 96).</l>
</all>
</person>