<person>
<firstName>Gerardus</firstName>
<lastName>Pereboom [Peereboom]</lastName>
<dob></dob>
<dod></dod>
<pob>daarna naar Amsterdam</pob>
<pod></pod>
<professional-start>1734</professional-start>
<professional-end></professional-end>
<professions>
<profession>
<term>boekdrukker</term>
<profession-id>6</profession-id></profession>
<profession>
<term>drukker</term>
<profession-id>9</profession-id></profession>
</professions>
<guild>4-10-1734 Vrijmeester volgens beschikking van het gerecht (AB 83a, f. 33v; AB 88).</guild>
<literature>Van Eeghen V-1, 44.</literature>
<misc>Ging in 1739 in Amsterdam failliet. Hij had door tegenwerking in Leiden geen werk en letters kunnen krijgen. Vgl. Desolate Boedelkamer Amsterdam 13-4-1739.</misc>
<all>
<l>Pereboom [Peereboom], Gerardus (w. 1734; daarna naar Amsterdam)</l>
<l>Boekdrukker.</l>
<l>Poorterboek J, 1270, f. 57, nr. 19543 (16-8-1734) Poorterschap; borgen de distillateur Jan Andries Seuter en de meester knoopmaker Johannes van de Velde.</l>
<l>Gilde: 4-10-1734 Vrijmeester volgens beschikking van het gerecht (AB 83a, f. 33v; AB 88).</l>
<l>Ging in 1739 in Amsterdam failliet. Hij had door tegenwerking in Leiden geen werk en letters kunnen krijgen. Vgl. Desolate Boedelkamer Amsterdam 13-4-1739.</l>
<l>Lit.: Van Eeghen V-1, 44.</l>
</all>
</person>