<person>
<firstName>F.</firstName>
<lastName>Perk</lastName>
<dob></dob>
<dod></dod>
<pob></pob>
<pod></pod>
<professional-start>1784</professional-start>
<professional-end></professional-end>
<professions>
<profession>
<term>boekverkoper</term>
<profession-id>1</profession-id></profession>
<profession>
<term>verkoper</term>
<profession-id>25</profession-id></profession>
<profession>
<term>boekbinder</term>
<profession-id>43</profession-id></profession>
</professions>
<address>Vliet. (= Jan Perck?).</address>
<street>Vliet</street>
<street-id>61</street-id>
<lat>52.1549069</lat>
<lon>4.4877165
</lon>
<misc>unknown</misc>
<all>
<l>Perk, F. (w. 1784)</l>
<l>Boekbinder en boekverkoper.</l>
<l>Adres: Vliet. (= Jan Perck?).</l>
</all>
</person>