<person>
<firstName>Jacobus</firstName>
<lastName>Perk</lastName>
<dob>1731</dob>
<dod></dod>
<pob>leiden</pob>
<pob-id>1</pob-id>
<pod></pod>
<professional-start>1753</professional-start>
<professional-end>1787</professional-end>
<professions>
<profession>
<term>boekverkoper</term>
<profession-id>1</profession-id></profession>
<profession>
<term>verkoper</term>
<profession-id>25</profession-id></profession>
</professions>
<address>Vliet.</address>
<street>Vliet</street>
<street-id>61</street-id>
<lat>52.1549069</lat>
<lon>4.4877165
</lon>
<guild>1-11-1745 L bij Johannes Heyligert voor 4 jr.; 8-12-1750 bij Willekes. 5-11-1753 Vrijmeester (AB 83a, f. 52v).</guild>
<misc>NA 2665, nr. 61 (1800) Acquit en scheiding.</misc>
<all>
<l>Perk, Jacobus (* Leiden 1731?; w. 1753-87)</l>
<l>Boekverkoper.</l>
<l>Zoon van Klaas Perk en Anna Maria Doesburg? (vgl. doop HK 6-2-1731 Jacobus Perk).</l>
<l>Adres: Vliet.</l>
<l>Gilde: 1-11-1745 L bij Johannes Heyligert voor 4 jr.; 8-12-1750 bij Willekes. 5-11-1753 Vrijmeester (AB 83a, f. 52v).</l>
<l>Personeel: 2-12-1754 Jan Cijfveer* L voor 4 jaar (loon I 10 st. II 13 st. III 16 st. IV 20 st.); 5-3-1759 Zeger van Egmond* voor 4 jaar (loon I 6 st. II 9 st. III 12 st. IV 15 st.); 6-8-1760 Jacob Meerburg* voor 4 jaar (loon I 8 st. II 11 st. III 14 st. IV 18 st.); 1-8-1763 Izak de Ree voor 4 jaar (van Edenburg; loon I 8 st. II 11 st. III 14 st. IV 18 st.); 12-6-1770 Lucas van der Miere voor 4 jaar (loon I 9 st. II 12 st. III 15 st. IV 18 st.); 1-10-1770 Jan Guldenbach* voor 4 jaar (loon I 14 st. II 18 st. III 22 st. IV 26 st.); 7-7-1777 Hendrik Fredriksz voor 4 jaar; 3-5-1779 Daniel du Saar* voor 4 jaar; 7-5-1787 Johannes Schouten voor 4 jaar (AB 83c, f. 66).</l>
<l>NA 2662, nr. 654 (1796) Voorwaarden huizen.</l>
<l>NA 2665, nr. 61 (1800) Acquit en scheiding.</l>
</all>
</person>