<person>
<firstName>Jan</firstName>
<lastName>Per[c]k</lastName>
<dob></dob>
<dod></dod>
<pob></pob>
<pod></pod>
<professional-start>1754</professional-start>
<professional-end>1787</professional-end>
<professions>
<profession>
<term>boekverkoper</term>
<profession-id>1</profession-id></profession>
<profession>
<term>verkoper</term>
<profession-id>25</profession-id></profession>
</professions>
<address>Vliet. (= F. Perk?).</address>
<street>Vliet</street>
<street-id>61</street-id>
<lat>52.1549069</lat>
<lon>4.4877165
</lon>
<misc>unknown</misc>
<all>
<l>Per[c]k, Jan (w. 1754-87)</l>
<l>Boekverkoper.</l>
<l>Adres: Vliet. (= F. Perk?).</l>
</all>
</person>