<person>
<firstName>Johannes van</firstName>
<lastName>Bilderbeek</lastName>
<dob>1651</dob>
<dod></dod>
<pob></pob>
<pod></pod>
<professional-start>1684</professional-start>
<professional-end>1700</professional-end>
<professions>
<profession>
<term>boekverkoper</term>
<profession-id>1</profession-id></profession>
<profession>
<term>verkoper</term>
<profession-id>25</profession-id></profession>
</professions>
<marriage>1. KO 26-4-1684 Jannetje Staverinus; 2. KO 17-4-1686 Aeltje Reijnen van Meteren. Kinderen: 1. 17-10-1688 HK Anna; 2. 9-11-1690 HK Reinier; 3. 28-7-1697 HK Reijnier; 3. KO 29-10-1700 Willempje Hendricks uit Harderwijk (getuige zijn zwager Jan van Meteren).</marriage>
<address>1686 Faliede Bagijnhof; 1691 Nieuwsteeg bij de Pieterskerk; 1700 Oude Rijn.</address>
<street>Nieuwsteeg</street>
<street-id>39</street-id>
<lat>52.1562295</lat>
<lon>4.4891081
</lon>
<guild>1-3-1682 L bij Joh. du Vivi; 1-9-1682 bij Pieter van der Meersche voor 1 jaar. 1-5-1684 Vrijmeester (AB 83a, f. ?). Op 5-5-1700 liet zijn vrouw aanzeggen dat de jaarlijkse gildepenning niet meer betaald zou worden, waarop zijn recht om boeken te verkopen werd ingetrokken (AB 83a, f. 45).</guild>
<auction>24-5-1688 anoniem; 1691 Jacob Nieuwstadt (HAB Bc Sammelband 4 [12]); 18-6-1691 Johannes Sas (HAB Bc Sammelband 4 [25]); 26-4-1694 magazijn? (ten huize van de overledene).</auction>
<misc>NA 1727, nr. 42 (1712) en 1729, nr. 83 (1716) Genoemd als schoolmeester van de arme wezen. Dezelfde? Zie ook RA 86, R, nr. 39 (8-9-1712/23-5-1716) Johannes van Bilderbeeck, schoolmeester van de arme wezen; getuigenissen.</misc>
<all>
<l>Bilderbeek, Johannes van (* c. 1651; w. 1684-1700)</l>
<l>Boekverkoper. Zoon van Cornelis van Bilderbeek.</l>
<l>Adres: 1686 Faliede Bagijnhof; 1691 Nieuwsteeg bij de Pieterskerk; 1700 Oude Rijn.</l>
<l>ca. 1670 student?</l>
<l>Huwelijk: 1. KO 26-4-1684 Jannetje Staverinus; 2. KO 17-4-1686 Aeltje Reijnen van Meteren. Kinderen: 1. 17-10-1688 HK Anna; 2. 9-11-1690 HK Reinier; 3. 28-7-1697 HK Reijnier; 3. KO 29-10-1700 Willempje Hendricks uit Harderwijk (getuige zijn zwager Jan van Meteren).</l>
<l>Gilde: 1-3-1682 L bij Joh. du Vivi; 1-9-1682 bij Pieter van der Meersche voor 1 jaar. 1-5-1684 Vrijmeester (AB 83a, f. ?). Op 5-5-1700 liet zijn vrouw aanzeggen dat de jaarlijkse gildepenning niet meer betaald zou worden, waarop zijn recht om boeken te verkopen werd ingetrokken (AB 83a, f. 45).</l>
<l>NA 1037, nr. 36 (2-4-1670) Genoemd als student, 19 jaar, in een verklaring t.b.v. een andere student.</l>
<l>NA 1103, nr. 142-45 (juli 1670) Genoemd als student.</l>
<l>NA 1727, nr. 42 (1712) en 1729, nr. 83 (1716) Genoemd als schoolmeester van de arme wezen. Dezelfde? Zie ook RA 86, R, nr. 39 (8-9-1712/23-5-1716) Johannes van Bilderbeeck, schoolmeester van de arme wezen; getuigenissen.</l>
<l>Veilingen: 24-5-1688 anoniem; 1691 Jacob Nieuwstadt (HAB Bc Sammelband 4 [12]); 18-6-1691 Johannes Sas (HAB Bc Sammelband 4 [25]); 26-4-1694 magazijn? (ten huize van de overledene).</l>
</all>
</person>