<person>
<firstName>Theodorus</firstName>
<lastName>Petraeus [Petreius]</lastName>
<dob>1613</dob>
<dod></dod>
<pob></pob>
<pod></pod>
<professional-start>1662</professional-start>
<professional-end>1663</professional-end>
<professions>
<profession>
<term>boekverkoper</term>
<profession-id>1</profession-id></profession>
<profession>
<term>verkoper</term>
<profession-id>25</profession-id></profession>
</professions>
<literature>Rahlfs 1917; Philologia Arabica 188-193; Juynboll 215; DNB, s.v. Bernard; Rozemond 1963-64; Van Stockum, La librairie, nr. 73; Danks biografisk lexikon, XIII, 77-78.</literature>
<misc>Ibid., p. 93, C 17-8-1654 Nisselius en Petreius ontvangen ?60 voor de dedicatie van hun vertaling in het Arabische en Ethiopisch van een aantal zendbrieven van de apostelen.</misc>
<all>
<l>Petraeus [Petreius], Theodorus (* Flensburg c. 1613-1672; w. 1662-63)</l>
<l>Boekverkoper.</l>
<l>In 1650 ingeschreven als student. Werkte aanvankelijk samen met Nisselius in diens oosterse drukkerij (zie aldaar; hij was in 1662 een van diens vier universele. erfgenamen), maar zette het bedrijf na zijn dood nog enige tijd voort. Vertrok in 1666 naar Amsterdam. De lettertypen raakten in of rond 1691 via zijn weduwe verspreid in Duitsland en Engeland (o.a. gekocht door Edward Bernard). In 1670 droeg hij een Armeense bijbel op aan de curatoren van de Leidse universiteit.</l>
<l>Album studiosorum: 21-11-1645 ?Johannes Petreius Danus, vir literatus. 32?; 16-12-1650 ?Theodorus Petraeus Holsatus. 26, L*.? 1664 honoris ergo?</l>
<l>Molhuysen, Bronnen, III, 87: C 9-2-1654 Request Nisselius en Petreius in handen gesteld van Prof. Golius. Op 5-4-1654 ontvangen zij op advies van Prof. Golius een subsidie van ?200 als tegemoetkoming in de kosten ?tot het doen maeken van velle Aethiopische letteren om daerdoor sekere schriftuyrplaetsen t?interpreteren ten dienste van Godes kercke ende luystre van d?Universiteyt? (p. 90).</l>
<l>Ibid., p. 93, C 17-8-1654 Nisselius en Petreius ontvangen ?60 voor de dedicatie van hun vertaling in het Arabische en Ethiopisch van een aantal zendbrieven van de apostelen.</l>
<l>Lit.: Rahlfs 1917; Philologia Arabica 188-193; Juynboll 215; DNB, s.v. Bernard; Rozemond 1963-64; Van Stockum, La librairie, nr. 73; Danks biografisk lexikon, XIII, 77-78.</l>
</all>
</person>