<person>
<firstName>Gregoire</firstName>
<lastName>Philerene</lastName>
<dob></dob>
<dod></dod>
<pob></pob>
<pod></pod>
<professional-start>1579</professional-start>
<professional-end></professional-end>
<professions>
<profession>
<term>pseudoniem</term>
<profession-id>24</profession-id></profession>
</professions>
<literature>Thesaurus 136.</literature>
<misc>unknown</misc>
<all>
<l>Philerene, Gregoire (w. 1579)</l>
<l>? Pseudoniem van Willem Silvius. Vgl. Petit 292-293.</l>
<l>Lit.: Thesaurus 136.</l>
</all>
</person>