<person>
<firstName>Ulrich</firstName>
<lastName>Phillipsz</lastName>
<dob></dob>
<dod></dod>
<pob></pob>
<pod></pod>
<professional-start>1582</professional-start>
<professional-end></professional-end>
<professions>
<profession>
<term>boekbinder</term>
<profession-id>43</profession-id></profession>
</professions>
<marriage>KO 25-8-1582 Baertje Joppen uit Leiden (getuige Jan Jan Moertensz).</marriage>
<misc>Getuigenisboeken: F, f. 348v (boekbinder).</misc>
<all>
<l>Phillipsz, Ulrich (w. 1582)</l>
<l>Boekbinder.</l>
<l>Huwelijk: KO 25-8-1582 Baertje Joppen uit Leiden (getuige Jan Jan Moertensz).</l>
<l>Getuigenisboeken: F, f. 348v (boekbinder).</l>
</all>
</person>