<person>
<firstName>Hendrick van der</firstName>
<lastName>Pickt</lastName>
<dob></dob>
<dod></dod>
<pob>den haag</pob>
<pob-id>87</pob-id>
<pod></pod>
<professional-start>1690</professional-start>
<professional-end></professional-end>
<professions>
<profession>
<term>boekbinder</term>
<profession-id>43</profession-id></profession>
</professions>
<marriage>KO 21-4-1690 Hendrickje Teunis van Heusen uit Zutphen (getuige zijn bekende Johannes Lanoy).</marriage>
<address>Breestraat.</address>
<street>Breestraat</street>
<street-id>5</street-id>
<lat>52.1576037</lat>
<lon>4.4910914
</lon>
<misc>unknown</misc>
<all>
<l>Pickt, Hendrick van der (* Den Haag; w. 1690)</l>
<l>Boekbinder.</l>
<l>Adres: Breestraat.</l>
<l>Huwelijk: KO 21-4-1690 Hendrickje Teunis van Heusen uit Zutphen (getuige zijn bekende Johannes Lanoy).</l>
</all>
</person>