<person>
<firstName>Gerrit</firstName>
<lastName>Pickvelth</lastName>
<dob></dob>
<dod></dod>
<pob></pob>
<pod></pod>
<professional-start>1682</professional-start>
<professional-end></professional-end>
<professions>
<profession>
<term>boekbinder</term>
<profession-id>43</profession-id></profession>
</professions>
<marriage>KO 13-3-1682 Lysbeth Smits uit Sluis (getuige zijn vader; de bruidegom moet attestatie uit Den Haag meenemen. Het huwelijk vond plaats in Voorschoten).</marriage>
<address>Nieuwstraat.</address>
<street>Nieuwstraat</street>
<street-id>40</street-id>
<lat>52.1571066</lat>
<lon>4.4946585
</lon>
<misc>Zoon van Evert Pickvelth.</misc>
<all>
<l>Pickvelth, Gerrit (* Sluis; w. 1682)</l>
<l>Boekbinder.</l>
<l>Zoon van Evert Pickvelth.</l>
<l>Adres: Nieuwstraat.</l>
<l>Huwelijk: KO 13-3-1682 Lysbeth Smits uit Sluis (getuige zijn vader; de bruidegom moet attestatie uit Den Haag meenemen. Het huwelijk vond plaats in Voorschoten).</l>
</all>
</person>