<person>
<firstName>Adrianus</firstName>
<lastName>Piere</lastName>
<dob></dob>
<dod></dod>
<pob></pob>
<pod></pod>
<professional-start>1713</professional-start>
<professional-end></professional-end>
<professions>
<profession>
<term>boekverkoper</term>
<profession-id>1</profession-id></profession>
<profession>
<term>verkoper</term>
<profession-id>25</profession-id></profession>
</professions>
<guild>3-4-1713 Vrijmeester (AB 83a, f. 56v).</guild>
<misc>unknown</misc>
<all>
<l>Piere, Adrianus (w. 1713)</l>
<l>Boekverkoper.</l>
<l>Gilde: 3-4-1713 Vrijmeester (AB 83a, f. 56v).</l>
</all>
</person>