<person>
<firstName>Bartholomeus</firstName>
<lastName>Pietersz</lastName>
<dob>17</dob>
<dod></dod>
<pob></pob>
<pod></pod>
<professional-start>1630</professional-start>
<professional-end></professional-end>
<professions>
<profession>
<term>letterzetter</term>
<profession-id>4</profession-id></profession>
</professions>
<misc>17-1-1630 Overleden in het Cecilia Gasthuis (Doodboeken Gasthuizen 55, f. 198v).</misc>
<all>
<l>Pietersz, Bartholomeus (? 17-1-1630; w. voor 1630)</l>
<l>Letterzetter.</l>
<l>17-1-1630 Overleden in het Cecilia Gasthuis (Doodboeken Gasthuizen 55, f. 198v).</l>
</all>
</person>