<person>
<firstName>Dirck</firstName>
<lastName>Pietersz</lastName>
<dob></dob>
<dod></dod>
<pob></pob>
<pod></pod>
<professional-start>1632</professional-start>
<professional-end></professional-end>
<professions>
<profession>
<term>boekbinder</term>
<profession-id>43</profession-id></profession>
</professions>
<misc>NA 465, nr. ( (3-7-1632) Getuige bij obligatie student aan Anthonie Maire, Jan Maire en Jacobus Beecke.</misc>
<all>
<l>Pietersz, Dirck (w. 1632)</l>
<l>Boekbinder.</l>
<l>In dienst bij Anthonie of Jan Maire?</l>
<l>NA 465, nr. ( (3-7-1632) Getuige bij obligatie student aan Anthonie Maire, Jan Maire en Jacobus Beecke.</l>
</all>
</person>