<person>
<firstName>Gillis</firstName>
<lastName>Pietersz</lastName>
<dob></dob>
<dod></dod>
<pob></pob>
<pod></pod>
<professional-start>1612</professional-start>
<professional-end></professional-end>
<professions>
<profession>
<term>boekverkoper</term>
<profession-id>1</profession-id></profession>
<profession>
<term>verkoper</term>
<profession-id>25</profession-id></profession>
</professions>
<literature>Scriptie Jacobs.</literature>
<misc>Rekening stad 19-4-1612.</misc>
<all>
<l>Pietersz, Gillis (w. 1612)</l>
<l>Boekverkoper?</l>
<l>Rekening stad 19-4-1612.</l>
<l>Lit.: Scriptie Jacobs.</l>
</all>
</person>