<person>
<firstName>Jacob</firstName>
<lastName>Pietersz</lastName>
<dob></dob>
<dod></dod>
<pob></pob>
<pod></pod>
<professional-start>1614</professional-start>
<professional-end></professional-end>
<professions>
<profession>
<term>boekdrukker</term>
<profession-id>6</profession-id></profession>
<profession>
<term>drukker</term>
<profession-id>9</profession-id></profession>
</professions>
<misc>NA 42, nr. 30 (24-2-1614) Getuige met Abraham Anthonisz bij huwelijkse voorwaarden Ferdinand le Febvre en Lijsbeth van Dorp.</misc>
<all>
<l>Pietersz, Jacob (w. 1614)</l>
<l>Boekdrukker.</l>
<l>NA 42, nr. 30 (24-2-1614) Getuige met Abraham Anthonisz bij huwelijkse voorwaarden Ferdinand le Febvre en Lijsbeth van Dorp.</l>
</all>
</person>