<person>
<firstName>Bartholomeus van der</firstName>
<lastName>Bildt</lastName>
<dob>1593</dob>
<dod></dod>
<pob></pob>
<pod></pod>
<professional-start>1619</professional-start>
<professional-end>1628</professional-end>
<professions>
<profession>
<term>boekverkoper</term>
<profession-id>1</profession-id></profession>
<profession>
<term>verkoper</term>
<profession-id>25</profession-id></profession>
</professions>
<address>1619 ?, In Pegasus, 1620 In den hengst.</address>
<misc>NA 352, nr. 2 (5-1-1628) Met Paulus Callenbach getuige bij akte.</misc>
<all>
<l>Bildt, Bartholomeus van der (* c. 1593; w. 1619-28)</l>
<l>Boekverkoper; vanaf ca. 1621 ook substituut-schout.</l>
<l>Adres: 1619 ?, In Pegasus, 1620 In den hengst.</l>
<l>Getuigenisboeken: N, f. 6 (boekverkoper, 25 jaar); O, ff. 78, 114v (schout, 35 jaar; denkelijk was hij substituut-schout, dus hoofdcommissaris van politie, of schout van een dorp in de omgeving).</l>
<l>SG, Resolutien, 56 (2-3-1619): Opte requeste van Bartholomeus Bilt ende Hermannus van Westerhuysen, woonende tot Leyden, versoeckende octroy, om voor den tyt van twintig jaeren naestcommende alleene te mogen doen drucken ende vuytgeven seecker boeck, geintituleert: L. Aen. Seneca Philosophus. Is geappoincteert dat den suppliant eerst sal exhiberen een exemplaer vant voorsz. boeck. Vgl. L. en M. Annaeus Seneca, Opera quae exstant omnia, 2 dln. (Leiden: Harmen van Westerhuysen, 1619), 8. Dit is een titeluitgave van de editie Amsterdam: J. Janssonius, 1619). De naam van Van der Bildt wordt niet genoemd.</l>
<l>NA 283, nr. 15 (29-3-1621) Verklaring t.v.v. Johannes Jacobsz Coornhert te Utrecht n.a.v. een veiling van boeken. Hij is ca. 28 jaar.</l>
<l>NA 290, nr. 160 (14-12-1621) Akte als substituut-schout.</l>
<l>NA 291, nr. 121 (16-9-1622) Procuratie als subsituut-schout aan Jonkheer Pieter van Multa in Wiewert (Friesland) om van Jonkheer Hessel Heerma geld te vorderen wegens geleverde boeken als anders.</l>
<l>NA 208, nr. 23 (17?-2-1622) Verklaring op zijn verzoek door Joris Abrahamsz van der Marsche en Asinck Ellerts de Fries, boekbinder, over het drukken van het boek Henicha variorum (?), met een omvang van ca. 120 bladen samen met Harmen Westerhuyzen. Uitzoeken (niet STCN).</l>
<l>NA 293, nr. 31 [nummering achterstevoren; scans 353-354] (24-2-1624) Verklaring, oud ca. 32 jaar, t.b.v. de substituut schout Bartholomeus van der Bildt, dat hij een jaar geleden aanwezig is geweest in de herberg De drie haringen, bij de jonkheren Josua en Nicolaus Janssonius uit Den Haag, waarbij Van der Bildt betaling verzocht van Nicolaus Janssonius van een bedrag van 57.4, die Janssonius binnen twee tot drie dagen zou voldoen.</l>
<l>NA 293, nr. 32 [nummering achterstevoren; scan 352] (24-2-1624) Procuratie aan de Haagse procureur Lenardt Sterrenburch om van Nicolaus Janssonius te Den Haag 57.4 te vorderen voor geleverde boeken en bindwerk.</l>
<l>NA 184, nr. 306 (17-10-1624) Akte als subsituut-schout.</l>
<l>NA 294, nr. 197 (1625) Akte.</l>
<l>NA 352, nr. 2 (5-1-1628) Met Paulus Callenbach getuige bij akte.</l>
</all>
</person>