<person>
<firstName>Jan</firstName>
<lastName>Pietersz</lastName>
<dob></dob>
<dod></dod>
<pob>leiden</pob>
<pob-id>1</pob-id>
<pod></pod>
<professional-start>1620</professional-start>
<professional-end></professional-end>
<professions>
<profession>
<term>lettergieter</term>
<profession-id>34</profession-id></profession>
</professions>
<marriage>KO 31-7-1620 Trijntje Adams.</marriage>
<misc>unknown</misc>
<all>
<l>Pietersz, Jan (* Leiden; w. 1620)</l>
<l>Lettergieter.</l>
<l>Huwelijk: KO 31-7-1620 Trijntje Adams.</l>
</all>
</person>