<person>
<firstName>Louris</firstName>
<lastName>Pietersz</lastName>
<dob></dob>
<dod></dod>
<pob></pob>
<pod></pod>
<professional-start>1616</professional-start>
<professional-end></professional-end>
<professions>
<profession>
<term>boekbinder</term>
<profession-id>43</profession-id></profession>
</professions>
<misc>Dingboeken LL, f. 7v (15-1-1616) Schilperoort, gem. van IJsaack van Swaneburg als curator van de boedel van Adriaen Pieters van der Werf, eiser, contra Louris Pietersz, boekbinder, gedaagde vanwege ?5.17.</misc>
<all>
<l>Pietersz, Louris (w. 1616)</l>
<l>Boekbinder.</l>
<l>Dingboeken LL, f. 7v (15-1-1616) Schilperoort, gem. van IJsaack van Swaneburg als curator van de boedel van Adriaen Pieters van der Werf, eiser, contra Louris Pietersz, boekbinder, gedaagde vanwege ?5.17.</l>
</all>
</person>