<person>
<firstName>Niclaes</firstName>
<lastName>Pietersz</lastName>
<dob></dob>
<dod></dod>
<pob>antwerpen</pob>
<pob-id>10</pob-id>
<pod></pod>
<professional-start>1624</professional-start>
<professional-end></professional-end>
<professions>
<profession>
<term>letterzetter</term>
<profession-id>4</profession-id></profession>
</professions>
<marriage>KO 7-8-1624 Maeycken Bernaerts, weduwe Jan van der Swaen.</marriage>
<literature>Briels 385.</literature>
<misc>unknown</misc>
<all>
<l>Pietersz, Niclaes (* Antwerpen; w. 1624)</l>
<l>Letterzetter.</l>
<l>Huwelijk: KO 7-8-1624 Maeycken Bernaerts, weduwe Jan van der Swaen.</l>
<l>Lit.: Briels 385.</l>
</all>
</person>