<person>
<firstName>Phillips</firstName>
<lastName>Pietersz</lastName>
<dob></dob>
<dod></dod>
<pob>schiedam</pob>
<pob-id>60</pob-id>
<pod></pod>
<professional-start>1627</professional-start>
<professional-end></professional-end>
<professions>
<profession>
<term>drukker</term>
<profession-id>9</profession-id></profession>
<profession>
<term>kleermaker</term>
<profession-id>40</profession-id></profession>
</professions>
<marriage>KO 1. 3-3-1612 Machtelt Cornelis; 2. 23-7-1627 Willemtje Gerrits.</marriage>
<address>1612 te Korter Aar.</address>
<misc>Getuigenisboeken: N, f. 74 (drukker, 34 jaar).</misc>
<all>
<l>Pietersz, Phillips (* Schiedam; w. 1627)</l>
<l>Kleermaker, later drukker.</l>
<l>Adres: 1612 te Korter Aar.</l>
<l>Huwelijk: KO 1. 3-3-1612 Machtelt Cornelis; 2. 23-7-1627 Willemtje Gerrits.</l>
<l>Getuigenisboeken: N, f. 74 (drukker, 34 jaar).</l>
</all>
</person>