<person>
<firstName>Pieter</firstName>
<lastName>Pietersz</lastName>
<dob></dob>
<dod></dod>
<pob></pob>
<pod></pod>
<professional-start>1634</professional-start>
<professional-end></professional-end>
<professions>
<profession>
<term>lettergieter</term>
<profession-id>34</profession-id></profession>
</professions>
<misc>NA 388, nr. 8 (8-2-1634) Borgstelling voor Jan Grusen.</misc>
<all>
<l>Pietersz, Pieter (w. 1634)</l>
<l>Lettergieter.</l>
<l>NA 388, nr. 8 (8-2-1634) Borgstelling voor Jan Grusen.</l>
</all>
</person>