<person>
<firstName>Willem</firstName>
<lastName>Pietersz</lastName>
<dob></dob>
<dod></dod>
<pob></pob>
<pod></pod>
<professional-start>1545</professional-start>
<professional-end></professional-end>
<professions>
<profession>
<term>drukker</term>
<profession-id>9</profession-id></profession>
<profession>
<term>boekbinder</term>
<profession-id>43</profession-id></profession>
</professions>
<literature>J.D. Bangs, ?Reconsidering the Lutheran booktrade: The so-called ?Winkelkasboek? of Pieter Claesz. van Balen?, Quaerendo, 9 (1979), 235.</literature>
<misc>Maakte gebruik van het drukkersmateriaal van Jan Zevertsz.</misc>
<all>
<l>Pietersz, Willem (w. 1545)</l>
<l>Boekbinder en drukker?</l>
<l>Maakte gebruik van het drukkersmateriaal van Jan Zevertsz.</l>
<l>Lit.: J.D. Bangs, ?Reconsidering the Lutheran booktrade: The so-called ?Winkelkasboek? of Pieter Claesz. van Balen?, Quaerendo, 9 (1979), 235.</l>
</all>
</person>