<person>
<firstName>Anna</firstName>
<lastName>Pijl</lastName>
<dob></dob>
<dod></dod>
<pob></pob>
<pod></pod>
<professional-start>1687</professional-start>
<professional-end></professional-end>
<professions>
<profession>
<term>boekverkoopster</term>
<profession-id>13</profession-id></profession>
</professions>
<guild>16-9-1687 Vrijmeesteres na request (Requestboek p. 21) (AB 83a, f. 94v).</guild>
<misc>unknown</misc>
<all>
<l>Pijl, Anna (w. 1687-?)</l>
<l>Boekverkoopster.</l>
<l>Gilde: 16-9-1687 Vrijmeesteres na request (Requestboek p. 21) (AB 83a, f. 94v).</l>
</all>
</person>