<person>
<firstName>Pieter van der</firstName>
<lastName>Plaats</lastName>
<dob></dob>
<dod></dod>
<pob></pob>
<pod></pod>
<professional-start>1682</professional-start>
<professional-end></professional-end>
<professions>
<profession>
<term>verkoper</term>
<profession-id>25</profession-id></profession>
</professions>
<guild>?-2-1682 Contribuant, na verzoek aan gerecht d.d. 16-12-1681 (beschikking 8-1-1682, Gerechtdagboek SS, f. 235v). Hij mocht de boeken zowel thuis als op de markt verkopen (AB 83a, f. 50).</guild>
<misc>unknown</misc>
<all>
<l>Plaats, Pieter van der (w. 1682-?)</l>
<l>Verkoper van oude boeken.</l>
<l>Gilde: ?-2-1682 Contribuant, na verzoek aan gerecht d.d. 16-12-1681 (beschikking 8-1-1682, Gerechtdagboek SS, f. 235v). Hij mocht de boeken zowel thuis als op de markt verkopen (AB 83a, f. 50).</l>
</all>
</person>