<person>
<firstName>Johannes van</firstName>
<lastName>Binnevest</lastName>
<dob></dob>
<dod></dod>
<pob></pob>
<pod></pod>
<professional-start>1694</professional-start>
<professional-end>1695</professional-end>
<professions>
<profession>
<term>boekverkoper</term>
<profession-id>1</profession-id></profession>
<profession>
<term>verkoper</term>
<profession-id>25</profession-id></profession>
</professions>
<marriage>KO 3-4-1694 Johanna Lopez de Haro, dochter van Felix Lopez de Haro (getuige zijn zwager Adriaen van Staveren en Filips [!] Lopez haar vader. Zij trouwen te Voorhout. Kinderen: 1. 4-2-1695 PK Maria; 2. 7-4-1699 HK Hermannus; 3. 4-10-1703 HK Felix.</marriage>
<address>1694 Haarlemmerstraat.</address>
<street>Haarlemmerstraat</street>
<street-id>15</street-id>
<lat>52.1601874</lat>
<lon>4.4927112
</lon>
<guild>Vrijmeester?</guild>
<auction>11-6-1695 Magazijn Felix Lopez de Haro.</auction>
<literature>Cat. Lopez de Haro, 12, 30.</literature>
<misc>NA 1996, nr. 98 [scan nr. 414] (1760) Boedel Johannes van Binnevest ( 13-4-1760). Zijn testament voor dezelfde notaris op 12-8-1759; daarnaast verscheidene andere akten over hem. Enkele prelegaten voor zijn nicht Anna Lopes. Universele erfgenamen zijn zijn vier kleinkinderen, verwekt door Hermanus van Binnevest, predikant te Delft, onder wie Johannes van Binnevest, predikant te Zwammerdam en Dirk Semeijns van Binnevest, student. Verhuurd huis in de Haarlemmerstraat, graf in de Hooglandse Kerk. Huisraad: (zijkamer) 6 schilderijtjes; (slaapkamer van de meid) schilderij; hondehokje; (slaapkamer van de overledene) 4 schilderijtjes; lessenaar; (grote kamer beneden) porselein; (eetzaal); (voorkamer boven) 8 schilderijen; (achterkamer) 4 schilderijtjes. Geen boeken! Scheiding nr. 99.</misc>
<all>
<l>Binnevest, Johannes van (w. 1694-95)</l>
<l>Boekverkoper.</l>
<l>Adres: 1694 Haarlemmerstraat.</l>
<l>Huwelijk: KO 3-4-1694 Johanna Lopez de Haro, dochter van Felix Lopez de Haro (getuige zijn zwager Adriaen van Staveren en Filips [!] Lopez haar vader. Zij trouwen te Voorhout. Kinderen: 1. 4-2-1695 PK Maria; 2. 7-4-1699 HK Hermannus; 3. 4-10-1703 HK Felix.</l>
<l>Gilde: Vrijmeester?</l>
<l>Veilingen: 11-6-1695 Magazijn Felix Lopez de Haro.</l>
<l>NA 1428, nr. 46 (26-8-1682) Akte met zijn familieleden.</l>
<l>NA 1012, nr. 5 (20-2-1685) Huurt huis aan de Hoge Rijndijk in Hazerswoude.</l>
<l>NA 1317, nr. 60 (5-10-1708) Genoemd als koopman die procuratie geeft om bij Leendert Backer, boekverkoper te Goes N60.17 te innen volgens rekening.</l>
<l>?NA 1631, nr. 90 (1714) Akte.</l>
<l>NA 1632, nr. 75 (1715) Akte.</l>
<l>NA 1974, nr. 100 (11-8-1738) Testament. Dezelfde?</l>
<l>NA 1983, nr. 176 (?).</l>
<l>NA 1996, nr. 97 [scan nr. 412] (7-10-1760) Akte Anna Lopes, meerderjarig en ongehuwd, over haar erfdeel in de nalatenschap van haar oom Johannes van Binnevest. Zie ook nr. 98, boedel van Johannes van Binnevest en nr. 102.</l>
<l>NA 1996, nr. 98 [scan nr. 414] (1760) Boedel Johannes van Binnevest ( 13-4-1760). Zijn testament voor dezelfde notaris op 12-8-1759; daarnaast verscheidene andere akten over hem. Enkele prelegaten voor zijn nicht Anna Lopes. Universele erfgenamen zijn zijn vier kleinkinderen, verwekt door Hermanus van Binnevest, predikant te Delft, onder wie Johannes van Binnevest, predikant te Zwammerdam en Dirk Semeijns van Binnevest, student. Verhuurd huis in de Haarlemmerstraat, graf in de Hooglandse Kerk. Huisraad: (zijkamer) 6 schilderijtjes; (slaapkamer van de meid) schilderij; hondehokje; (slaapkamer van de overledene) 4 schilderijtjes; lessenaar; (grote kamer beneden) porselein; (eetzaal); (voorkamer boven) 8 schilderijen; (achterkamer) 4 schilderijtjes. Geen boeken! Scheiding nr. 99.</l>
<l>Lit.: Cat. Lopez de Haro, 12, 30.</l>
</all>
</person>