<person>
<firstName>Antoine de</firstName>
<lastName>Planque[s]</lastName>
<dob></dob>
<dod></dod>
<pob>leiden</pob>
<pob-id>1</pob-id>
<pod></pod>
<professional-start>1653</professional-start>
<professional-end>1670</professional-end>
<professions>
<profession>
<term>boekverkoper</term>
<profession-id>1</profession-id></profession>
<profession>
<term>verkoper</term>
<profession-id>25</profession-id></profession>
</professions>
<marriage>Elisabeth Lestienne. Kinderen: David (doop WK 13-4-1653); Anne (doop WK 7-11-1655 ? de vader wordt Descamp genoemd); Elisabeth (doop WK 28-10-1657).</marriage>
<address>Clarasteeg.</address>
<misc>NA 10150, nr. 2 (4-1-1670) Mutueel testament. Hij is ziek. De kinderen krijgen elk ?500.</misc>
<all>
<l>Planque[s], Antoine de (* Leiden; w. 1653-1670?)</l>
<l>Boekverkoper.</l>
<l>Refugi?.</l>
<l>Adres: Clarasteeg.</l>
<l>Huwelijk: Elisabeth Lestienne. Kinderen: David (doop WK 13-4-1653); Anne (doop WK 7-11-1655 ? de vader wordt Descamp genoemd); Elisabeth (doop WK 28-10-1657).</l>
<l>Poorterboek: getuige bij Anthony Gransaer (29-5-1665).</l>
<l>SA 71, ff. 230r-231r (27?-2-1653) Consent om als boekverkoper werkzaam te zijn, nu hem dit door de nieuwe gildekeur ontzegd werd. Volgens zijn request was hij al negen jaar in Leiden als boekverkoper werkzaam tot onderhoud van vrouw en kinderen.</l>
<l>NA 10150, nr. 2 (4-1-1670) Mutueel testament. Hij is ziek. De kinderen krijgen elk ?500.</l>
</all>
</person>