<person>
<firstName>David de</firstName>
<lastName>Planque[s]</lastName>
<dob>1653</dob>
<dod></dod>
<pob>leiden</pob>
<pob-id>1</pob-id>
<pod></pod>
<professional-start>1678</professional-start>
<professional-end>1693</professional-end>
<professions>
<profession>
<term>boekverkoper</term>
<profession-id>1</profession-id></profession>
<profession>
<term>verkoper</term>
<profession-id>25</profession-id></profession>
</professions>
<marriage>KO 18-8-1689 Madeleine Perimony uit St. Valery (getuige zijn zwager Abraham de Kler [le Clair]); ? 19-8-1691.</marriage>
<address>1686-89 Clarasteeg.</address>
<guild>28-10-1679 Vrijmeester (AB 83a, f. 118v).</guild>
<misc>NA 1515, nr. 66 (19-7-1692) Schikking over de erfenis met de erven van zijn overleden echtgenote.</misc>
<all>
<l>Planque[s], David de (* Leiden 1653 [doop WK 13-4-1653]; w. 1678-1693)</l>
<l>Boekverkoper.</l>
<l>Zoon van Antoine de Planque.</l>
<l>Adres: 1686-89 Clarasteeg.</l>
<l>Huwelijk: KO 18-8-1689 Madeleine Perimony uit St. Valery (getuige zijn zwager Abraham de Kler [le Clair]); ? 19-8-1691.</l>
<l>Gilde: 28-10-1679 Vrijmeester (AB 83a, f. 118v).</l>
<l>Poorterboek: getuige bij Philippe Perimony (19-6-1693).</l>
<l>NA 1512, nr. 31 (15-8-1689) Huwelijkscontract.</l>
<l>NA 1514, nr. 71 (27-10-1691) Uitgebreide en interessante boedel na het overlijden van zijn echtgenote. Erven haar ouders Michiel Perimony en Maria le Febvre te St. Valery sur Somme (Picardi?). Onroerend goed: 2 huizen, in de Clarasteeg en de Sacksteeg, uitkomende op de Oude Voldersgracht. De winkelvoorraad is getaxeerd door Daniel van Gaesbeeck, Pieter van der Meersche en Jacob Manneke als gildemeesters (kosten ?8):</l>
<l>6 riemen lietjes getaxeert op	? 6</l>
<l>4 packies ongebonden boeken	? 3</l>
<l>2 packies dito sermons op	? 2</l>
<l>1 packet duijtse en franse bybeltjes testamenten	? 8</l>
<l>6 franse testamentjes ongebonden	? 3.12</l>
<l>3 riemen schryfpapier van verscheyde soort waer onder</l>
<l>drie schryf boecken	? 10</l>
<l>Omtrent twee pont lack met wat ouweltjes	? 1.10</l>
<l>2 riem blauw papier	? 4</l>
<l>Noch eenig blauw papier groot formaet 8 boeck	? 1.12</l>
<l>2 packies franse ongebonden boecken	? 3</l>
<l>2 packies frans catekismus &amp; lantepatie [l?antipathie?]	? 1.10</l>
<l>Drelincourt Consolation contre la mort 47 exemplaren</l>
<l>? 9 st. t stuck	? 21.3</l>
<l>Een packie ongebonden boecken	? 3</l>
<l>4 packies franse ongebonden dito	? 4</l>
<l>Een packie dito van Drilencourt [!] en een packie van</l>
<l>diverse soort t saemen	? 2.10</l>
<l>Een packie admireau en een Sentence des martirs</l>
<l>item Jouge [?] armuse complette t saem	? 4.10</l>
<l>Le livre du berger 2 packies	? 1.16</l>
<l>Le tombeau des controverses</l>
<l>Le manuel du vray brestien [?]</l>
<l>Sermons divers et daux [?] de Jerico t saemen	? 6</l>
<l>Taffin, Mauger dialogue en varia	? 3</l>
<l>Een packet spalmboecken [!] en een dito	? 5</l>
<l>2 riem duyts school goet	? 4</l>
<l>4 packies franse lietjes verscheyde soort	? 3</l>
<l>4 packe dito Le coeur des auges	? 16</l>
<l>2 packies post papier en eenige cas boecken	? 6</l>
<l>Een packie frans goet omt[rent] 2 riem	? 2</l>
<l>12 riem franse catekismus ? 2 gld.	? 24</l>
<l>2 packies Calvin een packie</l>
<l>Verscheijde bougom catekismus	? 5</l>
<l>Een packet La guirlande des files [?] frans en duijts een</l>
<l>packie verscheyde	? 4</l>
<l>Noch 1 packie verscheyde	? 1.16</l>
<l>Escole de la jeusnesse [!] etc. noch eenich los goet	? 2</l>
<l>Eenige huys brieven	? 1.16</l>
<l>10 spaens leere france testamenties	? 9</l>
<l>4 idem sagryne	? 4.16</l>
<l>1 frans bybeltge sagryn	? 2.10</l>
<l>2 testamentges spaens leer	? 1.16</l>
<l>2 france spalm [!] boecken groote letter	? 3.12</l>
<l>1 spanes leere en 2 sagryne france testamenten	? 3.6</l>
<l>7 franse testamenten france bant vergult	? 8</l>
<l>3 idem verpitert [?]	? 2</l>
<l>7 avontmaeltges in 12 waer onder 5 france bande en</l>
<l>2 andere	? 4</l>
<l>25 in 24 dito	? 7.10</l>
<l>22 spalm [!] boeck in 18 int frans	? 7</l>
<l>3 spalm boecken frans en duyts en een op noten int frans	? 1.10</l>
<l>13 france spalm boeckies in 4 8 met een out	? 3</l>
<l>22 idem in duyts	? 5</l>
<l>4 spalm boecken grove letter int frans in 12	? 2.10</l>
<l>8 testamentges in duyts waer van 3 france in bant in 12	? 7</l>
<l>4 spalm boecken grosve letter spaens leer in 12	? 2.10</l>
<l>3 sagryne testamentges in duyts mede in 12	? 5</l>
<l>4 dito in 18	? 4.10</l>
<l>Een testament descendiaen sagrijn in 12	? 2</l>
<l>3 bybeltjes in duyts, 2 in 12 en een in 18	? 6.10</l>
<l>4 rouw boeckies	? 2</l>
<l>3 duytse avontmaeltjes	? 1.7</l>
<l>boecken in quarto</l>
<l>3 boecken tresor de l?ame	? 1</l>
<l>5 france boecken	? 1</l>
<l>Jurieu Lettre pastorale	? 1.10</l>
<l>9 france boecken varia	? 1.10</l>
<l>6 France dito varia	? 2</l>
<l>5 dito varia	? 0.18</l>
<l>4 dito varia	? 0.18</l>
<l>Institutie van Calvin in duijts	? 0.6</l>
<l>9 france boecken varia in 8vo	? 0.10</l>
<l>4 Knibbe Catekisatie in 8vo	? 1</l>
<l>5 boecken in octavo	? 0.12</l>
<l>12 in duodecimo varia	? 2</l>
<l>8 france boeckies in 12	? 1.4</l>
<l>10 idem	? 1.10</l>
<l>8 idem	? 1.4</l>
<l>6 idem in 24	? 0.8</l>
<l>14 idem in 12	? 1.10</l>
<l>12 idem	? 2.2</l>
<l>11 idem sex out [?] in 8	? 0.15</l>
<l>2 packies cleyn goet	? 0.6</l>
<l>een planckie duyts school goet	? 2.10</l>
<l>een planckie frans dito	? 3</l>
<l>een planckie france lietges	? 2</l>
<l>11? dozyn speel kaerten	? 6</l>
<l>2 dozyn france abc borretges	? 0.12</l>
<l>9 packies france cathekismus	? 9</l>
<l>3 packies france lietges	? 1.4</l>
<l>2 packies duyts school goet	? 1.4</l>
<l>1 packie Complainte de Jesus Christ	? 0.10</l>
<l>1 duyts testamentje ongebonden	? 0.10</l>
<l>varia een partijtge	? 1.4</l>
<l>een partytge varia	? 1.4</l>
<l>een variatge waronder 3 schryf boeckies	? 1</l>
<l>10 oude france testamenten	? 4</l>
<l>2 oude duytse bybeltges	? 1.10</l>
<l>drie oude france spalm boecken	? 0.10</l>
<l>een varia	? 0.12</l>
<l>twee planckies met varia	? 1</l>
<l>8 stucken van Calvin in fo.	? 6</l>
<l>3 france Martelaeren in fo.	? 8</l>
<l>4 boecken in fo.	? 4</l>
<l>4 boecken in dito	? 2.10</l>
<l>1 duytse bybel	? 7</l>
<l>1 oude dito	? 1.4</l>
<l>2 Histoire des princes dorange	? 1.16</l>
<l>Petit histoire du paijs bas	? 2</l>
<l>een varia in octavo	? 0.4</l>
<l>9 boecken in dito	? 1.7</l>
<l>7 dito	? 1.10</l>
<l>9 dito	? 3</l>
<l>3 deeltges voijage de tavernier	? 3</l>
<l>10 boecken in octavo	? 3</l>
<l>8 dito	? 3</l>
<l>7 dito en 5 cleyne	? 1</l>
<l>8 dito	? 2.10</l>
<l>8 dito	? 3</l>
<l>8 dito	? 3.3</l>
<l>9 dito	? 3.3</l>
<l>4 boeckies france bant	? 2</l>
<l>6 packettges frans goet	? 1.10</l>
<l>7 france boecken in octavo	? 2.2</l>
<l>10 france boeckies in 12	? 2</l>
<l>10 dito	? 2</l>
<l>10 oude france dito	? 1</l>
<l>11 oude dito	? 1</l>
<l>14 oude dito	? 1.4</l>
<l>6 Dialogus Maugers	? 2.2</l>
<l>een varia	? 1</l>
<l>een varia seer out	? 0.4</l>
<l>een veuhten [?] boeckies	? 0.10</l>
<l>een varia in 12	? 0.12</l>
<l>9 boeck abc boecken	? 1.4</l>
<l>2 riem schryff papier	? 8</l>
<l>? riem 8 ponts grauw	? 3</l>
<l>16 boeck 6 ponts grauw	? 2</l>
<l>6 boeck tobachs papier en een boeck ganse en uylen	? 1</l>
<l>een partytge duytse boecken in 12	? 2</l>
<l>een partytge duytse boecken in octavo	? 1.16</l>
<l>Groenewegen over de Romynen ongebonden	? 2.10</l>
<l>Groenewegen Catekismus en boecken over Daniel	? 3</l>
<l>een varia duyts	? 0.10</l>
<l>15 vel parkement hoorn daer onder 3 heele	? 9</l>
<l>2 boeck bort papier	? 4</l>
<l>2 leggende persen met eenige foly plancken	? 1.10</l>
<l>rommeling van scheur papier planckies en snippeling	? 0.12</l>
<l>een partytge schaepe gesnede parckement	? 2</l>
<l>2 ploegen	? 2</l>
<l>3 persen met een hant pers	? 2.10</l>
<l>3 dosies met nieuw, en oude slooten	? 3</l>
<l>noch een oud variatge	? 0.3</l>
<l>een partijtge sny en pers plancken	? 2.10</l>
<l>4 krijt lijen	? 0.12</l>
<l>een partye plancken tot de boeckwinckel	? 3</l>
<l>een glaese kassie	? 1</l>
<l>een partt cleyn gereetschap en wat out tou en een naybanck	? 2</l>
<l>een hoeck soldertge en clop steen	? 3</l>
<l>3 veuhters [?] backen 2 cordeer borden	? 0.6</l>
<l>2 inct tonnen met den inct	? 2.10</l>
<l>Hierop volgt een beschrijving van alle huisraad, waaronder in de winkel tal van lappen linnen, een partij ouwelen, garen, winkelplanken met touwbank, een zoldertjhe en een ?balansie met eenig gewicht?. Verder in huis ?een kaert van de tien geboden?, een ?boeck met silvere slooten?. Onder de inneschulden worden vermeld Symon Drolenveaux de jonge ?over eenige boecken? ?0.18, Pieter Mylius ?1.17; Sr. Cliquet ?1; Sr. Piqueau ?8.4; Thomas Le Coincte ?10.2; Sr. Boulenger ?14.7; Sr. Crama ?3.14; etc. (vooral Franse namen). Ook heeft hij nog ?500 van zijn schoonvader te goed ?van t huwelycx goet?, alsmede ?250 ?voor soo veel den inventariant door syn ordre in verscheyde reyse gestelt heeft aen Marie Perimonij syn dochter?, alsmede ?90 ?voor soo veel den inventariant ingevolge van syn ordre aen Philippe Perimony syn soon heeft gestelt?. Abram Clarisse is schuldig ?24.8 voor boeken die hij in commissie heeft gekregen om te verkopen. Dan volgt een lijst van mensen die geld van David te goed hebben:</l>
<l>Daniel van Daelen boeckvercooper tot Amsterdam</l>
<l>comt over geleverde boecken	? 72</l>
<l>Sr Acher boeckvercooper tot Rotterdam	? 25</l>
<l>Sr Parmentier boeckvercooper tot Amsterdam	? 58.14</l>
<l>Sr. Manneken boeckvercooper tot Leyden	? 33.4?</l>
<l>Sr Le Grand	? 3.18</l>
<l>Joffr. St. Glain courant druckster tot Rotterdam	? 34.6</l>
<l>Sr. Troyel boeckvercooper in s?Gravenhage	? 9.14</l>
<l>Voorts heeft zijn schoonvader Michel Perimony nog ?206.9 voor verkochte winkelwaren. Schoonvader Michel Perimony heeft daarnaast nog allerlei goederen uit de boedel te goed.</l>
<l>NA 1515, nr. 66 (19-7-1692) Schikking over de erfenis met de erven van zijn overleden echtgenote.</l>
</all>
</person>