<person>
<firstName>Elisabeth de</firstName>
<lastName>Planque[s]</lastName>
<dob>1657</dob>
<dod></dod>
<pob>leiden</pob>
<pob-id>1</pob-id>
<pod></pod>
<professional-start>1698</professional-start>
<professional-end>1716</professional-end>
<professions>
</professions>
<marriage>1. Abraham le Clair. Kinderen: doop WK 13-2-1689 Elisabeth; HK 6-11-1691 Elisabeth; HK 14-5-1693 David; 2. KO 4-3-1701 Anthony Louver, kleermaker in de Moriaensteeg.</marriage>
<address>1701, 1732 Clarasteeg.</address>
<guild>5-12-1698 Vrijmeesteres na een request d.d. 27-11-1698 aan het gerecht (apostille 4-12-1698). In haar request schreef zij dat haar vader vele jaren de boeknering had gedreven en dat hij na zijn dood was opgevolgd door zijn zoon Jan [= David?], die echter acht maanden geleden was komen te overlijden. Daar zij ervaren was in de boekhandel sedert haar jeugd, en bovendien twee kinderen moest opvoeden, wilde zij het familiebedrijf voortzetten (AB 83a, f. 29; Gerechtsdagboek ZZ, f. 179).</guild>
<misc>NA 1926A, ff. 340-41 (15-6-1736) Verklaring als weduwe van Antonie Louwerd in de Clarasteeg betreffende haar nalatenschap; gesproken wordt van een schoenmakerswinkel. Dezelfde?</misc>
<all>
<l>Planque[s], Elisabeth de (* Leiden 1657 [doop WK 28-10-1657]; w. 1698-1716)</l>
<l>Boek en papierverkoopster.</l>
<l>Dochter van Antoine le Planque en Elizabeth Lestienne.</l>
<l>Adres: 1701, 1732 Clarasteeg.</l>
<l>Huwelijk: 1. Abraham le Clair. Kinderen: doop WK 13-2-1689 Elisabeth; HK 6-11-1691 Elisabeth; HK 14-5-1693 David; 2. KO 4-3-1701 Anthony Louver, kleermaker in de Moriaensteeg.</l>
<l>Gilde: 5-12-1698 Vrijmeesteres na een request d.d. 27-11-1698 aan het gerecht (apostille 4-12-1698). In haar request schreef zij dat haar vader vele jaren de boeknering had gedreven en dat hij na zijn dood was opgevolgd door zijn zoon Jan [= David?], die echter acht maanden geleden was komen te overlijden. Daar zij ervaren was in de boekhandel sedert haar jeugd, en bovendien twee kinderen moest opvoeden, wilde zij het familiebedrijf voortzetten (AB 83a, f. 29; Gerechtsdagboek ZZ, f. 179).</l>
<l>Personeel: 24-9-1716 haar zoon David de Planque L (AB 83b, f. 10).</l>
<l>In 1689 was haar man Abraham le Clair [de Kler] getuige bij het huwelijk van zijn zwager David Le Planque met Madeleine Perimony uit St. Valery.</l>
<l>NA 1522, nr. 25 (24-2-1699) Voogdijstelling.</l>
<l>NA 1922, ff. 226-27 (26-4-1732) Testament.</l>
<l>NA 1932, f. 343 (1733?) Obligatie.</l>
<l>NA 1926A, ff. 340-41 (15-6-1736) Verklaring als weduwe van Antonie Louwerd in de Clarasteeg betreffende haar nalatenschap; gesproken wordt van een schoenmakerswinkel. Dezelfde?</l>
</all>
</person>