<person>
<firstName>Christoffel</firstName>
<lastName>Plantijn</lastName>
<dob>1589</dob>
<dod></dod>
<pob>? Antwerpen </pob>
<pod></pod>
<professional-start>1583</professional-start>
<professional-end>1585</professional-end>
<professions>
<profession>
<term>boekverkoper</term>
<profession-id>1</profession-id></profession>
<profession>
<term>drukker</term>
<profession-id>9</profession-id></profession>
<profession>
<term>verkoper</term>
<profession-id>25</profession-id></profession>
</professions>
<address>Breestraat/hoek Vrouwensteeg en Rapenburg, bij de Academie.</address>
<street>Rapenburg</street>
<street-id>50</street-id>
<lat>52.155884</lat>
<lon>4.4876151
</lon>
<literature>Briels 385-392; Voet; Cat. Plantijn 1989.</literature>
<misc>Waarboek N, ff. 81-82 (19-8-1586) Overdrachten van huizen aan Franciscus I Raphelengius.</misc>
<all>
<l>Plantijn, Christoffel (* St. Avertin ? 1520; ? Antwerpen 1589; w. 1583-1585)</l>
<l>Drukker en boekverkoper.</l>
<l>Adres: Breestraat/hoek Vrouwensteeg en Rapenburg, bij de Academie.</l>
<l>Album studiosorum: 29-4-1583 ?Christophorus Plantinus?.</l>
<l>1-5-1583 Boekdrukker van de Academie als opvolger van Carel Silvius. Op 26-11-1585, vlak voor zijn terugkeer naar Antwerpen, droeg hij zijn Leidse bezittingen over aan Franciscus I Raphelengius.</l>
<l>Getuignisboeken K, f. 128 (drukker).</l>
<l>In een aantal akten in het protocol van notaris Jan van Hout, o.a. die van Justus Lipsius en Janus Dousa (NA 44, ff. 13, 15), treedt Plantijn op als getuige.</l>
<l>NA 44, ff. 18v (19-11-1584) Testament met zijn vrouw Jeanne Riviere. Zij kan haar handtekening niet zetten.</l>
<l>NA 50, f. 165v (16-8-1585) Procuratie aan zijn vrouw Jeanne Riviere, Christiaen Porret, Christoffel Raphelengius en Hans Spierinck om uit zijn naam te handelen, schulden te innen etc. De akte wordt ondertekend door A. Maire en Hans Dresseler als getuigen.</l>
<l>NA 54, nr. 182 (zijn dochter).</l>
<l>Waarboek N, ff. 81-82 (19-8-1586) Overdrachten van huizen aan Franciscus I Raphelengius.</l>
<l>Lit.: Briels 385-392; Voet; Cat. Plantijn 1989.</l>
</all>
</person>