<person>
<firstName>Cornelis van der</firstName>
<lastName>Plas</lastName>
<dob></dob>
<dod></dod>
<pob></pob>
<pod></pod>
<professional-start>1664</professional-start>
<professional-end></professional-end>
<professions>
<profession>
<term>pseudoniem</term>
<profession-id>24</profession-id></profession>
</professions>
<address>Rijn.</address>
<literature>Thesaurus.</literature>
<misc>unknown</misc>
<all>
<l>Plas, Cornelis van der (w. 1664)</l>
<l>Pseudoniem?</l>
<l>Adres: Rijn.</l>
<l>Lit.: Thesaurus.</l>
</all>
</person>