<person>
<firstName>Johannes</firstName>
<lastName>Plat[t]eel</lastName>
<dob></dob>
<dod></dod>
<pob></pob>
<pod></pod>
<professional-start>1676</professional-start>
<professional-end></professional-end>
<professions>
<profession>
<term>boekverkoper</term>
<profession-id>1</profession-id></profession>
<profession>
<term>verkoper</term>
<profession-id>25</profession-id></profession>
</professions>
<guild>20/26?-4-1676 Vrijmeester (AB 83a, f. 7).</guild>
<misc>unknown</misc>
<all>
<l>Plat[t]eel, Johannes (w. 1676)</l>
<l>Boekverkoper.</l>
<l>Gilde: 20/26?-4-1676 Vrijmeester (AB 83a, f. 7).</l>
</all>
</person>