<person>
<firstName>Johannes</firstName>
<lastName>Platteel</lastName>
<dob></dob>
<dod></dod>
<pob>leiden</pob>
<pob-id>1</pob-id>
<pod></pod>
<professional-start>1755</professional-start>
<professional-end>1759</professional-end>
<professions>
<profession>
<term>drukker</term>
<profession-id>9</profession-id></profession>
<profession>
<term>drukkersknecht</term>
<profession-id>11</profession-id></profession>
<profession>
<term>knecht</term>
<profession-id>45</profession-id></profession>
<profession>
<term>drukkers</term>
<profession-id>63</profession-id></profession>
</professions>
<marriage>KO 16-2-1759 Catharina du Gu? (getuige zijn moeder Maria Brandenburg).</marriage>
<address>Middelste Hoefstraat.</address>
<guild>1-12-1755 K bij Boot; 6-10-1760 voor 6 maanden K bij Hendrik van der Deijster; 1762 L (?) bij Hendrik van Damme.</guild>
<misc>Zoon van Ferdinand? Platteel en Maria Brandenburg.</misc>
<all>
<l>Platteel, Johannes (* Leiden; w. 1755-59)</l>
<l>Drukkersknecht.</l>
<l>Zoon van Ferdinand? Platteel en Maria Brandenburg.</l>
<l>Adres: Middelste Hoefstraat.</l>
<l>Huwelijk: KO 16-2-1759 Catharina du Gu? (getuige zijn moeder Maria Brandenburg).</l>
<l>Gilde: 1-12-1755 K bij Boot; 6-10-1760 voor 6 maanden K bij Hendrik van der Deijster; 1762 L (?) bij Hendrik van Damme.</l>
</all>
</person>