<person>
<firstName>Pieter</firstName>
<lastName>Pluygers [Pluijgers]</lastName>
<dob>1793</dob>
<dod></dod>
<pob>zijn weduwe tot </pob>
<pob-id>1</pob-id>
<pod></pod>
<professional-start>1780</professional-start>
<professional-end></professional-end>
<professions>
<profession>
<term>boekverkoper</term>
<profession-id>1</profession-id></profession>
<profession>
<term>verkoper</term>
<profession-id>25</profession-id></profession>
</professions>
<marriage>KO 13-7-1786 Elisabeth Davoine (getuige zijn moeder).</marriage>
<address>1789 Breestraat.</address>
<street>Breestraat</street>
<street-id>5</street-id>
<lat>52.1576037</lat>
<lon>4.4910914
</lon>
<guild>10-10-1774 L bij Johannes le Mair. 4-8?-1780 Vrijmeester (AB 83a, f. 76). Zijn weduwe bedankte in 1793 (AB 83c, f. 101).</guild>
<misc>NA 2558, nr. 1 [scan nr. 13] (1789) Testament Pieter Pluijgers en vrouw. Zij verklaren tot geen ?2000 gegoed te zijn en in het ambtgeld niet bekend te zijn. Zij wonen op de Breestraat.</misc>
<all>
<l>Pluygers [Pluijgers], Pieter (* Leiden; w. 1780-?; zijn weduwe tot 1793)</l>
<l>Boekverkoper.</l>
<l>Zoon van de winkelier Pieter Pluygers sr. en Maria van der Veer (KO 13-4-1754); kinderen; zij hertrouwt KO 28-3-1794 met Cornelis Willem Westerbaan uit Utrecht.</l>
<l>Adres: 1789 Breestraat.</l>
<l>Huwelijk: KO 13-7-1786 Elisabeth Davoine (getuige zijn moeder).</l>
<l>Gilde: 10-10-1774 L bij Johannes le Mair. 4-8?-1780 Vrijmeester (AB 83a, f. 76). Zijn weduwe bedankte in 1793 (AB 83c, f. 101).</l>
<l>Personeel: 13-12-1780 Dirk Abspoel L (wees); 6-10-1783 H. Frederiks L (van Haak &amp; Co.); 5-11-1787 B.J. Morks L voor 3 jr. (van Grijp, waar hij maar een jaar had gediend, omdat Grijp was overleden) (AB 83c, f. 82v).</l>
<l>NA 2051, nr. 7 (1762) Rekening van de boedel van Pieternelletje van Es. Pieter Pluijgers, Anthony Murray en Hendrik Mostert mede-erfgenamen.</l>
<l>NA 2558, nr. 1 [scan nr. 13] (1789) Testament Pieter Pluijgers en vrouw. Zij verklaren tot geen ?2000 gegoed te zijn en in het ambtgeld niet bekend te zijn. Zij wonen op de Breestraat.</l>
</all>
</person>