<person>
<firstName>Stephanus van der</firstName>
<lastName>Pluym</lastName>
<dob>1763</dob>
<dod></dod>
<pob>leiden</pob>
<pob-id>1</pob-id>
<pod></pod>
<professional-start>1774</professional-start>
<professional-end></professional-end>
<professions>
<profession>
<term>letterzetter</term>
<profession-id>4</profession-id></profession>
</professions>
<marriage>KO 28-10-1774 Adriana Blanchez uit Leiden, in de Dolhuissteeg (getuige zijn vader en haar moeder Ariaantje van Wijkvliet); kinderen: 1. doop PK 14-5-1777 Paulus.</marriage>
<address>1774 Middelweg.</address>
<street>Middelweg</street>
<street-id>35</street-id>
<lat>52.1581081</lat>
<lon>4.4948943
</lon>
<misc>NA 2545, f. 468 (1776) Cautie.</misc>
<all>
<l>Pluym, Stephanus van der (* Leiden 1763 [doop HK 11-9]; w. 1774)</l>
<l>Letterzetter.</l>
<l>Zoon van Pieter van der Pluym en Grietje Snoekers.</l>
<l>Adres: 1774 Middelweg.</l>
<l>Huwelijk: KO 28-10-1774 Adriana Blanchez uit Leiden, in de Dolhuissteeg (getuige zijn vader en haar moeder Ariaantje van Wijkvliet); kinderen: 1. doop PK 14-5-1777 Paulus.</l>
<l>NA 2545, f. 468 (1776) Cautie.</l>
</all>
</person>