<person>
<firstName>de weduwe van [juffr. Van Leeuwen]</firstName>
<lastName>Poelgeest</lastName>
<dob></dob>
<dod></dod>
<pob></pob>
<pod></pod>
<professional-start>1726</professional-start>
<professional-end></professional-end>
<professions>
<profession>
<term>speelkaartverkoopster</term>
<profession-id>14</profession-id></profession>
</professions>
<address>Hooigracht.</address>
<guild>1726 Contribuant (AB 83c, f. 95).</guild>
<misc>unknown</misc>
<all>
<l>Poelgeest, de weduwe van [juffr. Van Leeuwen] (w. 1726)</l>
<l>Speelkaartverkoopster.</l>
<l>Adres: Hooigracht.</l>
<l>Gilde: 1726 Contribuant (AB 83c, f. 95).</l>
</all>
</person>