<person>
<firstName>Pierre le</firstName>
<lastName>Blanc</lastName>
<dob></dob>
<dod></dod>
<pob></pob>
<pod></pod>
<professional-start>1625</professional-start>
<professional-end></professional-end>
<professions>
<profession>
<term>boekverkoper</term>
<profession-id>1</profession-id></profession>
<profession>
<term>verkoper</term>
<profession-id>25</profession-id></profession>
</professions>
<marriage>? 31-3-1627 Margriete du Hameel uit Artois (getuigen zijn broer Herman Warlincourt; de bruidegom is afkomstig uit Norwich)</marriage>
<misc>Zelfde als Pieter de Wit?</misc>
<all>
<l>Blanc, Pierre le (w. 1625)</l>
<l>Boekverkoper.</l>
<l>Zoon van ? en Jeanne de Vos.</l>
<l>Huwelijk: ? 31-3-1627 Margriete du Hameel uit Artois (getuigen zijn broer Herman Warlincourt; de bruidegom is afkomstig uit Norwich)</l>
<l>NA 294, nr. 118 (23-8-1625) Verklaring met enkele anderen t.b.v. de chirurgijn Pierre Vasseur.</l>
<l>Zelfde als Pieter de Wit?</l>
</all>
</person>