<person>
<firstName>Jacob Jochemsz</firstName>
<lastName>Poereep</lastName>
<dob></dob>
<dod></dod>
<pob></pob>
<pod></pod>
<professional-start>1694</professional-start>
<professional-end>1712</professional-end>
<professions>
<profession>
<term>boekverkoper</term>
<profession-id>1</profession-id></profession>
<profession>
<term>drukker</term>
<profession-id>9</profession-id></profession>
<profession>
<term>verkoper</term>
<profession-id>25</profession-id></profession>
</professions>
<marriage>1. SH c. 1701 Christina Cloppers; 2. KO 22-4-1706 Johanna Maria Engouw uit Den Haag (getuige zijn neef Andries du Surnom); kinderen: doop PK 10-8-1707 Alida; PK 29-8-1708 Pieter; PK 2-8-1713 Dirk.</marriage>
<address>1691 Nieuwstraat, bij de Burcht; 1706 Rapenburg.</address>
<street>Rapenburg</street>
<street-id>50</street-id>
<lat>52.155884</lat>
<lon>4.4876151
</lon>
<guild>21-6-1694 K bij Johannes du Vivi?. 23-12-1694 Vrijmeester boekverkoper; 17-10-1712 vrijmeester boekdrukker vlgs. geboorterecht (AB 83a, f. 63). Hoofdman 1711-12.</guild>
<literature>Molhuysen, Bronnen, IV, 261, 278, 301.</literature>
<misc>NA 1794, nr. 42 (11-6-1716) Procuratie aan Reinier Stapel, procureur voor de vierschaar te Amsterdam, om hem te vertegenwoordigen in zijn zaak tegen Christoffel Engouw.</misc>
<all>
<l>Poereep, Jacob Jochemsz (w. 1694-1712)</l>
<l>Boekverkoper en drukker, tevens pedel en korte tijd drukker van de Academie.</l>
<l>Zoon van Jochem Poereep.</l>
<l>Luthers.</l>
<l>Adres: 1691 Nieuwstraat, bij de Burcht; 1706 Rapenburg.</l>
<l>Huwelijk: 1. SH c. 1701 Christina Cloppers; 2. KO 22-4-1706 Johanna Maria Engouw uit Den Haag (getuige zijn neef Andries du Surnom); kinderen: doop PK 10-8-1707 Alida; PK 29-8-1708 Pieter; PK 2-8-1713 Dirk.</l>
<l>Gilde: 21-6-1694 K bij Johannes du Vivi?. 23-12-1694 Vrijmeester boekverkoper; 17-10-1712 vrijmeester boekdrukker vlgs. geboorterecht (AB 83a, f. 63). Hoofdman 1711-12.</l>
<l>14-2-1711 Benoeming tot pedel; 1718 ontslagen wegens wangedrag.</l>
<l>24-10-1712 tot 8-5-1715 Academiedrukker als opvolger van Abraham Elsevier, bleef echter in gebreke, waarop hij werd vervangen door Pieter van der Aa.</l>
<l>Molhuysen, Bronnen IV, 127 (29-8-1695) Voorstel tot aanstelling Poereep, ?bibliopola in Academia vicina?, als pedel; 205 (19-10-1703): S pedelschap Poereep in de plaats [?] van pedel Bernard de Lange. Ook S 6, 11 en 26-12-1703 (p. 206), 13 en 24-6-1704, 5-8-1704 (pp. 209-210), 24-9-1706 (p. 223), 4-2-1707 (p. 224), 3-2-1708 (p. 231), 4-2-1709 (p. 236), 10-2-1711 (p. 249) 14-2-1711 benoeming i.p.v. Bernard de Lange die krankzinnig is geworden. Op Poereeps salaris werd ?400 ingehouden tot onderhoud van De Lange in het verbeterhuis (p. 253), 23-2-1711 (p. 250), 4-2-1712 (p. 252); S 18-2-1718 en C 17-2-1718 ontslag wegens wangedrag.</l>
<l>Poorterboek: getuige bij bij Johan Elias Martijn (7-1-1701).</l>
<l>UBL, AC 404, f. 204v Betaling van ?7 10 sch. voor het drukken van theses en anders tussen 8-2 en 8-5-1715.</l>
<l>NA 1621, nr. 20 (11-3-1701) Mutueel testament met Christina Cloppers.</l>
<l>NA 1201A, nr. 34 (16-1-1703) Verklaring als mede-erfgenaam van Pieter Clement. Zijn broer Johannes is ?uitlandig?; vgl. ook nr. 22.</l>
<l>NA 1611, nr. 8 (19-3-1706) Huwelijkse voorwaarden met Anna Engouw.</l>
<l>NA 1611, nrs 14-15 (1-5-1706) Beschikkingen over het erfdeel en de voogdij over zijn 4 dochters.</l>
<l>NA 1718, nr. 135 (22-12-1708) Overeenkomst tussen enerzijds Hendrik van Blijdesteijn, schout, en Pieter Claesz Eykom, ambachtsbewaarder van Langer en Korteraar, met Jacob Poereep anderzijds over het houden van een loterij. Poereep treedt op als directeur, laat de biljetten drukken en ontvangt ?vier gulden van ijder hondert?.</l>
<l>UBL, AC 92 (8-8-1713) Betaling van ?477 ?over het drukken van theses en anders? van 8-11-1712 tot 8-8-1713.</l>
<l>UBL, AC 402, f. 206r (1713) Betaling van ?66 ?over arbeyt, loonen en materialen? van 12-9 tot 1-10-1713.</l>
<l>UBL, AC 92 (8-11-1713) Betaling van ?66 voor drukwerk van 12-9 tot 4-10-1713.</l>
<l>NA 1791, nr. 52 [scan nr. 177 e.v.]; (27-11-1713) Voogdijstelling.</l>
<l>NA 1791, nr. 53 [scan nr. 180 e.v.] (1713) Voogdijstelling.</l>
<l>NA 1800, nr. 22 (15-5-1713) Contract met zijn knecht Jan van Damme, ingaande 27-9-1712; 4 bepalingen.</l>
<l>UBL, AC 403, f. 204r (1714) Betaling van ?491 voor drukwerk van 27-9-1713 tot 4-7-1714.</l>
<l>UBL, AC 404, f. 204r (1715) Betaling van ?169 voor drukwerk van 29-9-1714 tot 5-1-1715.</l>
<l>UBL, AC 404, f. 204v (1715) Betaling van ?107.10 voor drukwerk van 8-2 tot 8-5-1715.</l>
<l>UBL, AC 92 (8-2-1715) Betaling van ?495 voor ?arbeidsloon en geleverde materialen? van 27-9-1713 tot 4-7-1714.</l>
<l>UBL, AC 92 (8-2-1715) Betaling van ?169 voor drukwerk van 29-9-1714 tot 5-1-1715.</l>
<l>NA 1675, nr. 82 (26-4-1715) Obligatie van ?1416.6 op naam van zijn vrouw aan Jan van Damme voor arbeidsloon van drukwerk voor de stad en de universiteit, alsmede voor de leverantie van winkelwaren (als borg gelden nog uitstaande rekeningen).</l>
<l>UBL, AC 92 (8-5-1715) Betaling van ?107.10 voor drukwerk van 8-2 tot 8-5-1715.</l>
<l>NA 1794, nr. 42 (11-6-1716) Procuratie aan Reinier Stapel, procureur voor de vierschaar te Amsterdam, om hem te vertegenwoordigen in zijn zaak tegen Christoffel Engouw.</l>
<l>Lit.: Molhuysen, Bronnen, IV, 261, 278, 301.</l>
</all>
</person>