<person>
<firstName>Jochem Jacobsz</firstName>
<lastName>Poereep</lastName>
<dob>1699</dob>
<dod></dod>
<pob>leiden</pob>
<pob-id>1</pob-id>
<pod></pod>
<professional-start>1652</professional-start>
<professional-end>1691</professional-end>
<professions>
<profession>
<term>boekverkoper</term>
<profession-id>1</profession-id></profession>
<profession>
<term>verkoper</term>
<profession-id>25</profession-id></profession>
<profession>
<term>boekbinder</term>
<profession-id>43</profession-id></profession>
</professions>
<marriage>1. SH 7/22-11-1664 Marytje Clements (getuige zijn vader); 2. KO 28-3-1681 Catharina van der Deyster, dochter van Guillaume van der Deyster en Clara Ravens (? 1719; zie Jan van der Deyster) (getuige zijn neef Claes Smittenaer).</marriage>
<address>1664 Hooglandsekerkhof; 1673-81 Hogewoerd.</address>
<street>Hogewoerd</street>
<street-id>18</street-id>
<lat>52.1554131</lat>
<lon>4.499997
</lon>
<guild>29-2-1652 L bij Frans Bastijn, en na diens overlijden in 1654, bij Daniel Burchoorn. 8-12-1664 Vrijmeester (AB 83a, f. 63).</guild>
<literature>Thesaurus; Kruimel 1989, 310.</literature>
<misc>NA 1316, nr. 153 (15-7-1707) Obligatie van Jan van der Deyster aan zijn ?meuije? Catryna van der Deyster, weduwe Jochem Poereep, t.b.v. een lijfrente van ?40 ?s jaars. Jan, op dat moment nog te Amsterdam, had de lijfrente betaald door haar ?leesboecken? en boekwinkel over te nemen. Borg de Amsterdamse lakenfabrikant Louis Larch?.</misc>
<all>
<l>Poereep, Jochem Jacobsz (* Leiden 1628 [doop LK 18-7]; ? 1699; w. 1652-91)</l>
<l>Boekbinder en boekverkoper.</l>
<l>Luthers. Zoon van de lakenbereider Jacob Poereep.</l>
<l>Adres: 1664 Hooglandsekerkhof; 1673-81 Hogewoerd.</l>
<l>Huwelijk: 1. SH 7/22-11-1664 Marytje Clements (getuige zijn vader); 2. KO 28-3-1681 Catharina van der Deyster, dochter van Guillaume van der Deyster en Clara Ravens (? 1719; zie Jan van der Deyster) (getuige zijn neef Claes Smittenaer).</l>
<l>Gilde: 29-2-1652 L bij Frans Bastijn, en na diens overlijden in 1654, bij Daniel Burchoorn. 8-12-1664 Vrijmeester (AB 83a, f. 63).</l>
<l>Personeel: 14-4-1667 Fred. van Hage L voor 4 jr. (AB 83a, f. 63).</l>
<l>Poorterboek: getuige bij Frederik Stephani (Stephain?) (11-8-1698).</l>
<l>NA 827, nr. 35 (29-2-1652) Contract tussen Frans Bastijn en Jacob Jochemsz Poereep, vader van Jochem Poereep, oud 14 jaar. Jochem zal bij Bastijn voor 4 jaar werken, ingaande heden. Loon: 1. 6 st.; 2. 10 st.; 3. 14 st.; 4. 18 st. per week, plus een boek t.w.v. van ?8. De vader kan zijn handtekening niet zetten.</l>
<l>NA 418, nr. 189 (21-11-1664) Obligatie aan ... van ?100. Borg zijn vader. Hij is boekbinder en woont op de Hooglandse Kerkgracht, maar gaat bij zijn kinderen (?) op de Hogewoerd wonen.</l>
<l>NA 988, nr. 3 (15-1-1669) Obligatie met zijn zwager, de kleermaker Barend Peitoor (?) aan Hendrick Weeshuijs voor een losrente van ?7.10 voor ?150.</l>
<l>Klein Familiegeld 1674, f. 67 (Hogewoerd; code 11086), ?0.1.</l>
<l>NA 997, nr. 121 (15-12-1678) Mutueel testament met Maria Clement.</l>
<l>NA 1316, nr. 153 (15-7-1707) Obligatie van Jan van der Deyster aan zijn ?meuije? Catryna van der Deyster, weduwe Jochem Poereep, t.b.v. een lijfrente van ?40 ?s jaars. Jan, op dat moment nog te Amsterdam, had de lijfrente betaald door haar ?leesboecken? en boekwinkel over te nemen. Borg de Amsterdamse lakenfabrikant Louis Larch?.</l>
<l>Lit.: Thesaurus; Kruimel 1989, 310.</l>
</all>
</person>