<person>
<firstName>Hendrick</firstName>
<lastName>Pollius</lastName>
<dob>1716</dob>
<dod></dod>
<pob>?  [begr. buiten Leiden -8]</pob>
<pod></pod>
<professional-start>1716</professional-start>
<professional-end></professional-end>
<professions>
<profession>
<term>boekverkoper</term>
<profession-id>1</profession-id></profession>
<profession>
<term>verkoper</term>
<profession-id>25</profession-id></profession>
</professions>
<misc>unknown</misc>
<all>
<l>Pollius, Hendrick (w. voor 1716; ? 1716 [begr. buiten Leiden 25-8])</l>
<l>Boekverkoper.</l>
</all>
</person>