<person>
<firstName>Pont, Pontanus], Andries [Andr?, Andreas] de</firstName>
<lastName>Pon [du Pon</lastName>
<dob>1699</dob>
<dod></dod>
<pob>?  [Registratie begrafenis buiten Leiden -6-]</pob>
<pod></pod>
<professional-start></professional-start>
<professional-end></professional-end>
<professions>
<profession>
<term>verkoper</term>
<profession-id>25</profession-id></profession>
</professions>
<marriage>Jeanne de Savoye (? 1700; registratie begraven buiten Leiden 24-6-1700, 501A, 2064).</marriage>
<address>Rapenburg.</address>
<street>Rapenburg</street>
<street-id>50</street-id>
<lat>52.155884</lat>
<lon>4.4876151
</lon>
<guild>17-11-1696 Contribuant? met toestemming zijn winkel voort te zetten (AB 83a, f. 84).</guild>
<literature>B. van Selm, Dokumentaal, 19 (1981), 15-16.</literature>
<misc>112, op het einde: ?Verscheyde schonne packetten met schoolgoed, nieuw Frans goed, en catalogussen, soo met als sonder prijsen, etc. gemerkt, no. 1.2.3.4. etc. Een groote studeer lessenaar. Twee kleyne lessenaars. Eenige boeke kassen. Een snaphaan. Twee schermdegens. Turkse hamer, etc.?</misc>
<all>
<l>Pon [du Pon, Pont, Pontanus], Andries [Andr?, Andreas] de (* 1659; ? 1699 [Registratie begrafenis buiten Leiden 17-6-1699]); w. ?-1699)</l>
<l>Verkoper van oude boeken.</l>
<l>Adres: Rapenburg.</l>
<l>Wschl. zoon van Benoist du Pont en Jeanne du Boels, doop WK 18-6-1659.</l>
<l>Huwelijk: Jeanne de Savoye (? 1700; registratie begraven buiten Leiden 24-6-1700, 501A, 2064).</l>
<l>WK 21-7-1686 Getuige met Jeanne de Savoy? bij doop Anne Julienne de Savoye, dochter van Jean de Savoye en Julienne du Pon.</l>
<l>WK 5-8-1685 Getuige met Jeane Savoye bij doop Jean Savoye, zoon van Jean Savoye sr. en Julienne du Pon.</l>
<l>WK 15-12-1686 Getuige met Julienne du Pont bij doop Abraham Gourdin, kind van Cloude Gourdin en Anne du Pont.</l>
<l>WK 30-12-1691 met Anne du Pont getuige bij doop Isaac Renard, kind van Jaques Renard en Cornelia du Pont.</l>
<l>WK 9-6-1697 getuige met Cornelia du Pont bij doop Abraham Carlier, zoon van Isaac Carlier en Marie du Pont.</l>
<l>Weeskamer: 3601a-b Johanna de Savoye, weduwe Andr? du Pon 1707; 5957 V (Wees en armboeken), f. 119v (1687-1689) Andries du Pon.</l>
<l>Gilde: 17-11-1696 Contribuant? met toestemming zijn winkel voort te zetten (AB 83a, f. 84).</l>
<l>Catalogus variorum, insignium, rariorum omnis generis librorum, inter quos extant theologici, juridici, medci, historici &amp; alii miscellanei, cum variis manuscriptis curiosis. In omni lingua, Latina, Italica, Gallica, Belgica, Germanica, Anglica, Graeca &amp; Hebraica, quos Andreas Pontanus, palaio bibliopola, per multos annos collegit, &amp; publica auctione distrathet Cornelius Boutesteyn, in aedibus defuncti Pontani op?t Rapenburg, a.d. 21. septembris 1699. st. novo (Leiden: Cornelis Boutesteyn, 1699), 8?, 112 pp. HAB M: Bc Sammelband 11 (2). Vgl. AC 8-9-1699 en OHC 5-9/20-9-1699: ?Maendag, den 21 september, n. stijl, naestkomende sal door Conelis (!) Boutesteyn, boekverkoper tot Leyden, by publijcke auctie verkocht werden de nagelate boecken van wijlen Andreas Pontanus, in sijn leven boeckverkoper in oude gebonde boecken, bestaende in een groote quantiteyt theologice, juridice, medice en historice, in veelderley talen, als in Latijn, Frans, Italiaens, Engels, Nederduyts, Hoogduyts, Griecks en Hebreeus, waer onder zijn verscheyde oude rare manuscripten. De catalogus is te bekomen tot Leyden by dito Boutesteyn, Amsterdam Waesbergen, Haerlem van Kessel, Utrecht van de Water, Hage van Thol, Delft Voorstad, Rotterdam van der Slaert, Dort Goris, Middelburg van Hoeke, Gouda J. Endenburg, Franeker Strick, Leeuwaerden Nauta, ?s Hertogenbosch Verhoeven en in andere steden by de boekverkopers.? BSC no. 2016, mf 3301-3302.</l>
<l>Opvallend:</l>
<l>5, 176: D. Joris Wonderboek. 2</l>
<l>6, 202: Corpus juris civilis 5 voll. Lugd. 1547. 2</l>
<l>7, 241: Matthiolii Kreuterbuch hoogd. met afgesette platen. 1626. 2.</l>
<l>7, 243: Vesalii Anatomia Amsterd. 1617. 2.</l>
<l>7, 244: Vesalii Idem Basel. 2.</l>
<l>8, 251: Bock Kreuterbuch hoogd. met platen. 2.</l>
<l>Onder de medische boeken diverse duitse herbaria met afgezette platen.</l>
<l>9, 298: Herbarius heel oud met platen. 2.</l>
<l>9, 308: Kaerten van de Nederlanden, etc.</l>
<l>10, 320: Verscheyde teikeningen van Naerden etc.</l>
<l>10, 345: Plini Historia naturalis. apud Frob. 1525. 2.</l>
<l>10, 346: Atlas Mercatoris cum fig. 1606. 2.</l>
<l>10, 348: Munsterii Cosmographia universalis. cum fig. bis. 2.</l>
<l>10, 352: Tolomaei Geographica cum tabula, heel oud. 2.</l>
<l>11, 357: Strabonis Geographia. 1523.</l>
<l>11, 364: Dictionarium Engels en hoogd. 2.</l>
<l>12, 401-404: Een boeck waar in verscheyde schoone printen zijn van verscheide meesters, door een liefhebber versamelt.</l>
<l>13, 425: Catalogus bibliothecae Franekeranae. 1656. 2.</l>
<l>13, 431: Vetus Belgica met platen. 2.</l>
<l>13, 435: Perrault Cabinet de beaux arts. Paris 1695, cum fig. 2.</l>
<l>13, 437: Images &amp; figurae bibliorum. 1581. 2.</l>
<l>13, 439: Imagines bonitatis illius senerissimo [sic] principi ac dni. Guillielmo comiti Palath. Rhetriusque [sic] Bavaria, heel schoon. 2.</l>
<l>13, 442: Bybelsche figuren heel schoon. bis.</l>
<l>14, 459: Groot prentboek van princen en vorsten etc. 2.</l>
<l>14, 460: Voornaamste gebouwen van Hollandt, Vrankrijck, Engeland en Italien in prenten. 2.</l>
<l>14, 467: Le theatre du monde ou nouvel atlas contenant les chartes &amp; descriptions de tout les pa[r]ts de la terre, mis en lumiere par Blaeu 1630. 2 vol. 2.</l>
<l>15, 495: Munsterii Cosmographia cum figures. 2.</l>
<l>15, 505: Mercatoris Atlas Amst. 1609. cum fig. 2.</l>
<l>15, 511: Theatre des cit?s du monde avec des belles figures enlumin?es. 2.</l>
<l>15, 512: Barladus [sic] Marie de Medicis entrant dans Amsterd. 1609 [sic]. cum fig. 2.</l>
<l>15, 525: Nouvelles cartes geographiques des XVII provinces. cum fig. 2.</l>
<l>15, 526: Le laurier de Nassau. 2.</l>
<l>17, 653: Atlas van Jansonius in 4 stukken, met kaerten 1658.</l>
<l>17, 564: Atlas van Blaauw vyfde deel apart, 1654 schoon afgeset.</l>
<l>17, 569: Van de Velde Spiegel der schrijfkonst.</l>
<l>44, 803: Queris quid sit amor, met afgesette platen.</l>
<l>44, 811: Meisners Sciagraphia cosmica, 8 tom. 6 voll. 1678. met 800 cufferen.</l>
<l>44, 812: Emblemata varia elegantiorum, cum fig.</l>
<l>75: 757-772: Veilingcatalogi, deels met prijzen.</l>
<l>88, 110: Psalmboek door Marnix met silvere knipjes. Op deze en andere pp. meer gebonden boeken met zilveren sluitwerk.</l>
<l>Oudste boeken:</l>
<l>3, 79: Missale Romanum met afgesette platen. 1507. 2</l>
<l>4, 112-116: diverse Froben uitgaven van Erasmus. 2.</l>
<l>5, 160: Sermons van St. Bernard, heel oud. 2.</l>
<l>Engels:</l>
<l>5, 147: Attersol Commentaire the Epistle Paule to Philemon. 2.</l>
<l>5, 148: Hales Sermons. 1660 Engels. 2.</l>
<l>10, 384: Dictionarium Engels/Itaaljaans/ &amp;c.</l>
<l>10, 389: Ovidii Metamorphoses in ?t Engels. 1640.</l>
<l>16, 554: History of England betweene the two Houses of Lancaster, and Jorke, Lond. 1641.</l>
<l>16, 555: History of the reigne of King Henry, the Seventh. 1629.</l>
<l>16, 556: Browne Enquiries into very many recieived. 1650.</l>
<l>16, 557: Dictionaire Englische Latine Greeks and French.</l>
<l>16, 558: Attersoll. Commentaire the epistole Paule to Philemon.</l>
<l>16, 559: Drayton Poly-olbion, Great Britaine.</l>
<l>17, 560: Hales Sermons Lond. 1660.</l>
<l>27, 177-196/28, 197-321: Engelse boeken.</l>
<l>19-22: Verscheyde manuscripten, folio en quarto &amp;c. Hieronder een aantal collegedictaten. Voorts:</l>
<l>20, ZZ: Manuscriptum Brederoos Franse liedboek met extraordinare schoone geschilderde prenten, van?t jaar 1564 tot 1384 [!]. met sijn effigium fijn geschildert daar in, op maagden perkement, heel curieus.</l>
<l>20, *ZZ Manuscriptum Duyts met geschilderde prenten op maagde parkement, heel curieus.</l>
<l>20, GG: Manuscriptum Arabische Alkoran.</l>
<l>20, OO: Manuscriptum in ?t Engels. 2 voll.</l>
<l>20, BBB: Manuscriptum met reverijnen in?t Minnebroeders klooster geschreven van Reynd. Pippinck. 1567.</l>
<l>21, I5 Manuscriptum Een schoon geschreve en geschilderde Duytsche Dortse boek, manuscripten.</l>
<l>21, L5: Manuscriptum Exempla und Inventio von ihre kayserlichen Majesteyt.</l>
<l>21, M6: Manuscriptum Rudolpho met extraordinare schoone afgesette platen, en wel geschreven.</l>
<l>22, S5: Manuscriptum Huwelijks voorwaarde van den konink Jesus en een geestelijke maagd.</l>
<l>22, Y5: Manuscriptum Erpeno [!] grammatica Latina.</l>
<l>22, Z5: Manuscriptum op parkement, heel oud.</l>
<l>107: Libri Hebraici, Arabici, Syriaci &amp;c. fol. quarto &amp;c. welke achter de theologi in fol. sullen verkocht worden.</l>
<l>109-111, 1-11/1-27/1-2 Libri prohibiti in diverse formaten.</l>
<l>111-112: Verscheyde medailjes en penningen, waaronder 112, 34: Een silver halve maentje van ?t beleg van Leyden, liever Turks dan Paus.</l>
<l>112, op het einde: ?Verscheyde schonne packetten met schoolgoed, nieuw Frans goed, en catalogussen, soo met als sonder prijsen, etc. gemerkt, no. 1.2.3.4. etc. Een groote studeer lessenaar. Twee kleyne lessenaars. Eenige boeke kassen. Een snaphaan. Twee schermdegens. Turkse hamer, etc.?</l>
<l>Lit.: B. van Selm, Dokumentaal, 19 (1981), 15-16.</l>
</all>
</person>