<person>
<firstName>Pieter</firstName>
<lastName>Pont</lastName>
<dob></dob>
<dod></dod>
<pob></pob>
<pod></pod>
<professional-start>1790</professional-start>
<professional-end>1802</professional-end>
<professions>
<profession>
<term>boekverkoper</term>
<profession-id>1</profession-id></profession>
<profession>
<term>verkoper</term>
<profession-id>25</profession-id></profession>
<profession>
<term>boekbinder</term>
<profession-id>43</profession-id></profession>
</professions>
<marriage>SH 13/28-8-1784 Maria Stikkelman (getuige zijn halfbroer Coenraad Cederhout). 12-4-1790 Vrijmeester (AB 83c, f. 102).</marriage>
<address>1784 Haarlemmerstraat; 1795 Nieuwe Rijn.</address>
<street>Nieuwe Rijn</street>
<street-id>38</street-id>
<lat>52.156034</lat>
<lon>4.5038272
</lon>
<misc>SA nr. 2254 (1795) Afschrift van een brief van W.H. Philipsz aan J. Landa op de Hooglandse Kerkgracht, betreffende boeken te verkoper door de boekverkoper Pont op de Nieuwe Rijn. Hierbij een brief van dezelfde aan Pont betreffende de verkoop van nagelaten boeken van een predikant.</misc>
<all>
<l>Pont, Pieter (w. 1790-1802)</l>
<l>Boekbinder en boekverkoper.</l>
<l>Adres: 1784 Haarlemmerstraat; 1795 Nieuwe Rijn.</l>
<l>Huwelijk: SH 13/28-8-1784 Maria Stikkelman (getuige zijn halfbroer Coenraad Cederhout). 12-4-1790 Vrijmeester (AB 83c, f. 102).</l>
<l>Personeel: 7-3-1796 Jan Jacob Hoeken L voor 3 jaar (van J. Reynierse) (AB 83c, f. 6).</l>
<l>SA nr. 2254 (1795) Afschrift van een brief van W.H. Philipsz aan J. Landa op de Hooglandse Kerkgracht, betreffende boeken te verkoper door de boekverkoper Pont op de Nieuwe Rijn. Hierbij een brief van dezelfde aan Pont betreffende de verkoop van nagelaten boeken van een predikant.</l>
</all>
</person>