<person>
<firstName>Jacobus</firstName>
<lastName>Pontan</lastName>
<dob></dob>
<dod></dod>
<pob></pob>
<pod></pod>
<professional-start>1721</professional-start>
<professional-end></professional-end>
<professions>
<profession>
<term>drukker</term>
<profession-id>9</profession-id></profession>
<profession>
<term>knecht</term>
<profession-id>45</profession-id></profession>
</professions>
<misc>Album studiosorum 4-3-1721 ?Jacobus Pontan, Typographis Academicae praefectus.?</misc>
<all>
<l>Pontan, Jacobus (w. 1721)</l>
<l>Knecht in de drukkerij van Van der Aa?</l>
<l>Album studiosorum 4-3-1721 ?Jacobus Pontan, Typographis Academicae praefectus.?</l>
</all>
</person>