<person>
<firstName>Floris Danielsz van der</firstName>
<lastName>Post [Poth]</lastName>
<dob></dob>
<dod></dod>
<pob></pob>
<pod></pod>
<professional-start>1616</professional-start>
<professional-end>1622</professional-end>
<professions>
<profession>
<term>boekverkoper</term>
<profession-id>1</profession-id></profession>
<profession>
<term>verkoper</term>
<profession-id>25</profession-id></profession>
<profession>
<term>boekbinder</term>
<profession-id>43</profession-id></profession>
</professions>
<marriage>Barbara Cornelis.</marriage>
<address>1623 Papengracht t.o. Gravesteen.</address>
<street>Papengracht</street>
<street-id>46</street-id>
<lat>52.1590423</lat>
<lon>4.4861291
</lon>
<misc>NA 162, nr. 13 (10-12-1623) Mutueel testament. Zij wonen op de Papengracht t.o. het ?gevangenhuis?.</misc>
<all>
<l>Post [Poth], Floris Danielsz van der (w. 1616-22)</l>
<l>Boekbinder en boekverkoper.</l>
<l>Adres: 1623 Papengracht t.o. Gravesteen.</l>
<l>Huwelijk: Barbara Cornelis.</l>
<l>NA 154, nr. 65 (23-1-1616) Verklaring t.b.v. de schoolmeester v.d. Triviale School Jacob Verloo. Van der Post heeft gewoond bij de boekbinder Gielis Claesz Verhal. Verloo had een huis gehuurd van Pieter (?) Nachtegael, aan wie Verhal weer boeken had geleverd van minstens twee maal ?17. Nachtegael was nog ?2 schuldig. Getuige o.a. Jan Ganne.</l>
<l>SA 682, Burg. Dagb., f. 102v (23-8-1622) Zweert censuureed (genoemd Pot).</l>
<l>NA 162, nr. 13 (10-12-1623) Mutueel testament. Zij wonen op de Papengracht t.o. het ?gevangenhuis?.</l>
</all>
</person>