<person>
<firstName>Wollebrand Jansz van der</firstName>
<lastName>Pot</lastName>
<dob>1691</dob>
<dod></dod>
<pob>zijn weduwe -</pob>
<pob-id>38</pob-id>
<pod></pod>
<professional-start>1666</professional-start>
<professional-end>1691</professional-end>
<professions>
<profession>
<term>boekverkoper</term>
<profession-id>1</profession-id></profession>
<profession>
<term>verkoper</term>
<profession-id>25</profession-id></profession>
</professions>
<marriage>1. KO 26-3-1666 Elsje Harbrants, weduwe Johannes Casier (getuige zijn broer Jacob te Rotterdam); de geboden werden op 27-3-1666 op verzoek van zijn broer en voogden geschorst; op 6-5-1666 werd de schorsing afgedaan; 2. KO 13-3-1688 Maria Jans Smolders uit Breda (getuige zijn zwager Jacob van Beeckestein).</marriage>
<address>1660 Mandemakerssteeg; 1680 Rijn, bij de kraan; 1682 Rijn; 1688 Nieuwe Rijn; 1700 Rotterdamse Veer, bij de Waag; 1700 (weduwe) Rijn, bij de Waag.</address>
<street>Nieuwe Rijn</street>
<street-id>38</street-id>
<lat>52.156034</lat>
<lon>4.5038272
</lon>
<guild>20-12-1666 Vrijmeester (AB 83a, f. 112).</guild>
<misc>NA 1660, nr. 46 (?) Contract tussen zijn weduwe en kinderen Joris en Eva over hun legitieme portie.</misc>
<all>
<l>Pot, Wollebrand Jansz van der (* Rotterdam; w. 1666-91; zijn weduwe 1691-1702)</l>
<l>Blikslager, later boekverkoper.</l>
<l>Adres: 1660 Mandemakerssteeg; 1680 Rijn, bij de kraan; 1682 Rijn; 1688 Nieuwe Rijn; 1700 Rotterdamse Veer, bij de Waag; 1700 (weduwe) Rijn, bij de Waag.</l>
<l>Huwelijk: 1. KO 26-3-1666 Elsje Harbrants, weduwe Johannes Casier (getuige zijn broer Jacob te Rotterdam); de geboden werden op 27-3-1666 op verzoek van zijn broer en voogden geschorst; op 6-5-1666 werd de schorsing afgedaan; 2. KO 13-3-1688 Maria Jans Smolders uit Breda (getuige zijn zwager Jacob van Beeckestein).</l>
<l>Gilde: 20-12-1666 Vrijmeester (AB 83a, f. 112).</l>
<l>Hij zette de winkel voort van Jan Casier, met wiens weduwe hij was gehuwd.</l>
<l>NA 943, nr. 160 (1-9-1668) Mutueel testament met Elsje Harbrants.</l>
<l>Klein Familiegeld 1674, f. 18b (Gasthuisvierendeel, code 04080), ?0.0.6.</l>
<l>NA 1234 , nr. 71 (7-3-1683) Zeer uitgebreid mutueel testament met Elsje Herrebrant.</l>
<l>NA 1660, nr. 46 (?) Contract tussen zijn weduwe en kinderen Joris en Eva over hun legitieme portie.</l>
</all>
</person>