<person>
<firstName>Jan Willems</firstName>
<lastName>Blauwbeeck</lastName>
<dob></dob>
<dod></dod>
<pob>amsterdam</pob>
<pob-id>6</pob-id>
<pod></pod>
<professional-start>1701</professional-start>
<professional-end>1703</professional-end>
<professions>
<profession>
<term>boekdrukker</term>
<profession-id>6</profession-id></profession>
<profession>
<term>drukker</term>
<profession-id>9</profession-id></profession>
<profession>
<term>drukkersknecht</term>
<profession-id>11</profession-id></profession>
<profession>
<term>boekdrukkersknecht</term>
<profession-id>26</profession-id></profession>
<profession>
<term>boekdrukker(sknecht)</term>
<profession-id>33</profession-id></profession>
<profession>
<term>knecht</term>
<profession-id>45</profession-id></profession>
<profession>
<term>drukkers</term>
<profession-id>63</profession-id></profession>
</professions>
<marriage>1. KO 30-12-1701 Maria Verburg; 2. KO 21-7-1703 Willemijntje Jans.</marriage>
<address>1701 Groenhazengracht; 1703 Weddesteeg.</address>
<street>Weddesteeg</street>
<street-id>63</street-id>
<lat>52.1607339</lat>
<lon>4.4822231
</lon>
<misc>unknown</misc>
<all>
<l>Blauwbeeck, Jan Willems (* Amsterdam?; w. 1701-03)</l>
<l>Boekdrukkersknecht.</l>
<l>Adres: 1701 Groenhazengracht; 1703 Weddesteeg.</l>
<l>Huwelijk: 1. KO 30-12-1701 Maria Verburg; 2. KO 21-7-1703 Willemijntje Jans.</l>
</all>
</person>