<person>
<firstName>Oth Gerritsz van der</firstName>
<lastName>Poth</lastName>
<dob>1655</dob>
<dod></dod>
<pob>?  [begr. PK 4-]</pob>
<pob-id>1</pob-id>
<pod></pod>
<professional-start>1636</professional-start>
<professional-end>1650</professional-end>
<professions>
<profession>
<term>boekbinder</term>
<profession-id>43</profession-id></profession>
</professions>
<marriage>1. KO 8-2-1636 Maertje Coenraets van Leckwyck (getuige zijn oom Vranc van der Meulen); 2. SH 3/24-5-1653 Maertje Pieters van Corpers uit Rees (getuige zijn bekende Thomas Stafford). Kinderen: begr. 31-7-1640 PK kind.</marriage>
<address>1636 Plein voor het Gravesteen; 1640, 1653 Pieterskerkchoorsteeg; 1655 bij de Hooglandse Kerk.</address>
<street>Choorsteeg</street>
<street-id>7</street-id>
<lat>52.1579938</lat>
<lon>4.4888337
</lon>
<misc>RA 90, f. 96r (16-12-1655) Faillissement. Curator de bode Outshoorn; toezienders Egbert Bont en Cornelis Pietersz de Gilde. ?Den 2-9-1656 reeckening gedaen.?</misc>
<all>
<l>Poth, Oth Gerritsz van der (* Leiden 1614; ? 1655 [begr. PK 4-11]; w. 1636-50)</l>
<l>Boekbinder.</l>
<l>Adres: 1636 Plein voor het Gravesteen; 1640, 1653 Pieterskerkchoorsteeg; 1655 bij de Hooglandse Kerk.</l>
<l>Poorterboek: getuige bij Ghijsbert Lanschot (4-5-1651).</l>
<l>Huwelijk: 1. KO 8-2-1636 Maertje Coenraets van Leckwyck (getuige zijn oom Vranc van der Meulen); 2. SH 3/24-5-1653 Maertje Pieters van Corpers uit Rees (getuige zijn bekende Thomas Stafford). Kinderen: begr. 31-7-1640 PK kind.</l>
<l>Gerechtsdagboeken 68, f. 36v.</l>
<l>NA 704, nr. 129 (29-6-1646) Getuige bij akte n.a.v. faillissement De Heger.</l>
<l>NA 401, nr. 229 (22-9-1647) Verklaring t.v.v. tabaksplanter uit Amersfoort. Hij is ca. 33 jaar.</l>
<l>NA 401, nr. 50 (1647) Benoemd tot voogd in het testament van zijn zuster Reijertje en Jan Evertsz Buijs. Getuigen zijn Zacharias de Smet, letterzetter en Severijn Matthijs. Zie ook nr. 19.</l>
<l>68, ff. 36v-37v (11-12-1647) Consent aan Van der Poth, meester boekbinder, en de bakker Henrick Seghers van Weeren als voogden ..., i.v.m. de verkoop van een huis.</l>
<l>NA 671 (1649-50) Getuige bij div. akten.</l>
<l>RA 90, f. 96r (16-12-1655) Faillissement. Curator de bode Outshoorn; toezienders Egbert Bont en Cornelis Pietersz de Gilde. ?Den 2-9-1656 reeckening gedaen.?</l>
</all>
</person>