<person>
<firstName>Servaes</firstName>
<lastName>Potheuck</lastName>
<dob></dob>
<dod></dod>
<pob></pob>
<pod></pod>
<professional-start>1634</professional-start>
<professional-end></professional-end>
<professions>
<profession>
<term>boekverkoper</term>
<profession-id>1</profession-id></profession>
<profession>
<term>verkoper</term>
<profession-id>25</profession-id></profession>
</professions>
<misc>Adv. Nieuwstijding Jan van Hilten 25-2-1634 voor boek van G. Hotton, ?tegen de gardiaen van de recoletten te Luik?. Bron: Bibl. Vereen., VH 11.</misc>
<all>
<l>Potheuck, Servaes (w. 1634)</l>
<l>Boekverkoper?</l>
<l>Adv. Nieuwstijding Jan van Hilten 25-2-1634 voor boek van G. Hotton, ?tegen de gardiaen van de recoletten te Luik?. Bron: Bibl. Vereen., VH 11.</l>
</all>
</person>