<person>
<firstName>Gerrit</firstName>
<lastName>Potvliet</lastName>
<dob></dob>
<dod></dod>
<pob></pob>
<pod></pod>
<professional-start>1727</professional-start>
<professional-end>1755</professional-end>
<professions>
<profession>
<term>boekverkoper</term>
<profession-id>1</profession-id></profession>
<profession>
<term>verkoper</term>
<profession-id>25</profession-id></profession>
</professions>
<marriage>Margaretha Wouda.</marriage>
<address>? Nieuwsteeg WZ (Zevenhuizen f. 58); 1734 Herensteeg.</address>
<street>Nieuwsteeg</street>
<street-id>39</street-id>
<lat>52.1562295</lat>
<lon>4.4891081
</lon>
<guild>1-4-1726 K bij Johannes Arnoldus Langerak. 1-12-1727 Vrijmeester (AB 83a, f. 8).</guild>
<misc>NA 2078, nr. 13/f. 74 [scan nr. 68] (18-2-1750) Mutueel testament met Margaretha Wouda. De comparanten verklaarden niet boven de ?8000 gegoed te zijn. Prelegaten aan zijn zuster Johanna en haar dochter Aaltje Meyer (?500), zijn broer Abraham (?100) en haar neef en nicht Jeremias en Elisabet Wouda (elk ?200). Universeel erfgenaam is dan Helena Meijer, dochter van Johanna Potvliet en de inmiddels overleden Wouter Meyer. Voogden zijn haar zwager Jan de Barry en Johanna Potvliet.</misc>
<all>
<l>Potvliet, Gerrit (w. 1727-55)</l>
<l>Boekverkoper.</l>
<l>Adres: ? Nieuwsteeg WZ (Zevenhuizen f. 58); 1734 Herensteeg.</l>
<l>Huwelijk: Margaretha Wouda.</l>
<l>Gilde: 1-4-1726 K bij Johannes Arnoldus Langerak. 1-12-1727 Vrijmeester (AB 83a, f. 8).</l>
<l>Personeel: 1-12-1732 Johannes Krop L; 5-5-1738 Pieter Casterop* L (van Johannes van Kerkhem); 20-5-1739 Dirk van der Neut L; 5-12-1746 Jan Ribbermond L (van Luchtmans); 3-11-1755 Jacob Douzi* L voor 4 jaar (AB 83b, f. 74; 83c, f. 25).</l>
<l>NA 1920, ff. 393-94 (8-9-1733) Mutueel testament.</l>
<l>NA 1924, f. 49 (24-1-1734) Transport; ff. 53-54 (24-1-1734) Quitantie i.v.m. familiezaken; f. 207 surrogatie.</l>
<l>NA 1927, ff. 155-56 (16-2-1737) Transport van een obligatie van ?870 aan Jan Schrevelius.</l>
<l>NA 1927, ff. 175-76 (23-2-1737) Obligatie aan Rose Galafre (?) van ?1300 i.v.m. de koop van een huis.</l>
<l>* NA 1932, f. 165 e.v. (11-5-1742) Transport uit hoofde van zijn voogdijschap over Jeremias en Elizabeth Wouda. Vgl. f. 408 e.v. over de rekening van ontvang en uitgeef voor deze kinderen. Matres en (avond)schoolgeld, papier, inkt en pennen (van Rosa), testamentje met zilver, 21 riem papier, 256 en 124 bossen pennen, schoolboeken, ?gom om ink te maken?. Verder ook tal van andere onkosten, voor pruiken, schoenen en schoenlappen, ?gelij van aalbessen?, ?honing en mee?, kleding, mutsen, 3 visites van prof. Boerhaave, medicamenten, naaionderwijs, gouden zonnewijzertje etc.</l>
<l>NA 2078, nr. 13/f. 74 [scan nr. 68] (18-2-1750) Mutueel testament met Margaretha Wouda. De comparanten verklaarden niet boven de ?8000 gegoed te zijn. Prelegaten aan zijn zuster Johanna en haar dochter Aaltje Meyer (?500), zijn broer Abraham (?100) en haar neef en nicht Jeremias en Elisabet Wouda (elk ?200). Universeel erfgenaam is dan Helena Meijer, dochter van Johanna Potvliet en de inmiddels overleden Wouter Meyer. Voogden zijn haar zwager Jan de Barry en Johanna Potvliet.</l>
</all>
</person>