<person>
<firstName>Simon</firstName>
<lastName>Pouwels</lastName>
<dob></dob>
<dod></dod>
<pob></pob>
<pod></pod>
<professional-start>1583</professional-start>
<professional-end>1584</professional-end>
<professions>
<profession>
<term>boekverkoper</term>
<profession-id>1</profession-id></profession>
<profession>
<term>verkoper</term>
<profession-id>25</profession-id></profession>
<profession>
<term>boekbinder</term>
<profession-id>43</profession-id></profession>
</professions>
<marriage>Adriana Rijckerts (zie onder).</marriage>
<literature>Thesaurus.</literature>
<misc>NA 13, nr. 15 (16-1-1585) Genoemd in akte als overleden; zijn weduwe heet Adriana Rijckerts.</misc>
<all>
<l>Pouwels, Simon (w. 1583-84)</l>
<l>Boekbinder en boekverkoper.</l>
<l>Huwelijk: Adriana Rijckerts (zie onder).</l>
<l>Genoemd als ?bibliopola? in het colophon van P.C. Bockenberg, Catalogus, genealogia, brevis historia ... (Leiden: Jan Jacobsz Paedts, 1583) (STCN).</l>
<l>Getuignisboeken: A, f. 79v (boekverkoper, 45 jaar); C, f. 16v (boekverkoper, overleden man van Adriana Rijckerts).</l>
<l>NA 13, nr. 15 (16-1-1585) Genoemd in akte als overleden; zijn weduwe heet Adriana Rijckerts.</l>
<l>Lit.: Thesaurus.</l>
</all>
</person>