<person>
<firstName>Isak de</firstName>
<lastName>Pr?</lastName>
<dob></dob>
<dod></dod>
<pob></pob>
<pod></pod>
<professional-start>1775</professional-start>
<professional-end></professional-end>
<professions>
<profession>
<term>boekverkoper</term>
<profession-id>1</profession-id></profession>
<profession>
<term>verkoper</term>
<profession-id>25</profession-id></profession>
</professions>
<guild>3-7-1775 Vrijmeester (AB 83a, f. 41v).</guild>
<misc>unknown</misc>
<all>
<l>Pr?, Isak de (w. 1775- )</l>
<l>Boekverkoper.</l>
<l>Gilde: 3-7-1775 Vrijmeester (AB 83a, f. 41v).</l>
</all>
</person>