<person>
<firstName>Jean du</firstName>
<lastName>Pr?</lastName>
<dob>1653</dob>
<dod></dod>
<pob>zijn weduwe -</pob>
<pod></pod>
<professional-start>1646</professional-start>
<professional-end>1653</professional-end>
<professions>
<profession>
<term>boekverkoper</term>
<profession-id>1</profession-id></profession>
<profession>
<term>verkoper</term>
<profession-id>25</profession-id></profession>
<profession>
<term>boekbinder</term>
<profession-id>43</profession-id></profession>
</professions>
<marriage>KO 17-2-1638 Magdalena Desquiens [du Quiens] uit Marcke (getuige zijn vader).</marriage>
<address>1638-73 Vrouwensteeg / Haarlemmerstraat, ?e regione Templi Gallici? / ?devant l?eglise wallonne? / ?over de Fransche Kerck?, 1646-49 ?In ?t Schrijfboeck?.</address>
<street>Haarlemmerstraat</street>
<street-id>15</street-id>
<lat>52.1601874</lat>
<lon>4.4927112
</lon>
<auction>14-7-1646 Jac. au Brebis (KBK); 29-9-1646 Scipio Gentile (KBK); 1647 Jan de la Quellierie (Gerechtsdagboek); 1647 Andreas du Pr? (Gerechtsdagboek); 1653 winkelvoorraad (Gerechtsdagboek).</auction>
<misc>Zie ook onder zijn schoonzoon Abraham Fortrie.</misc>
<all>
<l>Pr?, Jean du (* Wesel; w. 1646-voor 1653; zijn weduwe 1653-73)</l>
<l>Boekverkoper en boekbinder.</l>
<l>Zoon van de Leidse Waalse predikant Esaias du Pr? (zijn testament NA 269, nr. 19 [1638]) en Janneke Doremieux.</l>
<l>Adres: 1638-73 Vrouwensteeg / Haarlemmerstraat, ?e regione Templi Gallici? / ?devant l?eglise wallonne? / ?over de Fransche Kerck?, 1646-49 ?In ?t Schrijfboeck?.</l>
<l>Huwelijk: KO 17-2-1638 Magdalena Desquiens [du Quiens] uit Marcke (getuige zijn vader).</l>
<l>Verschillende poorterinschrijvingen mogelijk: 26-6-1637 (f. 274); 11-11-1641 (f. 34); 15-4-1644 (f. 51v).</l>
<l>Personeel: 1-6-1650 Jan Verbrugge, oud 13 jaar, L, Jacob Heyster, oud 12 jaar, L voor 4 jaar (AB 83a, f. 21).</l>
<l>Veilingen: 14-7-1646 Jac. au Brebis (KBK); 29-9-1646 Scipio Gentile (KBK); 1647 Jan de la Quellierie (Gerechtsdagboek); 1647 Andreas du Pr? (Gerechtsdagboek); 1653 winkelvoorraad (Gerechtsdagboek).</l>
<l>NA 268, nr. 21 (30-1-1638) Huwelijkse voorwaarden. Hij wordt vergezeld van zijn vader en van de koopman Pieter Braijne.</l>
<l>NA 269, nrs. 86-87 (30-11-1638) Mutueel testament.</l>
<l>SA 66 (Gerechtsdagboek X), ff. 323r-324r (1-3-1646) Consent voor het maken van een pothuis binnen de stoep van zijn huis aan de Haarlemmerstraat, ?om aldaer eenige boucken op te leggen, alsoo hij suppliant verscheijden boucken als anders verlooren heeft, dat mette hander [?] ondertusschen de vensters wert wechgehaelt?. De stadsfabriek Arent van ?s Gravesande had toestemming verleend.</l>
<l>SA 67 (Gerechtsdagboek Y), f. 17 (3-5-1646) Consent aan ? voor de veiling van een bibliotheek, ?wesende mede een gedeelte van de bibliotheecque bij D. Scipio Gentilij naegelaten?. Opzienders 30 st. Vgl. AS 12-10-1582 Scipius Gentilis Picentinus Italus J. De veiling vond plaats bij Du Pr? op 29-9-1646 (KBK).</l>
<l>SA 67 (Gerechtsdagboek Y), ff. 52v-53r (5-7-1646) Consent aan Lambrecht Cloucq en Pieter Breene op verzoek van de nabestaanden in Wezel voor de verkoop bij Joh. du Pr? van de boeken van de medicijnenstudent Jacob Brebis, die in Itali? was overleden. Hij woonde bij D. Delmanhorst. Vgl. AS 19-5-1628 Jacob Brebicius Wesaliensis. 20, P. De veiling vond plaats op 14-7-1646 (KBK).</l>
<l>NA 349, nr. 232 (15-8-1648) Boedelinventaris van Elisabeth Raphelengius, waarin onder de obligaties een bedrag van ?140 wordt genoemd als lening aan de boekbinder Jan de Pre.</l>
<l>SA 67 (Gerechtsdagboek Y), f. 295r-v (1-8-1647) Consent aan Joh. du Pr? voor de veiling van de boeken van de overleden student theologie Andreas du Pr?. Vgl. AS 21-2-1637 Andreas du Pr? Leidensis. 13, L. Opzienders 10 st.</l>
<l>SA 67 (Gerechtsdagboek Y), f. 324r (27-9-1647) Consent aan de erven van Jan de la Quellierie, boekbinder en boekverkoper, voor de verkoop van diens winkelvoorraad door Joh. du Pre.</l>
<l>NA 544, nr. 19 (1651) Protest van wissel, gedateerd Gen?ve 16/26-12-1650 t.b.v. ?175. Genoemd worden Pierre Chomet (Chouet?), Jacques Fleurnoys l?aisn?e, Daniel Mitz. Du Pr? antwoordt dat hij zoveel geld niet schuldig was en al een brief naar Gen?ve had gezonden, maar nog geen antwoord had ontvangen.</l>
<l>SA 71 (Gerechtsdagboek CC), f. 345v (15-5-1653) Consent aan Magdalena de Kom [Desquiens?], weduwe van Joh. du Pr? voor het houden van een veiling. Op 12-6-1653 kreeg zij nogmaals consent, ?mits naer de gehouden auctie weder de nering van boucken vercopen sal mogen doen?.</l>
<l>SA 74 (Gerechtsdagboek FF), ff. 264r-265r (5-7-1657) Consent aan de weduwe over een pothuis.</l>
<l>NA 460, nr 198 (1666) Zijn weduwe genoemd in de boedel van Gerrit Willemsz van Swanenburg, weduwnaar van Elisabeth Joris van der Marsche, met een schuld van ?63.11.14 (zie onder Gerrit Jorisz van der Marsche).</l>
<l>NA 1121, nr. 1 (28-11-1667) Boedel van Dirkje Pieters, met onder de schulden een post van ?18 voor 2 jaar couranten aan de weduwe Du Pr?.</l>
<l>Walle (28-8-1672) Gebuurteheer van Mari?nschans (Haarlemmerstraat).</l>
<l>Klein Familiegeld 1674, f. 125b (Overmare Rijnzijde; code 20010), ?0.1 (de weduwe).</l>
<l>200ste Penning 1674, f. 209 (Marendorp; code P20019), ?10 (Magdalena du Pr?).</l>
<l>NA ? (18-7-1677, not. van Senderen) Testament.</l>
<l>Zie ook onder zijn schoonzoon Abraham Fortrie.</l>
</all>
</person>