<person>
<firstName>Bartholomeus</firstName>
<lastName>Pret</lastName>
<dob>1743</dob>
<dod></dod>
<pob>leiden</pob>
<pob-id>1</pob-id>
<pod></pod>
<professional-start>1764</professional-start>
<professional-end>1792</professional-end>
<professions>
<profession>
<term>boekverkoper</term>
<profession-id>1</profession-id></profession>
<profession>
<term>verkoper</term>
<profession-id>25</profession-id></profession>
<profession>
<term>boekbinder</term>
<profession-id>43</profession-id></profession>
</professions>
<marriage>KO 31-1-1765 zijn nicht Anna van Haaren uit Amsterdam (getuige zijn moeder Johanna van Haaren); 5 kinderen.</marriage>
<address>1765 Hooglandsekerktorensteeg; 1775-87 Rapenburg 18 (huur van Jelina Stuylingh).</address>
<street>Rapenburg</street>
<street-id>50</street-id>
<lat>52.155884</lat>
<lon>4.4876151
</lon>
<guild>6-2-1758 L bij Jan Heyligert voor 2 jaar 3-9-1764 Vrijmeester (AB 83a, f. 27).</guild>
<literature>Het Rapenburg IVb, 347.</literature>
<misc>NA 2139, f. 548 [scan nr. ] (1787) Obligatie.</misc>
<all>
<l>Pret, Bartholomeus (* Leiden 1743; w. 1764-92)</l>
<l>Boekbinder en boekverkoper.</l>
<l>Zoon van ? Pret en Johanna van Haaren.</l>
<l>Adres: 1765 Hooglandsekerktorensteeg; 1775-87 Rapenburg 18 (huur van Jelina Stuylingh).</l>
<l>Huwelijk: KO 31-1-1765 zijn nicht Anna van Haaren uit Amsterdam (getuige zijn moeder Johanna van Haaren); 5 kinderen.</l>
<l>Gilde: 6-2-1758 L bij Jan Heyligert voor 2 jaar 3-9-1764 Vrijmeester (AB 83a, f. 27).</l>
<l>Personeel: 1-12-1766 Johannes van Tiffelen* (van Hogeveen); 3-8-1767 Jacob Lotte voor 4 jaar; 4-6-1768 Andries Boesche [Boucher*?] L voor 4 jaar; 6-11-1769 Anthonie de Vink L; 6-2-1770 Mathijs Schamper* L; 6-6-1774 Christ. Val. Albrecht (van Van der Spijk); 5-5-1777 Dirk Rosemeijer; 4-9-1780 Abraham Anslijn (van Du Ree); 2-4-1781 Hendrik Kriebel (van Du Ree); 3-12-1781 Johannes Boltjes L; 3-6-1782 Samuel Christiaan (Waalse wees, van Mostert), Stephanus Pret (zijn 2e zoon); 1-7-1783 Abraham Delfos* L; 1-12-1783 Jan Mathijsz van Nimweegen L; 3-9-1792 Chr. Elsevier Stokmans (van A. Boucher; Prets dochter Anna Theodora huwde hem in 1795); 5-12-1792 G.L. ten Doorn (van Van der Spijck; slechts 5 maanden in dienst) (AB 83c, f. 75).</l>
<l>NA 2139, f. 548 [scan nr. ] (1787) Obligatie.</l>
<l>Lit.: Het Rapenburg IVb, 347.</l>
</all>
</person>