<person>
<firstName>Stephanus</firstName>
<lastName>Pret</lastName>
<dob></dob>
<dod></dod>
<pob>leiden</pob>
<pob-id>1</pob-id>
<pod></pod>
<professional-start>1799</professional-start>
<professional-end></professional-end>
<professions>
<profession>
<term>boekbinder</term>
<profession-id>43</profession-id></profession>
</professions>
<marriage>SH 28-11-1799 Johanna Schurgens uit Deventer (getuige zijn bekende Egbertus van Roomburg).</marriage>
<address>Houtstraat.</address>
<street>Houtstraat</street>
<street-id>20</street-id>
<lat>52.1581218</lat>
<lon>4.4855674
</lon>
<misc>unknown</misc>
<all>
<l>Pret, Stephanus (* Leiden; w. 1799)</l>
<l>Boekbinder.</l>
<l>Adres: Houtstraat.</l>
<l>Huwelijk: SH 28-11-1799 Johanna Schurgens uit Deventer (getuige zijn bekende Egbertus van Roomburg).</l>
</all>
</person>