<person>
<firstName>Dirck</firstName>
<lastName>Prins</lastName>
<dob></dob>
<dod></dod>
<pob></pob>
<pod></pod>
<professional-start>1604</professional-start>
<professional-end></professional-end>
<professions>
<profession>
<term>boekdrukker</term>
<profession-id>6</profession-id></profession>
<profession>
<term>drukker</term>
<profession-id>9</profession-id></profession>
</professions>
<marriage>KO 13-4-1604 Neeltje Joostens.</marriage>
<misc>Zoon van Hans Prins.</misc>
<all>
<l>Prins, Dirck (w. 1604)</l>
<l>Boekdrukker.</l>
<l>Zoon van Hans Prins.</l>
<l>Huwelijk: KO 13-4-1604 Neeltje Joostens.</l>
</all>
</person>