<person>
<firstName>Bartholomaeus du</firstName>
<lastName>Bl</lastName>
<dob></dob>
<dod></dod>
<pob></pob>
<pod></pod>
<professional-start>1737</professional-start>
<professional-end></professional-end>
<professions>
<profession>
<term>verkoper</term>
<profession-id>25</profession-id></profession>
</professions>
<guild>5-8-1737 Contribuant (AB 83a, f. 13; op 4-12-1737 betaalde hij opnieuw contributie).</guild>
<misc>unknown</misc>
<all>
<l>Bl, Bartholomaeus du (w. 1737)</l>
<l>Verkoper van oude boeken.</l>
<l>Gilde: 5-8-1737 Contribuant (AB 83a, f. 13; op 4-12-1737 betaalde hij opnieuw contributie).</l>
</all>
</person>