<person>
<firstName>Johannes</firstName>
<lastName>Prins</lastName>
<dob></dob>
<dod></dod>
<pob></pob>
<pod></pod>
<professional-start>1675</professional-start>
<professional-end>1685</professional-end>
<professions>
<profession>
<term>boekverkoper</term>
<profession-id>1</profession-id></profession>
<profession>
<term>verkoper</term>
<profession-id>25</profession-id></profession>
</professions>
<guild>23-12-1675 Vrijmeester (AB 83a, f. 72).</guild>
<literature>Thesaurus.</literature>
<misc>Gerechtsdagboeken: 73, f. 311v.</misc>
<all>
<l>Prins, Johannes (w. 1675-85)</l>
<l>Boekverkoper.</l>
<l>Gilde: 23-12-1675 Vrijmeester (AB 83a, f. 72).</l>
<l>Personeel: 1682 Johannes ... K, Andries Pipjens K, Anthonij ... K; 1-5-1684 Joh. ... K, Jan Louwerisse L, Jochem Andriese Broukewael L; 1-10-1684 Hendrik Teering* K; 3-12-1685 Walraven du Guin (?) L, Jacob Pauwelsen L, ieder voor 1 jaar (AB 83a, f. 72; 83b, f. 23). Zie ook Jacob Hackius.</l>
<l>Poorterboek: getuige bij Samuel Contenot of Coutenot (14-8-1684).</l>
<l>Gerechtsdagboeken: 73, f. 311v.</l>
<l>Lit.: Thesaurus.</l>
</all>
</person>