<person>
<firstName>Prens], Nicolaas</firstName>
<lastName>Prints [Prins</lastName>
<dob>1662</dob>
<dod></dod>
<pob>zijn weduwe -</pob>
<pod></pod>
<professional-start>1650</professional-start>
<professional-end>1662</professional-end>
<professions>
<profession>
<term>boekverkoper</term>
<profession-id>1</profession-id></profession>
<profession>
<term>verkoper</term>
<profession-id>25</profession-id></profession>
<profession>
<term>boekbinder</term>
<profession-id>43</profession-id></profession>
</professions>
<marriage>KO 28-6-1650 Maria Bastingius (getuige zijn bekende Gerrit Bartholomeus).</marriage>
<address>1650 Pieterskerkhof; 1653-54 Heeren-steech, by [op de houck van] de Sint Pieters kerck; 1659 Pieterskerkchoorsteeg; 1662 Korte Pieterskerkchoorsteeg; zijn weduwe: 1665 Korte Pieterskerkchoorsteeg; 1666 Langebrug; 1680 onder het stadhuis.</address>
<street>Pieterskerkhof</street>
<street-id>48</street-id>
<lat>52.157888</lat>
<lon>4.4873466
</lon>
<literature>Thesaurus (ook de weduwe).</literature>
<misc>RA 4, Correctieboek O, f. 31 (28-3-1669) Maria Bastingius gedaagd voor het gerecht wegens de verkoop van ?seeckere vuyle ende schandaleuse boeckiens? onder ?de discipelen van de meesters in de laegste Latijnsche scholen en sulcx daerdoor affschrickelycke vuylicheden aen kinderen van soo teedere ende jonge jaren die het minst betaemt?. Het gerecht wil dit ?seer vuyl, argerlyck ende ongeschickt quaed? uitroeien en eist dat haar de winkelnering voor altijd wordt ontzegd. De uiteindelijke veroordeling luidt 6 weken winkelsluiting.</misc>
<all>
<l>Prints [Prins, Prens], Nicolaas (* Aelsen; ? Leiden 1662 [begr. HK 11-7]; w. 1650-62; zijn weduwe 1662-80)</l>
<l>Boekbinder en boekverkoper.</l>
<l>Adressen: 1650 Pieterskerkhof; 1653-54 Heeren-steech, by [op de houck van] de Sint Pieters kerck; 1659 Pieterskerkchoorsteeg; 1662 Korte Pieterskerkchoorsteeg; zijn weduwe: 1665 Korte Pieterskerkchoorsteeg; 1666 Langebrug; 1680 onder het stadhuis.</l>
<l>Huwelijk: KO 28-6-1650 Maria Bastingius (getuige zijn bekende Gerrit Bartholomeus).</l>
<l>9-9-1650 Poorter (Poorterboek G-2, f. 100, met vermelding van ?Aelsius? of ?Aelsins?).</l>
<l>Personeel: 14-8-1650 Johannes Muijlaert, oud 17 jaar, L voor 4 jaar (van Bevoije; acoord; 2-6-1652 accoord dat hij 2 jaar heeft gediend en vrij is); 1650 Hendrick Martense, oud 12 jaar (AB 83a, f. 59).</l>
<l>Poorterboek: getuige bij Claes Test (13-12-1658).</l>
<l>NA 826, nr. 105 (10-7-1651) Obligatie aan zijn schoonmoeder Maria van Egmond, weduwe Joh. Bastingius van ?100 en aan zijn schoonzus Meijnsje Bastingius van ?150 i.v.m. lening.</l>
<l>NA 757, nr. 192 (4-9-1651) Obligatie met zijn vrouw van ?100 aan Eva Vrijmoeden.</l>
<l>NA 740, nr. 38 (28-2-1659) Verklaring t.v.v. de schout (?) door Johannes Tol, oud 15 jaar, Jacob van Marcken, oud 12 jaar, Meindert van Aecker, oud 14 jaar en Robert Hennebo, oud 15 jaar, met uitzondering van Hennebo allen ?geexerceert wordende? in het Latijn (= leerlingen van de Latijnse School?) dat zij 14 dagen geleden boeken hebben verkocht aan Prins, te weten: Tol Ciceronis Opera, 10 dln. gedrukt bij Elzevier, Titi Livii Opera in 3 stukjes, Machiavelli Opera 4? in 5 stukjes, Maresi ...tetivinus (?) 2 dln. 4?, Curtii Historia, Virulami Opera 5 stuks, 5 republieken en Deckerinus (?) De Deo uno et trieno in-8?, Strada Nederlandse oorlogen, waarvoor hij ?11 heeft gekregen; Van Aeckeren 3 testamenten, waarvan 2 met zilverbeslag en 1 in het Frans, en 2 Nederlandse boeken voor 5 halve guldens; Van Marcken De herstelde leeuw 8? en nog 5 Latijnse en 2 Nederlandse boeken voor ongeveer ?5; Hennebo 2 Latijnse boeken voor 12 st. Prins en zijn vrouw hadden de jongens aangemoedigd meer boeken te brengen en hen zelfs een lijst met titels gegeven.</l>
<l>RA 4, Correctieboek N, ff. 191r-192v (10-4-1659) Veroordeling wegens het opkopen tegen minder dan de helft van de waarde van boeken die op bestelling door kinderen uit de bibliotheek van hun ouders of vrienden werden gestolen. Boete ?50, teruggave van de boeken en kosten van het proces.</l>
<l>NA 808, nr. 148 (7-6-1662) Mutueel testament. Hij is ziek.</l>
<l>NA 722B, nr. 16 (19-2-1665) Maria Bastingius huurt huis in de Korte Pieters Choorsteeg voor 2 jaar voor ?140 p/jr. van Elisabeth Ellis, weduwe van mr. Anthonie Croock.</l>
<l>NA 1090, nr. 57 (10-6-1666) Obligatie Maria Bastingius van ?150 aan Franciscus Hackius voor geleverde boeken.</l>
<l>RA 4, Correctieboek O, f. 31 (28-3-1669) Maria Bastingius gedaagd voor het gerecht wegens de verkoop van ?seeckere vuyle ende schandaleuse boeckiens? onder ?de discipelen van de meesters in de laegste Latijnsche scholen en sulcx daerdoor affschrickelycke vuylicheden aen kinderen van soo teedere ende jonge jaren die het minst betaemt?. Het gerecht wil dit ?seer vuyl, argerlyck ende ongeschickt quaed? uitroeien en eist dat haar de winkelnering voor altijd wordt ontzegd. De uiteindelijke veroordeling luidt 6 weken winkelsluiting.</l>
<l>Lit.: Thesaurus (ook de weduwe).</l>
</all>
</person>