<person>
<firstName>Lubartus</firstName>
<lastName>Proper</lastName>
<dob></dob>
<dod></dod>
<pob></pob>
<pod></pod>
<professional-start>1644</professional-start>
<professional-end></professional-end>
<professions>
<profession>
<term>letterzetter</term>
<profession-id>4</profession-id></profession>
</professions>
<marriage>KO 16-11-1644 Maria Fredericx uit Kopenhagen, op de Pieterskerkgracht (getuige zijn neef Claes Beun op het Noordeinde en haar nicht Christina Henricx).</marriage>
<address>Noordeinde.</address>
<street>Noordeinde</street>
<street-id>42</street-id>
<lat>52.1601961</lat>
<lon>4.4834252
</lon>
<misc>unknown</misc>
<all>
<l>Proper, Lubartus (* Yperen; w. 1644)</l>
<l>Letterzetter.</l>
<l>Adres: Noordeinde.</l>
<l>Huwelijk: KO 16-11-1644 Maria Fredericx uit Kopenhagen, op de Pieterskerkgracht (getuige zijn neef Claes Beun op het Noordeinde en haar nicht Christina Henricx).</l>
</all>
</person>