<person>
<firstName>Hendrick van der</firstName>
<lastName>Put</lastName>
<dob></dob>
<dod></dod>
<pob></pob>
<pod></pod>
<professional-start>1701</professional-start>
<professional-end></professional-end>
<professions>
<profession>
<term>boekverkoper</term>
<profession-id>1</profession-id></profession>
<profession>
<term>verkoper</term>
<profession-id>25</profession-id></profession>
</professions>
<misc>Poorterboek: getuige bij Willem Woortman (2-3-1701).</misc>
<all>
<l>Put, Hendrick van der (w. 1701)</l>
<l>Boekverkoper.</l>
<l>Poorterboek: getuige bij Willem Woortman (2-3-1701).</l>
</all>
</person>