<person>
<firstName>Jan de la</firstName>
<lastName>Quellerie</lastName>
<dob></dob>
<dod></dod>
<pob></pob>
<pod></pod>
<professional-start>1622</professional-start>
<professional-end>1647</professional-end>
<professions>
<profession>
<term>boekverkoper</term>
<profession-id>1</profession-id></profession>
<profession>
<term>verkoper</term>
<profession-id>25</profession-id></profession>
</professions>
<literature>Willems 422; Briels 392-393; De Navorscher, IX (1859), 155-156.</literature>
<misc>SA 67 (Gerechtsdagboek Y), f. 324r (27-9-1647) Consent aan de erven van Jan de la Quellierie, boekbinder en boekverkoper, voor de verkoop van diens winkelvoorraad door Joh. du Pre.</misc>
<all>
<l>Quellerie, Jan de la (w. 1622-47  met tussenpozen?)</l>
<l>Boekverkoper.</l>
<l>Afkomstig uit de Zuidelijke Nederlanden. Zoon van Chrestien de la Quellerie en Maria Polle. De vader was in 1575 predikant van de Franse troepen te Oudewater, in 1582 te Gent. In 1583 aangesteld als Waals schoolmeester te Utrecht, daarna legerpredikant. Hij woonde in 1622 in bij zijn zoon in Leiden.</l>
<l>Sloane MS 2764, f. 64 gravure Franciscus Raphelengius met gedicht van Jan la Quenillerie. Dezelfde?</l>
<l>SA 682, Burg. Dagb., f. 102v (23-8-1622) Zweert censuureed.</l>
<l>In 1626 gedaagd door de magistraat met andere boekverkopers vanwege de verkoop van het pamflet Den Hollandsche Apocalypsis.</l>
<l>SA 67 (Gerechtsdagboek Y), f. 324r (27-9-1647) Consent aan de erven van Jan de la Quellierie, boekbinder en boekverkoper, voor de verkoop van diens winkelvoorraad door Joh. du Pre.</l>
<l>Lit.: Willems 422; Briels 392-393; De Navorscher, IX (1859), 155-156.</l>
</all>
</person>