<person>
<firstName>Jacobus</firstName>
<lastName>Questro</lastName>
<dob></dob>
<dod></dod>
<pob>leiden</pob>
<pob-id>1</pob-id>
<pod></pod>
<professional-start>1682</professional-start>
<professional-end>1691</professional-end>
<professions>
<profession>
<term>letterzetter</term>
<profession-id>4</profession-id></profession>
</professions>
<marriage>KO 2-10-1685 Magdelena van de Velde uit Zwolle, in de Witte Paardensteeg (getuige zijn broer Jan en haar moeder Mary Jans); kinderen: doop HK 5-10-1687 Jacobus. Magdalena hertrouwt KO 19-5-1691 met Jan Hendricksz van Leeuwen. Zij woont dan in de Sionsteeg.</marriage>
<address>Broertjesgracht.</address>
<guild>1682 K bij Abr. Elzevier.</guild>
<misc>Waals.</misc>
<all>
<l>Questro, Jacobus (* Leiden; w. 1682-voor 1691)</l>
<l>Letterzetter.</l>
<l>Waals.</l>
<l>Adres: Broertjesgracht.</l>
<l>Huwelijk: KO 2-10-1685 Magdelena van de Velde uit Zwolle, in de Witte Paardensteeg (getuige zijn broer Jan en haar moeder Mary Jans); kinderen: doop HK 5-10-1687 Jacobus. Magdalena hertrouwt KO 19-5-1691 met Jan Hendricksz van Leeuwen. Zij woont dan in de Sionsteeg.</l>
<l>Gilde: 1682 K bij Abr. Elzevier.</l>
</all>
</person>