<person>
<firstName>?</firstName>
<lastName>Quint</lastName>
<dob></dob>
<dod></dod>
<pob></pob>
<pod></pod>
<professional-start>1774</professional-start>
<professional-end></professional-end>
<professions>
<profession>
<term>boekverkoper</term>
<profession-id>1</profession-id></profession>
<profession>
<term>verkoper</term>
<profession-id>25</profession-id></profession>
</professions>
<address>Vestestraat.</address>
<guild>Contribuant; 1774 uitgescheiden (AB 83c, f. 96).</guild>
<misc>unknown</misc>
<all>
<l>Quint, ? (w. 1774)</l>
<l>Boekverkoper?</l>
<l>Adres: Vestestraat.</l>
<l>Gilde: Contribuant; 1774 uitgescheiden (AB 83c, f. 96).</l>
</all>
</person>