<person>
<firstName>Dirck Fransz</firstName>
<lastName>Quint</lastName>
<dob></dob>
<dod></dod>
<pob>amsterdam</pob>
<pob-id>6</pob-id>
<pod></pod>
<professional-start>1631</professional-start>
<professional-end>1650</professional-end>
<professions>
<profession>
<term>boekverkoper</term>
<profession-id>1</profession-id></profession>
<profession>
<term>verkoper</term>
<profession-id>25</profession-id></profession>
<profession>
<term>boekbinder</term>
<profession-id>43</profession-id></profession>
</professions>
<marriage>1. KO 6-3-1631 Anna Burchgraeff uit Rotterdam (getuige zijn meester Isaac Commelin); 2. KO 28-2-1636 Maertje Pieters van Leeuwen uit Delft (getuige zijn aaanstaande oom Jacob van Leeuwen); kinderen: doop HK 25-3-1646 Adriaen; HK 1-11-1648 Nicolaes; HK 24-12-1651 Janneke (getuige Elisabeth van Sambix, vrouw van David Lopez).</marriage>
<address>1631 Maarsmansteeg; 1636 Rapenburg; 1646, 1651 Kloksteeg NZ (vlakbij Pieterskerkhof).</address>
<street>Rapenburg</street>
<street-id>50</street-id>
<lat>52.155884</lat>
<lon>4.4876151
</lon>
<guild>1636 K bij Isaac Commelin. 15-6-1650 Vrijmeester (AB 83a, f. ?). Hoofdman 1655.</guild>
<misc>Weeskamer 3344l Bijlagen.</misc>
<all>
<l>Quint, Dirck Fransz (* Amsterdam; w. 1631-50)</l>
<l>Boekverkoper en boekbinder.</l>
<l>Adres: 1631 Maarsmansteeg; 1636 Rapenburg; 1646, 1651 Kloksteeg NZ (vlakbij Pieterskerkhof).</l>
<l>Huwelijk: 1. KO 6-3-1631 Anna Burchgraeff uit Rotterdam (getuige zijn meester Isaac Commelin); 2. KO 28-2-1636 Maertje Pieters van Leeuwen uit Delft (getuige zijn aaanstaande oom Jacob van Leeuwen); kinderen: doop HK 25-3-1646 Adriaen; HK 1-11-1648 Nicolaes; HK 24-12-1651 Janneke (getuige Elisabeth van Sambix, vrouw van David Lopez).</l>
<l>15-10-1632 Poorter (Poorterboek, f. 213), uit Amsterdam.</l>
<l>Gilde: 1636 K bij Isaac Commelin. 15-6-1650 Vrijmeester (AB 83a, f. ?). Hoofdman 1655.</l>
<l>Personeel: 15-6-1650 zijn zoon Frans, oud 13 jaar, L; 2-10-1651 Christiaen Roelantsz, oud 12 jaar, L voor 4 jaar (vgl. vermelding van Christiaen Jacobse als L bij Scattenberg, die voor 1654 nog bij Quint in dienst zou zijn) (AB 83a, f. 8).</l>
<l>NA 318, nr. 18 (19-1-1632) Mutueel testament met Anneke Burchraaf. Als event. voogden worden genoemd Is. Commelin en Abr. Bastingius. De boekbinder Barend Keeseman is getuige.</l>
<l>NA 568, nr. 3 (4-3-1637) Procuratie Niclaes van Geelkerck, landmeter van het vorstendom Gelre te Arnhem aan Johan van Kuick, procureur voor de vierschaar te Leiden om een bedrag te innen van Dirck Fransz Quint ter zake van huishuur.</l>
<l>NA 535, nr. 86 [scan nr. 153] (17-9-1637) Genoemd als schuldenaar in de boedel Jan Jaspersz van den Berge, hoedekramer, en Jacquemyntje van Sonnevelt: Dirck Fransz boekbinder op het Rapenburg 0:12:8.</l>
<l>NA 569, nr. 21 (5-3-1639) Procuratie om het geschil over de huishuur met Dirck Fransz Quint bij te leggen.</l>
<l>NA 553, nr. 41 (8-8-1643) Verklaring met Frans de Heger, beiden wonend in de Kloksteeg t.b.v. De Hegers knecht Anthonis Mijsse. Quint verklaart dat ca. 3 jaar geleden een zekere Ernst ..., knecht bij Frans Hacke, die toen ook nog in de Kloksteeg woonde schuin tegenover De Heger en Quint het werk Loci communes van Ant. Walaeus 4 had aangeboden voor 3, waar Quint op in was gegaan en een aanbetaling van 30 st. had gedaan. Toen hij dit later aan Hacke vertelde, zei deze dat dit boek niet van hem was geweest en dat Ernst daar onrechtmatig aan gekomen was, waarop hij de 30 st. terug gaf. De Heger bevestigt dit verhaal.</l>
<l>NA 370, nr. 8 (18-10-1643) Genoemd als getuige.</l>
<l>NA 400, nr. 28 (20-2-1646) Verklaring t.v.v. Quint door diverse personen n.a.v. burenruzie (?).</l>
<l>NA 400, nr. 30 (22-2-1646) Verklaring David Lopez (naam doorgestreept), Hieronymus de Vogel e.a., allen wonend aan de Kloksteeg, t.v.v. Quint n.a.v. burenruzie (?) met zijn buurman, de vettewarir Paulus Pietersz Dismans.</l>
<l>NA 400, nr. 86 (8-5-1646) Verklaring Jan Jansz van Halteren en Pieter de Melander t.v.v. Quint aangaande een burenruzie (?).</l>
<l>NA 727, nr. 245 (30-10-1646) Verklaring met de schilder David Bailly en Hieronymus de Vogel t.v.v. de kleermaker Pieter van Gelde(r).</l>
<l>6-12-1648 Met David Lopez getuige bij de doop van Hieronymus de Vogel jr.</l>
<l>Weeskamer 2513l (24-2-1650) Rekening van de goederen gekomen aan Maritje Pieters van Leeuwen.</l>
<l>Weeskamer 2122b (23-10-1653) Rekening van het aandeel van de kinderen van Maritje Pieters van Leeuwen, dochter van Jacob van Leeuwen.</l>
<l>Weeskamer 2528b (28-10-1660) Rekening.</l>
<l>Weeskamer 2528c (8-10-1663) Rekening.</l>
<l>Weeskamer 2528d (19-4-1666) Rekening.</l>
<l>Weeskamer 3344a (24-2-1650) Bijlagen tot de rekening van 24-2-1650.</l>
<l>Weeskamer 3344d (11-5-1657) Inventaris.</l>
<l>Weeskamer 3344j-k (31-1-1669) Machtiging tot verkoop van een huis aan het Kort Rapenburg.</l>
<l>Weeskamer 3344l Bijlagen.</l>
</all>
</person>