<person>
<firstName>Frans van</firstName>
<lastName>Bleyswyck</lastName>
<dob>1680</dob>
<dod></dod>
<pob>leiden</pob>
<pob-id>1</pob-id>
<pod></pod>
<professional-start>1705</professional-start>
<professional-end></professional-end>
<professions>
<profession>
<term>plaatsnijder</term>
<profession-id>57</profession-id></profession>
</professions>
<marriage>KO 16-8-1710 Johanna [van der] Winkel (getuige zijn vader; zij was eerder gehuwd geweest met Johannes Lerrenbergh).</marriage>
<address>1710 Appelmarkt.</address>
<street>Appelmarkt</street>
<street-id>1</street-id>
<lat>52.1456022</lat>
<lon>4.487679
</lon>
<guild>12-8-1706 lid Lucasgilde. 1716 Johannes van der Spijck L.</guild>
<literature>Streng, Quaerendo.</literature>
<misc>RA 210, XVII, f. 516 (x-1/28-6-1747) Collaterale successie.</misc>
<all>
<l>Bleyswyck, Frans van (* Leiden c. 1680; w. 1705-?)</l>
<l>Plaatsnijder.</l>
<l>Zoon van Pieter Bleyswijck.</l>
<l>Adres: 1710 Appelmarkt.</l>
<l>Huwelijk: KO 16-8-1710 Johanna [van der] Winkel (getuige zijn vader; zij was eerder gehuwd geweest met Johannes Lerrenbergh).</l>
<l>Gilde: 12-8-1706 lid Lucasgilde. 1716 Johannes van der Spijck L.</l>
<l>Album studiosorum 2-10-1705 Franciscus Bleiswijck Lugduno-Batavus, Calcographus sculptor. 25.</l>
<l>28-11-1746 Veiling van zijn boeken en prenten door Johannes II van Hasbroek. In deze veiling kwamen nog zeven andere collecties onder de hamer.</l>
<l>RA 210, XVII, f. 516 (x-1/28-6-1747) Collaterale successie.</l>
<l>Lit.: Streng, Quaerendo.</l>
</all>
</person>