<person>
<firstName>Tomas van</firstName>
<lastName>Acher</lastName>
<dob></dob>
<dod></dod>
<pob></pob>
<pod></pod>
<professional-start>1636</professional-start>
<professional-end></professional-end>
<professions>
<profession>
<term>letterzetter</term>
<profession-id>4</profession-id></profession>
</professions>
<marriage>KO 29-4-1636 Neeltje Dirx van Banheyningen.</marriage>
<address>1636 Kort Rapenburg.</address>
<street>Rapenburg</street>
<street-id>50</street-id>
<lat>52.155884</lat>
<lon>4.4876151
</lon>
<misc>unknown</misc>
<all>
<l>Acher, Tomas van (w. 1636)</l>
<l>Letterzetter.</l>
<l>Adres: 1636 Kort Rapenburg.</l>
<l>Huwelijk: KO 29-4-1636 Neeltje Dirx van Banheyningen.</l>
</all>
</person>