<person>
<firstName>Edward</firstName>
<lastName>Raban</lastName>
<dob></dob>
<dod></dod>
<pob></pob>
<pod></pod>
<professional-start></professional-start>
<professional-end>1620</professional-end>
<professions>
<profession>
<term>drukker</term>
<profession-id>9</profession-id></profession>
</professions>
<literature>Gordon E. Duff, The early career of Edward Raban, afterwards first printer at Aberdeen, The Library, 4th ser., 2 (1921-22), 239-256; Lane; Martin, Registres du libraire Nicolas.</literature>
<misc>Getuigenisboek I, f. 217; L, f. 224 (Eduwaert Raetboud, drukker).</misc>
<all>
<l>Raban, Edward (* Schotland; w. pre-1620)</l>
<l>Eerst soldaat, later drukker.</l>
<l>In dienst van Uldrick Cornelisz Honthorst of Hendrick Cornelisz van Woerden.</l>
<l>Keerde naar Schotland terug en vestigde zich in Aberdeen. In een voorwoord tot een van zijn boeken spreekt hij over zijn Leidse tijd en beschrijft dat hij werkte bij een drukker die in 1620 (of 1622?) met zijn dochter omkwam bij een brand. Later is hij werkzaam in Frankrijk, eerst in Grenoble, later in Orange.</l>
<l>Getuigenisboek I, f. 217; L, f. 224 (Eduwaert Raetboud, drukker).</l>
<l>Lit.: Gordon E. Duff, The early career of Edward Raban, afterwards first printer at Aberdeen, The Library, 4th ser., 2 (1921-22), 239-256; Lane; Martin, Registres du libraire Nicolas.</l>
</all>
</person>