<person>
<firstName>Floris Jansz</firstName>
<lastName>Rammazijn</lastName>
<dob>1664</dob>
<dod></dod>
<pob>Leiden  [begr. HK -]</pob>
<pob-id>5</pob-id>
<pod></pod>
<professional-start>1662</professional-start>
<professional-end>1664</professional-end>
<professions>
<profession>
<term>boekverkoper</term>
<profession-id>1</profession-id></profession>
<profession>
<term>boekdrukker</term>
<profession-id>6</profession-id></profession>
<profession>
<term>drukker</term>
<profession-id>9</profession-id></profession>
<profession>
<term>verkoper</term>
<profession-id>25</profession-id></profession>
</professions>
<marriage>KO 16-11-1661 Marya Willems Block (getuige zijn neef Jan Eyerdil; begr. 4-10-1664 HK).</marriage>
<address>1661 Hooglandse Kerkhof; 1664 Choorsteeg; 1664 in Hercules.</address>
<street>Choorsteeg</street>
<street-id>7</street-id>
<lat>52.1579938</lat>
<lon>4.4888337
</lon>
<guild>1-5-1662 Vrijmeester (AB 83a, f. 106).</guild>
<literature>Kossmann 321; Adresboek.</literature>
<misc>NA 931, nr. 48 (13-6-1663) Procuratie aan Roelof van Meerlant, brouwer en burgemeester van IJsselsteijn, om geld te innen uit de boedel van wijlen Jan Florisz van der Mey.</misc>
<all>
<l>Rammazijn, Floris Jansz (* Gouda;  Leiden 1664 [begr. HK 13-10]; w. 1662-64)</l>
<l>Boekdrukker en boekverkoper.</l>
<l>Gewettigde zoon van de Goudse, later Haagse boekdrukker Johannes Rammazijn, bij wie hij 1657-62 in de leer was. Zijn moeder was waarschijnlijk Geertruid Floris v.d. Weyde uit Gouda.</l>
<l>Adres: 1661 Hooglandse Kerkhof; 1664 Choorsteeg; 1664 in Hercules.</l>
<l>Huwelijk: KO 16-11-1661 Marya Willems Block (getuige zijn neef Jan Eyerdil; begr. 4-10-1664 HK).</l>
<l>Gilde: 1-5-1662 Vrijmeester (AB 83a, f. 106).</l>
<l>NA 930, nr. 153 (17-8-1662) Procuratie aan zijn vader te Den Haag om van de erven van Jan Floris van der Mey geld te innen.</l>
<l>NA 930, nr. 168 (10-9-1662) Verklaring dat hij alles dat zijn vader heeft ondernomen aangaande de nalatenschap van Jan Florisz van der Mey goedkeurt.</l>
<l>NA 931, nr. 48 (13-6-1663) Procuratie aan Roelof van Meerlant, brouwer en burgemeester van IJsselsteijn, om geld te innen uit de boedel van wijlen Jan Florisz van der Mey.</l>
<l>Lit.: Kossmann 321; Adresboek.</l>
</all>
</person>