<person>
<firstName>Henry</firstName>
<lastName>Randolph</lastName>
<dob>1601</dob>
<dod></dod>
<pob></pob>
<pod></pod>
<professional-start>1627</professional-start>
<professional-end></professional-end>
<professions>
<profession>
<term>drukker</term>
<profession-id>9</profession-id></profession>
</professions>
<literature>Henselmans 5; Sprunger, ch. 5.</literature>
<misc>UBL, Senaatsarchief, Volumen Inscriptionum, f. 232 (12-2-1627) Inschrijving als student, 26 jaar oud, wonend in de Varkenssteeg, samen met 7 anderen: Willem Christiaens van der Boxe, William Wilkinson, Pieter Vincentsz van Heemskerck, Johannes de Vechter, Pieter Schut, Angel Jacobsz jr. en Theodoor Wolders (Servi typographi nostri Academici sequenter acto ex gratie et liberalitate D.D. Consulum urbis nostris Leidensis gratis inscripti sunt). Vgl. AS Servi typographi nostri academici.</misc>
<all>
<l>Randolph, Henry (* 1601; w. 1627)</l>
<l>Drukker.</l>
<l>UBL, Senaatsarchief, Volumen Inscriptionum, f. 232 (12-2-1627) Inschrijving als student, 26 jaar oud, wonend in de Varkenssteeg, samen met 7 anderen: Willem Christiaens van der Boxe, William Wilkinson, Pieter Vincentsz van Heemskerck, Johannes de Vechter, Pieter Schut, Angel Jacobsz jr. en Theodoor Wolders (Servi typographi nostri Academici sequenter acto ex gratie et liberalitate D.D. Consulum urbis nostris Leidensis gratis inscripti sunt). Vgl. AS Servi typographi nostri academici.</l>
<l>Lit.: Henselmans 5; Sprunger, ch. 5.</l>
</all>
</person>