<person>
<firstName>Meynart Harmsz</firstName>
<lastName>Rapsholt</lastName>
<dob></dob>
<dod></dod>
<pob></pob>
<pod></pod>
<professional-start>1620</professional-start>
<professional-end></professional-end>
<professions>
<profession>
<term>drukker</term>
<profession-id>9</profession-id></profession>
</professions>
<misc>NA 282, nr. 62 (29-1-1620) Getuige bij akte.</misc>
<all>
<l>Rapsholt, Meynart Harmsz (*Aken?; w. 1620)</l>
<l>Drukker.</l>
<l>NA 282, nr. 62 (29-1-1620) Getuige bij akte.</l>
</all>
</person>