<person>
<firstName>Paulus Aertsz van</firstName>
<lastName>Ravesteyn</lastName>
<dob>1647</dob>
<dod></dod>
<pob>- Amsterdam</pob>
<pob-id>7</pob-id>
<pod></pod>
<professional-start>1610</professional-start>
<professional-end></professional-end>
<professions>
<profession>
<term>boekverkoper</term>
<profession-id>1</profession-id></profession>
<profession>
<term>drukker</term>
<profession-id>9</profession-id></profession>
<profession>
<term>verkoper</term>
<profession-id>25</profession-id></profession>
</professions>
<marriage>KO 29-5-1608 te Amsterdam met Elisabeth Sweerts Manuels.</marriage>
<address>1635-47 Hooglandse Kerkgracht.</address>
<literature>NNBW; Briels 417-418; KS 589, 600-605 e.v.; Statenbijbel: Nicolaes Hinlopen, Historie van de Nederlandsche overzettinge des Bybels ... (Leiden: J. Le Mair, 1777), 185-186.</literature>
<misc>Vgl. KS 600-605 voor excerpten uit zijn Amsterdamse schuldboek met diverse Leidse boekverkopers: Krijn Smits 24.4 (prijs 171.8); Daniel Burghoren 33.6; Joris Cornelisz van Dorp 5.7 (prijs 8.16); Joris van Dorp 10 (prijs 42.19); Willem van Reynenburg 26 (prijs 56.12); Pieter Leffen prijs 49; Daniel en Abraham van Gaesbeeck prijs 97.10; Frans Nackes (= Hackes) 11.8 (prijs 295.10); Johannes van der Brugge prijs 10.4; Pieter Dedier prijs 47.17; Daniel Burghoorn 13.4 (prijs 248.16); Pieter Engelvaart prijs 34.15; Nicolaes Rosa (geen bedrag); Severijn Tijsz (= Matthijsz) 23.4; Jacob Tinnekens 29.18 (prijs 5.6).</misc>
<all>
<l>Ravesteyn, Paulus Aertsz van (* Dordrecht 1586/7;  Amsterdam 1655; w. 1610 Amsterdam; 1635-47 Leiden; 1647-55 Amsterdam)</l>
<l>Drukker en boekverkoper.</l>
<l>Zoon van Aert Claesz en Hester van der Stegen.</l>
<l>Adres: 1635-47 Hooglandse Kerkgracht.</l>
<l>Huwelijk: KO 29-5-1608 te Amsterdam met Elisabeth Sweerts Manuels.</l>
<l>Sedert 1608 gevestigd te Amsterdam.</l>
<l>7-4-1635 Poorter (Poorterboek f. 256). Kreeg in 1635 opdracht om in Leiden de Statenbijbel te drukken; gereed in 1636, verhandeld door de weduwe Van Wouw in 1637.</l>
<l>Personeel: 1635 zetters: Dominicus van der Stichel, Cornelis Jansz van Cheden, Floris Jacobsz, drukkers en gezellen: Marcus Jansz, Severijn Jansz, Cornelis de Buijscher, Pieter Jacobsz van der Mouw; 1638 Severijn Matthijsz*.</l>
<l>26-6-1635 Getuige bij de doop van Josijntje van der Stichel, dochter van Dominicus van der Stichel en Janneke Sicks.</l>
<l>7-4-1635 Inschrijving Album Studiosorum (k. 270).</l>
<l>Privilegeboek E, f. 145-147, 154 e.v., als marge-aantekening bij art. 10 van het contract d.d. 10 en 12-2-1635 (tekst in Hinlopen).</l>
<l>Burgemeesters Dagboeken 7-4-1635 Vrijstelling van imposten ende excysen opte wynen ende byeren (afbeelding in Niets kan haar glans verdoven (1987), 76).</l>
<l>Burg. dagboeken? (1-7-1635) Bediging door de Leidse burgemeesters met zijn zettersknechten Dominicus van der Stichel (later werkzaam te Amsterdam), Cornelis Jansz van Cheden, Floris Jacobsz, en drukkers en gezellen Marcus Jansz, Severijn Jansz, Cornelis de Buijscher en Pieter Jacobsz van der Mouw. Vgl. De la Fontaine Verwey, Uit de wereld van het boek II, 101, n. 34.</l>
<l>NA 564a, nr. 20 (18-9-1636) Procuratie mede uit naam van de kinderen van wijlen Jan Aertsz van Ravesteyn aan Jacob Aertsz de Gruyter i.v.m. bezittingen te Den Bosch. Getuige boekverkoper Pieter de Wit.</l>
<l>Getuigenisboek: W, f. 311 (drukker, 56 jaar).</l>
<l>GAA, NA ? (notaris P. Barcman, 14-11-1636 = KS 1437) Bevestiging door Van Ravesteyn te Leiden, Jan Jansz te Amsterdam en Geertruijt Jans als procuratie hebbende van haar man Jacob Carpentier van een acte verleden voor notaris Nicolaes Vogel te Rotterdam op 26-11-1635 aangaande een drukkerscompagnie met Andries Jansz van Aelst te Apeldoorn. De compagnie bestaat niet meer, reden waarom op 15-11 verkocht zullen worden t.n.v. Van Ravesteyn en Jan Jansz 300 pond nieuw parel Duits, 300 idem wat ouder, 278 pond nieuw robijn Duits, 140 pond idem wat ouder, 44 pond diamant Duits, 284 pond mediaan noten en 92 pond loden formaten en linien, volgens de gedrukte aankondiging. Na de verkoping zullen de resterende boeken tussen beiden worden verdeeld (zie ook Briels, 231).</l>
<l>NA 536, nr. 54 (20-12-1638) Procuratie van Van Ilpendam om hem te vertegenwoordigen nopende de questie ende verschillen die hy [Van Ilpendam] ... ende dselve Ravesteyn met eenige andre personen uijtstaen hebben van het drucken ende vercopen van het oude ende nieuwe testament en nopende de privilegie van het drucken ende vercopen van het oude en nieuwe testament. Doorgestreept staat met ende beneffens de andre van de compagnie van het oude en nieuwe testament.</l>
<l>NA 225, nr. 130 (28-3-1639) Verklaring Constantin lEmpereur en Van Ravesteyn n.a.v. Caesar Winningh (neef, d.w.z. zwager van Van Ravesteyn).</l>
<l>Bij de ondertrouw van zijn dochter Maria in Leiden op 15-8-1641 met de predikant Samuel Kopagroen was David Jansz van Ilpendam getuige.</l>
<l>2-7-1642 getuige bij de PK doop van Cornelius Hackius, zoon van Frans Hackius en Catharina Simons.</l>
<l>NA 620, nr. 61 (10-5-1642) Verklaring dat hij van Ivo Claes uit Dokkum 5530.6 (of 5513.6?) ontvangen heeft ter voldoening van het transport van een obligatie van 4700 plus rente sedert 1-1-1638. Getuigen Johannes Casteleyn en Cornelis van Berckel.</l>
<l>NA 620, nr. 62 (10-5-1642) Verklaring dat hij aan Ivo Claes uit Dokkum een obligatie van 4700 d.d. 1-1-1638 heeft overgedragen.</l>
<l>NA 278, nr. 52 (1-5-1644) Voogdijverklaring Franois de Heger na het overlijden van diens vrouw Pietertje Pieters. Voogden Paulus van Ravesteyn en Willem Albertsz Duijrcant, bode mette roeden.</l>
<l>NA 786, nr. 67 (16-5-1645) Willem Albertsz Duircant, bode mette roeden en Paulus Aertsz van Ravesteyn zien af van hun voogdijschap over de kinderen van De Heger.</l>
<l>NA 792, nr. 66 (1-7-1646) Procuratie Paulus Aertsz van Ravesteyn (moeilijk leesbaar; bedrag 88.2.8 o.a. Isaac van Waesberge te Rotterdam genoemd).</l>
<l>Attestatie 27 april 1647  KS 589.</l>
<l>NA 687, nr. 58 (15-6-1647) Verklaring Paulus Aertsz van Ravesteyn, boekdrukker te Amsterdam, die de afgelopen twaalf jaar met zijn gezin te Leiden heeft gewoond op de Hooglandse Kerkgracht in het huis De Olifant, waaruit hij nu in mei vertrokken is, t.v.v. Isaac Marcus Bavelaer en Pieter Ouseel over de stank van het secreet van het huis De Olifant. Volgens de Bonboeken van Kerkvierendeel 6620, ff. 259v en 259a (foto 268), is dit het vierde huis op de Hooglandse Kerkgracht (of St. Pancras Kerkstraat, zoals de naam toen was), OZ, noordwaarts gaande. Eigenaars tijdens de huurperiode van Van Ravesteyn was het echtpaar Adriaen Taets van Amerongen en Margaretha van Oyen. Vgl. notaris Outerman, NA 436, nr. 22?</l>
<l>Vgl. KS 600-605 voor excerpten uit zijn Amsterdamse schuldboek met diverse Leidse boekverkopers: Krijn Smits 24.4 (prijs 171.8); Daniel Burghoren 33.6; Joris Cornelisz van Dorp 5.7 (prijs 8.16); Joris van Dorp 10 (prijs 42.19); Willem van Reynenburg 26 (prijs 56.12); Pieter Leffen prijs 49; Daniel en Abraham van Gaesbeeck prijs 97.10; Frans Nackes (= Hackes) 11.8 (prijs 295.10); Johannes van der Brugge prijs 10.4; Pieter Dedier prijs 47.17; Daniel Burghoorn 13.4 (prijs 248.16); Pieter Engelvaart prijs 34.15; Nicolaes Rosa (geen bedrag); Severijn Tijsz (= Matthijsz) 23.4; Jacob Tinnekens 29.18 (prijs 5.6).</l>
<l>Lit.: NNBW; Briels 417-418; KS 589, 600-605 e.v.; Statenbijbel: Nicolaes Hinlopen, Historie van de Nederlandsche overzettinge des Bybels ... (Leiden: J. Le Mair, 1777), 185-186.</l>
</all>
</person>