<person>
<firstName>Christoffel de</firstName>
<lastName>Rechte</lastName>
<dob></dob>
<dod></dod>
<pob></pob>
<pod></pod>
<professional-start>1673</professional-start>
<professional-end></professional-end>
<professions>
<profession>
<term>boekverkoper</term>
<profession-id>1</profession-id></profession>
<profession>
<term>pseudoniem</term>
<profession-id>24</profession-id></profession>
<profession>
<term>verkoper</term>
<profession-id>25</profession-id></profession>
</professions>
<address>1673 by dUniversiteyt.</address>
<literature>Thesaurus.</literature>
<misc>unknown</misc>
<all>
<l>Rechte, Christoffel de (w. 1673)</l>
<l>Boekverkoper. Pseudoniem?</l>
<l>Adres: 1673 by dUniversiteyt.</l>
<l>Lit.: Thesaurus.</l>
</all>
</person>