<person>
<firstName>Claes Adriaensz</firstName>
<lastName>Redelichuysen</lastName>
<dob></dob>
<dod></dod>
<pob>Parijs ?</pob>
<pob-id>1</pob-id>
<pod></pod>
<professional-start>1641</professional-start>
<professional-end></professional-end>
<professions>
<profession>
<term>boekverkoper</term>
<profession-id>1</profession-id></profession>
<profession>
<term>verkoper</term>
<profession-id>25</profession-id></profession>
</professions>
<literature>Martin, Livre, pouvoir , 302-03, 315 (over de weduwe Pele).</literature>
<misc>NA 574, nr. 51 (28-6-1644) Verklaring Johan Elsevier, oud ca. 23 jaar, t.v.v. Geertruid Jans van Heemskerck dat hij 2 maanden tevoren geweest is in Parijs en aldaar goede kennisse heeft gehad aan Nicolaes van Redelichuysen, die daar is getrouwd met Margrieta Valle, weduwe van Guillaume Pele, boekverkoper aldaar. Hij weet dat Redelichuysen daar een huwelijkscontract heeft getekend van de voordochter van Margrieta Valle. Pieter Vincentsz o.a. getuige.</misc>
<all>
<l>Redelichuysen, Claes Adriaensz (* Leiden ?;  Parijs ?; w. 1641)</l>
<l>Boekverkoper, mogelijk aanvankelijk werkzaam te Leiden.</l>
<l>Zoon van Adriaen Redelichuysen.</l>
<l>NA 571, nr. 26 (9-3-1641) Getuige bij testament Maria Elsevier.</l>
<l>NA 539, nr. 94 (2-12-1641) Transport aan Bonaventura en Abraham Elzevier van een obligatie ten laste van het gemene land van Holland van 700.</l>
<l>NA 539, nr. 93 (2-12-1641) Verklaring al zijn goederen van de Weeskamer te hebben ontvangen na de dood van zijn vader via zijn voogd Bon. Elzevier. Getuigen Abraham Elzevier en Jan Adams.</l>
<l>NA 621, nr. 7 (19-12-1643) Abraham Elzevier verklaart op verzoek van Geertruid Jans van Heemskerck dat hij Thomas Joly verscheidene malen heeft horen zeggen dat R. nu in Parijs woont en daar gehuwd is met Margaretha Valle, weduwe van Guillaume Pele.</l>
<l>NA 621, nr. 9 (18-12-1643) Verklaring letterzetter Thomas van Arckel, oud ca. 29 jaar, t.v.v. Geertruid Jans van Heemskerck dat Redelichuysen te Parijs getrouwd is met Margaretha Valle, weduwe Guillaume Pele, en dat hij met enkele anderen getuige is geweest bij hun ondertrouw.</l>
<l>NA 574, nr. 51 (28-6-1644) Verklaring Johan Elsevier, oud ca. 23 jaar, t.v.v. Geertruid Jans van Heemskerck dat hij 2 maanden tevoren geweest is in Parijs en aldaar goede kennisse heeft gehad aan Nicolaes van Redelichuysen, die daar is getrouwd met Margrieta Valle, weduwe van Guillaume Pele, boekverkoper aldaar. Hij weet dat Redelichuysen daar een huwelijkscontract heeft getekend van de voordochter van Margrieta Valle. Pieter Vincentsz o.a. getuige.</l>
<l>Lit.: Martin, Livre, pouvoir , 302-03, 315 (over de weduwe Pele).</l>
</all>
</person>