<person>
<firstName>Isaak du</firstName>
<lastName>Ree</lastName>
<dob></dob>
<dod></dod>
<pob></pob>
<pod></pod>
<professional-start>1775</professional-start>
<professional-end>1785</professional-end>
<professions>
<profession>
<term>boekverkoper</term>
<profession-id>1</profession-id></profession>
<profession>
<term>verkoper</term>
<profession-id>25</profession-id></profession>
</professions>
<guild>5-7-1762 L bij Ph. Edenburg (ontslagen 1-8-1763); 1-8-1763 bij Jac. Perk voor 4 jaar. 3-7-1775 Vrijmeester (AB 83a, f. ?). Vertrokken 1785 (AB 83c, f. 98).</guild>
<misc>Personeel: 7-8-1775 Jan van Rhijn; 3-6-1776 Abraham Anslijn voor 4 jr; 7-8-1778 Mattheus van den Hucht voor 4 jaar; 1-11-1779 Abraham Anslijn (van Guldenbach, 19-8-1780 ontslagen; zie 3-6-1776); 3-7-1780 Izak Haase voor 4 jaar; 7-5-1781 Jan Hendrik Heyneman L voor 4 jaar (AB 83c, f. 83).</misc>
<all>
<l>Ree, Isaak du (w. 1775-85)</l>
<l>Boekverkoper.</l>
<l>Gilde: 5-7-1762 L bij Ph. Edenburg (ontslagen 1-8-1763); 1-8-1763 bij Jac. Perk voor 4 jaar. 3-7-1775 Vrijmeester (AB 83a, f. ?). Vertrokken 1785 (AB 83c, f. 98).</l>
<l>Personeel: 7-8-1775 Jan van Rhijn; 3-6-1776 Abraham Anslijn voor 4 jr; 7-8-1778 Mattheus van den Hucht voor 4 jaar; 1-11-1779 Abraham Anslijn (van Guldenbach, 19-8-1780 ontslagen; zie 3-6-1776); 3-7-1780 Izak Haase voor 4 jaar; 7-5-1781 Jan Hendrik Heyneman L voor 4 jaar (AB 83c, f. 83).</l>
</all>
</person>