<person>
<firstName>Reynier</firstName>
<lastName>Blockhuysen</lastName>
<dob></dob>
<dod></dod>
<pob>amsterdam</pob>
<pob-id>6</pob-id>
<pod></pod>
<professional-start>1709</professional-start>
<professional-end>1724</professional-end>
<professions>
<profession>
<term>plaatsnijder</term>
<profession-id>57</profession-id></profession>
</professions>
<marriage>KO 15-1-1712 Jacoba Verbeeck op de Hooglandse Kerkgracht (getuige zijn neef Louis Kolster).</marriage>
<address>1712 Oude Hogewoerd.</address>
<street>Hogewoerd</street>
<street-id>18</street-id>
<lat>52.1554131</lat>
<lon>4.499997
</lon>
<guild>1710 lid St. Lucas Gilde.</guild>
<literature>NNBW.</literature>
<misc>Werkte o.a. voor Du Vivie.</misc>
<all>
<l>Blockhuysen, Reynier (* Amsterdam?; w. 1709-24)</l>
<l>Plaatsnijder.</l>
<l>Werkte o.a. voor Du Vivie.</l>
<l>Adres: 1712 Oude Hogewoerd.</l>
<l>Huwelijk: KO 15-1-1712 Jacoba Verbeeck op de Hooglandse Kerkgracht (getuige zijn neef Louis Kolster).</l>
<l>Gilde: 1710 lid St. Lucas Gilde.</l>
<l>Lit.: NNBW.</l>
</all>
</person>