<person>
<firstName>Jan van</firstName>
<lastName>Rees</lastName>
<dob></dob>
<dod></dod>
<pob></pob>
<pod></pod>
<professional-start>1766</professional-start>
<professional-end></professional-end>
<professions>
<profession>
<term>speelkaartverkoper</term>
<profession-id>3</profession-id></profession>
<profession>
<term>verkoper</term>
<profession-id>25</profession-id></profession>
<profession>
<term>kaartverkoper</term>
<profession-id>66</profession-id></profession>
</professions>
<marriage>KO 27-6-1765 Hermina ten Bos uit Zutphen (getuige zijn bekende Boudewijn Kramers).</marriage>
<address>Langebrug.</address>
<street>Langebrug</street>
<street-id>28</street-id>
<lat>52.1563598</lat>
<lon>4.4906321
</lon>
<guild>1766 Contribuant (AB 83c, f. 95).</guild>
<misc>unknown</misc>
<all>
<l>Rees, Jan van (* Nijmegen; w. 1766)</l>
<l>Speelkaartverkoper en ordinarishouder.</l>
<l>Adres: Langebrug.</l>
<l>Huwelijk: KO 27-6-1765 Hermina ten Bos uit Zutphen (getuige zijn bekende Boudewijn Kramers).</l>
<l>Gilde: 1766 Contribuant (AB 83c, f. 95).</l>
</all>
</person>