<person>
<firstName>Jacobus</firstName>
<lastName>Reijnierse</lastName>
<dob></dob>
<dod></dod>
<pob></pob>
<pod></pod>
<professional-start>1764</professional-start>
<professional-end></professional-end>
<professions>
<profession>
<term>letterzetter</term>
<profession-id>4</profession-id></profession>
</professions>
<marriage>KO 4-5-1764 Margaretha Zaalberg (getuige zijn broer Jan).</marriage>
<address>Waardgracht.</address>
<misc>Vgl. lijstje Salman voor een uitdrager Reynierse, die in 1776 boeken verkoopt.</misc>
<all>
<l>Reijnierse, Jacobus (w. 1764)</l>
<l>Letterzetter.</l>
<l>Adres: Waardgracht.</l>
<l>Huwelijk: KO 4-5-1764 Margaretha Zaalberg (getuige zijn broer Jan).</l>
<l>Vgl. lijstje Salman voor een uitdrager Reynierse, die in 1776 boeken verkoopt.</l>
</all>
</person>