<person>
<firstName>Jacobus</firstName>
<lastName>Reinierse</lastName>
<dob></dob>
<dod></dod>
<pob></pob>
<pod></pod>
<professional-start>1794</professional-start>
<professional-end>1797</professional-end>
<professions>
<profession>
<term>boekverkoper</term>
<profession-id>1</profession-id></profession>
<profession>
<term>verkoper</term>
<profession-id>25</profession-id></profession>
</professions>
<guild>1-9-1788 L bij Van Tiffelen. Vertrokken 1797 (AB 83c, f. 101).</guild>
<misc>Personeel: 6-10-1794 Jan Jacob Hoeken L voor 4 jaar (AB 83c, f. 79).</misc>
<all>
<l>Reinierse, Jacobus (w. 1794-97)</l>
<l>Boekverkoper.</l>
<l>Gilde: 1-9-1788 L bij Van Tiffelen. Vertrokken 1797 (AB 83c, f. 101).</l>
<l>Personeel: 6-10-1794 Jan Jacob Hoeken L voor 4 jaar (AB 83c, f. 79).</l>
</all>
</person>