<person>
<firstName>Balthasaer</firstName>
<lastName>Rewoult</lastName>
<dob></dob>
<dod></dod>
<pob></pob>
<pod></pod>
<professional-start>1636</professional-start>
<professional-end></professional-end>
<professions>
<profession>
<term>boekdrukker</term>
<profession-id>6</profession-id></profession>
<profession>
<term>drukker</term>
<profession-id>9</profession-id></profession>
</professions>
<marriage>KO 21-7-1636 Aeltje Harmans Roesmeyers, weduwe Govert Vinck (getuige zijn bekende Willem Willemsz).</marriage>
<address>1636 Herensteeg.</address>
<street>Herensteeg</street>
<street-id>17</street-id>
<lat>52.1564269</lat>
<lon>4.4881692
</lon>
<misc>unknown</misc>
<all>
<l>Rewoult, Balthasaer (* Etinge; w. 1636)</l>
<l>Boekdrukker.</l>
<l>Adres: 1636 Herensteeg.</l>
<l>Huwelijk: KO 21-7-1636 Aeltje Harmans Roesmeyers, weduwe Govert Vinck (getuige zijn bekende Willem Willemsz).</l>
</all>
</person>