<person>
<firstName>Pauwels</firstName>
<lastName>Reyniersz</lastName>
<dob></dob>
<dod></dod>
<pob>leuven</pob>
<pob-id>41</pob-id>
<pod></pod>
<professional-start>1581</professional-start>
<professional-end>1590</professional-end>
<professions>
<profession>
<term>boekbinder</term>
<profession-id>43</profession-id></profession>
</professions>
<marriage>KO 4-8-1590 Aeltje van de Rijst van Diest (getuigen Louis Elzevier en Joost Harthals).</marriage>
<literature>Briels 418; Davies 19.</literature>
<misc>In 1581 in dienst van Louis Elsevier.</misc>
<all>
<l>Reyniersz, Pauwels (* Leuven; w. 1581-90)</l>
<l>Boekbinder.</l>
<l>Huwelijk: KO 4-8-1590 Aeltje van de Rijst van Diest (getuigen Louis Elzevier en Joost Harthals).</l>
<l>In 1581 in dienst van Louis Elsevier.</l>
<l>Lit.: Briels 418; Davies 19.</l>
</all>
</person>