<person>
<firstName>Jan</firstName>
<lastName>Reynouts [Reynolds]</lastName>
<dob>1621</dob>
<dod></dod>
<pob> te Amsterdam</pob>
<pod></pod>
<professional-start>1617</professional-start>
<professional-end></professional-end>
<professions>
<profession>
<term>boekdrukker</term>
<profession-id>6</profession-id></profession>
<profession>
<term>drukker</term>
<profession-id>9</profession-id></profession>
</professions>
<marriage>SH 28-7/18-8-1617 Prudens Grindon uit Londen (getuige zijn bekende Jonathan Willems Brewster, voor de bruid Mary Bryster-Wentworth en Mary Allerton-Norris).</marriage>
<literature>Sprunger, chs. 4-5.</literature>
<misc>Werkte bij Brewster. In 1621 te Amsterdam.</misc>
<all>
<l>Reynouts [Reynolds], Jan (* Londen; w. 1617; 1621 te Amsterdam)</l>
<l>Boekdrukker.</l>
<l>Huwelijk: SH 28-7/18-8-1617 Prudens Grindon uit Londen (getuige zijn bekende Jonathan Willems Brewster, voor de bruid Mary Bryster-Wentworth en Mary Allerton-Norris).</l>
<l>Werkte bij Brewster. In 1621 te Amsterdam.</l>
<l>Lit.: Sprunger, chs. 4-5.</l>
</all>
</person>