<person>
<firstName>Johannes</firstName>
<lastName>Reynouts</lastName>
<dob></dob>
<dod></dod>
<pob>keulen</pob>
<pob-id>40</pob-id>
<pod></pod>
<professional-start>1662</professional-start>
<professional-end></professional-end>
<professions>
<profession>
<term>boekdrukker</term>
<profession-id>6</profession-id></profession>
<profession>
<term>drukker</term>
<profession-id>9</profession-id></profession>
</professions>
<marriage>KO 28-4-1662 Lysbeth Hermans (getuige zijn bekende Pieter Prove).</marriage>
<address>Langebrug.</address>
<street>Langebrug</street>
<street-id>28</street-id>
<lat>52.1563598</lat>
<lon>4.4906321
</lon>
<misc>unknown</misc>
<all>
<l>Reynouts, Johannes (* Keulen; w. 1662)</l>
<l>Boekdrukker.</l>
<l>Adres: Langebrug.</l>
<l>Huwelijk: KO 28-4-1662 Lysbeth Hermans (getuige zijn bekende Pieter Prove).</l>
</all>
</person>