<person>
<firstName>Jan Jansz van</firstName>
<lastName>Rhijn [Rijn]</lastName>
<dob>1626</dob>
<dod></dod>
<pob>Hoorn -</pob>
<pob-id>1</pob-id>
<pod></pod>
<professional-start>1622</professional-start>
<professional-end>1624</professional-end>
<professions>
<profession>
<term>boekverkoper</term>
<profession-id>1</profession-id></profession>
<profession>
<term>verkoper</term>
<profession-id>25</profession-id></profession>
<profession>
<term>boekbinder</term>
<profession-id>43</profession-id></profession>
</professions>
<marriage>SH 20-7/6-8-1623 Lysbertje Gerrits (getuige zijn oom Jan Eynout).</marriage>
<address>1623-24 Ketelboetersteeg, in de Riem Pampier (gebruikte in Hoorn hetzelfde uithangteken).</address>
<street>Ketelboetersteeg</street>
<street-id>21</street-id>
<lat>52.1572897</lat>
<lon>4.4909698
</lon>
<literature>Thesaurus; Adresboek; Het Rapenburg, Va, 6.</literature>
<misc>Visser, Schabaelje, noemt 1648 ed. Schabaelje van Brielsche figueren samen met Jan Jansz van Rijn te Leiden. Vlgs. Schwarz een kunsttaxateur! Dit komt overeen met de opmerking in Het Rapenburg dat hij in 1668 (!) op het Gravesteen 172 schilderijen in huis had. Is dit wel dezelfde?</misc>
<all>
<l>Rhijn [Rijn], Jan Jansz van (* Leiden; w. 1622-24; Hoorn 1626-27)</l>
<l>Boekbinder en boekverkoper.</l>
<l>Zoon van Jan van Rijn.</l>
<l>Adres: 1623-24 Ketelboetersteeg, in de Riem Pampier (gebruikte in Hoorn hetzelfde uithangteken).</l>
<l>Huwelijk: SH 20-7/6-8-1623 Lysbertje Gerrits (getuige zijn oom Jan Eynout).</l>
<l>Getuigenisboek S, f. 140v (boekbinder).</l>
<l>NA 144, nr. 65 (4-3-1624) Verklaring n.a.v. voogdij als man van Elizabeth Gerijts met o.a. Joris Abrahamsz van der Marsche als man van Brechje Gerijts.</l>
<l>NA 388, nr. 10 (11-1-1634) Verslag van een verhoor van de med. dr. Jacob van Hogenheym over tovenarij en andere praktijken ten huize van o.a. Van Rijn, die nu drapier is. Zij worden genoemd als mogelijke discipelen van Jan Simonsz en Joh. Torrentius.</l>
<l>NA 441, nr. 98 (1648) Akte Jan Jansz van Rhijn en Cathalina Eijnouts de oude. Dezelfde?</l>
<l>NA 441, nr. 99 (1648) Akte Jan Jansz van Rhijn. Dezelfde?</l>
<l>NA 350, nr. 27 (1649) Akte Jan Jansz van Rhijn in Oegstgeest. Dezelfde?</l>
<l>Meer akten in NA uit de periode jaren 40 en 50.</l>
<l>Visser, Schabaelje, noemt 1648 ed. Schabaelje van Brielsche figueren samen met Jan Jansz van Rijn te Leiden. Vlgs. Schwarz een kunsttaxateur! Dit komt overeen met de opmerking in Het Rapenburg dat hij in 1668 (!) op het Gravesteen 172 schilderijen in huis had. Is dit wel dezelfde?</l>
<l>Lit.: Thesaurus; Adresboek; Het Rapenburg, Va, 6.</l>
</all>
</person>