<person>
<firstName></firstName>
<lastName>Rhijn (alias Tethrode)</lastName>
<dob></dob>
<dod></dod>
<pob>alias Tethrode</pob>
<pod></pod>
<professional-start></professional-start>
<professional-end></professional-end>
<professions>
<profession>
<term>boekverkoper</term>
<profession-id>1</profession-id></profession>
<profession>
<term>verkoper</term>
<profession-id>25</profession-id></profession>
<profession>
<term>boekbinder</term>
<profession-id>43</profession-id></profession>
</professions>
<marriage>KO 13-11-1609 Elisabeth Elsevier (getuigen haar vader Louis Elsevier en zijn oom Harmen Jacobsz van der Bel).</marriage>
<literature>Briels 463.</literature>
<misc>NA 360, nr. 45 (13-7-1628) Verklaring Josias Lucasz van Vuyren en zijn vrouw Elisabeth Elzevier, weduwe Lambrecht Claesz van Tethrode, n.a.v. haar achtste erfdeel in de erfenis van haar vader t.w.v. 1200. Zij hebben de resterende 600 hiervan ontvangen van Bon. Elzevier.</misc>
<all>
<l>Rhijn (alias Tethrode), Lambrecht Claesz van (* Leiden ca. 1588; w. 1614)</l>
<l>Boekbinder en boekverkoper.</l>
<l>Huwelijk: KO 13-11-1609 Elisabeth Elsevier (getuigen haar vader Louis Elsevier en zijn oom Harmen Jacobsz van der Bel).</l>
<l>NA 176, nr. 123 (19-3-1614) Verklaring.</l>
<l>NA 125, f. 130 (28-11-1614) Procuratie aan zijn schoonvader Louis Elzevier om zijn disastreuze financile zaken te behartigen. Hij moet aan hem een boedelbeschrijving overhandigen op basis waarvan zijn goederen kunnen worden verkocht. Verder komt hij onder curatele en moet beloven geen nieuwe leningen meer aan te gaan. Getuigen Mathijs, Aernout en Bon. Elzevier. Zie ook nr. 131.</l>
<l>NA 131, nr. 144 (17-5-1618) Volmacht van zijn weduwe aan Bonaventura Elzevier omtrent een huis door Van Rhijn te Groningen.</l>
<l>NA 360, nr. 45 (13-7-1628) Verklaring Josias Lucasz van Vuyren en zijn vrouw Elisabeth Elzevier, weduwe Lambrecht Claesz van Tethrode, n.a.v. haar achtste erfdeel in de erfenis van haar vader t.w.v. 1200. Zij hebben de resterende 600 hiervan ontvangen van Bon. Elzevier.</l>
<l>Lit.: Briels 463.</l>
</all>
</person>