<person>
<firstName>Willem Dirckz van</firstName>
<lastName>Rhijnenburg</lastName>
<dob></dob>
<dod></dod>
<pob></pob>
<pod></pod>
<professional-start>1648</professional-start>
<professional-end>1658</professional-end>
<professions>
<profession>
<term>boekverkoper</term>
<profession-id>1</profession-id></profession>
<profession>
<term>verkoper</term>
<profession-id>25</profession-id></profession>
<profession>
<term>boekbinder</term>
<profession-id>43</profession-id></profession>
</professions>
<marriage>KO 5-3-1648 Annetje Jans Hael (getuige zijn oom Dirck Jansz van Rhijnenburg). Kinderen: begr. HK 19-7-1649; 22-6-1651; 20-5-1653; 24-8-1661.</marriage>
<address>1648 Oude Rijn; 1649-51 Nobel of Breestraat, hoek korte Steenschuur, In t Nieuwe Verbont; 1651 Hogewoerd (begr.); 1653 Bisoer (?; begr.); 1661 Breestraat.</address>
<street>Steenschuur</street>
<street-id>57</street-id>
<lat>52.1560107</lat>
<lon>4.4925594
</lon>
<guild>Hoofdman 1653, 1656, 1658, ?</guild>
<misc>NA 982, nr. 62 (1663) Transport van goederen. Genoemd als adjunct-wachtmeester. Dezelfde? Ook NA 903, nr. 119 (27-8-1663) en NA 1044, nr. 36 (20-5-1664).</misc>
<all>
<l>Rhijnenburg, Willem Dirckz van (w. 1648-58)</l>
<l>Boekbinder en boekverkoper.</l>
<l>Zoon van Dirck Jansz van Rhijnenburg, schipper op Zeeland (adres 1649 Veere).</l>
<l>Adres: 1648 Oude Rijn; 1649-51 Nobel of Breestraat, hoek korte Steenschuur, In t Nieuwe Verbont; 1651 Hogewoerd (begr.); 1653 Bisoer (?; begr.); 1661 Breestraat.</l>
<l>Huwelijk: KO 5-3-1648 Annetje Jans Hael (getuige zijn oom Dirck Jansz van Rhijnenburg). Kinderen: begr. HK 19-7-1649; 22-6-1651; 20-5-1653; 24-8-1661.</l>
<l>Gilde: Hoofdman 1653, 1656, 1658, ?</l>
<l>Personeel: 1-1-1651 Jacob Hael (familie van zijn vrouw?), oud 14 jaar. L (van Daniel Burchoorn); 1-3-1652 Coenraed Hendrickse L; 1-11-1655 Joost Cornelisz L voor 4 jr. (AB 83a, f. 71).</l>
<l>Gerechtsdagboeken 80, f. 299.</l>
<l>NA 787, nr. 111 (6-7-1646) Verklaring dat hij van zijn vader tot onderstant ende vorderinge van sijne neringe van boecbinden 300 heeft geleend.</l>
<l>NA 788, nr. 79 (19-4-1648) Obligatie aan Beatrix van Heussen, weduwe van Jacob van der Mij voor een losrente van 37. Borg zijn vader.</l>
<l>RA 4, Correctieboek M, ff. 114r-115r (15-10-1648) Veroordeling met Gerrit Scattenberg, Claes Roose en Jacob Roel[ant]s wegens de verkoop van seecker fameux ende lasterlijck boeckje onder de titel Nieuwe legende van verscheyde nieuwe leeraers van desen nieuwen tijdt, beginnende van Maerten Luther [= Nieuwe legenden  door G. en C., waar-minnaars en leugen-haters (Antwerpen: G. de Lange, z.jr.)]. Hierin werden allerlei hervormers beledigd en werd de spot gedreven met de Dordtse Synode. De straf was verbeurte van de in beslag genomen exemplaren, een boete van 25 en een maand winkelsluiting. Zie hieronder!</l>
<l>NA 788, nr. 98 (16-10-1648) Obligatie aan Sophia van Montfoort voor een losrente van 25. Borg zijn vader.</l>
<l>NA 789, nr. 26 (11-4-1649) Obligatie aan de schilder Cornelis van Campen voor een losrente van  25. Borg zijn vader.</l>
<l>NA 789, nr. 25 (16-5-1649) Testamentaire dispositie betr. voogdij.</l>
<l>NA 115, z.nr. (16-5-1650) Obligatie aan Hadewijtje Havicks, weduwe [...]per Segersz van Campen i.v.m. lening. Getuige o.a. Abraham van Gaesbeeck, boekbinder.</l>
<l>NA 693, nr. 14 (20-3-1656) Obligatie met zijn vader als borg aan Claes Gerritsz de Man voor een losrente van 25 tegen 400.</l>
<l>NA 549, nr. 124 (20-5-1656) Obligatie aan Janneke de Crawelaer, weduwe van Christiaan Weneijten (?) de jonge voor een jaarlijkse losrente van 30 tegen 600. Afgelost 1662.</l>
<l>NA 762, nr. 276 (10-10-1656) Obligatie aan Johan de Bye van 400 i.v.m. lening.</l>
<l>NA 450, nr. 42 (9-3-1657) Obligatie aan Janneke de Crawelaer voor een jaarlijkse losrente van N50 tegen 5800. Afgelost 1662.</l>
<l>NA 878, nr. 27 (8-5-1657) Obligatie aan Cornelis van Campen van 1000 i.v.m. lening.</l>
<l>NA 693, nr. 154 (22-8-1657) Obligatie aan Gerrit van Hoogmade van 1000.</l>
<l>NA 873, nr. 91 (2-9-1658) Verklaring n.a.v. het testament van zijn vader d.d. 11-9-1652.</l>
<l>NA 741, nr. 97 (27-9-1659) Verklaring t.v.v. Evert Sicken uit Amsterdam.</l>
<l>NA 882, nr. 42 (6-7-1661) Obligatie van 600 aan Anna Jans Steen i.v.m. lening.</l>
<l>NA 883, nr. 18 (21-3-1662) Obligatie van 1200 aan Cornelis van Campen i.v.m. lening.</l>
<l>GAA, NA ? (not. J. van Oli, 30-8-1662) Genoemd als schuldenaar in de boedel van Paulus Aertsz van Ravesteijn te Amsterdam. Hij staat in het krijt voor 26 netto en 56.12 prijs. KS 581-606.</l>
<l>NA 982, nr. 62 (1663) Transport van goederen. Genoemd als adjunct-wachtmeester. Dezelfde? Ook NA 903, nr. 119 (27-8-1663) en NA 1044, nr. 36 (20-5-1664).</l>
</all>
</person>