<person>
<firstName>Frans en Pieter</firstName>
<lastName>Blommendael</lastName>
<dob></dob>
<dod></dod>
<pob></pob>
<pod></pod>
<professional-start>1668</professional-start>
<professional-end></professional-end>
<professions>
<profession>
<term>drukker</term>
<profession-id>9</profession-id></profession>
<profession>
<term>plaatdrukkers</term>
<profession-id>30</profession-id></profession>
<profession>
<term>plaatdrukker</term>
<profession-id>56</profession-id></profession>
<profession>
<term>drukkers</term>
<profession-id>63</profession-id></profession>
</professions>
<misc>NA 462, nr. 69 (16-3-1668) Getuigen bij het testament van Pieter Brugman, advocaat voor het Hof van Holland. Vgl. SA 501A, 9521 (Archief van de gedeputeerden ter dagvaart, 1744), Stukken betreffende het uitgeven door de boekverkoper Nicolaas Pieter Blommendal van acht preken van ds. Bernardus Smijtegelt zonder kerkelijke toestemming.</misc>
<all>
<l>Blommendael, Frans en Pieter (w. 1668)</l>
<l>Plaatdrukkers.</l>
<l>Mogelijk niet in Leiden werkzaam, maar in Den Haag; vgl. Kossmann.</l>
<l>NA 462, nr. 69 (16-3-1668) Getuigen bij het testament van Pieter Brugman, advocaat voor het Hof van Holland. Vgl. SA 501A, 9521 (Archief van de gedeputeerden ter dagvaart, 1744), Stukken betreffende het uitgeven door de boekverkoper Nicolaas Pieter Blommendal van acht preken van ds. Bernardus Smijtegelt zonder kerkelijke toestemming.</l>
</all>
</person>