<person>
<firstName>Johannes</firstName>
<lastName>Rijck</lastName>
<dob></dob>
<dod></dod>
<pob>leiden</pob>
<pob-id>1</pob-id>
<pod></pod>
<professional-start>1719</professional-start>
<professional-end></professional-end>
<professions>
<profession>
<term>letterzetter</term>
<profession-id>4</profession-id></profession>
</professions>
<marriage>KO 6-10-1719 Elisabeth Cotanie (* Leiden), in de Haarlemmerstraat (getuigen zijn vader en haar moeder Elisabeth van Leeuwen).</marriage>
<address>1719 Haarlemmerstraat.</address>
<street>Haarlemmerstraat</street>
<street-id>15</street-id>
<lat>52.1601874</lat>
<lon>4.4927112
</lon>
<misc>Zoon van Simon Rijck.</misc>
<all>
<l>Rijck, Johannes (* Leiden; w. 1719)</l>
<l>Letterzetter.</l>
<l>Zoon van Simon Rijck.</l>
<l>Adres: 1719 Haarlemmerstraat.</l>
<l>Huwelijk: KO 6-10-1719 Elisabeth Cotanie (* Leiden), in de Haarlemmerstraat (getuigen zijn vader en haar moeder Elisabeth van Leeuwen).</l>
</all>
</person>