<person>
<firstName>Michiel de</firstName>
<lastName>Rijcke</lastName>
<dob></dob>
<dod></dod>
<pob></pob>
<pod></pod>
<professional-start>1610</professional-start>
<professional-end></professional-end>
<professions>
<profession>
<term>boekverkoper</term>
<profession-id>1</profession-id></profession>
<profession>
<term>verkoper</term>
<profession-id>25</profession-id></profession>
</professions>
<address>Levendaal (1610).</address>
<street>Levendaal</street>
<street-id>30</street-id>
<lat>52.1548779</lat>
<lon>4.4946662
</lon>
<misc>RAL 519, 2345 (20-12-1610)Akte van aankoop door Michiel de Rijcke van Jacob Lourysz, poppenmaker, van een huis en erf in een steegje uitkomende aan het zuideinde van het Levendaal, voor wie Jan Adriaensz, clappecluysemaecker, als borg optreedt. Met dorsale aantekeningen van aflossingen, waarvan de laatste gedaan werd door Jacob Pietersz de Haes, [rentmeester van de instelling], 1611-1615. Hierbij een akte van verkoop door Jacop Laurysz, poppenmaker, aan Michiel de Rijcke, van een huis en erf in een steegje uitkomende aan het zuideinde van het Levendaal (20-12-1610). N.B.: Volgens een dorsale aantekening op de aankoopakte kwamen de kinderen van de koper in het Weeshuis terecht. Na Michiel de Rijcke staat het pand ten name van de instelling. Die verkocht het op 3 juli 1655 aan Hester Teunis, weduwe van Pieter Torre, saaiwerker.</misc>
<all>
<l>Rijcke, Michiel de (w. 1610)</l>
<l>Boekverkoper.</l>
<l>Adres: Levendaal (1610).</l>
<l>Getuigenisboek K, f. 95 (boekverkoper, 36 jaar).</l>
<l>RAL 519, 2345 (20-12-1610)Akte van aankoop door Michiel de Rijcke van Jacob Lourysz, poppenmaker, van een huis en erf in een steegje uitkomende aan het zuideinde van het Levendaal, voor wie Jan Adriaensz, clappecluysemaecker, als borg optreedt. Met dorsale aantekeningen van aflossingen, waarvan de laatste gedaan werd door Jacob Pietersz de Haes, [rentmeester van de instelling], 1611-1615. Hierbij een akte van verkoop door Jacop Laurysz, poppenmaker, aan Michiel de Rijcke, van een huis en erf in een steegje uitkomende aan het zuideinde van het Levendaal (20-12-1610). N.B.: Volgens een dorsale aantekening op de aankoopakte kwamen de kinderen van de koper in het Weeshuis terecht. Na Michiel de Rijcke staat het pand ten name van de instelling. Die verkocht het op 3 juli 1655 aan Hester Teunis, weduwe van Pieter Torre, saaiwerker.</l>
</all>
</person>