<person>
<firstName>Aarnout</firstName>
<lastName>Rijnkast Jr.</lastName>
<dob></dob>
<dod></dod>
<pob>leiden</pob>
<pob-id>1</pob-id>
<pod></pod>
<professional-start>1784</professional-start>
<professional-end></professional-end>
<professions>
<profession>
<term>letterzetter</term>
<profession-id>4</profession-id></profession>
</professions>
<marriage>KO 20-8-1784 Maria van der Schoof uit Leiden, in de St. Jorissteeg (getuige zijn vader en haar moeder Anthonia Maria van der Teen).</marriage>
<address>Coenesteeg.</address>
<misc>Zoon van Aarnout Rijnkast sr.</misc>
<all>
<l>Rijnkast Jr., Aarnout (* Leiden; w. 1784)</l>
<l>Letterzetter.</l>
<l>Zoon van Aarnout Rijnkast sr.</l>
<l>Adres: Coenesteeg.</l>
<l>Huwelijk: KO 20-8-1784 Maria van der Schoof uit Leiden, in de St. Jorissteeg (getuige zijn vader en haar moeder Anthonia Maria van der Teen).</l>
</all>
</person>