<person>
<firstName>Joris Fransz [van]</firstName>
<lastName>Rijsbeeck [Rysbeeck]</lastName>
<dob></dob>
<dod></dod>
<pob>leiden</pob>
<pob-id>1</pob-id>
<pod></pod>
<professional-start>1672</professional-start>
<professional-end></professional-end>
<professions>
<profession>
<term>boekbinder</term>
<profession-id>43</profession-id></profession>
</professions>
<address>1672 St. Jacobsgracht.</address>
<street>St. Jacobsgracht</street>
<street-id>56</street-id>
<lat>52.1540486</lat>
<lon>4.4911634
</lon>
<misc>Huwellijk: KO 19-5-1672 Maria Boerhaven (getuige zijn moeder, die een dochter was van Lijdia Boerave).</misc>
<all>
<l>Rijsbeeck [Rysbeeck], Joris Fransz [van] (* Leiden; w. 1672)</l>
<l>Boekbinder.</l>
<l>Zoon van de vachteploter Frans van Rysbeeck en Jannetje Thomas.</l>
<l>Adres: 1672 St. Jacobsgracht.</l>
<l>Huwellijk: KO 19-5-1672 Maria Boerhaven (getuige zijn moeder, die een dochter was van Lijdia Boerave).</l>
</all>
</person>