<person>
<firstName></firstName>
<lastName>Rijser (?)</lastName>
<dob></dob>
<dod></dod>
<pob></pob>
<pod></pod>
<professional-start></professional-start>
<professional-end></professional-end>
<professions>
<profession>
<term>boekverkoper</term>
<profession-id>1</profession-id></profession>
<profession>
<term>verkoper</term>
<profession-id>25</profession-id></profession>
</professions>
<misc>NA 406, nr. 274 (15-10-1652) Verklaring met Abraham Jansz van Geervliet t.v.v. de lakenbereider Paulus Pietersz Desmans. Hij is 25 jaar.</misc>
<all>
<l>Rijser (?), Jan (* ca. 1627; w. 1652)</l>
<l>Boekverkoper?</l>
<l>NA 406, nr. 274 (15-10-1652) Verklaring met Abraham Jansz van Geervliet t.v.v. de lakenbereider Paulus Pietersz Desmans. Hij is 25 jaar.</l>
</all>
</person>