<person>
<firstName>Johannes</firstName>
<lastName>Rips</lastName>
<dob></dob>
<dod></dod>
<pob></pob>
<pod></pod>
<professional-start>1711</professional-start>
<professional-end></professional-end>
<professions>
<profession>
<term>boekverkoper</term>
<profession-id>1</profession-id></profession>
<profession>
<term>verkoper</term>
<profession-id>25</profession-id></profession>
</professions>
<misc>Vgl. Catalogus librorum nitidissime tam compactor: quam incompactor: in omni facultate &amp; variarum linguarum, ordine alphabetico dispositorum qui in officina Lugd. Batavae Johannes Rips, venales reperiuntur. Francofurti ad Moenum, prostant Johannes Rips, bibliop. (Leiden: Johannes Rips, 1711), 24 pp. (HAB Bc Sammelmappe 1 [3]; KBK?). BSC niet volledig gescand!</misc>
<all>
<l>Rips, Johannes (w. 1711)</l>
<l>Boekverkoper?</l>
<l>Blijkens een SH privilege van 4-8-1696 was hij samen met Frederik Haaring, Johann Davidt Zunner in Frankfurt eigenaar van het privilege van de Opera medica theoretico-practica van Michael Etmullerus, verschenen in 1696 met het adres Frankfurt: Johann Davidt Zunner en Amsterdam: Johannes Rips. Rips ondertekende ook een voorbericht:</l>
<l>Cum Ego infra nominatus  Domino Zunnero ad distrahenda commodus Etmlleri Opera in consortium fuerim adscitus, &amp; forte non pituitosis facil suboleat, fore ut sordido cuiq; lucello avid inhiantes vultures in sociorum detrimentum laudata volumina adulterino typol alis divulgent, foederatique Belgii Provinciis, concesso nobis  Praepotent. D.D. Ordd. Hollandiae &amp; Westfrisiae Privilegio non auscultantes, per fraudem invehant, malo in tempore, quod rerum omnium primum est, obicem positurus, genuina haecce Exemplaria mea manu subscribenda duxi; reliqua sine tali Nominis mei nota spuria declarans &amp; subreptitia. Johannes Rips.</l>
<l>NA 1586, nrs. 58 (11-11-1707) Procuratie aan Simon van Donderen om hem te vertegenwoordigen in zijn zaak tegen Elias Rips.</l>
<l>NA 1586, nr. 72 (18-1-1708) P Procuratie aan Simon van Donderen om hem te vertegenwoordigen in zijn zaak tegen Elias Rips. Hij heeft 100 van hem tegoed.</l>
<l>Vgl. Catalogus librorum nitidissime tam compactor: quam incompactor: in omni facultate &amp; variarum linguarum, ordine alphabetico dispositorum qui in officina Lugd. Batavae Johannes Rips, venales reperiuntur. Francofurti ad Moenum, prostant Johannes Rips, bibliop. (Leiden: Johannes Rips, 1711), 24 pp. (HAB Bc Sammelmappe 1 [3]; KBK?). BSC niet volledig gescand!</l>
</all>
</person>