<person>
<firstName>Daniel</firstName>
<lastName>Roels</lastName>
<dob></dob>
<dod></dod>
<pob></pob>
<pod></pod>
<professional-start>1614</professional-start>
<professional-end>1626</professional-end>
<professions>
<profession>
<term>boekverkoper</term>
<profession-id>1</profession-id></profession>
<profession>
<term>verkoper</term>
<profession-id>25</profession-id></profession>
</professions>
<address>1614 voortstaende int Stadthuys; 1614-26 voor de Hooglandse kerk; 1619 Onder het stadhuis.</address>
<literature>Briels 420.</literature>
<misc>NA 338, nr. 1 (17-1-1625) Getuige bij akte.</misc>
<all>
<l>Roels, Daniel (w. 1614-26)</l>
<l>Boekverkoper.</l>
<l>Zoon van Jacob Roels sr.</l>
<l>Adres: 1614 voortstaende int Stadthuys; 1614-26 voor de Hooglandse kerk; 1619 Onder het stadhuis.</l>
<l>Zie ook zijn zoon Jacob Roels.</l>
<l>NA 97B, nr. 230 (4-9-1617) Akte van vergeving tussen enerzijds de vettewarir Jan Sette uit naam van zijn broer Joost Sette, die Franois Bastijn had vermoord (nedergeslagen), geassisteerd door o.a. Petrus Scriverius, en anderzijds Daniel Roels, uit naam van Betje [= Lijsbeth] Roels, weduwe Franois Bastijn, zijn vader Jacob Roels en andere familieleden van Bastijn. De moord was begaan op 20-8-1617.</l>
<l>SA 682, Burg. Dagb., f. 102v (23-8-1622) Zweert censuureed.</l>
<l>NA 144, nr. 79 (15-3-1624) Mutueel testament met zijn vader of zijn zoon Jacob.</l>
<l>NA 338, nr. 1 (17-1-1625) Getuige bij akte.</l>
<l>Lit.: Briels 420.</l>
</all>
</person>