<person>
<firstName>Roelants], Jacob</firstName>
<lastName>Roels [Roelofs</lastName>
<dob></dob>
<dod></dod>
<pob></pob>
<pod></pod>
<professional-start>1624</professional-start>
<professional-end>51</professional-end>
<professions>
<profession>
<term>boekverkoper</term>
<profession-id>1</profession-id></profession>
<profession>
<term>verkoper</term>
<profession-id>25</profession-id></profession>
</professions>
<address>1628 onder het stadhuis; 1631-40 Hooglandse Kerkgracht, Over het Weeshuis / by de Hogelantsche Kerck; 1640-51 Nieuwstraat, by den Burgh, In den nieuwen [kerck] bijbel.</address>
<street>Nieuwstraat</street>
<street-id>40</street-id>
<lat>52.1571066</lat>
<lon>4.4946585
</lon>
<literature>Willems 422; Briels 420; Knappert 1905, 28-29; Goovaerts, Typographie musicale, 104 (106?); Keblusek 102.</literature>
<misc>NA 414, nr. 68 (8-4-1660) Eindafrekening door David Lopez van de nalatenschap van Frans Bastijn. Vgl. NA 413, nr. 108 (10-5-1659) Akter Hester Frans Bastijn. In deze akte staat dat Bastijn erfgenaam was van zijn oom Jacob Roels.</misc>
<all>
<l>Roels [Roelofs, Roelants], Jacob (w. ca. 1624-51)</l>
<l>Boekverkoper.</l>
<l>Zoon van Daniel Roels.</l>
<l>Adres: 1628 onder het stadhuis; 1631-40 Hooglandse Kerkgracht, Over het Weeshuis / by de Hogelantsche Kerck; 1640-51 Nieuwstraat, by den Burgh, In den nieuwen [kerck] bijbel.</l>
<l>Personeel: pre-1657 Pieter Arnoel* L.</l>
<l>NA 144, nr. 79 (15-3-1624) Mutueel testament met zijn vader of broer (?) Daniel.</l>
<l>1626 Gedaagd door de magistraat met andere boekverkopers (onder wie ook zijn vader Daniel) vanwege de verkoop van het pamflet Den Hollandsche Apocalypsis.</l>
<l>Diende  1640 ? met enkele anderen contra-request in bij het gerecht met het verzoek dat een request van de opzienders van de aucties om de boekverkopers te verbieden aucties van hun boeken te houden als waren het boeken van particulieren niet zou worden ingewilligd (AB 108 met verkeerd jaar?).</l>
<l>Poorterboeken: getuige bij Gerrit Jansz van der Pol (20-10-1634).</l>
<l>Getuigenisboek: O, f. 171v (boekverkoper, 33 jaar).</l>
<l>NA 354, nr. 124 (27-6-1630) Verklaring t.b.v. Willem Lodewijksz ... Hieruit blijkt dat Roels in 1628 een kraam onder het stadhuis had. Moeilijk leesbaar.</l>
<l>NA 375, nr. 39 (21-6-1633) Schuldenaar in boedel van Adriaan van de Velde voor 4.12 wegens binden.</l>
<l>RA 4, Correctieboek M, ff. 114r-115r (15-10-1648) Veroordeling met Gerrit Scattenberg, Claes Roose en Willem van Rhijnenburg wegens de verkoop van seecker fameux ende lasterlijck boeckje onder de titel Nieuwe legende van verscheyde nieuwe leeraers van desen nieuwen tijdt, beginnende van Maerten Luther [= Nieuwe legenden ... door G. en C., waar-minnaars en leugen-haters (Antwerpen: G. de Lange, z.jr.)]. Hierin werden allerlei hervormers beledigd en werd de spot gedreven met de Dordtse Synode. De straf was verbeurte van de in beslag genomen exemplaren, een boete van 25 en een maand winkelsluiting.</l>
<l>ARA, Hof van Holland, inv. nr. 5246.1 (Criminele papieren) (15-12-1650) Verklaring Willem Breeckevelt in Den Haag dat hij alle nieuwigheden bij hem gedruckt opstuurt naar Jacob Lauwijck en Jacob Roels in Leiden (Keblusek).</l>
<l>NA 709, nr. 67 (14-4-1651) Testament, ziekelijk op een stoel zittende. Enig erfgenaam is zijn neef Frans Bastijn. Forse legaten voor familieleden.</l>
<l>1652 vermeld als kwade schuldenaar in de inventaris van de Antwerpse muziekuitgeefster Madeleine Phalse ( 30-5-1652) voor een bedrag van 125.18 (Goovaerts, 104).</l>
<l>NA 414, nr. 68 (8-4-1660) Eindafrekening door David Lopez van de nalatenschap van Frans Bastijn. Vgl. NA 413, nr. 108 (10-5-1659) Akter Hester Frans Bastijn. In deze akte staat dat Bastijn erfgenaam was van zijn oom Jacob Roels.</l>
<l>Lit.: Willems 422; Briels 420; Knappert 1905, 28-29; Goovaerts, Typographie musicale, 104 (106?); Keblusek 102.</l>
</all>
</person>