<person>
<firstName>Nicolaes</firstName>
<lastName>Rosa [Rose]</lastName>
<dob></dob>
<dod></dod>
<pob>leiden</pob>
<pob-id>1</pob-id>
<pod></pod>
<professional-start>1646</professional-start>
<professional-end>1661</professional-end>
<professions>
<profession>
<term>boekverkoper</term>
<profession-id>1</profession-id></profession>
<profession>
<term>verkoper</term>
<profession-id>25</profession-id></profession>
</professions>
<marriage>SH 8/26-11-1645 Marijtje Jans (getuige zijn vader).</marriage>
<address>1645 Langebrug; 1651 Maarsmanssteeg.</address>
<street>Langebrug</street>
<street-id>28</street-id>
<lat>52.1563598</lat>
<lon>4.4906321
</lon>
<misc>GAA, NA ? (not. J. van Oli, 30-8-1662) Genoemd als schuldenaar in de boedel van Paulus Aertsz van Ravesteijn te Amsterdam. Bedragen worden echter niet genoemd. KS 581-606.</misc>
<all>
<l>Rosa [Rose], Nicolaes (* Leiden; w. 1646-1661)</l>
<l>Boekverkoper.</l>
<l>Zoon van de kleermaker (?) Pieter Rose en Petronella Bartholomeus.</l>
<l>Adres: 1645 Langebrug; 1651 Maarsmanssteeg.</l>
<l>Huwelijk: SH 8/26-11-1645 Marijtje Jans (getuige zijn vader).</l>
<l>Personeel: 1-1-1649 Pieter Rose L voor 4 jaar; 2-10-1653 Cornelis Adriaansz Steenvelt L voor 4 jaar (accoord) (AB 83a, f. 28).</l>
<l>Drukkersmerk: Consumar modo prosim.</l>
<l>NA 94A, nr. 120 (2-5-1613) Pieter Rosa kleermaker getuige bij akte.</l>
<l>Kocht papier op de veiling van De Heger in 1646.</l>
<l>RA 4, Correctieboek M, ff. 114r-115r (15-10-1648) Veroordeling met Gerrit Scattenberg, Willem van Rhijnenburch en Jacob Roel[ant]s wegens de verkoop van seecker fameux ende lasterlijck boeckje onder de titel Nieuwe legende van verscheyde nieuwe leeraers van desen nieuwen tijdt, beginnende van Maerten Luther [= Nieuwe legenden  door G. en C., waar-minnaars en leugen-haters, Antwerpen, G. de Lange, z.jr.]. Hierin werden allerlei hervormers beledigd en werd de spot gedreven met de Dordtse Synode. De straf was verbeurte van de in beslag genomen exemplaren, een boete van 25 en een maand winkelsluiting.</l>
<l>SA 67 (Gerechtsdagboek Y), f. 127v-128r (8-11-1646) Consent aan de erven van mr. Jan Jeroensz van der Aa, advocaat te Leiden, voor de verkoop van diens bibliotheek door Nicolaes Rose. Opzienders 15 st.</l>
<l>SA 68 (Gerechtsdagboek Z), ff. 248v-249r (27-10-1648) Consent aan Joh. van Caerdecamp en Willem van Vredenburch als voogden over de chirurgijn Isaack Veer, sijn sinnen niet machtich sijnde, voor een veiling van diens bibliotheek bij Rosa.</l>
<l>NA 403, nr. 44 (12-2-1649) Verkoopt namens zijn moeder voor 2975 een huis aan de Langebrug NZ tussen Diefsteeg en Pieterskerkchoorsteeg aan Philippe de Croy. Voor het testament van zijn ouders zie nr. 14 (12-1-1649). Niclaes krijgt een huwelijksgift van 600.</l>
<l>NA 672, nr. 76 (26-1-1654) Obligatie aan Dirck van der Sprong, apotheker te Schoonhoven van 350 uijt sake van te nietdoeninge ende cassatie van een obligatie met verlopen onbetaelde renten van dien die Sr. Jan Maire te zijnen comparanten lasten spreeckende hadt ende aande voorn. van der Sprong getransporteert heeft.</l>
<l>NA 876, nr. 54 (15-8-1655) Mutueel testament. Hij moet een erfdeel voor haar moeder betalen van 200 indien zij eerder overlijdt. Executeur zijn broer Barth. Rose, notaris te Rotterdam, en voor haar Lambrecht Clouck jr.</l>
<l>NA 876, nr. 65 (9-10-1655) Mutueel testament.</l>
<l>NA 876, nr. 70 (16-11-1655) Verklaring t.b.v. div. personen i.v.m. ruzie met een brandewijnverkoopster.</l>
<l>NA 901, nr. 30 (15-2-1661) Verklaring dat hij van de vroedschap Harman Schuijl 50 heeft ontvangen voor het transport van een grafstede in de Pieterskerk, staande op naam van zijn vrouw.</l>
<l>GAA, NA ? (not. J. van Oli, 30-8-1662) Genoemd als schuldenaar in de boedel van Paulus Aertsz van Ravesteijn te Amsterdam. Bedragen worden echter niet genoemd. KS 581-606.</l>
</all>
</person>