<person>
<firstName>Abraham jr.</firstName>
<lastName>Bluss</lastName>
<dob>10</dob>
<dod></dod>
<pob>dordrecht</pob>
<pob-id>7</pob-id>
<pod></pod>
<professional-start>1798</professional-start>
<professional-end>1804</professional-end>
<professions>
<profession>
<term>boekverkoper</term>
<profession-id>1</profession-id></profession>
<profession>
<term>verkoper</term>
<profession-id>25</profession-id></profession>
</professions>
<marriage>8-7-1799 Johanna Petronella Maizonnet (te Dordrecht).</marriage>
<literature>Ledeboer.</literature>
<misc>Gaf o.a. de Nouvelles politiques uit als opvolger van Jean Luzacs Nouvelles extra-ordinaires.</misc>
<all>
<l>Bluss, Abraham jr. (* Dordrecht 8-10-1772   Leiden 3-12-1850; w. 1798-1804)</l>
<l>Boekverkoper.</l>
<l>Zoon van de Dordtse boekverkoper Abraham Bluss sr (?).</l>
<l>Huwelijk: 8-7-1799 Johanna Petronella Maizonnet (te Dordrecht).</l>
<l>Gaf o.a. de Nouvelles politiques uit als opvolger van Jean Luzacs Nouvelles extra-ordinaires.</l>
<l>Lit.: Ledeboer.</l>
</all>
</person>