<person>
<firstName>Wouter van</firstName>
<lastName>Rosenburg [Rosenburch]</lastName>
<dob></dob>
<dod></dod>
<pob>leiden</pob>
<pob-id>1</pob-id>
<pod></pod>
<professional-start>1670</professional-start>
<professional-end>1672</professional-end>
<professions>
<profession>
<term>boekverkoper</term>
<profession-id>1</profession-id></profession>
<profession>
<term>verkoper</term>
<profession-id>25</profession-id></profession>
</professions>
<marriage>KO 5-12-1670 Elysabeth Everaerts uit Delft.</marriage>
<address>1670 Donkersteeg.</address>
<street>Donkersteeg</street>
<street-id>11</street-id>
<lat>52.1599253</lat>
<lon>4.4915479
</lon>
<guild>Had zijn leerjaren voldaan in Delft bij Jacob de Raet. 1-10-1670 Vrijmeester (AB 83a, f. 61).</guild>
<misc>RA 159, Missivenboek Griffie, f. 55 (8-12-1673) Brief aan de Amsterdamse magistraat n.a.v. zijn insolventie en een accoord dat hij wil bereiken met zijn crediteuren, onder wie Barent van Doorninck te Amsterdam. Deze wordt gedagvaard op 14-12-1673. Zie ook RA 50, f. 85; RA 52, f. 433; RA 92, f. 179.</misc>
<all>
<l>Rosenburg [Rosenburch], Wouter van (* Leiden; w. 1670-72)</l>
<l>Boekverkoper.</l>
<l>Adres: 1670 Donkersteeg.</l>
<l>Huwelijk: KO 5-12-1670 Elysabeth Everaerts uit Delft.</l>
<l>Gilde: Had zijn leerjaren voldaan in Delft bij Jacob de Raet. 1-10-1670 Vrijmeester (AB 83a, f. 61).</l>
<l>RA 159, Missivenboek Griffie, f. 55 (8-12-1673) Brief aan de Amsterdamse magistraat n.a.v. zijn insolventie en een accoord dat hij wil bereiken met zijn crediteuren, onder wie Barent van Doorninck te Amsterdam. Deze wordt gedagvaard op 14-12-1673. Zie ook RA 50, f. 85; RA 52, f. 433; RA 92, f. 179.</l>
</all>
</person>