<person>
<firstName>Bartholomeus van</firstName>
<lastName>Rosendael</lastName>
<dob></dob>
<dod></dod>
<pob>amsterdam</pob>
<pob-id>6</pob-id>
<pod></pod>
<professional-start>1682</professional-start>
<professional-end></professional-end>
<professions>
<profession>
<term>boekbinder</term>
<profession-id>43</profession-id></profession>
</professions>
<marriage>KO 24-4-1682 Catharyna Spaen (getuige zijn bekende Pieter Claes).</marriage>
<address>1682 Langegracht.</address>
<street>Langegracht</street>
<street-id>29</street-id>
<lat>52.1637152</lat>
<lon>4.4886631
</lon>
<misc>unknown</misc>
<all>
<l>Rosendael, Bartholomeus van (* Amsterdam; w. 1682)</l>
<l>Boekbinder.</l>
<l>Adres: 1682 Langegracht.</l>
<l>Huwelijk: KO 24-4-1682 Catharyna Spaen (getuige zijn bekende Pieter Claes).</l>
</all>
</person>