<person>
<firstName>Adrianus</firstName>
<lastName>Rosmuller</lastName>
<dob>1764</dob>
<dod></dod>
<pob>den haag</pob>
<pob-id>87</pob-id>
<pod></pod>
<professional-start>1794</professional-start>
<professional-end></professional-end>
<professions>
<profession>
<term>letterzetter</term>
<profession-id>4</profession-id></profession>
</professions>
<misc>ORA, Crimineel klachtenboek 1533-1811, 3+61, f. 6 (14-8-1794) Veroordeeld tot fl. 4000 en subsidiair 2 jaar verbanning uit Leiden en Rijnland wegens overspel met Elisabeth Olivier.</misc>
<all>
<l>Rosmuller, Adrianus (* ca. 1764 te Den Haag; w. 1794)</l>
<l>Letterzetter.</l>
<l>ORA, Crimineel klachtenboek 1533-1811, 3+61, f. 6 (14-8-1794) Veroordeeld tot fl. 4000 en subsidiair 2 jaar verbanning uit Leiden en Rijnland wegens overspel met Elisabeth Olivier.</l>
</all>
</person>