<person>
<firstName>Anthonis de</firstName>
<lastName>Routier [Rottier]</lastName>
<dob></dob>
<dod></dod>
<pob>valenciennes</pob>
<pob-id>66</pob-id>
<pod></pod>
<professional-start>1617</professional-start>
<professional-end>1618</professional-end>
<professions>
<profession>
<term>boekdrukker</term>
<profession-id>6</profession-id></profession>
<profession>
<term>drukker</term>
<profession-id>9</profession-id></profession>
<profession>
<term>corrector</term>
<profession-id>19</profession-id></profession>
</professions>
<marriage>1. KO 4-8-1617 Jaecquelijne Carlier, weduwe Nicolaes Ponts (getuigen zijn bekenden Davidt Saelhadeyn en Philippe Dousy); 2. SH 20-10/10-11-1618 Berbera Carbon uit Valenciennes (getuigen zijn bekenden Jan Synaert en David Salhabeyn).</marriage>
<literature>Briels 431.</literature>
<misc>unknown</misc>
<all>
<l>Routier [Rottier], Anthonis de (* Valenciennes; w. 1617-18)</l>
<l>Boekdrukker, daarvoor corrector van nieuwe gedrukte uit te geven boeken.</l>
<l>Huwelijk: 1. KO 4-8-1617 Jaecquelijne Carlier, weduwe Nicolaes Ponts (getuigen zijn bekenden Davidt Saelhadeyn en Philippe Dousy); 2. SH 20-10/10-11-1618 Berbera Carbon uit Valenciennes (getuigen zijn bekenden Jan Synaert en David Salhabeyn).</l>
<l>Lit.: Briels 431.</l>
</all>
</person>