<person>
<firstName>Elias de</firstName>
<lastName>Roy</lastName>
<dob>1635</dob>
<dod></dod>
<pob></pob>
<pod></pod>
<professional-start>1657</professional-start>
<professional-end></professional-end>
<professions>
<profession>
<term>boekverkoper</term>
<profession-id>1</profession-id></profession>
<profession>
<term>verkoper</term>
<profession-id>25</profession-id></profession>
</professions>
<guild>1-11-1648 L bij Jacob Muylendonck. 17-3-1657 Vrijmeester (AB 83a, f. 70).</guild>
<misc>unknown</misc>
<all>
<l>Roy, Elias de (*  1635; w. 1657)</l>
<l>Boekverkoper.</l>
<l>Gilde: 1-11-1648 L bij Jacob Muylendonck. 17-3-1657 Vrijmeester (AB 83a, f. 70).</l>
</all>
</person>