<person>
<firstName>Abraham</firstName>
<lastName>Royer</lastName>
<dob></dob>
<dod></dod>
<pob></pob>
<pod></pod>
<professional-start>1693</professional-start>
<professional-end></professional-end>
<professions>
<profession>
<term>boekverkoper</term>
<profession-id>1</profession-id></profession>
<profession>
<term>verkoper</term>
<profession-id>25</profession-id></profession>
</professions>
<guild>31-8-1693 Vrijmeester na request (apostille Gerecht overhandigd ? door notaris Van Dorp) (AB 83a, f. 114v).</guild>
<misc>Refugi.</misc>
<all>
<l>Royer, Abraham (w. 1693)</l>
<l>Boekverkoper.</l>
<l>Refugi.</l>
<l>Gilde: 31-8-1693 Vrijmeester na request (apostille Gerecht overhandigd ? door notaris Van Dorp) (AB 83a, f. 114v).</l>
</all>
</person>