<person>
<firstName>Adam</firstName>
<lastName>Royer</lastName>
<dob></dob>
<dod></dod>
<pob></pob>
<pod></pod>
<professional-start>1681</professional-start>
<professional-end>1695</professional-end>
<professions>
<profession>
<term>boekverkoper</term>
<profession-id>1</profession-id></profession>
<profession>
<term>verkoper</term>
<profession-id>25</profession-id></profession>
</professions>
<marriage>KO 29-10-1695 Margrietje Kruyger van Soest (getuigen zijn bekende Adriaen van Eyck en haar bekende Johanna Lopes).</marriage>
<address>1695 Plein van het Gravesteen.</address>
<guild>1-12-1681 K in de winkel van Felix Lopez voor 1 jaar (loon 3.12). 10-5-1694 Vrijmeester (AB 83a, f. 11v).</guild>
<misc>NA 1761, nr. 36 (26-10-1712) Royer en zijn vrouw stellen elkaar aan als wederzijds erfgenaam.</misc>
<all>
<l>Royer, Adam (* Bolsward; w. 1681-95)</l>
<l>Boekverkoper.</l>
<l>Adres: 1695 Plein van het Gravesteen.</l>
<l>30-4-1694 poorter (PB f. 173v).</l>
<l>Huwelijk: KO 29-10-1695 Margrietje Kruyger van Soest (getuigen zijn bekende Adriaen van Eyck en haar bekende Johanna Lopes).</l>
<l>Gilde: 1-12-1681 K in de winkel van Felix Lopez voor 1 jaar (loon 3.12). 10-5-1694 Vrijmeester (AB 83a, f. 11v).</l>
<l>Personeel: 10-5-1694 Abraham Honselaer* (AB 83b, f. 38).</l>
<l>NA 1761, nr. 36 (26-10-1712) Royer en zijn vrouw stellen elkaar aan als wederzijds erfgenaam.</l>
</all>
</person>