<person>
<firstName>Christoffel de la</firstName>
<lastName>Ruelle</lastName>
<dob></dob>
<dod></dod>
<pob></pob>
<pod></pod>
<professional-start>1662</professional-start>
<professional-end></professional-end>
<professions>
<profession>
<term>pseudoniem</term>
<profession-id>24</profession-id></profession>
</professions>
<address>hoek van het Rapenburg.</address>
<street>Rapenburg</street>
<street-id>50</street-id>
<lat>52.155884</lat>
<lon>4.4876151
</lon>
<literature>Thesaurus.</literature>
<misc>unknown</misc>
<all>
<l>Ruelle, Christoffel de la (w. 1662)</l>
<l>Pseudoniem?</l>
<l>Adres: hoek van het Rapenburg.</l>
<l>Lit.: Thesaurus.</l>
</all>
</person>