<person>
<firstName>Pieter</firstName>
<lastName>Rutgers</lastName>
<dob></dob>
<dod></dod>
<pob></pob>
<pod></pod>
<professional-start>1645</professional-start>
<professional-end></professional-end>
<professions>
<profession>
<term>letterzetter</term>
<profession-id>4</profession-id></profession>
</professions>
<misc>SA 66 (Gerechtsdagboek X), ff. 126v-128r (18-5-1645) Consent om een school te gaan houden tot onderhoud van zijn bejaarde ouders. Hij verklaarde hoe dat zijn suppliants hantwerck nu een tijt langh heel slap geworden is, ja dickmael leech moet gaen, overmits daer geen werck en is. Hij is protestants en kan goed lezen, schrijven en rekenen. De kerkenraad heeft geen bezwaar.</misc>
<all>
<l>Rutgers, Pieter (w. 1645)</l>
<l>Letterzetter.</l>
<l>SA 66 (Gerechtsdagboek X), ff. 126v-128r (18-5-1645) Consent om een school te gaan houden tot onderhoud van zijn bejaarde ouders. Hij verklaarde hoe dat zijn suppliants hantwerck nu een tijt langh heel slap geworden is, ja dickmael leech moet gaen, overmits daer geen werck en is. Hij is protestants en kan goed lezen, schrijven en rekenen. De kerkenraad heeft geen bezwaar.</l>
</all>
</person>