<person>
<firstName>Johannes</firstName>
<lastName>Ruytenbeek</lastName>
<dob></dob>
<dod></dod>
<pob>rotterdam</pob>
<pob-id>38</pob-id>
<pod></pod>
<professional-start>1796</professional-start>
<professional-end></professional-end>
<professions>
<profession>
<term>drukker</term>
<profession-id>9</profession-id></profession>
<profession>
<term>drukkersknecht</term>
<profession-id>11</profession-id></profession>
<profession>
<term>knecht</term>
<profession-id>45</profession-id></profession>
<profession>
<term>drukkers</term>
<profession-id>63</profession-id></profession>
</professions>
<marriage>SH 22-1-1796 Adriana van der Blank (getuige zijn vader).</marriage>
<address>Zijtgracht.</address>
<misc>S</misc>
<all>
<l>Ruytenbeek, Johannes (* Rotterdam; w. 1796)</l>
<l>Drukkersknecht.</l>
<l>Zoon van Jacobus Ruytenbeek.</l>
<l>Adres: Zijtgracht.</l>
<l>Huwelijk: SH 22-1-1796 Adriana van der Blank (getuige zijn vader).</l>
<l>S</l>
</all>
</person>