<person>
<firstName>Daniel du</firstName>
<lastName>Saar</lastName>
<dob>1822</dob>
<dod></dod>
<pob>zijn weduwe -?</pob>
<pob-id>1</pob-id>
<pod></pod>
<professional-start>1786</professional-start>
<professional-end>1822</professional-end>
<professions>
<profession>
<term>boekverkoper</term>
<profession-id>1</profession-id></profession>
<profession>
<term>verkoper</term>
<profession-id>25</profession-id></profession>
</professions>
<marriage>KO 31-7-1794 Elisabeth Bouwland (getuige zijn vader); kinderen: doop HK 14-6-1795 Jacobus; HK 25-1796 Johannes; HK 25-3-1799 Johanna Christina.</marriage>
<address>1794 Rapenburg.</address>
<street>Rapenburg</street>
<street-id>50</street-id>
<lat>52.155884</lat>
<lon>4.4876151
</lon>
<guild>3-5-1779 L bij Jacob Perk voor 4 jaar. 12-6-1786 Vrijmeester (AB 83a, f. 76v). Hoofdman 1807-11.</guild>
<misc>Personeel: 1794 Willem Breevee L voor de rest van zijn leertijd (van Mostert, die was overleden); 3-7-1797 Johannes Coenraad Emeis L voor 4 jaar.; 10-1801 Abraham van Benten L voor 4 jaar. (AB 83c, f. 68).</misc>
<all>
<l>Saar, Daniel du (* Leiden 1767 [doop PK 11-3]; w. 1786-1822; zijn weduwe 1822-?)</l>
<l>Boekverkoper.</l>
<l>Zoon van Jacob du Saar en Johanna Kuil op de Middelstegracht.</l>
<l>Adres: 1794 Rapenburg.</l>
<l>Huwelijk: KO 31-7-1794 Elisabeth Bouwland (getuige zijn vader); kinderen: doop HK 14-6-1795 Jacobus; HK 25-1796 Johannes; HK 25-3-1799 Johanna Christina.</l>
<l>Gilde: 3-5-1779 L bij Jacob Perk voor 4 jaar. 12-6-1786 Vrijmeester (AB 83a, f. 76v). Hoofdman 1807-11.</l>
<l>Personeel: 1794 Willem Breevee L voor de rest van zijn leertijd (van Mostert, die was overleden); 3-7-1797 Johannes Coenraad Emeis L voor 4 jaar.; 10-1801 Abraham van Benten L voor 4 jaar. (AB 83c, f. 68).</l>
</all>
</person>