<person>
<firstName>Pieter du</firstName>
<lastName>Saar</lastName>
<dob></dob>
<dod></dod>
<pob>leiden</pob>
<pob-id>1</pob-id>
<pod></pod>
<professional-start>1755</professional-start>
<professional-end></professional-end>
<professions>
<profession>
<term>drukker</term>
<profession-id>9</profession-id></profession>
<profession>
<term>drukkersknecht</term>
<profession-id>11</profession-id></profession>
<profession>
<term>knecht</term>
<profession-id>45</profession-id></profession>
<profession>
<term>drukkers</term>
<profession-id>63</profession-id></profession>
</professions>
<marriage>KO 5-7-1755 Suanna Musee.</marriage>
<address>Kruijsstraat.</address>
<misc>Zoon van Jacobus du Saar in de Kruijsstraat.</misc>
<all>
<l>Saar, Pieter du (* Leiden; w. 1755)</l>
<l>Drukkersknecht.</l>
<l>Zoon van Jacobus du Saar in de Kruijsstraat.</l>
<l>Adres: Kruijsstraat.</l>
<l>Huwelijk: KO 5-7-1755 Suanna Musee.</l>
</all>
</person>