<person>
<firstName>Anthony de les</firstName>
<lastName>Sabel</lastName>
<dob></dob>
<dod></dod>
<pob>goes</pob>
<pob-id>72</pob-id>
<pod></pod>
<professional-start>1697</professional-start>
<professional-end></professional-end>
<professions>
<profession>
<term>boekbinder</term>
<profession-id>43</profession-id></profession>
</professions>
<marriage>KO 2-9-1697 Maria Schey van Amsterdam (getuige zijn bekende Adriaen Kramer).</marriage>
<address>1697 St. Jacobsgracht.</address>
<street>St. Jacobsgracht</street>
<street-id>56</street-id>
<lat>52.1540486</lat>
<lon>4.4911634
</lon>
<misc>unknown</misc>
<all>
<l>Sabel, Anthony de les (* Goes; w. 1697)</l>
<l>Boekbinder.</l>
<l>Adres: 1697 St. Jacobsgracht.</l>
<l>Huwelijk: KO 2-9-1697 Maria Schey van Amsterdam (getuige zijn bekende Adriaen Kramer).</l>
</all>
</person>