<person>
<firstName>Lodewijk van der</firstName>
<lastName>Saen</lastName>
<dob></dob>
<dod></dod>
<pob>hongarije</pob>
<pob-id>73</pob-id>
<pod></pod>
<professional-start>1686</professional-start>
<professional-end>1687</professional-end>
<professions>
<profession>
<term>courantier</term>
<profession-id>51</profession-id></profession>
</professions>
<address>Breestraat. 12-8-1686 poorter (PB f. 142v).</address>
<street>Breestraat</street>
<street-id>5</street-id>
<lat>52.1576037</lat>
<lon>4.4910914
</lon>
<literature>Sautijn Kluit, ?Hollandsche Leidsche Courant?, 7-8.</literature>
<misc>In 1690 ging de krant over naar Jacob van Huysduynen.</misc>
<all>
<l>Saen, Lodewijk van der (* Hongarije; w. 1686-87)</l>
<l>Courantier.</l>
<l>Adres: Breestraat. 12-8-1686 poorter (PB f. 142v).</l>
<l>AS 30-9-1678 Ludovicus Adrianus Zanius Manheim Palatinus, 23 jaar oud, filosofie. Volgens Sautijn Kluit kwam Zanius oorspronkelijk uit Hongarije. Hij woonde ten tijde van zijn inschrijving in bij de postmeester Nicolaas Clignet.</l>
<l>9-8-1686 (Gerechtsdagboek WW, f. 20) Aanstelling tot ordinaris courantier van de stad in plaats van Daniel van Gaesbeeck. De krant werd gedrukt door Adriaan van Gaesbeeck.</l>
<l>In 1690 ging de krant over naar Jacob van Huysduynen.</l>
<l>Lit.: Sautijn Kluit, ?Hollandsche Leidsche Courant?, 7-8.</l>
</all>
</person>