<person>
<firstName>Pierre de</firstName>
<lastName>Saint Andr? [Sanctandraeus]</lastName>
<dob>1624</dob>
<dod></dod>
<pob>? Gen?ve </pob>
<pod></pod>
<professional-start>1599</professional-start>
<professional-end>1600</professional-end>
<professions>
<profession>
<term>boekverkoper</term>
<profession-id>1</profession-id></profession>
<profession>
<term>verkoper</term>
<profession-id>25</profession-id></profession>
</professions>
<literature>Burger, ?De boekverkoopers Commelin?, passim.</literature>
<misc>Uitgever van o.a. Junius. In 1574 te Parijs? Stond in nauwe relatie tot Hieronymus Commelin.</misc>
<all>
<l>Saint Andr? [Sanctandraeus], Pierre de (* Gen?ve 1555; ? Gen?ve 1624; w. 1599-1600)</l>
<l>Boekverkoper.</l>
<l>Uitgever van o.a. Junius. In 1574 te Parijs? Stond in nauwe relatie tot Hieronymus Commelin.</l>
<l>Lit.: Burger, ?De boekverkoopers Commelin?, passim.</l>
</all>
</person>