<person>
<firstName>Claes</firstName>
<lastName>Salet</lastName>
<dob>1604</dob>
<dod></dod>
<pob></pob>
<pod></pod>
<professional-start>1622</professional-start>
<professional-end></professional-end>
<professions>
<profession>
<term>boekbinder</term>
<profession-id>43</profession-id></profession>
</professions>
<misc>Werkte op 30-10-1622 een half jaar bij Willem Willemsz Geldermalsen (zie aldaar).</misc>
<all>
<l>Salet, Claes (* c. 1604; w. 1622)</l>
<l>Boekbinder.</l>
<l>Werkte op 30-10-1622 een half jaar bij Willem Willemsz Geldermalsen (zie aldaar).</l>
</all>
</person>