<person>
<firstName>Johannes van</firstName>
<lastName>Sambix</lastName>
<dob>1660</dob>
<dod></dod>
<pob>- Utrecht</pob>
<pob-id>8</pob-id>
<pod></pod>
<professional-start>1643</professional-start>
<professional-end>1664</professional-end>
<professions>
<profession>
<term>boekverkoper</term>
<profession-id>1</profession-id></profession>
<profession>
<term>verkoper</term>
<profession-id>25</profession-id></profession>
</professions>
<marriage>KO 25-6-1649 Jannetje Dycxhouck uit Delft (getuige zijn vader); kinderen: dopen PK 8-6-1650 Felix (getuige Elisabeth Lopez de Haro); HK 25-6-1651 Lijsbet (getuige Elisabeth Lopez de Haro); PK 15-11-1656 Catharina (getuige David Lopez de Haro en Catharina van Waesberge).</marriage>
<address>1649 Rapenburg; 1656 Korte Diefsteeg.</address>
<street>Rapenburg</street>
<street-id>50</street-id>
<lat>52.155884</lat>
<lon>4.4876151
</lon>
<literature>Cat. Lopez 22-23; Het Rapenburg V, 639.</literature>
<misc>NA 690, nr. 54 (5-7-1650) Johannes van Sambix verklaart een huis op het Rapenburg, dat hij nu bewoont, gehuurd te hebben van Johan de la Chambre voor een jaar voor ?180.</misc>
<all>
<l>Sambix, Johannes van (* Delft; w. 1643-1664; 1660-1662 Utrecht)</l>
<l>Boekverkoper.</l>
<l>Zoon van Felix van Sambix jr., boekverkoper te Rotterdam en Delft, die na de dood van zijn vrouw na 1648 in Leiden was komen wonen bij zijn schoonzoon David Lopez de Haro, gehuwd met zijn dochter Elisabeth.</l>
<l>Adres: 1649 Rapenburg; 1656 Korte Diefsteeg.</l>
<l>Huwelijk: KO 25-6-1649 Jannetje Dycxhouck uit Delft (getuige zijn vader); kinderen: dopen PK 8-6-1650 Felix (getuige Elisabeth Lopez de Haro); HK 25-6-1651 Lijsbet (getuige Elisabeth Lopez de Haro); PK 15-11-1656 Catharina (getuige David Lopez de Haro en Catharina van Waesberge).</l>
<l>Personeel: 1-1-1651 Pieter Baudein, oud 14 jaar L (1-3-1652 accoord met Pieters voogden, Abraham Baudein en Henricus Swaerdecroon, dat hij nog 3 jaar zou blijven); 15-8-1651 Jan de Graef K (leertijd voldaan); 15-8-1651 Jan Beyert, oud 17 jaar, L voor 2 jaar (van Moeyaart) (AB 83a, f. 48). Vertrokken 1658 met attestatie, waarschijnlijk naar Utrecht, waar hij in 1660 een huis en drukkerij kocht van zijn neef Jan van Waesberge.</l>
<l>NA 690, nr. 54 (5-7-1650) Johannes van Sambix verklaart een huis op het Rapenburg, dat hij nu bewoont, gehuurd te hebben van Johan de la Chambre voor een jaar voor ?180.</l>
<l>Lit.: Cat. Lopez 22-23; Het Rapenburg V, 639.</l>
</all>
</person>