<person>
<firstName>Jean le Jeune</firstName>
<lastName>Sambix</lastName>
<dob></dob>
<dod></dod>
<pob></pob>
<pod></pod>
<professional-start>1665</professional-start>
<professional-end>1699</professional-end>
<professions>
<profession>
<term>pseudoniem</term>
<profession-id>24</profession-id></profession>
</professions>
<address>?A l?enseigne de la sphere?.</address>
<literature>Ledeboer; Cat. Lopez de Haro; Willems nr. 703.</literature>
<misc>unknown</misc>
<all>
<l>Sambix, Jean le Jeune (w. 1665-99)</l>
<l>Pseudoniem voor galante romans, volgens Willems speciaal in gebruik bij Johannes en Daniel Elsevier te Amsterdam, maar ook tot in de achttiende eeuw.</l>
<l>Adres: ?A l?enseigne de la sphere?.</l>
<l>Lit.: Ledeboer; Cat. Lopez de Haro; Willems nr. 703.</l>
</all>
</person>