<person>
<firstName>Abraham</firstName>
<lastName>Sandyck</lastName>
<dob></dob>
<dod></dod>
<pob></pob>
<pod></pod>
<professional-start>1779</professional-start>
<professional-end></professional-end>
<professions>
<profession>
<term>boekverkoper</term>
<profession-id>1</profession-id></profession>
<profession>
<term>verkoper</term>
<profession-id>25</profession-id></profession>
</professions>
<guild>pre-1764 L bij Potvliet; 3-9-1764 bij Samuel en Johannes Luchtmans. 6-9-1779 Vrijmeester (AB 83a, f. 45v). Sedert 1781 gildeknecht als opvolger van Jan Honselaar.</guild>
<misc>unknown</misc>
<all>
<l>Sandyck, Abraham (w. 1779-?)</l>
<l>Boekverkoper.</l>
<l>Gilde: pre-1764 L bij Potvliet; 3-9-1764 bij Samuel en Johannes Luchtmans. 6-9-1779 Vrijmeester (AB 83a, f. 45v). Sedert 1781 gildeknecht als opvolger van Jan Honselaar.</l>
</all>
</person>