<person>
<firstName>Aernout</firstName>
<lastName>Santvlught</lastName>
<dob></dob>
<dod></dod>
<pob></pob>
<pod></pod>
<professional-start>1677</professional-start>
<professional-end></professional-end>
<professions>
<profession>
<term>boekverkoper</term>
<profession-id>1</profession-id></profession>
<profession>
<term>verkoper</term>
<profession-id>25</profession-id></profession>
</professions>
<misc>Weeskamer, Secl. G, f. 100.</misc>
<all>
<l>Santvlught, Aernout (w. 1677?)</l>
<l>Boekverkoper.</l>
<l>27-6-1677 getuige bij doop HK Bastiaan Santvlught.</l>
<l>Weeskamer, Secl. G, f. 100.</l>
</all>
</person>