<person>
<firstName>Gerrit</firstName>
<lastName>Scattenberg [Schattenberg]</lastName>
<dob>1639</dob>
<dod></dod>
<pob>v??r  in Amsterdam</pob>
<pob-id>13</pob-id>
<pod></pod>
<professional-start>1639</professional-start>
<professional-end>1656</professional-end>
<professions>
<profession>
<term>boekverkoper</term>
<profession-id>1</profession-id></profession>
<profession>
<term>verkoper</term>
<profession-id>25</profession-id></profession>
<profession>
<term>boekbinder</term>
<profession-id>43</profession-id></profession>
</professions>
<marriage>SH 10/29-11-1639 Neeltje Dirx, weduwe Claes Claesz Kyckenburch (getuige zijn bekende Cornelis van Oostwert).</marriage>
<address>1644, 1651 Pieterskerkkoorsteeg.</address>
<misc>NA 678, nr. 134 (21-12-1669) Boedel Cornelia Dircx. Het huis is verkocht aan Johannes van Kyckenburg voor ?3400. Geen boeken. Scheiding nr. 133.</misc>
<all>
<l>Scattenberg [Schattenberg], Gerrit (* Groningen c. 1612?; v??r 1639 in Amsterdam; w. 1639-56?)</l>
<l>Boekbinder en boekverkoper.</l>
<l>Adres: 1644, 1651 Pieterskerkkoorsteeg.</l>
<l>Huwelijk: SH 10/29-11-1639 Neeltje Dirx, weduwe Claes Claesz Kyckenburch (getuige zijn bekende Cornelis van Oostwert).</l>
<l>Personeel: ? 1647 Abraham Dirckse van der Kruis, oud ? 13 jaar, L; 15-8-1651 zijn stiefzoon Jan Claesz Kyckenburch*, oud 18 jaar, L; 2-9-1652 Dirck Jansz Coorndrager L voor 4 jaar (contract zie hieronder); 15-11-1654 Christiaen Jacobse L voor 2 jaar (nog bij Quint; op 1-9-1656 verscheen zijn weduwe met de moeder van Christiaen voor de overlieden om te verklaren dat hij mocht werken waar hij wilde. Ongeveer tezelfdertijd richtte de weduwe een request aan de overlieden, waarin zij goedkeuring verzocht dat haar zuster een veiling in haar winkel zou houden van de Franse en Latijnse boeken uit de boedel. Voorwaarde was dat zij dergelijke boeken nadien niet meer zou verkopen) (AB 83a, ff. 22, 32).</l>
<l>Gerechtsdagboeken: 73, f. 300v.</l>
<l>NA 605, nr. ? (3-8-1640) Verklaring met anderen t.b.v. de apotheker Johannes Swanenburg. Hij is ca. 28 (?) jaar.</l>
<l>NA 395, nr. 70 (25-3-1641) Procuratie aan Gerijt Cornelisz, schipper op Den Bosch, om van de gewezen beurtschipper op Den Bosch Jacob Jacobsz ?59 te innen ter zake van een partij hoornvellen die Scattenberg aan Jacobsz had gegeven om af te leveren aan Henric Arentsz, boekverkoper te Antwerpen, maar waarbij Jacobsz in gebreke was gebleven. Jacobsz was al door het gerecht van Amsterdam veroordeeld tot betaling.</l>
<l>NA 669B, nr. 97 (3-8-1644) Obligatie aan Jan Maire van ?200 (voldaan 3-11-1674).</l>
<l>NA 669B, nr. 120 (27-11-1644) Verklaring Jan Maire, oud ca. 68 jaar en Willem Arentsz van Maerlevelt, deurwaarder, t.v.v. Scattenberg in de Pieterskerkchoorsteeg n.a.v. een conflict over een buurkelder.</l>
<l>RA 4, Correctieboek M, ff. 114r-115r (15-10-1648) Veroordeling met Claes Roose, Willem van Rhijnenburch en Jacob Roel[ant]s wegens de verkoop van ?seecker fameux ende lasterlijck boeckje? onder de titel ?Nieuwe legende van verscheyde nieuwe leeraers van desen nieuwen tijdt, beginnende van Maerten Luther? [= Nieuwe legenden ... door G. en C., waar-minnaars en leugen-haters (Antwerpen: G. de Lange, z.j.)]. Hierin werden allerlei hervormers beledigd en werd de spot gedreven met de Dordtse Synode. De straf was verbeurte van de in beslag genomen exemplaren, een boete van ?25 en een maand winkelsluiting.</l>
<l>NA 671, nr. 227 (8-6-1652) Contract met Jan Joosten Coorndrager. Diens zoon Dirk zal bij hem voor 4 jr. komen werken om te leren boekbinden, waarna hij vrij knecht zal zijn.</l>
<l>SA 73 (Gerechtsdagboek EE), f. 300v (4-2-1656) Consent aan zijn weduwe voor een boekenveiling.</l>
<l>NA 673, nr. 157 (30-11-1658) Obligatie van zijn weduwe aan haar voorzoon Johannes van Kyckenburch van ?200.</l>
<l>NA 674b, nr. 60 (11-8-1661) Uitgebreid testament Cornelia Dircx. Haar voorzoon Johannes van Kyckenburch krijgt diverse prelegaten, waaronder geld en de boekbinders en verguldersgereedschappen in de winkel. Hij moet voorts de erfenis delen in twee helften met de kinderen van zijn overleden broer Dirk, maar mag het huis aan de Pieterskerkchoorsteeg waarin hij met zijn moeder woont, als ook de winkelinventaris aan boeken, prenten en papieren overnemen na taxatie door twee ? drie boekverkopers.</l>
<l>NA 677, nr. 145 (29-1-1668) Cornelia Dircx verkoopt vanwege haar hoge ouderdom haar winkel van boeken, papier en andere goederen aan haar voorzoon Johannes van Kyckenburg voor ?600, incl. inneschulden. In deze akte nadere bepalingen over haar erfenis en onderhoud.</l>
<l>NA 677, nr. 156 (5-9-1668) Testament Cornelia Dircx. Johannes van Kyckenburg universeel erfgenaam.</l>
<l>NA 678, nr. 134 (21-12-1669) Boedel Cornelia Dircx. Het huis is verkocht aan Johannes van Kyckenburg voor ?3400. Geen boeken. Scheiding nr. 133.</l>
</all>
</person>