<person>
<firstName>Cornelis [van der]</firstName>
<lastName>Schaaf</lastName>
<dob>1756</dob>
<dod></dod>
<pob>leiden</pob>
<pob-id>1</pob-id>
<pod></pod>
<professional-start>1787</professional-start>
<professional-end>1790</professional-end>
<professions>
<profession>
<term>boekverkoper</term>
<profession-id>1</profession-id></profession>
<profession>
<term>verkoper</term>
<profession-id>25</profession-id></profession>
<profession>
<term>boekverkoper(sknecht)</term>
<profession-id>36</profession-id></profession>
<profession>
<term>boekverkopersknecht</term>
<profession-id>39</profession-id></profession>
<profession>
<term>knecht</term>
<profession-id>45</profession-id></profession>
</professions>
<marriage>KO 4-5-1787 Gijsbertje Gordzak uit Oude Wetering (getuige zijn vader); kinderen: doop HK 15-4-1792 Jan.</marriage>
<address>Kort Rapenburg.</address>
<street>Rapenburg</street>
<street-id>50</street-id>
<lat>52.155884</lat>
<lon>4.4876151
</lon>
<guild>6-11-1769 L bij Jacobus van der Spijck voor 4 jr.; 11-4-1774 bij Hasebroek; 10-10-1774 bij Pieter Delfos; 6-5-1776 wederom bij Hasebroek; 2-6-1788 bij Abraham en Jan Honkoop. 6-12-1790 Vrijmeester (AB 83a, f. ?; 83c, f. 71).</guild>
<misc>Zoon van Cornelis van der Schaaf sr. en Abigael de Voijne.</misc>
<all>
<l>Schaaf, Cornelis [van der] (* Leiden 1756 [doop MK 18-7]; w. 1787-90)</l>
<l>Boekverkopersknecht.</l>
<l>Zoon van Cornelis van der Schaaf sr. en Abigael de Voijne.</l>
<l>Adres: Kort Rapenburg.</l>
<l>Huwelijk: KO 4-5-1787 Gijsbertje Gordzak uit Oude Wetering (getuige zijn vader); kinderen: doop HK 15-4-1792 Jan.</l>
<l>Gilde: 6-11-1769 L bij Jacobus van der Spijck voor 4 jr.; 11-4-1774 bij Hasebroek; 10-10-1774 bij Pieter Delfos; 6-5-1776 wederom bij Hasebroek; 2-6-1788 bij Abraham en Jan Honkoop. 6-12-1790 Vrijmeester (AB 83a, f. ?; 83c, f. 71).</l>
</all>
</person>