<person>
<firstName>Nicolaas Tames</firstName>
<lastName>Schaap</lastName>
<dob></dob>
<dod></dod>
<pob></pob>
<pod></pod>
<professional-start>1804</professional-start>
<professional-end></professional-end>
<professions>
<profession>
<term>boekbinder</term>
<profession-id>43</profession-id></profession>
</professions>
<address>1779 Koepoortsgracht (Bevolkingsregister).</address>
<guild>1804 Vrijmeester (AB 83a, f. ?).</guild>
<misc>Personeel: Frederik Cornelisz Schaap L (AB 83c, f. 52).</misc>
<all>
<l>Schaap, Nicolaas Tames (w. 1804)</l>
<l>Boekbinder.</l>
<l>Adres: 1779 Koepoortsgracht (Bevolkingsregister).</l>
<l>Gilde: 1804 Vrijmeester (AB 83a, f. ?).</l>
<l>Personeel: Frederik Cornelisz Schaap L (AB 83c, f. 52).</l>
</all>
</person>