<person>
<firstName>Cornelis Lambertsz</firstName>
<lastName>Schagen</lastName>
<dob>1670</dob>
<dod></dod>
<pob>? voor </pob>
<pod></pod>
<professional-start>1651</professional-start>
<professional-end></professional-end>
<professions>
<profession>
<term>letterzetter</term>
<profession-id>4</profession-id></profession>
</professions>
<marriage>KO 5-9-1650 Marijtje Jacobs uit Doornick (getuige zijn stiefvader Adriaen Monte; als zijn beroep wordt opgegeven passementwerker); 2. KO 24-10-1665 Judith Jans Valliant (getuige zijn oom Jan Dircxs van Schagen); kind: 24-2-1669 Neeltje. Zijn weduwe hertrouwt KO 24-10-1670 met Tierck Lambertsz. Zij woont dan bij de Witte Poort.</marriage>
<address>1650 Steenschuur; 1665 Cellebroersgracht.</address>
<street>Steenschuur</street>
<street-id>57</street-id>
<lat>52.1560107</lat>
<lon>4.4925594
</lon>
<misc>RA 4, Correctieboek M, f. 167v (5-4-1651) Veroordeling wegens een vechtpartij. Hij is voortvluchtig.</misc>
<all>
<l>Schagen, Cornelis Lambertsz (? voor 1670; w. 1651)</l>
<l>Letterzetter.</l>
<l>Zoon van de letterzetter Lambert Dircx van Schagen.</l>
<l>Adres: 1650 Steenschuur; 1665 Cellebroersgracht.</l>
<l>Huwelijk: KO 5-9-1650 Marijtje Jacobs uit Doornick (getuige zijn stiefvader Adriaen Monte; als zijn beroep wordt opgegeven passementwerker); 2. KO 24-10-1665 Judith Jans Valliant (getuige zijn oom Jan Dircxs van Schagen); kind: 24-2-1669 Neeltje. Zijn weduwe hertrouwt KO 24-10-1670 met Tierck Lambertsz. Zij woont dan bij de Witte Poort.</l>
<l>RA 4, Correctieboek M, f. 167v (5-4-1651) Veroordeling wegens een vechtpartij. Hij is voortvluchtig.</l>
</all>
</person>