<person>
<firstName>Lambert Dircx van</firstName>
<lastName>Schagen</lastName>
<dob>1649</dob>
<dod></dod>
<pob>? voor </pob>
<pod></pod>
<professional-start>1630</professional-start>
<professional-end>1639</professional-end>
<professions>
<profession>
<term>letterzetter</term>
<profession-id>4</profession-id></profession>
</professions>
<marriage>Neeltje Arents; kind: doop PK 12-8-1637 Johannes. Zijn weduwe hertrouwt KO 28-5-1649 met Adriaen Monteel.</marriage>
<address>in of bij de Schoolsteeg.</address>
<street>Schoolsteeg</street>
<street-id>53</street-id>
<lat>52.1587931</lat>
<lon>4.486935
</lon>
<misc>NA 537, nr. 43 (20-10-1639) Verklaring met Hasbout de Souter n.a.v. buurtruzie. Hij is ca. 37 jaar.</misc>
<all>
<l>Schagen, Lambert Dircx van (* 1602; ? voor 1649; w. 1630-39)</l>
<l>Letterzetter.</l>
<l>Zoon van Dirck van Schagen.</l>
<l>Adres: in of bij de Schoolsteeg.</l>
<l>Huwelijk: Neeltje Arents; kind: doop PK 12-8-1637 Johannes. Zijn weduwe hertrouwt KO 28-5-1649 met Adriaen Monteel.</l>
<l>NA 190, nr. 262 (5-10-1630) Verklaring.</l>
<l>NA 537, nr. 43 (20-10-1639) Verklaring met Hasbout de Souter n.a.v. buurtruzie. Hij is ca. 37 jaar.</l>
</all>
</person>