<person>
<firstName>Abraham van</firstName>
<lastName>Schaick</lastName>
<dob></dob>
<dod></dod>
<pob>utrecht</pob>
<pob-id>3</pob-id>
<pod></pod>
<professional-start>1663</professional-start>
<professional-end></professional-end>
<professions>
<profession>
<term>boekdrukker</term>
<profession-id>6</profession-id></profession>
<profession>
<term>drukker</term>
<profession-id>9</profession-id></profession>
</professions>
<marriage>KO 12-10-1663 Helena Spoor van Delft (getuige zijn neef Willem Woedt).</marriage>
<address>1663 Noordeinde.</address>
<street>Noordeinde</street>
<street-id>42</street-id>
<lat>52.1601961</lat>
<lon>4.4834252
</lon>
<misc>unknown</misc>
<all>
<l>Schaick, Abraham van (* Utrecht; w. 1663)</l>
<l>Boekdrukker.</l>
<l>Adres: 1663 Noordeinde.</l>
<l>Huwelijk: KO 12-10-1663 Helena Spoor van Delft (getuige zijn neef Willem Woedt).</l>
</all>
</person>