<person>
<firstName>Matthijs</firstName>
<lastName>Schamper</lastName>
<dob>1840</dob>
<dod></dod>
<pob>? Leiden </pob>
<pob-id>1</pob-id>
<pod></pod>
<professional-start>1780</professional-start>
<professional-end></professional-end>
<professions>
<profession>
<term>boekverkoper</term>
<profession-id>1</profession-id></profession>
<profession>
<term>verkoper</term>
<profession-id>25</profession-id></profession>
<profession>
<term>boekbinder</term>
<profession-id>43</profession-id></profession>
</professions>
<marriage>SH 1/17-7-1790 Maria van Gelderen (* 1744, ? Leiden 1832; getuige zijn broer Dirk).</marriage>
<address>1790 Rapenburg 44 (als huurder).</address>
<street>Rapenburg</street>
<street-id>50</street-id>
<lat>52.155884</lat>
<lon>4.4876151
</lon>
<guild>6-2-1770 L bij Bartholomeus Pret. 3-7-1780 Vrijmeester (AB 83a, f. 76).</guild>
<literature>Het Rapenburg V, 432, 439.</literature>
<misc>NA 2560, nr. 383 (1791) Testament met zijn vrouw.</misc>
<all>
<l>Schamper, Matthijs (* Leiden 1756 [doop 20-9]; ? Leiden 1840; w. 1780-?)</l>
<l>Boekbinder en boekverkoper.</l>
<l>Katholiek.</l>
<l>Adres: 1790 Rapenburg 44 (als huurder).</l>
<l>Huwelijk: SH 1/17-7-1790 Maria van Gelderen (* 1744, ? Leiden 1832; getuige zijn broer Dirk).</l>
<l>Gilde: 6-2-1770 L bij Bartholomeus Pret. 3-7-1780 Vrijmeester (AB 83a, f. 76).</l>
<l>Personeel: 2-4-1781 Christoffel Schoemaaker L; 5-7-1784 Jacob van Bemmel L; 6-12-1784 Jan Willem van Heutz L; 12-6-1786 Cornelis Godaeus L (van Van der Spijk); 7-5-1787 Gerrit Godaeus L; 2-3-1789 Paulus du Pr? L; 4-11-1793 Nicolaes Anslyn (jr.?) L; 4-8-1794 Christiaen Elzevier Stokmans L (van Pret); 3-7-1797 Johan Philips Emeis L; 5-1798 Josephus Wettrins L; 6-1809 Iza?k van Duuren L (AB 83c, f. 27v).</l>
<l>NA 2560, nr. 383 (1791) Testament met zijn vrouw.</l>
<l>Lit.: Het Rapenburg V, 432, 439.</l>
</all>
</person>