<person>
<firstName>Maerten</firstName>
<lastName>Schepers</lastName>
<dob>1625</dob>
<dod></dod>
<pob></pob>
<pod></pod>
<professional-start>1660</professional-start>
<professional-end></professional-end>
<professions>
<profession>
<term>drukker</term>
<profession-id>9</profession-id></profession>
<profession>
<term>knecht</term>
<profession-id>45</profession-id></profession>
<profession>
<term>drukkers</term>
<profession-id>63</profession-id></profession>
<profession>
<term>zettersknecht</term>
<profession-id>64</profession-id></profession>
</professions>
<misc>NA 742, nr. 48 (4-3-1660) Verklaring met o.a. Nathaniel Thorp en Hendrick van Damme, allen boekdrukkers of letterzetters, t.v.v. Jan Barentsz Haneman in wiens huis zij enkele jaren terug een vrolijke partij hebben gehad, waarbij ook aanwezig waren geweest de letterzetter en drukker Johannes Kieckens en zijn vrouw. Hij is 35 jaar.</misc>
<all>
<l>Schepers, Maerten (* c. 1625; w. 1660)</l>
<l>Drukkers of zettersknecht.</l>
<l>NA 742, nr. 48 (4-3-1660) Verklaring met o.a. Nathaniel Thorp en Hendrick van Damme, allen boekdrukkers of letterzetters, t.v.v. Jan Barentsz Haneman in wiens huis zij enkele jaren terug een vrolijke partij hebben gehad, waarbij ook aanwezig waren geweest de letterzetter en drukker Johannes Kieckens en zijn vrouw. Hij is 35 jaar.</l>
</all>
</person>