<person>
<firstName>Andries</firstName>
<lastName>Boesche</lastName>
<dob></dob>
<dod></dod>
<pob></pob>
<pod></pod>
<professional-start>1779</professional-start>
<professional-end></professional-end>
<professions>
<profession>
<term>boekverkoper</term>
<profession-id>1</profession-id></profession>
<profession>
<term>verkoper</term>
<profession-id>25</profession-id></profession>
<profession>
<term>vrijmeester</term>
<profession-id>28</profession-id></profession>
</professions>
<misc>unknown</misc>
<all>
<l>Boesche, Andries (w. 1779)</l>
<l>Boekverkoper. 1-11-1779 Vrijmeester (AB 83a, f. 76).</l>
</all>
</person>