<person>
<firstName>Hans</firstName>
<lastName>Schopp</lastName>
<dob></dob>
<dod></dod>
<pob></pob>
<pod></pod>
<professional-start>1645</professional-start>
<professional-end></professional-end>
<professions>
<profession>
<term>boekdrukker</term>
<profession-id>6</profession-id></profession>
<profession>
<term>drukker</term>
<profession-id>9</profession-id></profession>
</professions>
<marriage>SH 7-1/26-2-1645 Vroutje Barents uit Bergen (Holstein); zijn getuige Ditmer van Oustede, ook boekdrukker.</marriage>
<address>Middelweg.</address>
<street>Middelweg</street>
<street-id>35</street-id>
<lat>52.1581081</lat>
<lon>4.4948943
</lon>
<misc>unknown</misc>
<all>
<l>Schopp, Hans (* Mersburch ?in Meysen?; w. 1645)</l>
<l>Boekdrukker.</l>
<l>Adres: Middelweg.</l>
<l>Huwelijk: SH 7-1/26-2-1645 Vroutje Barents uit Bergen (Holstein); zijn getuige Ditmer van Oustede, ook boekdrukker.</l>
</all>
</person>