<person>
<firstName>Andreas</firstName>
<lastName>Schotte</lastName>
<dob></dob>
<dod></dod>
<pob></pob>
<pod></pod>
<professional-start>1606</professional-start>
<professional-end></professional-end>
<professions>
<profession>
<term>boekverkoper</term>
<profession-id>1</profession-id></profession>
<profession>
<term>verkoper</term>
<profession-id>25</profession-id></profession>
</professions>
<address>Houtstraat.</address>
<street>Houtstraat</street>
<street-id>20</street-id>
<lat>52.1581218</lat>
<lon>4.4855674
</lon>
<misc>Everard Bronchorst kocht op 2-11-1605 bij hem voor 30 st. een Frans-Duits woordenboek en op 30-3-1606 voor 23 st. een ?librum chartaceum? (Diarium, p. 116). Vgl. Schoutenus.</misc>
<all>
<l>Schotte, Andreas (w. 1606)</l>
<l>Boekverkoper.</l>
<l>Adres: Houtstraat.</l>
<l>Everard Bronchorst kocht op 2-11-1605 bij hem voor 30 st. een Frans-Duits woordenboek en op 30-3-1606 voor 23 st. een ?librum chartaceum? (Diarium, p. 116). Vgl. Schoutenus.</l>
</all>
</person>