<person>
<firstName>Cornelis Maertensz van</firstName>
<lastName>Schie</lastName>
<dob></dob>
<dod></dod>
<pob></pob>
<pod></pod>
<professional-start>1647</professional-start>
<professional-end></professional-end>
<professions>
<profession>
<term>boekverkoper</term>
<profession-id>1</profession-id></profession>
<profession>
<term>verkoper</term>
<profession-id>25</profession-id></profession>
</professions>
<address>?Achter de kerk?.</address>
<literature>Thesaurus; Knappert 1905, 28-29.</literature>
<misc>unknown</misc>
<all>
<l>Schie, Cornelis Maertensz van (w. 1647)</l>
<l>Boekverkoper?</l>
<l>Adres: ?Achter de kerk?.</l>
<l>Lit.: Thesaurus; Knappert 1905, 28-29.</l>
</all>
</person>