<person>
<firstName></firstName>
<lastName>Schoup (Schuppens)</lastName>
<dob></dob>
<dod></dod>
<pob>Schuppens</pob>
<pod></pod>
<professional-start></professional-start>
<professional-end></professional-end>
<professions>
<profession>
<term>boekbinder</term>
<profession-id>43</profession-id></profession>
</professions>
<literature>Molhuysen, Bronnen, I, Bijlage 346, p. 408*.</literature>
<misc>2-6-1601 Genoemd als crediteur voor 24 st. ?by hem verdient aen eenige boucken die by de voorn. meester Phillips t?zijnen huyse gebracht waren om gebonden te werden ende die daernae van hem gehaelt ende in den boedel vercoft zijn? in de desolate boedel van wijlen prof. Philippus Ferdinandus, hoogleraar Arabisch.</misc>
<all>
<l>Schoup (Schuppens), Hendrick (w. 1597-1601)</l>
<l>Boekbinder.</l>
<l>Getuigenisboek: H, f. 165v (boekbinder, 56 jaar).</l>
<l>NA 61, f. 151 (1597) Genoemd als ?bibliopega? in de schuldverklaring van de Litouwse student en edelman Jaroslaus Drucki Sokolinski met een bedrag van ?16.6.</l>
<l>2-6-1601 Genoemd als crediteur voor 24 st. ?by hem verdient aen eenige boucken die by de voorn. meester Phillips t?zijnen huyse gebracht waren om gebonden te werden ende die daernae van hem gehaelt ende in den boedel vercoft zijn? in de desolate boedel van wijlen prof. Philippus Ferdinandus, hoogleraar Arabisch.</l>
<l>Lit.: Molhuysen, Bronnen, I, Bijlage 346, p. 408*.</l>
</all>
</person>