<person>
<firstName>Adam</firstName>
<lastName>Schouten</lastName>
<dob>1687</dob>
<dod></dod>
<pob></pob>
<pod></pod>
<professional-start>1704</professional-start>
<professional-end>1742</professional-end>
<professions>
<profession>
<term>boekverkoper</term>
<profession-id>1</profession-id></profession>
<profession>
<term>verkoper</term>
<profession-id>25</profession-id></profession>
</professions>
<marriage>KO 25-4-1715 Sara Lemair (La Mer) (getuige zijn vader); kinderen: doop PK 18-12-1715 Henrick; PK 6-10-1717 Karel; HK 6-8-1724 Adam; HK 16-9-1725 Sara; PK 25-1-1728 Francijntje; PK 31-10-1731 Maria; PK 21-4-1734 Pieter.</marriage>
<address>1715 Cellebroersgracht; 1715 Breestraat; 1715-30 Rapenburg 28c (in 1730 verkocht hij het pand aan zijn zwager Pieter Delfos voor ?1800); 1739 Beestenmarkt; 1742 Breestraat t.o. het Stadhuis.</address>
<street>Rapenburg</street>
<street-id>50</street-id>
<lat>52.155884</lat>
<lon>4.4876151
</lon>
<guild>?1690-1704 K bij Jordaan Luchtmans, ? 1704 bij Cornelis Boutesteyn. 15-10-1709 Vrijmeester (AB 83a, f. ?). Hoofdman 1732, 1734, 1738, 1746, 1751, 1753.</guild>
<literature>Het Rapenburg, IVb, 606, 648.</literature>
<misc>Floris Schouten, Echt-krans gevlogten ter eeren van ... Adam Schouten met ... Sara La Mer (Leiden: [F. Schouten, 1715]), 4?: A4. KB 853 C 278.</misc>
<all>
<l>Schouten, Adam (* 1687, ? 1755; w. 1704-1742)</l>
<l>Boekverkoper en papierhandelaar.</l>
<l>Tweede zoon van Hendrik Schouten.</l>
<l>Adres: 1715 Cellebroersgracht; 1715 Breestraat; 1715-30 Rapenburg 28c (in 1730 verkocht hij het pand aan zijn zwager Pieter Delfos voor ?1800); 1739 Beestenmarkt; 1742 Breestraat t.o. het Stadhuis.</l>
<l>Huwelijk: KO 25-4-1715 Sara Lemair (La Mer) (getuige zijn vader); kinderen: doop PK 18-12-1715 Henrick; PK 6-10-1717 Karel; HK 6-8-1724 Adam; HK 16-9-1725 Sara; PK 25-1-1728 Francijntje; PK 31-10-1731 Maria; PK 21-4-1734 Pieter.</l>
<l>Gilde: ?1690-1704 K bij Jordaan Luchtmans, ? 1704 bij Cornelis Boutesteyn. 15-10-1709 Vrijmeester (AB 83a, f. ?). Hoofdman 1732, 1734, 1738, 1746, 1751, 1753.</l>
<l>Personeel: 1-1-1710 Jan van Huyssen* voor 2 jaar (zonder loon); pre-1721 Pieter Delfos*; 1-4-1726 Jacob Willeke* K? (leertijd voldaan in 1727); 1739-42 Jan le Mair L (AB 83b, f. 58; 83c, f. 8).</l>
<l>Familiegeld 1716, nr. 115 (onvermogend; hij verhuurde zijn huis toen aan de kleermaker Gelder de Haan).</l>
<l>NA 1797, nr. 44 (4-5-1719) Mutueel testament met Sara le Maire (niet in 200ste penning).</l>
<l>NA 2022b, nr. 55 [scan nrs. 361-362] (15-9-1730) Verklaring met anderen t.v.v. Pieter le Poetre, Barent Scheepers en Johannes Arnoldus Langerak als voogden over Jan Hoogeveen, die zij sinds vele jaren kennen als ?innocent ende onmagtigh? en om die reden in het gasthuis is opgesloten geweest.</l>
<l>NA 1904, nr. 84 (20-10-1739) Boedelscheiding n.a.v. een erfenis van Sara du Pon, weduwe Charles le Maire. Zie ook Pieter Delfos en Jan le Maire.</l>
<l>NA 2181, nr. 109 [scan nr. 514] (1746) Akte van vergenoeging tussen Schouten en zijn vrouw Sara Le Mair en Catharina Coppens, weduwe Constantijn van Croonenberg, over de testamenten van hun kinderen Hendrik Schouten en Anna van Croonenberg.</l>
<l>NA 1911, nr. 84 [scan nr. ] (1746) Voogdijverklaring als weduwnaar en boedelhouder van Sara le Mair. Pieter Delfos zijn zwager.</l>
<l>NA 2316, nrs. 2, 6, 54, 55 (1754) Akten.</l>
<l>NA 2108, f. 554 [scan nr. 514] (8-12-1756) Akte van Maria Schouten, ongehuwde dochter van Adam Schouten n.a.v. de scheiding d.d. 5-9-1755 van de boedel van haar vader, zoals opgesteld door de executeurs Hendrik Schouten en Pieter Delfos. Zij keurt de scheiding goed en accepteert haar erfdeel.</l>
<l>Belastingkohier 1742 aangeslagen voor ?600-700.</l>
<l>Floris Schouten, Echt-krans gevlogten ter eeren van ... Adam Schouten met ... Sara La Mer (Leiden: [F. Schouten, 1715]), 4?: A4. KB 853 C 278.</l>
<l>Lit.: Het Rapenburg, IVb, 606, 648.</l>
</all>
</person>