<person>
<firstName>Anthony</firstName>
<lastName>Schouten</lastName>
<dob></dob>
<dod></dod>
<pob>leiden</pob>
<pob-id>1</pob-id>
<pod></pod>
<professional-start>1688</professional-start>
<professional-end></professional-end>
<professions>
<profession>
<term>boekverkoper</term>
<profession-id>1</profession-id></profession>
<profession>
<term>verkoper</term>
<profession-id>25</profession-id></profession>
</professions>
<marriage>KO 16-3-1688 Johanna de Plancke, dochter van Adriaen de Plancke en Hester van der Deyster (getuige zijn vader in de Maarsmansteeg); het huwelijk vond plaats te Leiderdorp op 7-4-1688.</marriage>
<guild>1682 K bij Felix Lopez voor 2 jaar. Daarna werkte hij te Utrecht als knecht van Johannes Ribbius, in de jaren ?90 is hij zelfstandig boekverkoper in Utrecht. Zijn zoon Salomon was boekverkoper en stadsdrukker te Amsterdam.</guild>
<literature>Kruimel 1989, 309; Forrer.</literature>
<misc>Zoon van Nicolaas Schouten in de Maersmansteeg.</misc>
<all>
<l>Schouten, Anthony (* Leiden; w. Utrecht 1688)</l>
<l>Boekverkoper te Utrecht.</l>
<l>Zoon van Nicolaas Schouten in de Maersmansteeg.</l>
<l>Huwelijk: KO 16-3-1688 Johanna de Plancke, dochter van Adriaen de Plancke en Hester van der Deyster (getuige zijn vader in de Maarsmansteeg); het huwelijk vond plaats te Leiderdorp op 7-4-1688.</l>
<l>Gilde: 1682 K bij Felix Lopez voor 2 jaar. Daarna werkte hij te Utrecht als knecht van Johannes Ribbius, in de jaren ?90 is hij zelfstandig boekverkoper in Utrecht. Zijn zoon Salomon was boekverkoper en stadsdrukker te Amsterdam.</l>
<l>Lit.: Kruimel 1989, 309; Forrer.</l>
</all>
</person>