<person>
<firstName>Floris Simonsz</firstName>
<lastName>Schoute[n]</lastName>
<dob></dob>
<dod></dod>
<pob>delft</pob>
<pob-id>8</pob-id>
<pod></pod>
<professional-start>1650</professional-start>
<professional-end>1659</professional-end>
<professions>
<profession>
<term>letterzetter</term>
<profession-id>4</profession-id></profession>
</professions>
<marriage>KO 29-4-1650 Jannetje Bastiaens van Deventer uit Nieuwpoort (zij woont te Rotterdam); kinderen: dopen HK 5-2-1651 Marijtgen (zijn broer Nicolaes getuige); HK 21-4-1652 Sebastiaan; HK 23-11-1653 Simon (zijn broer Nicolaes getuige); HK 7-3-1655 Pieter (zijn broer Nicolaes getuige); PK 19-12-1657 Simon; HK 14-4-1662 Johannes (zijn broer Nicolaes getuige).</marriage>
<address>1650 Herensteeg.</address>
<street>Herensteeg</street>
<street-id>17</street-id>
<lat>52.1564269</lat>
<lon>4.4881692
</lon>
<misc>Poorterboek G, 1268, f. 201, nr. 15256 (7-7-1659) Borg, samen met de instrumentmaker Anthony Hoevenaar, voor het poorterschap van de instrumentmaker Jan Eggertsz (Frees). Zie voor hem ook onder broer Nicolaas Schouten.</misc>
<all>
<l>Schoute[n], Floris Simonsz (* Delft; w. 1650-59)</l>
<l>Letterzetter.</l>
<l>Broer van Nicolaas Schouten (zie aldaar).</l>
<l>Adres: 1650 Herensteeg.</l>
<l>Huwelijk: KO 29-4-1650 Jannetje Bastiaens van Deventer uit Nieuwpoort (zij woont te Rotterdam); kinderen: dopen HK 5-2-1651 Marijtgen (zijn broer Nicolaes getuige); HK 21-4-1652 Sebastiaan; HK 23-11-1653 Simon (zijn broer Nicolaes getuige); HK 7-3-1655 Pieter (zijn broer Nicolaes getuige); PK 19-12-1657 Simon; HK 14-4-1662 Johannes (zijn broer Nicolaes getuige).</l>
<l>Poorterboek G, 1268, f. 201, nr. 15256 (7-7-1659) Borg, samen met de instrumentmaker Anthony Hoevenaar, voor het poorterschap van de instrumentmaker Jan Eggertsz (Frees). Zie voor hem ook onder broer Nicolaas Schouten.</l>
</all>
</person>