<person>
<firstName>Floris</firstName>
<lastName>Schouten</lastName>
<dob>11</dob>
<dod></dod>
<pob></pob>
<pod></pod>
<professional-start>1714</professional-start>
<professional-end>1732</professional-end>
<professions>
<profession>
<term>boekdrukker</term>
<profession-id>6</profession-id></profession>
<profession>
<term>drukker</term>
<profession-id>9</profession-id></profession>
</professions>
<marriage>1. KO 17-5-1715 Catharina Moesbeeck uit Delft (getuige zijn oom Johannes); kinderen: dopen HK 8-3-1716 Bastiaan; PK 7-7-1717 Catharina; 2. Maria van Doorn (? voor 1737); kinderen: dopen HK 10-10-1723 Barbara.</marriage>
<address>1715 Nieuwsteeg; 1737 Zonneveldsteeg.</address>
<street>Nieuwsteeg</street>
<street-id>39</street-id>
<lat>52.1562295</lat>
<lon>4.4891081
</lon>
<guild>12-11-1714 Vrijmeester vlgs. geboorterecht (AB 83a, f. 49).</guild>
<misc>NA 1973, nr. 271 (18-11-1737) Boedel: (ongemunt goud en zilver) o.a. gouden ring met negen fijne stenen; zilverern schoengespen en snuifdoos; (voorhuis) 2 hoeken, hoekbank en 2 zoldertjes en enige planken; (kelderkamer) snaphaan met patroontas; lessenaar met bijbel; (achterkamer) enige leesboeken; drukkerij ?met sijn toebehooren? (niet nader gespecificeerd). Inneschulden: Jacob van der Kluijs ?17 voor de druk van een catalogus; Dirk Lucht en Gijsbert Langerak ?310.10 voor het drukken van 54 bladen van Casparus Hofmanni groot quarto tegen ?5.15; nog ?61 aan boekschulden. Uitstaande schulden: voor een blad drukkens van Casparus Hofmanni aan Willem van den Burg en arbeidsloon ?aan de jongen betaeldt? ?5; ?over verteering op?t verkoopen van de drukkerije? ?1.17. Getuige Dirk Lakeman.</misc>
<all>
<l>Schouten, Floris (? 11-9-1737; w. 1714-1732)</l>
<l>Boekdrukker.</l>
<l>Oudste zoon van Sebastiaan Schouten.</l>
<l>Adres: 1715 Nieuwsteeg; 1737 Zonneveldsteeg.</l>
<l>Huwelijk: 1. KO 17-5-1715 Catharina Moesbeeck uit Delft (getuige zijn oom Johannes); kinderen: dopen HK 8-3-1716 Bastiaan; PK 7-7-1717 Catharina; 2. Maria van Doorn (? voor 1737); kinderen: dopen HK 10-10-1723 Barbara.</l>
<l>Gilde: 12-11-1714 Vrijmeester vlgs. geboorterecht (AB 83a, f. 49).</l>
<l>Personeel: 5-8-1726 Hendrik Ernst K, Daniel de Waage L voor 2 jaar; 3-3-1727 Ambrosius van Kerkhem* K; 17-4-1732 Jan Adelaar L voor 4 jaar (loon: I 16 st. 8 pen. II 22 st. III 27 st. 8 pen. IV 33 st.) (AB 83b, f. 65; 83c, f. 12).</l>
<l>NA 1674B, nr. 237 (26-11-1714) Obligatie van ?300 aan ? i.v.m. lening.</l>
<l>NA 1705, nr. 109 (10-7-1718) Wederzijdse voogdijstelling.</l>
<l>NA 1765, nr. 75 (15-11-1722) Mutueel testament met Maria van Doorn.</l>
<l>NA 1685B, nr. 209 (12-10-1725) Mutueel testament (vlgs. eigen opgave in de 200ste penning niet bekend).</l>
<l>NA 1973, nr. 271 (18-11-1737) Boedel: (ongemunt goud en zilver) o.a. gouden ring met negen fijne stenen; zilverern schoengespen en snuifdoos; (voorhuis) 2 hoeken, hoekbank en 2 zoldertjes en enige planken; (kelderkamer) snaphaan met patroontas; lessenaar met bijbel; (achterkamer) enige leesboeken; drukkerij ?met sijn toebehooren? (niet nader gespecificeerd). Inneschulden: Jacob van der Kluijs ?17 voor de druk van een catalogus; Dirk Lucht en Gijsbert Langerak ?310.10 voor het drukken van 54 bladen van Casparus Hofmanni groot quarto tegen ?5.15; nog ?61 aan boekschulden. Uitstaande schulden: voor een blad drukkens van Casparus Hofmanni aan Willem van den Burg en arbeidsloon ?aan de jongen betaeldt? ?5; ?over verteering op?t verkoopen van de drukkerije? ?1.17. Getuige Dirk Lakeman.</l>
</all>
</person>