<person>
<firstName>Karel Adamszoon</firstName>
<lastName>Schouten</lastName>
<dob>1717</dob>
<dod></dod>
<pob>? Utrecht?</pob>
<pob-id>1</pob-id>
<pod></pod>
<professional-start>1741</professional-start>
<professional-end>1762</professional-end>
<professions>
<profession>
<term>boekverkoper</term>
<profession-id>1</profession-id></profession>
<profession>
<term>verkoper</term>
<profession-id>25</profession-id></profession>
</professions>
<marriage>1749 Engelbertha Brouwer van Nijmegen.</marriage>
<address>1742-48 Rapenburg 20 (huur ?100 per jaar).</address>
<street>Rapenburg</street>
<street-id>50</street-id>
<lat>52.155884</lat>
<lon>4.4876151
</lon>
<guild>4-9-1741 Vrijmeester volgens geboorterecht (AB 83a, f. 13v).</guild>
<literature>Het Rapenburg, IVb, 367, 387.</literature>
<misc>28-11-1746 Veiling van zijn voorraad door Johannes II van Hasebroek. In deze veiling kwamen nog zeven andere collecties onder de hamer, waaronder de boeken en prenten van Frans van Bleyswyck.</misc>
<all>
<l>Schouten, Karel Adamszoon (* Leiden 1717 [doop PK 6-10]; ? Utrecht?; w. 1741-1762)</l>
<l>Boekverkoper.</l>
<l>Zoon van Adam Schouten.</l>
<l>Adres: 1742-48 Rapenburg 20 (huur ?100 per jaar).</l>
<l>Huwelijk: 1749 Engelbertha Brouwer van Nijmegen.</l>
<l>Gilde: 4-9-1741 Vrijmeester volgens geboorterecht (AB 83a, f. 13v).</l>
<l>Personeel: 2-6-1755 Jacob van Ingen* L voor 4 jaar (loon 1? jr. 9 st. 1? jr. 12 st. IV na overleg) (AB 83c, f. 67v).</l>
<l>Hij vertrok in 1762 met zijn vrouw naar Utrecht.</l>
<l>Poorterboeken: getuige bij Gerardus Koesen (26-11-1753).</l>
<l>NA 2315, f. 66 (1752) Akte.</l>
<l>NA 2316, f. 15 (1754) Akte.</l>
<l>28-11-1746 Veiling van zijn voorraad door Johannes II van Hasebroek. In deze veiling kwamen nog zeven andere collecties onder de hamer, waaronder de boeken en prenten van Frans van Bleyswyck.</l>
<l>Lit.: Het Rapenburg, IVb, 367, 387.</l>
</all>
</person>