<person>
<firstName>Nicolaas [Claes] Simonsz</firstName>
<lastName>Schouten</lastName>
<dob>1671</dob>
<dod></dod>
<pob>? voor </pob>
<pob-id>8</pob-id>
<pod></pod>
<professional-start></professional-start>
<professional-end></professional-end>
<professions>
<profession>
<term>letterzetter</term>
<profession-id>4</profession-id></profession>
<profession>
<term>knecht</term>
<profession-id>45</profession-id></profession>
</professions>
<marriage>1. pre-1662 Geertje Heynricx; 2. KO 10-4-1665 Annetje Jacobs van Schro[on] uit Voorschoten (getuige zijn broer Floris in de Doelensteeg); zij hertrouwt KO 17-10-1671 met Claes Hoffman en woont dan op de Mare.</marriage>
<address>1664 Herensteeg.</address>
<street>Herensteeg</street>
<street-id>17</street-id>
<lat>52.1564269</lat>
<lon>4.4881692
</lon>
<literature>Willems lxix.</literature>
<misc>NA 910, nr. 100 (22-7-1670) Boedel Maartje Pieters van Overvliet, weduwe van de meester van de Lakenhal Jan Stoffel van der Eecke. Hierin een restant van een obligatie van de letterzetter Claes Simonsz.</misc>
<all>
<l>Schouten, Nicolaas [Claes] Simonsz (* Delft ? 1617/18; ? voor 1671; w. ?)</l>
<l>Letterzetter; eerste knecht bij de Elzeviers.</l>
<l>Adres: 1664 Herensteeg.</l>
<l>Huwelijk: 1. pre-1662 Geertje Heynricx; 2. KO 10-4-1665 Annetje Jacobs van Schro[on] uit Voorschoten (getuige zijn broer Floris in de Doelensteeg); zij hertrouwt KO 17-10-1671 met Claes Hoffman en woont dan op de Mare.</l>
<l>1666 K bij Eva van Alphen (getuige bij akte), maar zeker al sedert 1648 knecht bij de Elzeviers. Een Nicolaes Schouten, vader van de Utrechtse boekverkoper Anthony Schouten, woonde in 1688 in de Maarsmanssteeg.</l>
<l>NA 794, nr. 57 (10-5-1648) Obligatie aan Vincent Pietersz van Heemskerck ?200 i.v.m. lening.</l>
<l>Album studiosorum 5-8-1652 ?Nicolaus Schouten. Delfensis, Elseviriorum in typographia famulus primarius. 34?; 7-1-1654 ?Nicolaus Simonis Schouten, typographiae famulus, 40? (ingeschreven op dezelfde datum als Johannes en Daniel Elzevier als academiedrukkers).</l>
<l>NA 674, nr. 128 (17-12-1660) Verklaring met Severijn Matthijsz t.b.v. de weduwe Pieter Vincentsz van Heemskerck (zie aldaar). Hij is ca. 43 jaar.</l>
<l>NA 675a, nr. 57 (26-9-1662) Mutueel testament met Geertje Heynricx. Zie ook onder zijn zoon Simon Schouten.</l>
<l>Poorterboek G, 1268, f. 247v, nr. 15810 (80601663) Borg met de instrumentmaker Jan Eggertsz Frees, bij het poorterschap van de kleermaker Cornelis Bastiaensz van der Cley. Zie ook onder Floris Symonsz Schouten.</l>
<l>NA 722A, nr. 21 (27-2-1664) Obligatie aan Jan van der Eecke, van ?200 i.v.m. lening.</l>
<l>NA 420, nr. 36 (22-3-1666) Genoemd met Abraham Gogat als getuigen bij testament van een student. Dezelfde?</l>
<l>NA 910, nr. 100 (22-7-1670) Boedel Maartje Pieters van Overvliet, weduwe van de meester van de Lakenhal Jan Stoffel van der Eecke. Hierin een restant van een obligatie van de letterzetter Claes Simonsz.</l>
<l>Lit.: Willems lxix.</l>
</all>
</person>