<person>
<firstName>Pieter Dircksz</firstName>
<lastName>Boeteman</lastName>
<dob></dob>
<dod></dod>
<pob></pob>
<pod></pod>
<professional-start></professional-start>
<professional-end></professional-end>
<professions>
<profession>
<term>boekdrukker</term>
<profession-id>6</profession-id></profession>
<profession>
<term>drukker</term>
<profession-id>9</profession-id></profession>
</professions>
<marriage>23-3-1646 KO te Amsterdam, afkomstig uit Leiden, 29 jaar.</marriage>
<literature>KS 62.</literature>
<misc>unknown</misc>
<all>
<l>Boeteman, Pieter Dircksz (w. ?)</l>
<l>Boekdrukker.</l>
<l>Huwelijk: 23-3-1646 KO te Amsterdam, afkomstig uit Leiden, 29 jaar.</l>
<l>Lit.: KS 62.</l>
</all>
</person>