<person>
<firstName>Sebastiaan [Bastiaan] Florisz</firstName>
<lastName>Schouten</lastName>
<dob>1694</dob>
<dod></dod>
<pob>zijn weduwe -</pob>
<pob-id>1</pob-id>
<pod></pod>
<professional-start>1675</professional-start>
<professional-end>1694</professional-end>
<professions>
<profession>
<term>letterzetter</term>
<profession-id>4</profession-id></profession>
<profession>
<term>boekdrukker</term>
<profession-id>6</profession-id></profession>
<profession>
<term>drukker</term>
<profession-id>9</profession-id></profession>
<profession>
<term>verkoper</term>
<profession-id>25</profession-id></profession>
</professions>
<marriage>1. KO 25-4-1675 Barbara Heyndricx [Klaer?] uit Nijmegen, wonende op het Zand (getuige zijn neef Simon Claesz Schouten in de Herensteeg en haar bekende juffr. Weyssens); 2. ? 1685 Rachel Haneij (zie onder).</marriage>
<address>1675 Doelengracht; 1692 Nieuwsteeg; weduwe 1695-1706 Nieuwsteeg.</address>
<street>Nieuwsteeg</street>
<street-id>39</street-id>
<lat>52.1562295</lat>
<lon>4.4891081
</lon>
<guild>2-3-1682 K bij Daniel van Gaesbeeck; 1684 meesterknecht bij de weduwe van Daniel van der Boxe. 12-11-1686 Vrijmeester boekdrukker (AB 83a, f. ?); 23-12-1692 toestemming schoolgoed en papier te verkopen. Op 23-12-1694 kreeg zijn weduwe toestemming om de winkel voort te zetten.</guild>
<misc>NA 1134, nr. 79 (7-7-1689) Boedel n.a.v. zijn aanstaande huwelijk met Rachel Haneij. Dezelfde? Hij is weduwenaar van Barbara Klaer.</misc>
<all>
<l>Schouten, Sebastiaan [Bastiaan] Florisz (* Leiden 1652 [doop HK 21-4]; ? 1694?; w. 1675-1694; zijn weduwe 1694-1709)</l>
<l>Letterzetter, later boekdrukker en verkoper van papier en schoolboeken.</l>
<l>Zoon van Floris Simonsz Schouten en Jannetje Bastiaens van Deventer.</l>
<l>Adres: 1675 Doelengracht; 1692 Nieuwsteeg; weduwe 1695-1706 Nieuwsteeg.</l>
<l>Huwelijk: 1. KO 25-4-1675 Barbara Heyndricx [Klaer?] uit Nijmegen, wonende op het Zand (getuige zijn neef Simon Claesz Schouten in de Herensteeg en haar bekende juffr. Weyssens); 2. ? 1685 Rachel Haneij (zie onder).</l>
<l>Gilde: 2-3-1682 K bij Daniel van Gaesbeeck; 1684 meesterknecht bij de weduwe van Daniel van der Boxe. 12-11-1686 Vrijmeester boekdrukker (AB 83a, f. ?); 23-12-1692 toestemming schoolgoed en papier te verkopen. Op 23-12-1694 kreeg zijn weduwe toestemming om de winkel voort te zetten.</l>
<l>Personeel: 1689 Thomas Smit; 23-12-1694 Simon Schouten* K; 8-3-1696 Jan Bartelot K voor 1 jaar (loon tot juni 32 st., het jaar uit 42 st.); 1-12-1697 de zoon van Johannes Bandhuysen K letterzetter voor 4 jaar (loon I 7 st. II 14 st. III 21 st. IV 28 st.) (AB 83a, f. 48v).</l>
<l>NA 1134, nr. 79 (7-7-1689) Boedel n.a.v. zijn aanstaande huwelijk met Rachel Haneij. Dezelfde? Hij is weduwenaar van Barbara Klaer.</l>
</all>
</person>