<person>
<firstName>Simon Claesz</firstName>
<lastName>Schouten</lastName>
<dob>1644</dob>
<dod></dod>
<pob>leiden</pob>
<pob-id>1</pob-id>
<pod></pod>
<professional-start>1670</professional-start>
<professional-end>1694</professional-end>
<professions>
<profession>
<term>letterzetter</term>
<profession-id>4</profession-id></profession>
<profession>
<term>drukker</term>
<profession-id>9</profession-id></profession>
<profession>
<term>drukkersknecht</term>
<profession-id>11</profession-id></profession>
<profession>
<term>knecht</term>
<profession-id>45</profession-id></profession>
<profession>
<term>drukkers</term>
<profession-id>63</profession-id></profession>
</professions>
<marriage>KO 3-2-1672 Anna Pieters Vermout van Leiden in de Paradijssteeg (getuige zijn zwager Jacob Gerritsz en haar moeder Maria Dircx); kinderen: 1. doop HK 12-12-1677 Nicolaes; 2. PK 12-10-1678 Simon.</marriage>
<address>1672-75 Herensteeg.</address>
<street>Herensteeg</street>
<street-id>17</street-id>
<lat>52.1564269</lat>
<lon>4.4881692
</lon>
<guild>1-3-1682 K bij Elsevier; 1-10-1684 bij de weduwe van Daniel van der Boxe; 23-12-1694 bij de weduwe van Sebastiaan Schouten.</guild>
<literature>Willems lxix.</literature>
<misc>Klein Familiegeld, f. 34 (Zevenhuizen 1673; code 06090), ?0.1).</misc>
<all>
<l>Schouten, Simon Claesz (* Leiden c. 1644; w. 1670-94)</l>
<l>Letterzetter en drukkersknecht bij de Elzeviers.</l>
<l>Zoon van Claes Schouten en Geertje Heyndricx.</l>
<l>Adres: 1672-75 Herensteeg.</l>
<l>Huwelijk: KO 3-2-1672 Anna Pieters Vermout van Leiden in de Paradijssteeg (getuige zijn zwager Jacob Gerritsz en haar moeder Maria Dircx); kinderen: 1. doop HK 12-12-1677 Nicolaes; 2. PK 12-10-1678 Simon.</l>
<l>Gilde: 1-3-1682 K bij Elsevier; 1-10-1684 bij de weduwe van Daniel van der Boxe; 23-12-1694 bij de weduwe van Sebastiaan Schouten.</l>
<l>In het testament van Grietje Cornelis, weduwe van Pieter Vincentsz van Heemskerck d.d. 8-5-1666 genoemd als haar neef.</l>
<l>Album studiosorum 24-2-1670 ?Simon Claesen Schouten, Socius operis vice magistri fungens in typographia Elsevirii. 26.?</l>
<l>25-4-1675 getuige bij de KO van zijn oom Sebastiaan Florisz Schouten met Barbara Heyndricx. Hij woont in de Herensteeg.</l>
<l>Klein Familiegeld, f. 34 (Zevenhuizen 1673; code 06090), ?0.1).</l>
<l>Lit.: Willems lxix.</l>
</all>
</person>