<person>
<firstName>Abraham</firstName>
<lastName>Schreuder</lastName>
<dob></dob>
<dod></dod>
<pob></pob>
<pod></pod>
<professional-start>1678</professional-start>
<professional-end>1711</professional-end>
<professions>
<profession>
<term>boekverkoper</term>
<profession-id>1</profession-id></profession>
<profession>
<term>verkoper</term>
<profession-id>25</profession-id></profession>
<profession>
<term>boekbinder</term>
<profession-id>43</profession-id></profession>
</professions>
<marriage>1. KO 5-6-1681 Gysbertie Claes Verwey uit Woerden (getuige zijn zwager Adriaen van Doorn); kinderen: LK 18-5-1682 Jacobus; LK 3-4-1693 Claes; LK 9-1-1695 Claas; 2. KO 15-4-1702 Catharina Wittenburgh uit Soest (getuige zijn neef Johannes Schreuder).</marriage>
<address>1678, 1681 Nieuwsteeg; 1686-1702 Houtstraat.</address>
<street>Nieuwsteeg</street>
<street-id>39</street-id>
<lat>52.1562295</lat>
<lon>4.4891081
</lon>
<guild>20-12-1668 L bij Salomon Wagenaar voor 4 jaar. 4-4-1678 Vrijmeester (AB 83a, f. 92).</guild>
<misc>NA 1348, nr. 46 (8-9-1711) Akte van voogdij over zijn kinderen. Voogden zijn zijn neef Johannes Schreuder en zijn goede bekende de timmerman Melchior Houthoff.</misc>
<all>
<l>Schreuder, Abraham (w. 1678-1711)</l>
<l>Boekbinder en boekverkoper.</l>
<l>Luthers?</l>
<l>Adres: 1678, 1681 Nieuwsteeg; 1686-1702 Houtstraat.</l>
<l>Huwelijk: 1. KO 5-6-1681 Gysbertie Claes Verwey uit Woerden (getuige zijn zwager Adriaen van Doorn); kinderen: LK 18-5-1682 Jacobus; LK 3-4-1693 Claes; LK 9-1-1695 Claas; 2. KO 15-4-1702 Catharina Wittenburgh uit Soest (getuige zijn neef Johannes Schreuder).</l>
<l>Gilde: 20-12-1668 L bij Salomon Wagenaar voor 4 jaar. 4-4-1678 Vrijmeester (AB 83a, f. 92).</l>
<l>Personeel: 1685-87 Thomas Mijls (zie Daniel van Gaesbeeck).</l>
<l>Tot 1711 schrijver op de verkopingen van het gilde (AB 61, f. 38v).</l>
<l>Indien dezelfde woonden in 1686-90 diverse Engelse studenten bij hem in de Houtstraat in (vgl. Jacob Kinkaid, 17-9-1686).</l>
<l>NA 1280, nr. 313 (17-12-1678) Mutueel testament met zijn broer, de schoenmaker Gerrit Schreuder.</l>
<l>NA 1350, nr. 131 (6-6-1681) Huwelijkse voorwaarden.</l>
<l>NA 1355A, nr. 11 (3-2-1682) Verhuurt samen met zijn broer Gerrit het huis aan de Nieuwsteeg/hoek Pieterskerkhof, genaamd ?Cronesteyn?, aan de herbergier Adriaan van Loon voor 4 jaar ? ?180.</l>
<l>NA 1355B, nr. 86 (21-12-1683) Akte van voogdij met zijn vrouw.</l>
<l>NA 1339, nr. 132 (2-6-1689) Akte n.a.v. de erfenis van zijn vrouw. In de akte wordt ook de schoolmeester Gerritg Schreuder genoemd, die was getrouwd met Gerritje Claes Verweij.</l>
<l>NA 1341, nr. 67 [scan 260] (12-2-1692) Akte van verkoping van huizen etc., ondertekend door Abram, Johannes, Maria en Catrina Schreuder.</l>
<l>NA 1344, nr. 46 (21-12-1699) Verkoping met zijn vrouw van het ?Huijs te Kronesteijn? in de Nieuwsteeg op de hoek van het Pieterskerkhof voor ?800 aan Jan Jansz van der Laen. Gerritje ondertekent met een kruisje.</l>
<l>NA 1345, nr. 77 (14-4-1702) Codicil n.a.v. zijn a.s. huwelijk met Catharina Wittenburg t.b.v. van zijn twee kinderen uit het huwelijk met zijn overleden vrouw Gerritje Verweij, Beatrix, oud 15 jaar, en Klaas, oud 8 jaar. Hun moederlijk erfdeel bedraagt elk ?100. Zij ontvangen dit wanneer ze 25 jaar oud zijn, of eerder bij hun huwelijk.</l>
<l>NA 1345, nr. 79 (15-4-1702) Huwelijkse voorwaarden met Catharina Wittenburg.</l>
<l>NA 1348, nr. 46 (8-9-1711) Akte van voogdij over zijn kinderen. Voogden zijn zijn neef Johannes Schreuder en zijn goede bekende de timmerman Melchior Houthoff.</l>
</all>
</person>