<person>
<firstName>J.</firstName>
<lastName>Schreuder</lastName>
<dob></dob>
<dod></dod>
<pob></pob>
<pod></pod>
<professional-start>1808</professional-start>
<professional-end>1830</professional-end>
<professions>
<profession>
<term>boekverkoper</term>
<profession-id>1</profession-id></profession>
<profession>
<term>verkoper</term>
<profession-id>25</profession-id></profession>
</professions>
<guild>19-12-1808 Vrijmeester (AB 83a, f. ?).</guild>
<misc>unknown</misc>
<all>
<l>Schreuder, J. (w. 1808-30?)</l>
<l>Boekverkoper.</l>
<l>Gilde: 19-12-1808 Vrijmeester (AB 83a, f. ?).</l>
</all>
</person>