<person>
<firstName>Grietje</firstName>
<lastName>Schut-Haag</lastName>
<dob></dob>
<dod></dod>
<pob></pob>
<pod></pod>
<professional-start>1766</professional-start>
<professional-end>1780</professional-end>
<professions>
<profession>
<term>speelkaartverkoopster</term>
<profession-id>14</profession-id></profession>
</professions>
<address>Langebrug.</address>
<street>Langebrug</street>
<street-id>28</street-id>
<lat>52.1563598</lat>
<lon>4.4906321
</lon>
<guild>1766 Contribuant (AB 83c, f. 95).</guild>
<misc>Op 22-11-1767 was zij getuige bij de doop van Elisabeth Bedrijf en wordt dan Grietje Schut geboren Haag genoemd. Op 2-7-1780 was zij getuige bij de doop van Casper de Haan.</misc>
<all>
<l>Schut-Haag, Grietje (w. 1766-1780?)</l>
<l>Speelkaartverkoopster.</l>
<l>Adres: Langebrug.</l>
<l>Gilde: 1766 Contribuant (AB 83c, f. 95).</l>
<l>Op 22-11-1767 was zij getuige bij de doop van Elisabeth Bedrijf en wordt dan Grietje Schut geboren Haag genoemd. Op 2-7-1780 was zij getuige bij de doop van Casper de Haan.</l>
</all>
</person>