<person>
<firstName>Pieter</firstName>
<lastName>Schut</lastName>
<dob>1600</dob>
<dod></dod>
<pob>gorkum</pob>
<pob-id>37</pob-id>
<pod></pod>
<professional-start>1627</professional-start>
<professional-end></professional-end>
<professions>
<profession>
<term>drukker</term>
<profession-id>9</profession-id></profession>
</professions>
<literature>Henselmans p. 5; Sprunger, ch. 5.</literature>
<misc>UBL, Senaatsarchief, Volumen Inscriptionum, f. 232 (12-2-1627) Inschrijving als student, 27 jaar oud, samen met 7 anderen: Willem Christiaensz van der Boxe, William Wilkinson, Henry Randolph, Pieter Vincentsz van Heemskerck, Johannes de Vechter, Angel Jacobsz jr. en Theodoor Wolders (?Servi typographi nostri Academici sequenter acto ex gratie et liberalitate D.D. Consulum urbis nostris Leidensis gratis inscripti sunt?). Vgl. AS 12-2-1627: ?Servi typographi nostri academici?; hij wordt hier genoemd: ?Petrus Schut Gorcomiensis. 27?.</misc>
<all>
<l>Schut, Pieter (* Gorkum, c. 1600; w. 1627)</l>
<l>Drukker.</l>
<l>UBL, Senaatsarchief, Volumen Inscriptionum, f. 232 (12-2-1627) Inschrijving als student, 27 jaar oud, samen met 7 anderen: Willem Christiaensz van der Boxe, William Wilkinson, Henry Randolph, Pieter Vincentsz van Heemskerck, Johannes de Vechter, Angel Jacobsz jr. en Theodoor Wolders (?Servi typographi nostri Academici sequenter acto ex gratie et liberalitate D.D. Consulum urbis nostris Leidensis gratis inscripti sunt?). Vgl. AS 12-2-1627: ?Servi typographi nostri academici?; hij wordt hier genoemd: ?Petrus Schut Gorcomiensis. 27?.</l>
<l>Lit.: Henselmans p. 5; Sprunger, ch. 5.</l>
</all>
</person>