<person>
<firstName>Johannes van</firstName>
<lastName>Schuylenburgh</lastName>
<dob></dob>
<dod></dod>
<pob></pob>
<pod></pod>
<professional-start>1671</professional-start>
<professional-end>1674</professional-end>
<professions>
<profession>
<term>boekverkoper</term>
<profession-id>1</profession-id></profession>
<profession>
<term>verkoper</term>
<profession-id>25</profession-id></profession>
</professions>
<marriage>KO 23-7-1671 Geertruyt Mina (* Schellinghout; haar vader was de predikant Meinardus Mina, die o.a. in Brazili? had gewerkt; getuige o.a. Felix Lopez).</marriage>
<address>1671-72 Rapenburg.</address>
<street>Rapenburg</street>
<street-id>50</street-id>
<lat>52.155884</lat>
<lon>4.4876151
</lon>
<guild>L bij Johannes Tongerloo te ?sGravenhage. 1671 K bij Felix Lopez. 26-8-1671 Vrijmeester (AB 83a, f. 116).</guild>
<literature>Thesaurus; Het Rapenburg V, 639; LJ, 84 (1992), 99-107; Jaarboek van het Centraal Bureau voor Genealogie, 56 (2002), 206.</literature>
<misc>Zijn drukkersmerk beeldt een drukpers af.</misc>
<all>
<l>Schuylenburgh, Johannes van (w. 1671-1674)</l>
<l>Boekverkoper.</l>
<l>Adres: 1671-72 Rapenburg.</l>
<l>Huwelijk: KO 23-7-1671 Geertruyt Mina (* Schellinghout; haar vader was de predikant Meinardus Mina, die o.a. in Brazili? had gewerkt; getuige o.a. Felix Lopez).</l>
<l>4-9-1671 Poorter (getuige Felix Lopez).</l>
<l>Gilde: L bij Johannes Tongerloo te ?sGravenhage. 1671 K bij Felix Lopez. 26-8-1671 Vrijmeester (AB 83a, f. 116).</l>
<l>OHC 15-12-1671: ?Tot Leyden, by Johannes ? Scuylenburgh, Boeckverkoper, werdt uytgegeven: Joh. Fr. Gronovii Observationes in Livium, &amp; scriptores Ecclesiasticos, aucti &amp; emendati. ** Item, Meditationes Wilhelmi ten Rhyne in Hippocratis textum 24. de veteri Medicina, quibus doctrina de ventis, plantis, humoribus &amp; salium figuris traditque. In 12.?</l>
<l>NA 1218, nr. 61 (6-4-1674) Procuratie met zijn vrouw aan haar broer Joannes Mina om voor hen gelden te innen, waaronder een rente op een lening van ?1000 aan het Elisabeth Gasthuis. Getuigen zijn de studenten Jonkheer Marinus van Vrijberge en Johannes Quarle.</l>
<l>Kreeg 21-5-1674 attestatie om met zijn vrouw naar Oost-Indi? te vertrekken.</l>
<l>Publiceerde in 1672 de Lyck-galm over het zaeligh af-sterven van den vroomen en welgeleerden D.D. Cornelis Mina, in sijn leven student in de Theologie, Literatuer en Philosophie &amp;c. (?voor Johannes Schuylenburgh?), 4?: [8] pp. UBL Portef. 22:8. Hierin gedichten van S. Hoet, S. Deym, J. Stoltz, A.S., W. le Febvre, H.v.B.</l>
<l>Zijn drukkersmerk beeldt een drukpers af.</l>
<l>Lit.: Thesaurus; Het Rapenburg V, 639; LJ, 84 (1992), 99-107; Jaarboek van het Centraal Bureau voor Genealogie, 56 (2002), 206.</l>
</all>
</person>