<person>
<firstName>Johannes</firstName>
<lastName>Sebbel</lastName>
<dob></dob>
<dod></dod>
<pob></pob>
<pod></pod>
<professional-start>1741</professional-start>
<professional-end></professional-end>
<professions>
<profession>
<term>letterzetter</term>
<profession-id>4</profession-id></profession>
</professions>
<misc>Poorterboek J, 1270, f. 81, nr. 19801 (7-7-1741) Borg met de turfdrager Willem van Berkel bij poorterschap van de stoelenmaker Johannes de Peyper.</misc>
<all>
<l>Sebbel, Johannes (w. 1741)</l>
<l>Letterzetter.</l>
<l>Poorterboek J, 1270, f. 81, nr. 19801 (7-7-1741) Borg met de turfdrager Willem van Berkel bij poorterschap van de stoelenmaker Johannes de Peyper.</l>
</all>
</person>