<person>
<firstName>Leendert van den</firstName>
<lastName>Bogaert</lastName>
<dob></dob>
<dod></dod>
<pob></pob>
<pod></pod>
<professional-start>1774</professional-start>
<professional-end></professional-end>
<professions>
<profession>
<term>boekverkoper</term>
<profession-id>1</profession-id></profession>
<profession>
<term>verkoper</term>
<profession-id>25</profession-id></profession>
</professions>
<misc>3-6-1765 L voor 4 jaar bij Pieter Delfos. 5-9-1774 Vrijmeester; hij had als knecht gediend bij verschillende meesters zonder dat daarvan aantekening was gemaakt, en moest een boete van h6 aan het gilde betalen (AB 83a, f. 39v).</misc>
<all>
<l>Bogaert, Leendert van den (w. 1774)</l>
<l>Boekverkoper.</l>
<l>3-6-1765 L voor 4 jaar bij Pieter Delfos. 5-9-1774 Vrijmeester; hij had als knecht gediend bij verschillende meesters zonder dat daarvan aantekening was gemaakt, en moest een boete van h6 aan het gilde betalen (AB 83a, f. 39v).</l>
</all>
</person>