<person>
<firstName>Izak</firstName>
<lastName>Seloos</lastName>
<dob></dob>
<dod></dod>
<pob></pob>
<pod></pod>
<professional-start>1726</professional-start>
<professional-end></professional-end>
<professions>
<profession>
<term>drukker</term>
<profession-id>9</profession-id></profession>
</professions>
<literature>Sautijn Kluit, ?De Hollandsche Leidsche Courant?, p. 40.</literature>
<misc>unknown</misc>
<all>
<l>Seloos, Izak (w. 1726)</l>
<l>Drukker in de krantendrukkerij van Felix de Clopper.</l>
<l>Lit.: Sautijn Kluit, ?De Hollandsche Leidsche Courant?, p. 40.</l>
</all>
</person>