<person>
<firstName>Thomas</firstName>
<lastName>Serpieters [Sirpieter]</lastName>
<dob></dob>
<dod></dod>
<pob>leiden</pob>
<pob-id>1</pob-id>
<pod></pod>
<professional-start>1628</professional-start>
<professional-end>1633</professional-end>
<professions>
<profession>
<term>boekverkoper</term>
<profession-id>1</profession-id></profession>
<profession>
<term>verkoper</term>
<profession-id>25</profession-id></profession>
<profession>
<term>boekbinder</term>
<profession-id>43</profession-id></profession>
<profession>
<term>knecht</term>
<profession-id>45</profession-id></profession>
</professions>
<marriage>KO 8-4-1633 Adriaantje Gabriels van Segwaert (getuige zijn bekende schepen Johannes van Groenendijck).</marriage>
<address>1628 Rapenburg 56? (bij Basson?); 1633 Noordeinde.</address>
<street>Rapenburg</street>
<street-id>50</street-id>
<lat>52.155884</lat>
<lon>4.4876151
</lon>
<literature>Het Rapenburg V, 764; B?gels 63.</literature>
<misc>NA 365, nr. 20 [scans 40-41] (12-8-1628) Getuige bij akte van Thomas Basson. Hij is dan boekbindersknecht.</misc>
<all>
<l>Serpieters [Sirpieter], Thomas (* Leiden; w. 1628-1633)</l>
<l>Boekbindersknecht (bij Govert Basson?), later boekverkoper.</l>
<l>Mogelijk is zijn vader de schoolmeester Thomas Sarpietersz uit Steenvoorde (KO 1-8-1608 Jaecquemijntje Staessens van Hontschoten als weduwnaar van Jacquemyntje Hossels).</l>
<l>Adres: 1628 Rapenburg 56? (bij Basson?); 1633 Noordeinde.</l>
<l>Huwelijk: KO 8-4-1633 Adriaantje Gabriels van Segwaert (getuige zijn bekende schepen Johannes van Groenendijck).</l>
<l>NA 365, nr. 20 [scans 40-41] (12-8-1628) Getuige bij akte van Thomas Basson. Hij is dan boekbindersknecht.</l>
<l>Lit.: Het Rapenburg V, 764; B?gels 63.</l>
</all>
</person>