<person>
<firstName>Adriaan</firstName>
<lastName>Severinus [van Adelshoorn]</lastName>
<dob>1678</dob>
<dod></dod>
<pob>zijn weduwe </pob>
<pod></pod>
<professional-start>1670</professional-start>
<professional-end>1678</professional-end>
<professions>
<profession>
<term>boekverkoper</term>
<profession-id>1</profession-id></profession>
<profession>
<term>verkoper</term>
<profession-id>25</profession-id></profession>
</professions>
<marriage>Sara van Wijngaarden, dochter van de predikant Bernhard van Wijngaarden; zij hertrouwde op 13-11-1680 met Johannes du Vivi?. Kinderen: 5 kinderen, onder wie de latere boekverkoper Isaac.</marriage>
<address>1678 Op het Plein, t.o. het Gerecht (hoek van de Schoolsteeg, nr. 14).</address>
<street>Schoolsteeg</street>
<street-id>53</street-id>
<lat>52.1587931</lat>
<lon>4.486935
</lon>
<guild>7-3-1670 Vrijmeester (AB 83a, f. ?). Hoofdman 1678.</guild>
<auction>29-5-1673 anon. (OHC 25-5-1673); 25-4-1674 Eduardus Westerneyn (OHC 3-4-1674); 1-4-1675 (OHC 26-3-1675).</auction>
<literature>Ledeboer; Pars, Naemrol, 311, 443; Witsen Geysbeeck V, 279; Kist, Beleg en ontzet, 22-23; NNBW.</literature>
<misc>1681 De weduwe vermeld met een schuld van ?14.13.8 in het schuldboek van wijlen Daniel Elsevier (Van Eeghen III, 115).</misc>
<all>
<l>Severinus [van Adelshoorn], Adriaan (w. 1670-78; zijn weduwe 1678)</l>
<l>Boekverkoper.</l>
<l>Oudste zoon van Severinus Matthijsz.</l>
<l>Adres: 1678 Op het Plein, t.o. het Gerecht (hoek van de Schoolsteeg, nr. 14).</l>
<l>Huwelijk: Sara van Wijngaarden, dochter van de predikant Bernhard van Wijngaarden; zij hertrouwde op 13-11-1680 met Johannes du Vivi?. Kinderen: 5 kinderen, onder wie de latere boekverkoper Isaac.</l>
<l>Gilde: 7-3-1670 Vrijmeester (AB 83a, f. ?). Hoofdman 1678.</l>
<l>Was de auteur van een boekje over het beleg en ontzet van Leiden (5e dr. 1777). Zie ook Felix Lopez.</l>
<l>Veilingen: 29-5-1673 anon. (OHC 25-5-1673); 25-4-1674 Eduardus Westerneyn (OHC 3-4-1674); 1-4-1675 (OHC 26-3-1675).</l>
<l>Gerechtsdagboeken: 83, f. 207, 209v, 230v; 84, f. 78v, 260.</l>
<l>NA 1206, nr. 30 (8-10-1671) Obligatie aan de koopman Johan van Peenen van ?800. Borg de predikant Isaac Severinus. Getuige Willem Wijngaarden.</l>
<l>Klein Familiegeld, f. 24b (Over ?t Hof 1673; code 05069), ?0.1).</l>
<l>Publiceerde in 1673 Mengelingen bevattende keur van stijl en stoff, 8?, met fr. door G. Wingendorp. UBA 279 G 13:1; KB 841 F 42; UBL 1200 14:1; BL 11556.b.41:1. Met opdracht van hemzelf en drempeldicht door Cornelis van der Maersche. Pp. 2-28 Mengeldichten op het ?aengenaem verjaren van mijnen vader Severinus Matthysz van Adelhoorn. Mey 1671?; pp. 29-30 ?Op de verjaerdag van mynen broeder Isaacus Severinus, getrou dienaer des Evangeliums I. Christi te Oostwout.? Volgende pp. gedichten voor zijn zusters Maria, Cornelia, Petronella; pp. 84-86 ?Op ?t huwlyk van mijn broeder D. Isaacus Severinus ... met Juffr. Maria Lopez de Haro, bevestigt in Leiden den 20 Febr. 1668?; pp. 87-88 ?Ter bruiloft van David Doude en Juffr. Cornelia Hackius?; p. 160: Leiden.</l>
<l>OHC 14-1-1673 ?Tot Leyden, by Adrianus Severinus, is gedruckt en werdt uytgegeven: Mengelingen van allerley Gedichten, bevattende Keur van Stijl en Stof. In 8. ** Item, Geestelijcke Iaer-Feesten op de vier gesette Hoogtyden. In 8. ** Item, Spanhemy Oratio pro erigendis animis in haec Reip: Batavae constitutione. In 4.?</l>
<l>OHC 25-5-1673 ?Op Maendagh den 29 Mey sal tot Leyden, ten Huyse van Adrianus Severinus, verkocht werden een schoone Bibliotheecq, van veelerhande Latijnse en eenige Nederduytse Boecken: waer van de Catalogi te bekomen zijn tot Amsterdam by I.I. van Waesbergen, tot Haerlem by Abraham Casteleyn, tot Rotterdam by Arnout Laers, en in den Hage by Arnout Laers de jonge.?</l>
<l>OHC 3-4-1674 ?Op Woensdagh den 25 April sal men ten Huyse van Adrianus Severinus, Boeckverkoper binnen Leyden, verkopen de uytgelesen Bibliotheeck van zal: D. Eduardus Westerneyn, in sijn Leven Predicant tot Leyden, bestaende in seer schoone en seer wel geconditioneerde Boecken, soo Teologische als Historische: in verscheyde Talen, waer van de Catalogus te bekomen sal zijn tot Amsterdam by J. J. van Waesbergen, tot Haerlem by A. Casteleyn, tot Delft by A. Bon, tot Rotterdam by J. Borstius, in ?s Gravenhage by A. Laers, &amp;c.?</l>
<l>OHC 29-9-1674 ?Tot Leyden, by Adrianus Severinus, is gedruckt en werdt uytgegeven: het geluckigh herdencken aen de Belegering van Leyden, voorgestelt uyt den gront der eerste, en gebracht tot de laetste Beroerten en Oorlogen van Nederlandt. In 8. ** Item, Abrahami Heidani Oratio ad Pricipem Auriacum, in Latijn en Duyts.?</l>
<l>OHC 19-1-1675 ?Tot Leyden, by Adrianus Severinus, is gedruckt en werdt uytgegeven: Hermanni Wingendorpy Paraphrasis Historica in Prophetiam Danielis, item ejusdem conjecture in Apocalypsim Johannis. In 12.?</l>
<l>OHC 26-3-1675 ?Op Maendagh den eersten April sal tot Leyden, by Adrianus Severinus, verkocht werden een schoone Bibliotheeck van veele Grieckse en Latijnse Boecken, daer af de Catalogi te bekomen zijn t?Amsterdam by Waesbergen, t?Utrecht by Noenaert, tot Haerlem by Abraham Casteleyn, tot Rotterdam en in den Hage by Laers.?</l>
<l>OHC 28-5-1675 ?Tot Leyden, by Adrianus Severinus, is gedruckt en wert uytgegeven: Antwoort op het nader Bericht van den Luister der Cocceaensche en Cartesiaensche Theologie, wederleyt door Liefhebbers van Waerheyt en Vrede der Kercke, tot verminderinge van Geschillen. Zijn mede te bekomen tot Amsterdam by Daniel van Dalen, op den Nieuwen-dijck. Item, Friderici Spanhemii S. Literar. &amp; Antiquit. Profess. Introductio ad Historiam &amp; Antiquitates Sacras, cum appendice Chorographica &amp; Critica. In 12.?</l>
<l>OHC 21-9-1675 ?Tot Leyden, by Adrianus Severinus, is gedruckt en werdt uytgegeven, Arnoldi Ceulinx, Philos. Profess. Lugduni in Batavis, Ethica, contra Philosophos atheos, e luce naturae secundum Sacras Literas, cum notis auctoris. In 12. Ejusdem methodus inveniendi argumenta, cum objectionibus &amp; reponsionibus ad ejus Ethicam. In 12.?</l>
<l>NA 1261, nr. 104 (27-7-1678) Mutueel testament met Sara van Wijngaarden (getuige Johannes du Vivi?).</l>
<l>1681 De weduwe vermeld met een schuld van ?14.13.8 in het schuldboek van wijlen Daniel Elsevier (Van Eeghen III, 115).</l>
<l>Lit.: Ledeboer; Pars, Naemrol, 311, 443; Witsen Geysbeeck V, 279; Kist, Beleg en ontzet, 22-23; NNBW.</l>
</all>
</person>