<person>
<firstName>David</firstName>
<lastName>Severinus [van Adelshoorn]</lastName>
<dob></dob>
<dod></dod>
<pob>oostwoud</pob>
<pob-id>74</pob-id>
<pod></pod>
<professional-start>1695</professional-start>
<professional-end>1699</professional-end>
<professions>
<profession>
<term>boekverkoper</term>
<profession-id>1</profession-id></profession>
<profession>
<term>verkoper</term>
<profession-id>25</profession-id></profession>
</professions>
<marriage>KO 23-7-1695 Petronella van Wijngaarden uit Voorschoten, dochter van de predikant Johannes van Wijngaarden.</marriage>
<address>1695-97 Rapenburg, ?over de Academie?.</address>
<street>Rapenburg</street>
<street-id>50</street-id>
<lat>52.155884</lat>
<lon>4.4876151
</lon>
<guild>27-6-1695 Vrijmeester (AB 83a, f. 13).</guild>
<misc>RAL, Stadsarchief II, 93 (10-11-1699) Veiling van zijn gebonden en ongebonden boeken door Boudewijn van der Aa (adv. OHC 3 en 7-11-1699).</misc>
<all>
<l>Severinus [van Adelshoorn], David (* Oostwoud; w. 1695-1699)</l>
<l>Boekverkoper.</l>
<l>Adres: 1695-97 Rapenburg, ?over de Academie?.</l>
<l>Huwelijk: KO 23-7-1695 Petronella van Wijngaarden uit Voorschoten, dochter van de predikant Johannes van Wijngaarden.</l>
<l>Gilde: 27-6-1695 Vrijmeester (AB 83a, f. 13).</l>
<l>Personeel: 1-5-1695 Niklaes Kruijs K voor 2 jaar; 20-9-1695 Jacob Meul* voor 1 jaar (AB 83b, f. 24).</l>
<l>Raakte betrokken in faillissement (RA 52 en 91), waarna zijn boeken werden geveild door Boudewijn van der Aa (zie hieronder).</l>
<l>NA 1344, nr. 38 (26-9-1699) Procuratie aan zijn schoonvader te Voorschoten en Abraham Vromans om zijn zaken te behartigen.</l>
<l>RAL, Stadsarchief II, 93 (10-11-1699) Veiling van zijn gebonden en ongebonden boeken door Boudewijn van der Aa (adv. OHC 3 en 7-11-1699).</l>
</all>
</person>