<person>
<firstName>Isaac</firstName>
<lastName>Severinus</lastName>
<dob>1743</dob>
<dod></dod>
<pob>?  [begr. PK -4]</pob>
<pob-id>1</pob-id>
<pod></pod>
<professional-start>1693</professional-start>
<professional-end>1740</professional-end>
<professions>
<profession>
<term>boekverkoper</term>
<profession-id>1</profession-id></profession>
<profession>
<term>verkoper</term>
<profession-id>25</profession-id></profession>
</professions>
<marriage>KO 19-9-1710 Gola Vergeer uit West-Zaandam, dochter van ds. Johannes Vergeer. Kinderen: 6 kinderen.</marriage>
<address>1715-16 Rapenburg (nr. 75)/hoek Nonnensteeg (kohier fam. geld 1716, f. 82 en juncto kohier verponding 1716, f. 200), ?bij de Academie?; zijn weduwe in 1749 op de Garenmarkt (Kohier van de taxatie en omslag, 1749, Oost Nieuwland, nr. 451) en in 1753 vertrokken naar Gouda.</address>
<street>Rapenburg</street>
<street-id>50</street-id>
<lat>52.155884</lat>
<lon>4.4876151
</lon>
<guild>5-8-1693 Vrijmeester vlgs. geboorterecht (AB 83a, ff. 78, 113v). Over zijn compagnie met Joh. du Vivi? zie aldaar.</guild>
<literature>Ledeboer; Thesaurus; Noordam.</literature>
<misc>NA 1985, nr. 28 [scan nr. 147] (5-3-1749) Akte van acquit van Adriaan Severinus. Hij is meerderjarig en ongehuwd. Volgens het mutueel testament van zijn ouders, van wie Gola Vergeer nog in leven is, van 24-1-1718 voor notaris Paulus van Crombrugge was zij wederzijds universeel erfgenaam. Hij krijgt nu in plaats van zijn erfdeel een bedrag van ?1000.</misc>
<all>
<l>Severinus, Isaac (* Leiden 1673 [doop PK 22-11]; ? 1743 [begr. PK 23-4]; w. 1693-1740)</l>
<l>Boekverkoper.</l>
<l>Zoon van Adriaan Severinus en Sara van Wijngaarden.</l>
<l>Adres: 1715-16 Rapenburg (nr. 75)/hoek Nonnensteeg (kohier fam. geld 1716, f. 82 en juncto kohier verponding 1716, f. 200), ?bij de Academie?; zijn weduwe in 1749 op de Garenmarkt (Kohier van de taxatie en omslag, 1749, Oost Nieuwland, nr. 451) en in 1753 vertrokken naar Gouda.</l>
<l>Huwelijk: KO 19-9-1710 Gola Vergeer uit West-Zaandam, dochter van ds. Johannes Vergeer. Kinderen: 6 kinderen.</l>
<l>Album studiosorum: 21-3-1685 Inschrijving als student.</l>
<l>Bij zijn huwelijk impost hoogste klasse, bij zijn begrafenis 3e klasse!</l>
<l>Gilde: 5-8-1693 Vrijmeester vlgs. geboorterecht (AB 83a, ff. 78, 113v). Over zijn compagnie met Joh. du Vivi? zie aldaar.</l>
<l>NA 1316, nr. 72 (16-9-1706) Verklaring: a) dat hij van de executeurs van wijlen Magdalena Tellier een obligatie t.b.v. ?500 plus ?8.15 rente heeft ontvangen op naam van Johannes du Vivi? en Sara van Wijngaarden; b) nog een obligatie op zijn eigen naam t.b.v. ?150 plus ?6 rente. Volgens haar testament van 12-8-1706 (NA 1316, nr. 54) kreeg hij ook nog een legaat van ?800.</l>
<l>GAA, NA ? (notaris Nicolaes Brouwer, 11-9-1710) Huwelijkse voorwaarden (vgl. NA 1629, nr. 6).</l>
<l>NA 1629, nr. 6 (24-1-1712) Mutueel testament.</l>
<l>NA , nr. 000 (24-1-1718) Mutueel testament voor notaris Paulus van Crombrugge.</l>
<l>NA 1862, nr. 12 (9-4-1731) Procuratie aan Justus van de Bolder, procureur te Delft, om van de Delftse boekverkoper Reinier Boitet ?66.2 in te vorderen voor in 1729 geleverde boeken.</l>
<l>NA 1926A, f. 96 (10-2-1736) Transport van een obligatie van ?1000 uit de nalatenschap van de vader van zijn echtgenote te Zaandam.</l>
<l>NA 2094, nr. 183 [scan nr. 654] (27-11-1741) Procuratie aan Frederik van der Kerff te Leiden om zijn zaak voor de vredemakers tegen Johannes van Kerckhem waar te nemen. Het gaat om een schuld voor boeken gekocht op een veiling van Severinus.</l>
<l>NA 1857, nr. 165 [scan nr. 653] (12-12-1741) Johannes van Kerkhem procuratie aan Pieter Hubertus Pla om hem te vertegenwoordigen in zijn zaak tegen Isaac Severinus.</l>
<l>NA 1979, nr. 143 [scan nr. 370] (12-7-1743) Verzoek Gola Vergeer, weduwe van Isaac Severinus, dat haar zoon Adrianus na haar overlijden onder curatele wordt gesteld door de toeziend voogd Cornelis Schrevelius, omdat hij zijn eigen zaken niet kan behartigen.</l>
<l>NA 1980, nr. 79 [scan nr. 254] (3-6-1744) Procuratie Gola Vergeer, als enige erfgenaam van haar vader Johannes Vergeer, predikant te Westzaandam, aan de schipper Gerrit Deugt van de Koog om in Zaandam drie stukken land te verkopen.</l>
<l>NA 1980, nr. 93 (1744) Procuratie Gola Vergeer, als enige erfgenaam van haar vader Johannes Vergeer, predikant te Westzaandam, die gehuwd was met Cornelia Claas Allers, die weer enig erfgenaam was van haar vader, Claas Cornelis Allers, burgemeester in Oostzaandam, aan de schipper Gerrit Deugt uit de Koog, om de helft van een pakhuis genaakt ?De Twee Kap? in Zaandam te verkopen.</l>
<l>NA 1936, f. 96 [scan nr. 160] (1746) Transport door Gola Vergeer van een obligatie uit de nalatenschap van haar vader Johannes Vergeer, predikant te Zaandam.</l>
<l>NA 1985, nr. 28 [scan nr. 147] (5-3-1749) Akte van acquit van Adriaan Severinus. Hij is meerderjarig en ongehuwd. Volgens het mutueel testament van zijn ouders, van wie Gola Vergeer nog in leven is, van 24-1-1718 voor notaris Paulus van Crombrugge was zij wederzijds universeel erfgenaam. Hij krijgt nu in plaats van zijn erfdeel een bedrag van ?1000.</l>
<l>Lit.: Ledeboer; Thesaurus; Noordam.</l>
</all>
</person>