<person>
<firstName>Hendrik van</firstName>
<lastName>Seyt</lastName>
<dob></dob>
<dod></dod>
<pob></pob>
<pod></pod>
<professional-start>1708</professional-start>
<professional-end></professional-end>
<professions>
<profession>
<term>boekverkoper</term>
<profession-id>1</profession-id></profession>
<profession>
<term>verkoper</term>
<profession-id>25</profession-id></profession>
</professions>
<guild>27-11-1718 Vrijmeester (AB 83a, f. 103).</guild>
<literature>Ledeboer.</literature>
<misc>unknown</misc>
<all>
<l>Seyt, Hendrik van (w. 1708-?)</l>
<l>Boekverkoper.</l>
<l>Gilde: 27-11-1718 Vrijmeester (AB 83a, f. 103).</l>
<l>Lit.: Ledeboer.</l>
</all>
</person>