<person>
<firstName>Hans Christoffel van</firstName>
<lastName>Sichem</lastName>
<dob></dob>
<dod></dod>
<pob></pob>
<pod></pod>
<professional-start>1603</professional-start>
<professional-end></professional-end>
<professions>
<profession>
<term>graveur</term>
<profession-id>42</profession-id></profession>
</professions>
<literature>Thesaurus; L. Forster, Christoffel van Sichem in Basel und der fr?he deutsche Alexandriner (Amsterdam, 1985) [Verhandelingen der KNAW, Afd. Letterkunde, N.R., 131]; Holstein?</literature>
<misc>Vgl. octrooi SG 21-3-1603 op prent van de zeilwagen van Prins Maurits, uitgevonden door Simon Stevin, in zijn opdracht getekend en in koper gesneden.</misc>
<all>
<l>Sichem, Hans Christoffel van (w. 1603)</l>
<l>Graveur.</l>
<l>Vgl. octrooi SG 21-3-1603 op prent van de zeilwagen van Prins Maurits, uitgevonden door Simon Stevin, in zijn opdracht getekend en in koper gesneden.</l>
<l>Lit.: Thesaurus; L. Forster, Christoffel van Sichem in Basel und der fr?he deutsche Alexandriner (Amsterdam, 1985) [Verhandelingen der KNAW, Afd. Letterkunde, N.R., 131]; Holstein?</l>
</all>
</person>