<person>
<firstName>Angelus</firstName>
<lastName>Silvius</lastName>
<dob></dob>
<dod></dod>
<pob>hoge zwaluwe</pob>
<pob-id>75</pob-id>
<pod></pod>
<professional-start>1707</professional-start>
<professional-end>1723</professional-end>
<professions>
<profession>
<term>boekverkoper</term>
<profession-id>1</profession-id></profession>
<profession>
<term>verkoper</term>
<profession-id>25</profession-id></profession>
<profession>
<term>boekverkoper(sknecht)</term>
<profession-id>36</profession-id></profession>
<profession>
<term>boekverkopersknecht</term>
<profession-id>39</profession-id></profession>
<profession>
<term>knecht</term>
<profession-id>45</profession-id></profession>
</professions>
<marriage>KO 16-7-1707 Marytje Verschouw (* Voorschoten, ? Leiden 1725?; getuige zijn bekende Herman Tuytman); kind: doop PK 23-1-1709 Johannes (getuige Johannes Silvius, predikant te Schoonderwoert).</marriage>
<address>1707 Steenschuur/hoek Veldesteeg; 1716 Rapenburg 42 of 44.</address>
<street>Steenschuur</street>
<street-id>57</street-id>
<lat>52.1560107</lat>
<lon>4.4925594
</lon>
<guild>23-12-1697 L bij Frederik Haaring. 29-8-1707 Vrijmeester (AB 83a, f. 82v).</guild>
<literature>Ledeboer; Het Rapenburg V, 391.</literature>
<misc>NA 2023, nr. 84 (1734) Akte.</misc>
<all>
<l>Silvius, Angelus (* Hoge Zwaluwe; ? ?; w. 1707-1723)</l>
<l>Boekverkopersknecht, later zelfstandig boekverkoper.</l>
<l>Adres: 1707 Steenschuur/hoek Veldesteeg; 1716 Rapenburg 42 of 44.</l>
<l>Huwelijk: KO 16-7-1707 Marytje Verschouw (* Voorschoten, ? Leiden 1725?; getuige zijn bekende Herman Tuytman); kind: doop PK 23-1-1709 Johannes (getuige Johannes Silvius, predikant te Schoonderwoert).</l>
<l>Gilde: 23-12-1697 L bij Frederik Haaring. 29-8-1707 Vrijmeester (AB 83a, f. 82v).</l>
<l>Personeel: 28-9-1707 Jan Huibertse L voor 4 jaar (loon I 5 st. II 10 st. III 15 st. IV 25 st.) (AB 83a, f. 82v).</l>
<l>NA 2022, nr. 69 (1731) Akte.</l>
<l>NA 2023, nr. 84 (1734) Akte.</l>
<l>Lit.: Ledeboer; Het Rapenburg V, 391.</l>
</all>
</person>