<person>
<firstName>Cornelis</firstName>
<lastName>Boissens</lastName>
<dob></dob>
<dod></dod>
<pob></pob>
<pod></pod>
<professional-start>1617</professional-start>
<professional-end>35</professional-end>
<professions>
<profession>
<term>schoolmeester</term>
<profession-id>8</profession-id></profession>
<profession>
<term>schrijfmeester</term>
<profession-id>15</profession-id></profession>
</professions>
<misc>Molhuysen, Bronnen, II, C 8-6-1635 Adriaentje Jans, weduwe van de schaftmeester Cornelis Boissens, mag hem als zodanig opvolgen (p. 195).</misc>
<all>
<l>Boissens, Cornelis (w. c. 1617-35)</l>
<l>Schrijfmeester en schoolmeester.</l>
<l>Huwewijk: Adriaentje Jans.</l>
<l>Eerst werkzaam te Amsterdam waar hij diverse kalligrafische publicaties liet uitgeven. Vanaf ca. 1617 in Leiden.</l>
<l>Molhuysen, Bronnen, II: C 8/9-5-1618 Cornelis Boissens, schrijfmeester, ontvangt 100 voor de dedicatie en aanbieding van seecker exempelbouc van veelderhande gescriften by hem ingestelt ende gesneden [= Exemplaren van veelerhande geschriften, 1617, incompl. ex. UBU Rariora oct. 238 met opdracht] (p. 81). Hij zou later tot schaftmeester van het Staten College worden aangesteld.</l>
<l>Molhuysen, Bronnen, II, C 15-11-1625 Cornelis Boyssens wordt belast met de restauratie van het prospect van Constantinopel (p. 125).</l>
<l>Molhuysen, Bronnen, II, C 8-6-1635 Adriaentje Jans, weduwe van de schaftmeester Cornelis Boissens, mag hem als zodanig opvolgen (p. 195).</l>
</all>
</person>