<person>
<firstName>Carel</firstName>
<lastName>Silvius</lastName>
<dob>1619</dob>
<dod></dod>
<pob>? ?sGravenhage </pob>
<pob-id>10</pob-id>
<pod></pod>
<professional-start>1580</professional-start>
<professional-end>1582</professional-end>
<professions>
<profession>
<term>boekverkoper</term>
<profession-id>1</profession-id></profession>
<profession>
<term>verkoper</term>
<profession-id>25</profession-id></profession>
</professions>
<literature>Tiele; Briels 452-455.</literature>
<misc>Album studiosorum 11-1-1580 ?Carolus Silvius. L.?</misc>
<all>
<l>Silvius, Carel (* Antwerpen pre-1560; ? ?sGravenhage 1619; w. 1580-1582)</l>
<l>Boekverkoper.</l>
<l>Zoon van Willem Silvius. Waarschijnlijk had hij nog tijdens het leven van zijn vader de leiding over diens Leidse filiaal.</l>
<l>28-10-1580 Boekdrukker van de Staten van Holland en de Leidse Academie als opvolger van zijn overleden vader; hij oefende dit ambt uit tot 1582, toen de drukkerij en boekhandel ernstig waren verlopen.</l>
<l>Album studiosorum 11-1-1580 ?Carolus Silvius. L.?</l>
<l>Lit.: Tiele; Briels 452-455.</l>
</all>
</person>