<person>
<firstName>Willem</firstName>
<lastName>Silvius [Sylvius]</lastName>
<dob>1580</dob>
<dod></dod>
<pob>? ?sGravenhage? </pob>
<pod></pod>
<professional-start>1578</professional-start>
<professional-end>1580</professional-end>
<professions>
<profession>
<term>boekverkoper</term>
<profession-id>1</profession-id></profession>
<profession>
<term>drukker</term>
<profession-id>9</profession-id></profession>
<profession>
<term>verkoper</term>
<profession-id>25</profession-id></profession>
</professions>
<marriage>Cathalina Verhagen. Van 1561 tot 1577 werkzaam te Antwerpen, nadien te Leiden.</marriage>
<address>1577 Maarsmansteeg, ?In de Drie Koningen/Wijzen? (eerder ?De vergulde pot?), door Silvius herdoopt in ?In den Gulden Engel? (RA 67, Transporten H, f. 157 e.v.; gekocht van Frans Massa. Dit huis werd verkocht door zijn weduwe aan Christiaan Porret; RA 67, Transporten M, f. 182); vgl. Herbergenregister nr. 276 (1577), ?De gouden engel?.</address>
<street>Maarsmansteeg</street>
<street-id>32</street-id>
<lat>52.1587717</lat>
<lon>4.4907079
</lon>
<literature>Briels 445-452; Clair; Witkam?</literature>
<misc>1582 Staat van lettertypen uit de boedel van Willem Silvius, verkocht in oktober 1582 in het Moriaenshooft in de Breestraat (fragment in Lakenhal nr. 1843).</misc>
<all>
<l>Silvius [Sylvius], Willem (* 1520; ? ?sGravenhage? 1580; w. 1578-1580)</l>
<l>Boekverkoper en drukker.</l>
<l>Adres: 1577 Maarsmansteeg, ?In de Drie Koningen/Wijzen? (eerder ?De vergulde pot?), door Silvius herdoopt in ?In den Gulden Engel? (RA 67, Transporten H, f. 157 e.v.; gekocht van Frans Massa. Dit huis werd verkocht door zijn weduwe aan Christiaan Porret; RA 67, Transporten M, f. 182); vgl. Herbergenregister nr. 276 (1577), ?De gouden engel?.</l>
<l>Huwelijk: Cathalina Verhagen. Van 1561 tot 1577 werkzaam te Antwerpen, nadien te Leiden.</l>
<l>Album studiosorum: 11-5-1579 ?Guilelmus Silvius Lugd. Typogr. regius et universitat.?; 8-6-1577 Boekdrukker van de Staten van Holland en van de Leidse Academie. Waarschijnlijk voerde zijn zoon Carel het beheer over het Leidse bedrijf.</l>
<l>RA 52, 1576-92, f. 164 (25-5-1582) Lijst van schulden op zijn boedel, opgesteld door de curateur Dominicus Tiara; vgl. Aflezingsboek E, f. 164v.</l>
<l>RA 53, 1580-89, f. 149v (?) Lijst van preferente schuldeisers, onder wie Plantijn.</l>
<l>RA 50, C, f. 122 (21-3-1584?) Sluiting van de rekening betreffende zijn boedel; zie ook SA 9248 (1575-81) en RA ?, Gerechtsdagboek A, ff. 190 en 205 (10-2-1583).</l>
<l>RA 85, Klein Procuratieboek 1575-91, f. 99 (23-4-1584) Procuratie van zijn weduwe en zoon Carel aan Cornelis Dircx van Nieuwkoop.</l>
<l>NA 43, nr. ? (12-6-1580) Mutueel testament met Cathalina Verhagen. Getuigen Jan van der Does en Justus Lipsius.</l>
<l>NA 96, nr. 27 (?) Rekening van papierleveranties aan Hendrik Lodewijcksz van Haestens en Jan Claesz van Dorp.</l>
<l>1582 Staat van lettertypen uit de boedel van Willem Silvius, verkocht in oktober 1582 in het Moriaenshooft in de Breestraat (fragment in Lakenhal nr. 1843).</l>
<l>Lit.: Briels 445-452; Clair; Witkam?</l>
</all>
</person>