<person>
<firstName>Johannes Erich</firstName>
<lastName>Simmer</lastName>
<dob></dob>
<dod></dod>
<pob>oldenburg</pob>
<pob-id>76</pob-id>
<pod></pod>
<professional-start>1663</professional-start>
<professional-end></professional-end>
<professions>
<profession>
<term>boekdrukker</term>
<profession-id>6</profession-id></profession>
<profession>
<term>drukker</term>
<profession-id>9</profession-id></profession>
</professions>
<marriage>SH 4/26-10-1659 Geertruit Jouma uit Leeuwarden (getuige zijn bekende Jan Baron).</marriage>
<address>1659 Pieterskerkgracht.</address>
<street>Pieterskerkgracht</street>
<street-id>47</street-id>
<lat>52.1593263</lat>
<lon>4.4873395
</lon>
<guild>24-6-1663 Vrijmeester (AB 83a, f. 58).</guild>
<literature>Ledeboer.</literature>
<misc>Was voor ? part erfgenaam van J.G. Niselius (zie aldaar).</misc>
<all>
<l>Simmer, Johannes Erich (* Oldenburg; w. 1663-?)</l>
<l>Boekdrukker.</l>
<l>Luthers.</l>
<l>Adres: 1659 Pieterskerkgracht.</l>
<l>Huwelijk: SH 4/26-10-1659 Geertruit Jouma uit Leeuwarden (getuige zijn bekende Jan Baron).</l>
<l>Gilde: 24-6-1663 Vrijmeester (AB 83a, f. 58).</l>
<l>Was voor ? part erfgenaam van J.G. Niselius (zie aldaar).</l>
<l>Lit.: Ledeboer.</l>
</all>
</person>