<person>
<firstName>Claes</firstName>
<lastName>Simonsz</lastName>
<dob></dob>
<dod></dod>
<pob></pob>
<pod></pod>
<professional-start>1642</professional-start>
<professional-end></professional-end>
<professions>
<profession>
<term>letterzetter</term>
<profession-id>4</profession-id></profession>
</professions>
<marriage>KO 16-9-1642 Geertgien Hendricx van Montfoort (getuige zijn bekende Cornelis Joosten).</marriage>
<address>Haarlemmerstraat.</address>
<street>Haarlemmerstraat</street>
<street-id>15</street-id>
<lat>52.1601874</lat>
<lon>4.4927112
</lon>
<misc>unknown</misc>
<all>
<l>Simonsz, Claes (* Hasersouw?; w. 1642)</l>
<l>Letterzetter.</l>
<l>Adres: Haarlemmerstraat.</l>
<l>Huwelijk: KO 16-9-1642 Geertgien Hendricx van Montfoort (getuige zijn bekende Cornelis Joosten).</l>
</all>
</person>