<person>
<firstName>Cornelis</firstName>
<lastName>Simonsz [Symonsz; genaamd de Swart]</lastName>
<dob></dob>
<dod></dod>
<pob></pob>
<pod></pod>
<professional-start>1581</professional-start>
<professional-end>1610</professional-end>
<professions>
<profession>
<term>letterzetter</term>
<profession-id>4</profession-id></profession>
<profession>
<term>boekdrukker</term>
<profession-id>6</profession-id></profession>
<profession>
<term>drukker</term>
<profession-id>9</profession-id></profession>
</professions>
<marriage>KO 6-9-1591 Crijntje Cornelis, weduwe Claes Jansz Doncker (getuige zijn bekende Wijbrant Thadeus Capiteyns).</marriage>
<address>1581-83 Kerkvierendeel.</address>
<literature>Briels 463; Koppenol, Leids heelal, 84-87.</literature>
<misc>Was lid van rederijkerskamer.</misc>
<all>
<l>Simonsz [Symonsz; genaamd de Swart], Cornelis (w. 1581-1610)</l>
<l>Letterzetter en boekdrukker (vanaf 1586 in dienst van Frans I van Raphelingen).</l>
<l>Adres: 1581-83 Kerkvierendeel.</l>
<l>Huwelijk: KO 6-9-1591 Crijntje Cornelis, weduwe Claes Jansz Doncker (getuige zijn bekende Wijbrant Thadeus Capiteyns).</l>
<l>Kohier 1581 (K), 62; 1583, 57.</l>
<l>Poorterboeken: getuige bij Henrick Duyts* (2-4-1590).</l>
<l>SA 7446, Tresoriersrekening, f. 279v (1582) betaling van ?23.7 voor het zetten en drukken van de remonstrantie aan de Staten vanwege deze stad gedaan nopende de synodale resolutie der kerkmeesters; kosten uitgesplitst: aan de boekbinder Jacob Adriaensz ?4.5 voor papier tot een getal van 100 ex.; aan Louis Elsevier ?11.3 voor het binden van 25 exx., waarvan 12 met vergulde stempels, verguld linnen en zijden banden per stuk 11 sch. (?) en 13 alleen met zijden banden tot 5 sch. per stuk etc.</l>
<l>NA 56, nr. 187 (20-9-1591) Huwelijkse voorwaarden met Crijntje Cornelis, weduwe van Claes Jansz Doncker. Twee studenten zijn getuigen.</l>
<l>Poorterboek E, 1266, f. 103, nr. 8064 (6-6-1594) Met Jan Jacobsz Paedts borg bij het poorterschap van Jasper Tournay.</l>
<l>Poorterboek E, 1266, f. 120, nr. 8205 (8-9-1595) Borg met Thomas Basson voor de letterzetter Volraet Gaubisch.</l>
<l>20-10-1604 getuige bij het huwelijk van de pannenbakker Lucas Aerntsz.</l>
<l>Poorterboek F, 1267, f. 47v, nr. 9395 (18-5-1610) Borg bij het poorterschap van Barend Jansz.</l>
<l>Was lid van rederijkerskamer.</l>
<l>Lit.: Briels 463; Koppenol, Leids heelal, 84-87.</l>
</all>
</person>