<person>
<firstName>Guiliaem</firstName>
<lastName>Simontsz</lastName>
<dob></dob>
<dod></dod>
<pob>antwerpen</pob>
<pob-id>10</pob-id>
<pod></pod>
<professional-start>1641</professional-start>
<professional-end></professional-end>
<professions>
<profession>
<term>boekdrukker</term>
<profession-id>6</profession-id></profession>
<profession>
<term>drukker</term>
<profession-id>9</profession-id></profession>
</professions>
<marriage>KO 20-8-1641 Magdalena Christiaens (getuige zijn bekende Andries Jansz en haar beste moeder Magdaleentje Willems in de Raamsteeg).</marriage>
<address>Nieuwstraat.</address>
<street>Nieuwstraat</street>
<street-id>40</street-id>
<lat>52.1571066</lat>
<lon>4.4946585
</lon>
<misc>unknown</misc>
<all>
<l>Simontsz, Guiliaem (* Antwerpen; w. 1641)</l>
<l>Boekdrukker.</l>
<l>Adres: Nieuwstraat.</l>
<l>Huwelijk: KO 20-8-1641 Magdalena Christiaens (getuige zijn bekende Andries Jansz en haar beste moeder Magdaleentje Willems in de Raamsteeg).</l>
</all>
</person>