<person>
<firstName>Christiaan</firstName>
<lastName>Sirjacob</lastName>
<dob>1607</dob>
<dod></dod>
<pob>leiden</pob>
<pob-id>1</pob-id>
<pod></pod>
<professional-start>1623</professional-start>
<professional-end></professional-end>
<professions>
<profession>
<term>boekverkoper</term>
<profession-id>1</profession-id></profession>
<profession>
<term>verkoper</term>
<profession-id>25</profession-id></profession>
</professions>
<misc>1623 Inschrijving als student?</misc>
<all>
<l>Sirjacob, Christiaan (* Leiden 1607; w. 1623)</l>
<l>Boekverkoper.</l>
<l>Vgl. KO 15-1-1599 Elisabeth Fornier. Hij is afkomstig uit Rijssel. Getuige zijn vader Gregorius Sirjacob. Dezelfde?</l>
<l>Weeskind van mr Christiaen Sirjacob.</l>
<l>NA 131, nr. 154 (31-5-1618) Verklaring op zijn verzoek over door hem gedane uitspraken. Hij is schaftmeester van het Staten College.</l>
<l>1623 K bij Govert Basson.</l>
<l>1623 Inschrijving als student?</l>
</all>
</person>