<person>
<firstName>Claes Ponsz van</firstName>
<lastName>Slingelandt</lastName>
<dob></dob>
<dod></dod>
<pob>leiden</pob>
<pob-id>1</pob-id>
<pod></pod>
<professional-start>1619</professional-start>
<professional-end></professional-end>
<professions>
<profession>
<term>plaatsnijder</term>
<profession-id>57</profession-id></profession>
</professions>
<marriage>SH 26-7-1619 Teuntje Jans uit Haarlem (getuige zijn moeder). Zij hertrouwt KO 27-4-1623 met Henricus van Pruysse uit Gorkum.</marriage>
<misc>Zoon van Pons Willemsz Slingelandt en Annetje Quyryns.</misc>
<all>
<l>Slingelandt, Claes Ponsz van (* Leiden; w. 1619)</l>
<l>Plaatsnijder.</l>
<l>Zoon van Pons Willemsz Slingelandt en Annetje Quyryns.</l>
<l>Huwelijk: SH 26-7-1619 Teuntje Jans uit Haarlem (getuige zijn moeder). Zij hertrouwt KO 27-4-1623 met Henricus van Pruysse uit Gorkum.</l>
</all>
</person>