<person>
<firstName>Daniel</firstName>
<lastName>Bols</lastName>
<dob>1756</dob>
<dod></dod>
<pob>leiden</pob>
<pob-id>1</pob-id>
<pod></pod>
<professional-start>1774</professional-start>
<professional-end>1803</professional-end>
<professions>
<profession>
<term>boekverkoper</term>
<profession-id>1</profession-id></profession>
<profession>
<term>verkoper</term>
<profession-id>25</profession-id></profession>
<profession>
<term>boekbinder</term>
<profession-id>43</profession-id></profession>
</professions>
<marriage>? Johanna Jacoba Romijn. Kind: 11-5-1786 HK Johanna Catharina.</marriage>
<guild>1-8-1768 L bij Pieter Delfos. 1-8-1774 Vrijmeester (AB 83a, f. 39).</guild>
<literature>Dongelmans.</literature>
<misc>NA 2243, nr. 53 (1803) Akte.</misc>
<all>
<l>Bols, Daniel (* Leiden 1756 [doop 9-5]; w. 1774-1803)</l>
<l>Boekbinder en boekverkoper.</l>
<l>Zoon van Steven Bols en Johanna Deetrie?</l>
<l>Huwelijk: ? Johanna Jacoba Romijn. Kind: 11-5-1786 HK Johanna Catharina.</l>
<l>Gilde: 1-8-1768 L bij Pieter Delfos. 1-8-1774 Vrijmeester (AB 83a, f. 39).</l>
<l>Personeel: 7-3-1785 Arn. Fleur; 1-12-1788 Christiaan Stokman voor 2 jaar; 6-12-1790 idem voor 4 jaar (vgl. Boucher, waar wordt vermeld dat Stokman over was gekomen vermits die [= Bols] innocent geworden is); 4-3-1793 Johannes Pecht L voor 4 jaar; 4-1-1796 Jesaias Boucher L voor 4 jaar; 1-5-1803 Willem Fredericksz Barteld L voor 4 jaar (AB 83c, f. 47v). Verkocht vooral kantoorbenodigdheden.</l>
<l>NA 2243, nr. 53 (1803) Akte.</l>
<l>Lit.: Dongelmans.</l>
</all>
</person>