<person>
<firstName>Willem</firstName>
<lastName>Adam</lastName>
<dob></dob>
<dod></dod>
<pob>utrecht</pob>
<pob-id>3</pob-id>
<pod></pod>
<professional-start>1635</professional-start>
<professional-end></professional-end>
<professions>
<profession>
<term>letterzetter</term>
<profession-id>4</profession-id></profession>
</professions>
<misc>ORA, Crimineel Vonnissenboek 3+12, f. 238 (2-4-1635) Veroordeling tot brandmerking en levenslange verbanning uit Holland en West-Friesland vanwege diefstallen, sommige met braak en roof, met Henrick Jansz. Zijn alias is Gouverneur.</misc>
<all>
<l>Adam, Willem (* Utrecht; w. 1635)</l>
<l>Letterzetter.</l>
<l>ORA, Crimineel Vonnissenboek 3+12, f. 238 (2-4-1635) Veroordeling tot brandmerking en levenslange verbanning uit Holland en West-Friesland vanwege diefstallen, sommige met braak en roof, met Henrick Jansz. Zijn alias is Gouverneur.</l>
</all>
</person>