<person>
<firstName>Isaack</firstName>
<lastName>Sloots</lastName>
<dob></dob>
<dod></dod>
<pob>leiden</pob>
<pob-id>1</pob-id>
<pod></pod>
<professional-start>1711</professional-start>
<professional-end></professional-end>
<professions>
<profession>
<term>letterzetter</term>
<profession-id>4</profession-id></profession>
</professions>
<marriage>KO 4-4-1711 Maria Cattel (getuige zijn broer Jacob).</marriage>
<address>Doelachtergracht, in de Kaardesteeg.</address>
<misc>unknown</misc>
<all>
<l>Sloots, Isaack (* Leiden; w. 1711)</l>
<l>Letterzetter.</l>
<l>Adres: Doelachtergracht, in de Kaardesteeg.</l>
<l>Huwelijk: KO 4-4-1711 Maria Cattel (getuige zijn broer Jacob).</l>
</all>
</person>