<person>
<firstName>Wouter van der</firstName>
<lastName>Sluys</lastName>
<dob></dob>
<dod></dod>
<pob>leiden</pob>
<pob-id>1</pob-id>
<pod></pod>
<professional-start>1687</professional-start>
<professional-end></professional-end>
<professions>
<profession>
<term>letterzetter</term>
<profession-id>4</profession-id></profession>
</professions>
<marriage>KO 19-4-1687 Geertje Cornelis van Delft uit Rijnsburg, aan de Pieterskerk (getuige zijn zwager Barent Stierman en haar vader Cornelis van Delft). Kinderen: 1. 11-9-1687 HK Lijsbeth; 2. 31-10-1690 HK Cornelis; 3. 25-6-1692 PK Lijsbeth; 4. 3-12-1694 PK Lijsbeth; 5. 27-7-1696 PK Gerrit; 6. 27-7-1698 HK Cornelis.</marriage>
<address>1687 Kloksteeg.</address>
<street>Kloksteeg</street>
<street-id>22</street-id>
<lat>52.1572547</lat>
<lon>4.4873558
</lon>
<misc>unknown</misc>
<all>
<l>Sluys, Wouter van der (* Leiden; w. 1687)</l>
<l>Letterzetter.</l>
<l>Adres: 1687 Kloksteeg.</l>
<l>Huwelijk: KO 19-4-1687 Geertje Cornelis van Delft uit Rijnsburg, aan de Pieterskerk (getuige zijn zwager Barent Stierman en haar vader Cornelis van Delft). Kinderen: 1. 11-9-1687 HK Lijsbeth; 2. 31-10-1690 HK Cornelis; 3. 25-6-1692 PK Lijsbeth; 4. 3-12-1694 PK Lijsbeth; 5. 27-7-1696 PK Gerrit; 6. 27-7-1698 HK Cornelis.</l>
</all>
</person>