<person>
<firstName>Adriaen Pietersz</firstName>
<lastName>Smaling</lastName>
<dob></dob>
<dod></dod>
<pob></pob>
<pod></pod>
<professional-start>1581</professional-start>
<professional-end></professional-end>
<professions>
<profession>
<term>letterzetter</term>
<profession-id>4</profession-id></profession>
</professions>
<address>1581 Breestraat.</address>
<street>Breestraat</street>
<street-id>5</street-id>
<lat>52.1576037</lat>
<lon>4.4910914
</lon>
<literature>Briels 456.</literature>
<misc>unknown</misc>
<all>
<l>Smaling, Adriaen Pietersz (w. 1581)</l>
<l>Letterzetter.</l>
<l>Adres: 1581 Breestraat.</l>
<l>Lit.: Briels 456.</l>
</all>
</person>