<person>
<firstName>Adam Hendricksz</firstName>
<lastName>Smesmans [Smetsmans]</lastName>
<dob></dob>
<dod></dod>
<pob>antwerpen</pob>
<pob-id>10</pob-id>
<pod></pod>
<professional-start>1587</professional-start>
<professional-end>1599</professional-end>
<professions>
<profession>
<term>boekverkoper</term>
<profession-id>1</profession-id></profession>
<profession>
<term>letterzetter</term>
<profession-id>4</profession-id></profession>
<profession>
<term>verkoper</term>
<profession-id>25</profession-id></profession>
</professions>
<literature>Briels 456.</literature>
<misc>NA 84, nr. 74 (20-1-1604) Testament. Hij ligt op dat moment ziek te bed. Tot zijn erven benoemt hij zijn vader Hendrik en zijn moei (tante) Anna Smesmans, maar in het geval zij niet meer in leven mochten zijn, laat hij zijn bezittingen na aan de zetters- en drukkersknechten die op dat moment bij zijn meester Franciscus Raphelengius werken. Raphelengius executeur. Getuigen de boekdrukker Jan Willemsz en de zetter Claes Simonsz van Merwen.</misc>
<all>
<l>Smesmans [Smetsmans], Adam Hendricksz (* Antwerpen; w. 1587-1599)</l>
<l>Letterzetter en boekverkoper.</l>
<l>Zijn vader en zijn broer (?) Abraham werkten in het bedrijf van Plantijn in Antwerpen (Voet II, 350, n. 1). Hij werkte in de drukkerij van Frans I van Raphelingen en diens zonen.</l>
<l>NA 84, nr. 74 (20-1-1604) Testament. Hij ligt op dat moment ziek te bed. Tot zijn erven benoemt hij zijn vader Hendrik en zijn moei (tante) Anna Smesmans, maar in het geval zij niet meer in leven mochten zijn, laat hij zijn bezittingen na aan de zetters- en drukkersknechten die op dat moment bij zijn meester Franciscus Raphelengius werken. Raphelengius executeur. Getuigen de boekdrukker Jan Willemsz en de zetter Claes Simonsz van Merwen.</l>
<l>Lit.: Briels 456.</l>
</all>
</person>