<person>
<firstName>Jacob de</firstName>
<lastName>Smeth [Smet]</lastName>
<dob></dob>
<dod></dod>
<pob>leiden</pob>
<pob-id>1</pob-id>
<pod></pod>
<professional-start>1629</professional-start>
<professional-end>1651</professional-end>
<professions>
<profession>
<term>letterzetter</term>
<profession-id>4</profession-id></profession>
</professions>
<marriage>1. KO 18-9-1629 Pryntje Begroms uit Leiden, op de Langegracht (getuige zijn cousijn Carel Sael en haar moeder Sara Jans te Oegstgeest); kinderen: dopen PK 24-3-1634 tweeling Sara en Fermina (de moeder heet hier Perina Begerams; getuigen Willem Christiaensz van der Boxe en Willem Eduwaertsz); 2. KO 26-10-1635 Maertje Jans (getuige zijn bekende Jan Arentsz); 3. KO 16-3-1638 Marijtje Frans Cappoens, weduwe van Salemoen Verkijn (getuige zijn zwager Jan de Bocq en haar zuster Segerina); 4. KO 15-9-1651 Maertje Willems van Leiden, op de Garenmarkt (getuigen zijn bekende Balten Rewolt en haar stiefmoeder Aechje Davits); de geboden van deze ondertrouw werden geroyeert op 15-11-1651 op verzoek van de bruid.</marriage>
<address>1629 Narmstraat; 1635 ?bij de Achter Doelen?; 1638 St. Jorissteeg; 1651 Vestwal.</address>
<street>Narmstraat</street>
<street-id>36</street-id>
<lat>52.1625</lat>
<lon>4.4831
</lon>
<misc>15-4-1641 Getuige bij de KO van de letterzetter Andries Jansz uit Wittenberg met Meynsje Jans.</misc>
<all>
<l>Smeth [Smet], Jacob de (* Leiden; w. 1629-1651)</l>
<l>Letterzetter.</l>
<l>Adres: 1629 Narmstraat; 1635 ?bij de Achter Doelen?; 1638 St. Jorissteeg; 1651 Vestwal.</l>
<l>Huwelijk: 1. KO 18-9-1629 Pryntje Begroms uit Leiden, op de Langegracht (getuige zijn cousijn Carel Sael en haar moeder Sara Jans te Oegstgeest); kinderen: dopen PK 24-3-1634 tweeling Sara en Fermina (de moeder heet hier Perina Begerams; getuigen Willem Christiaensz van der Boxe en Willem Eduwaertsz); 2. KO 26-10-1635 Maertje Jans (getuige zijn bekende Jan Arentsz); 3. KO 16-3-1638 Marijtje Frans Cappoens, weduwe van Salemoen Verkijn (getuige zijn zwager Jan de Bocq en haar zuster Segerina); 4. KO 15-9-1651 Maertje Willems van Leiden, op de Garenmarkt (getuigen zijn bekende Balten Rewolt en haar stiefmoeder Aechje Davits); de geboden van deze ondertrouw werden geroyeert op 15-11-1651 op verzoek van de bruid.</l>
<l>15-4-1641 Getuige bij de KO van de letterzetter Andries Jansz uit Wittenberg met Meynsje Jans.</l>
</all>
</person>