<person>
<firstName>Jan Michielsz</firstName>
<lastName>Smeth</lastName>
<dob></dob>
<dod></dod>
<pob>straatsburg</pob>
<pob-id>77</pob-id>
<pod></pod>
<professional-start>1649</professional-start>
<professional-end></professional-end>
<professions>
<profession>
<term>letterzetter</term>
<profession-id>4</profession-id></profession>
</professions>
<marriage>KO 29-10-1649 Aeltje Jans uit Leiden, op het Levendaal (getuige zijn bekende, de letterzetter Harman Lodowicxz in de Schoolsteeg en haar moeder Jaepje Jacobs); huwelijk 14-11-1649 te Warmond.</marriage>
<address>1649 Schoolsteeg.</address>
<street>Schoolsteeg</street>
<street-id>53</street-id>
<lat>52.1587931</lat>
<lon>4.486935
</lon>
<misc>unknown</misc>
<all>
<l>Smeth, Jan Michielsz (* Straatsburg; w. 1649)</l>
<l>Letterzetter.</l>
<l>Adres: 1649 Schoolsteeg.</l>
<l>Huwelijk: KO 29-10-1649 Aeltje Jans uit Leiden, op het Levendaal (getuige zijn bekende, de letterzetter Harman Lodowicxz in de Schoolsteeg en haar moeder Jaepje Jacobs); huwelijk 14-11-1649 te Warmond.</l>
</all>
</person>