<person>
<firstName>Coenraad</firstName>
<lastName>Smit</lastName>
<dob></dob>
<dod></dod>
<pob></pob>
<pod></pod>
<professional-start>1715</professional-start>
<professional-end></professional-end>
<professions>
<profession>
<term>boekverkoper</term>
<profession-id>1</profession-id></profession>
<profession>
<term>verkoper</term>
<profession-id>25</profession-id></profession>
</professions>
<guild>2-5-1715 Vrijmeester (AB 83a, f. 1).</guild>
<misc>SA II 103 (5-3-1716) Toestemming van het gerecht aan Johannes du Vivie voor het houden van een veiling van de boeken van Coenraad Smith, ?in sijn leeven boekverkoper binnen dese stad?, van de Leidenaar Jan Springwijk, en eigen boeken. De boeken van Smith werden op 18 maart geveild, die van Springwijk, ?bestaende dese in Mennonite, Arminiaanse en andere soorten van Boecken?, op 21 maart. Er waren ook aparte catalogi. Apparaat Van Goinga.</misc>
<all>
<l>Smit, Coenraad (w. 1715)</l>
<l>Boekverkoper.</l>
<l>Gilde: 2-5-1715 Vrijmeester (AB 83a, f. 1).</l>
<l>SA II 103 (5-3-1716) Toestemming van het gerecht aan Johannes du Vivie voor het houden van een veiling van de boeken van Coenraad Smith, ?in sijn leeven boekverkoper binnen dese stad?, van de Leidenaar Jan Springwijk, en eigen boeken. De boeken van Smith werden op 18 maart geveild, die van Springwijk, ?bestaende dese in Mennonite, Arminiaanse en andere soorten van Boecken?, op 21 maart. Er waren ook aparte catalogi. Apparaat Van Goinga.</l>
</all>
</person>