<person>
<firstName>Thomas Jansz</firstName>
<lastName>Smit</lastName>
<dob></dob>
<dod></dod>
<pob></pob>
<pod></pod>
<professional-start>1677</professional-start>
<professional-end></professional-end>
<professions>
<profession>
<term>boekdrukker</term>
<profession-id>6</profession-id></profession>
<profession>
<term>drukker</term>
<profession-id>9</profession-id></profession>
</professions>
<marriage>KO 21-5-1677 Judick van Leeuwen van Rotterdam (getuige zijn bekende Christiaan Hecksom).</marriage>
<address>1677 Zegersteeg.</address>
<street>Zegersteeg</street>
<street-id>64</street-id>
<lat>52.1554785</lat>
<lon>4.4851882
</lon>
<misc>unknown</misc>
<all>
<l>Smit, Thomas Jansz (w. 1677)</l>
<l>Boekdrukker.</l>
<l>Adres: 1677 Zegersteeg.</l>
<l>Huwelijk: KO 21-5-1677 Judick van Leeuwen van Rotterdam (getuige zijn bekende Christiaan Hecksom).</l>
</all>
</person>