<person>
<firstName>Zacharias Claesz de</firstName>
<lastName>Smidt [Smith]</lastName>
<dob>1588</dob>
<dod></dod>
<pob>gent</pob>
<pob-id>27</pob-id>
<pod></pod>
<professional-start>1611</professional-start>
<professional-end>1648</professional-end>
<professions>
<profession>
<term>letterzetter</term>
<profession-id>4</profession-id></profession>
<profession>
<term>boekdrukker</term>
<profession-id>6</profession-id></profession>
<profession>
<term>drukker</term>
<profession-id>9</profession-id></profession>
<profession>
<term>lettergieter</term>
<profession-id>34</profession-id></profession>
</professions>
<marriage>1. 1-4-1611 Geertruijt Michiels; 2. KO 6-10-1634 Lysbeth Claes van Delft, weduwe van de messenmaker Ysaack Jacobsz (getuige zijn bekende Willem Christiaensz van der Boxe in de Nonnensteeg).</marriage>
<address>1622, 1623 Zonneveldsteeg; 1634 Broertgensgracht. 7-11-1616 Poorter.</address>
<literature>Briels 456-457.</literature>
<misc>NA 481, nr. ? (5-7-1648) Attestatie met Severijn Matthijsz en Joost de Souter, schoenlapper, oud ca. 40 jaar, t.b.v. Claes Jacobsz van Warmont, bakker, Adolf Claesz van Smittenaar, bakker, als man en voogd van Marijtje Jacobs Warmont, en van Hassebout de Souter, boekdrukker, gehuwd met Aefje Jacobs Warmont. De deposanten verklaren dat zij ?seer cleijne off weijnich middelen hebben.? Hassebout de Souter had vanwege zijn armoede zijn goederen moeten verkopen en had hoognodig hulp nodig. Hij had een vrouw en drie kinderen. Zacharias is ca. 60 jaar.</misc>
<all>
<l>Smidt [Smith], Zacharias Claesz de (* Gent ? 1588; w. 1611-48)</l>
<l>Lettergieter, letterzetter en boekdrukker.</l>
<l>Adres: 1622, 1623 Zonneveldsteeg; 1634 Broertgensgracht. 7-11-1616 Poorter.</l>
<l>Huwelijk: 1. 1-4-1611 Geertruijt Michiels; 2. KO 6-10-1634 Lysbeth Claes van Delft, weduwe van de messenmaker Ysaack Jacobsz (getuige zijn bekende Willem Christiaensz van der Boxe in de Nonnensteeg).</l>
<l>NA 401, nr. 50 (1647) Getuige met Severijn Mattijs bij testament Reijertje Gerrits van der Poth, zuster van Oth Gerritsz, en Jan Evertsz Buijs.</l>
<l>NA 481, nr. ? (5-7-1648) Attestatie met Severijn Matthijsz en Joost de Souter, schoenlapper, oud ca. 40 jaar, t.b.v. Claes Jacobsz van Warmont, bakker, Adolf Claesz van Smittenaar, bakker, als man en voogd van Marijtje Jacobs Warmont, en van Hassebout de Souter, boekdrukker, gehuwd met Aefje Jacobs Warmont. De deposanten verklaren dat zij ?seer cleijne off weijnich middelen hebben.? Hassebout de Souter had vanwege zijn armoede zijn goederen moeten verkopen en had hoognodig hulp nodig. Hij had een vrouw en drie kinderen. Zacharias is ca. 60 jaar.</l>
<l>Lit.: Briels 456-457.</l>
</all>
</person>