<person>
<firstName>Dirck Mathijsz van</firstName>
<lastName>Bom</lastName>
<dob></dob>
<dod></dod>
<pob>arnhem</pob>
<pob-id>17</pob-id>
<pod></pod>
<professional-start>1658</professional-start>
<professional-end>1662</professional-end>
<professions>
<profession>
<term>boekverkoper</term>
<profession-id>1</profession-id></profession>
<profession>
<term>verkoper</term>
<profession-id>25</profession-id></profession>
</professions>
<marriage>SH 7-10-1661 Wijnanda Palmers van Arnhem (getuige zijn bekende Frederick van Diedenhoven).</marriage>
<address>1661 Breestraat; 1662 Pieterskerkchoorsteeg/Lange Brug.</address>
<street>Choorsteeg</street>
<street-id>7</street-id>
<lat>52.1579938</lat>
<lon>4.4888337
</lon>
<guild>11-6-1651 L bij Nicolaes van Es. 1-4-1658 Vrijmeester met attestatie van zijn leermeester (AB 83a, f. 88).</guild>
<misc>NA 416, nr. 150 (31-7-1662) Mutueel testament.</misc>
<all>
<l>Bom, Dirck Mathijsz van (* Arnhem; w. 1658-62)</l>
<l>Boekverkoper.</l>
<l>Adres: 1661 Breestraat; 1662 Pieterskerkchoorsteeg/Lange Brug.</l>
<l>Huwelijk: SH 7-10-1661 Wijnanda Palmers van Arnhem (getuige zijn bekende Frederick van Diedenhoven).</l>
<l>Poorterboek 25-3-1658.</l>
<l>Gilde: 11-6-1651 L bij Nicolaes van Es. 1-4-1658 Vrijmeester met attestatie van zijn leermeester (AB 83a, f. 88).</l>
<l>Personeel: 1-12-1662 zijn broer Jan voor 4 jaar (accoord) (AB 83a, f. 88).</l>
<l>NA 416, nr. 150 (31-7-1662) Mutueel testament.</l>
</all>
</person>