<person>
<firstName>Krijn</firstName>
<lastName>Smits</lastName>
<dob></dob>
<dod></dod>
<pob></pob>
<pod></pod>
<professional-start>1662</professional-start>
<professional-end></professional-end>
<professions>
<profession>
<term>notaris</term>
<profession-id>53</profession-id></profession>
</professions>
<literature>KS 581-606.</literature>
<misc>unknown</misc>
<all>
<l>Smits, Krijn (w. 1662?)</l>
<l>GAA, NA ? (notaris J. van Oli, 30-8-1662) Genoemd als Leids schuldenaar in de boedel van Paulus Aertsz van Ravesteijn te Amsterdam. Hij staat in het krijt voor ?24.4 netto en ?171.8 ?prijs?.</l>
<l>Lit.: KS 581-606.</l>
</all>
</person>