<person>
<firstName></firstName>
<lastName>Snarenburg (Snarenberg)</lastName>
<dob></dob>
<dod></dod>
<pob>Snarenberg</pob>
<pod></pod>
<professional-start></professional-start>
<professional-end></professional-end>
<professions>
<profession>
<term>verkoper</term>
<profession-id>25</profession-id></profession>
</professions>
<guild>1-4/3-6-1726 Contribuant; aanvankelijk betaalde hij niet het volledige inschrijfgeld (AB 83a, f. 54v; 83c, f. 93).</guild>
<misc>NA 2253, nr. 34 (1755) Voogdij.</misc>
<all>
<l>Snarenburg (Snarenberg), Stoffel (w. 1726)</l>
<l>Verkoper van speelkaarten en papier.</l>
<l>Gilde: 1-4/3-6-1726 Contribuant; aanvankelijk betaalde hij niet het volledige inschrijfgeld (AB 83a, f. 54v; 83c, f. 93).</l>
<l>NA 1923, f. 450 (1733) Testament.</l>
<l>NA 1936, f. 657 (1746) Voorwaarden huizen.</l>
<l>NA 1937, nr. 113 (1747) Surrogatie.</l>
<l>NA 2253, nr. 34 (1755) Voogdij.</l>
</all>
</person>