<person>
<firstName>unknown</firstName>
<lastName>Mogelijk Adrianus van der Snoeck</lastName>
<dob></dob>
<dod></dod>
<pob></pob>
<pod></pod>
<professional-start></professional-start>
<professional-end></professional-end>
<professions>
<profession>
<term>contribuant</term>
<profession-id>27</profession-id></profession>
</professions>
<misc>unknown</misc>
<all>
<l>Mogelijk Adrianus van der Snoeck, gedoopt PK 27-5-1767 als kind van Johannes van der Snoeck en Johanna Willaert.</l>
<l>Gilde: Contribuant (AB 83c, f. 102).</l>
</all>
</person>