<person>
<firstName>Johan</firstName>
<lastName>Snoudom</lastName>
<dob></dob>
<dod></dod>
<pob></pob>
<pod></pod>
<professional-start>1625</professional-start>
<professional-end></professional-end>
<professions>
<profession>
<term>boekdrukker</term>
<profession-id>6</profession-id></profession>
<profession>
<term>drukker</term>
<profession-id>9</profession-id></profession>
</professions>
<marriage>KO 24-7-1625 Maritje Heyndricx van Diest van Amsterdam, weduwe van Joris Silge.</marriage>
<misc>unknown</misc>
<all>
<l>Snoudom, Johan (* Londen; w. Amsterdam 1625)</l>
<l>Boekdrukker te Amsterdam.</l>
<l>Huwelijk: KO 24-7-1625 Maritje Heyndricx van Diest van Amsterdam, weduwe van Joris Silge.</l>
</all>
</person>