<person>
<firstName>Leib</firstName>
<lastName>Soesmans</lastName>
<dob></dob>
<dod></dod>
<pob>Lion</pob>
<pod></pod>
<professional-start></professional-start>
<professional-end></professional-end>
<professions>
<profession>
<term>boekverkoper</term>
<profession-id>1</profession-id></profession>
<profession>
<term>verkoper</term>
<profession-id>25</profession-id></profession>
</professions>
<literature>Fuks &amp; Fuks-Mansfeldt, ?Hebrew typography in Leiden?, 9-10: ?There is no question of his having had any real connection with Leiden and the university there.?</literature>
<misc>1771 Request aan het gerecht om tot het gilde te worden toegelaten (afschrift) met contra-request van de deken en hoofdlieden (AB 91).</misc>
<all>
<l>Soesmans, Leib (Lion) (w. c. 1771)</l>
<l>Boekverkoper?</l>
<l>1771 Request aan het gerecht om tot het gilde te worden toegelaten (afschrift) met contra-request van de deken en hoofdlieden (AB 91).</l>
<l>Lit.: Fuks &amp; Fuks-Mansfeldt, ?Hebrew typography in Leiden?, 9-10: ?There is no question of his having had any real connection with Leiden and the university there.?</l>
</all>
</person>