<person>
<firstName>Schoet], Jacques</firstName>
<lastName>Soict [Schodt</lastName>
<dob></dob>
<dod></dod>
<pob></pob>
<pod></pod>
<professional-start>1655</professional-start>
<professional-end>1663</professional-end>
<professions>
<profession>
<term>boekbinder</term>
<profession-id>43</profession-id></profession>
</professions>
<misc>Poorterboeken: getuige bij Jean le Cocq (11-1-1655); Daniel Masijn (9-2-1660); Izaack de la Cour (27-4-1663).</misc>
<all>
<l>Soict [Schodt, Schoet], Jacques (w. 1655-1663)</l>
<l>Boekbinder.</l>
<l>Poorterboeken: getuige bij Jean le Cocq (11-1-1655); Daniel Masijn (9-2-1660); Izaack de la Cour (27-4-1663).</l>
</all>
</person>