<person>
<firstName>Johannes Jansz</firstName>
<lastName>Sol</lastName>
<dob></dob>
<dod></dod>
<pob></pob>
<pod></pod>
<professional-start>1616</professional-start>
<professional-end>1617</professional-end>
<professions>
<profession>
<term>letterzetter</term>
<profession-id>4</profession-id></profession>
<profession>
<term>boekdrukker</term>
<profession-id>6</profession-id></profession>
<profession>
<term>drukker</term>
<profession-id>9</profession-id></profession>
</professions>
<marriage>KO 2-1-1616 Aeltje Jacobs [van Lekenvort] uit Leiden (getuige zijn bekende Emanuel Rypa en haar moeder Janneken Coenraedts).</marriage>
<address>1617 Choorsteeg.</address>
<street>Choorsteeg</street>
<street-id>7</street-id>
<lat>52.1579938</lat>
<lon>4.4888337
</lon>
<literature>Briels 457; Retoricaal memoriaal, 565, 604.</literature>
<misc>SA II, 7497 (Thesauriersrekening), f. 1517 (16-2-1617) Betaling van ?50 voor drukwerk voor een nieuwe rederijkerskamer in Leiderdorp = Der reden-rijcke Rijnschen Helicon, betreft inden dorpe van Leyder-dorp, onder t?woort Liefd? blijft sonder endt, opt beroep der Rhijnlandtsche dorp-cameren, ghehouden als volcht, den 22. julij. 1616 (1617), 4?.</misc>
<all>
<l>Sol, Johannes Jansz (* Haarlem; w. 1616-1617)</l>
<l>Letterzetter en boekdrukker.</l>
<l>Adres: 1617 Choorsteeg.</l>
<l>Huwelijk: KO 2-1-1616 Aeltje Jacobs [van Lekenvort] uit Leiden (getuige zijn bekende Emanuel Rypa en haar moeder Janneken Coenraedts).</l>
<l>NA 127, nr. 98 (10-5-1616) Mutueel testament met Aeltje Jacobs van Lekenvort. Getuigen Joost van Colster en Wijert Jelgers.</l>
<l>NA 179, nr. 274 (3-5-1617) Transport van al zijn meubelen en goederen in het huis van Pieter Buys aan de Choorsteeg aan de houtkoper Jacob Fredericksz en de graankoper Jan Cornelisz van Laervelt.</l>
<l>SA II, 7497 (Thesauriersrekening), f. 1517 (16-2-1617) Betaling van ?50 voor drukwerk voor een nieuwe rederijkerskamer in Leiderdorp = Der reden-rijcke Rijnschen Helicon, betreft inden dorpe van Leyder-dorp, onder t?woort Liefd? blijft sonder endt, opt beroep der Rhijnlandtsche dorp-cameren, ghehouden als volcht, den 22. julij. 1616 (1617), 4?.</l>
<l>Lit.: Briels 457; Retoricaal memoriaal, 565, 604.</l>
</all>
</person>