<person>
<firstName>Salomon Lowysz van</firstName>
<lastName>Someren</lastName>
<dob></dob>
<dod></dod>
<pob>delft</pob>
<pob-id>8</pob-id>
<pod></pod>
<professional-start>1648</professional-start>
<professional-end></professional-end>
<professions>
<profession>
<term>boekbinder</term>
<profession-id>43</profession-id></profession>
</professions>
<marriage>SH 10/27-1-1648 Maertje Reiniers van Groenewegen, weduwe van Pieter Dirckz Cortswager (getuige zijn bekende Harman Gerritsz Cuijlhof).</marriage>
<misc>unknown</misc>
<all>
<l>Someren, Salomon Lowysz van (* Delft; w. 1648)</l>
<l>Boekbinder.</l>
<l>Huwelijk: SH 10/27-1-1648 Maertje Reiniers van Groenewegen, weduwe van Pieter Dirckz Cortswager (getuige zijn bekende Harman Gerritsz Cuijlhof).</l>
</all>
</person>