<person>
<firstName>Jan Pieter</firstName>
<lastName>Sommer</lastName>
<dob></dob>
<dod></dod>
<pob></pob>
<pod></pod>
<professional-start>1794</professional-start>
<professional-end></professional-end>
<professions>
<profession>
<term>boekverkoper</term>
<profession-id>1</profession-id></profession>
<profession>
<term>verkoper</term>
<profession-id>25</profession-id></profession>
</professions>
<misc>NA 2679, f. 127 [scan nr. 478] (19-4-1794) Acte van compagnieschap met Johannes van Thoir voor de negotie van boeken. Bepalingen: 1. naam is firma van Thoir; 2. duur 15 jaar, met ingang van 1-1-1794; 3. Van Thoir brengt al zijn boeken in t.w.v. ?6234:15, waar van afgaat hetgeen in het lopende jaar is verkocht, te weten ?450; 4. Sommer brengt een zelfde bedrag in; 5. Indien nog niet het gehele bedrag is ingebracht, brengt Van Thoir daarop 4% rente in rekening; Van Thoir krijt 5% administratieloon per jaar; 7. Winst en verlies komt gelijkelijk voor rekening van beide compagnons; 8. Bij scheiding worden de bezittingen van de compagnie gelijkelijk verdeeld; 9. Deze veredeling zal plaats vinden door externe taxateurs; 10. Als er enig geschil is tussen beiden bij de opveiling van boeken worden de goederen gelijkelijk verdeeld; 11. Bij overlijden heeft de weduwe van een compagnon het recht de compagnie voort te zetten; zij moet binnen zes weken bescheid geven; 12. Compagnons moeten eerlijk met elkaar handelen.</misc>
<all>
<l>Sommer, Jan Pieter (w. 1794)</l>
<l>Boekverkoper.</l>
<l>NA 2679, f. 127 [scan nr. 478] (19-4-1794) Acte van compagnieschap met Johannes van Thoir voor de negotie van boeken. Bepalingen: 1. naam is firma van Thoir; 2. duur 15 jaar, met ingang van 1-1-1794; 3. Van Thoir brengt al zijn boeken in t.w.v. ?6234:15, waar van afgaat hetgeen in het lopende jaar is verkocht, te weten ?450; 4. Sommer brengt een zelfde bedrag in; 5. Indien nog niet het gehele bedrag is ingebracht, brengt Van Thoir daarop 4% rente in rekening; Van Thoir krijt 5% administratieloon per jaar; 7. Winst en verlies komt gelijkelijk voor rekening van beide compagnons; 8. Bij scheiding worden de bezittingen van de compagnie gelijkelijk verdeeld; 9. Deze veredeling zal plaats vinden door externe taxateurs; 10. Als er enig geschil is tussen beiden bij de opveiling van boeken worden de goederen gelijkelijk verdeeld; 11. Bij overlijden heeft de weduwe van een compagnon het recht de compagnie voort te zetten; zij moet binnen zes weken bescheid geven; 12. Compagnons moeten eerlijk met elkaar handelen.</l>
</all>
</person>