<person>
<firstName></firstName>
<lastName>Bonck (Bonk)</lastName>
<dob></dob>
<dod></dod>
<pob>Bonk</pob>
<pod></pod>
<professional-start></professional-start>
<professional-end></professional-end>
<professions>
<profession>
<term>boekverkoper</term>
<profession-id>1</profession-id></profession>
<profession>
<term>verkoper</term>
<profession-id>25</profession-id></profession>
</professions>
<marriage>KO 1-8-1738 Susanna Polet (getuige zijn broer Jan).</marriage>
<address>1738 Herensteeg; 1753 Houtstraat (zijn weduwe).</address>
<street>Houtstraat</street>
<street-id>20</street-id>
<lat>52.1581218</lat>
<lon>4.4855674
</lon>
<literature>Lit. Van Vliet, Hoofdstuk 6.</literature>
<misc>RA 210, dl. 19, f. 339 (x-4/17-11-1751/2-8-1752) Collaterale successie.</misc>
<all>
<l>Bonck (Bonk), Philippus (* Den Haag   Leiden; w. 1737-51; zijn weduwe 1753).</l>
<l>Boekverkoper.</l>
<l>Adres: 1738 Herensteeg; 1753 Houtstraat (zijn weduwe).</l>
<l>Huwelijk: KO 1-8-1738 Susanna Polet (getuige zijn broer Jan).</l>
<l>15-5-1729 L bij Dan. Goedval; 1733 bij zijn oom Johannes Arnoldus Langerak. 6-5-1737 Vrijmeester (AB 83a, f. 13). Personeel: 7-10-1737 Jacques Sinot [Chinot] voor 1 jaar; 1-5-1739 Jan Ouwenbroek* voor 4 jaar (loon: I 26 st. II 30 st. III 36 st. als hij het niet verdient 33 st. IV 40 st. als hij het niet verdient 36 st.); 1-5-1742 Laurens de Roy (al 2 jaar in dienst), Arie van Alphen voor 4 jaar (loon: I 10 st. II 12 st. III 15 st. IV 18 st.); 1-5-1743 Tjalling Tjallingii voor 2 jaar (loon: 15 st. plus kost); 1-5-1745 Cornelis Ingenegen voor 6 jaar (loon: I 6 st. II 8 st. III 10 st. IV 12 st. V 15 st. VI 20 st.; op 1-5-1751 werd hij voor 2 jaar verhuurd bij Bonck, loon: I 28 st. II 36 st.); 2-12-1748 Jan Saumyn voor 6 jaar (AB 83c, f. 41). Verkocht ook loten. Adverteerde met Langerak.</l>
<l>NA 2028, nr. 248 [scan nr. 970] (20-12-1739) Mutueel testament met Susanna Polet.</l>
<l>NA 2034, nr. 109 [scan nr. 503] (1-6-1745) Procuratie aan de advocaat Ploos van Amstel te Amsterdam om een arrest te ontslaan i.v.m. een loterij.</l>
<l>NA 2034, nr. 114 [inv. nr. 559] (6-6-1745) Accoord tussen Catharina Immerseel en mr. Cornelis Adriaan van den Kerckhooven en Arij Verbaan over de koop van een loterijlot bij Philippus Bonk. Het lot had een prijs opgebracht van 20000. Compareert ook Johannes Arnoldus Langerak die zich garant stelt voor Bonk.</l>
<l>NA 2034, nr. 115 [scan nr. 562] (6-6-1745) Procuratie aan de procureur Stapel te Amsterdam om hem te ontslaan van een arrest aangaande een loterijlot.</l>
<l>NA 2034, nr. 116 [scan nr. 563] (8-6-1745) Procuratie aan de procureur Stapel te Amsterdam om hem te ontslaan van een arrest aangaande een loterijlot.</l>
<l>NA 2034, nr. 118 [scan nr. 569] (8-6-1745) Verklaring dat hij van Simon Borstelman te Amsterdam een origineel lotbriefje heeft ontvangen.</l>
<l>NA 2034, nr. 124 [scan nr. 599] (13-6-1745) Procuratie aan de advocaat Antonius Perizonius over het overnemen van een loterijbriefje.</l>
<l>NA 2034, nr. 128 [scan nr. 608] (17-6-1745) Akte van indemniteit n.a.v. de loterijaffaire.</l>
<l>Nationaal Archief, Academische Vierschaar, 03.03.06, ? (Dingboek L), ff. 50-51, 65-67 (1747) Rekest om een kist met boeken van med. dr. Fredrik Brandhorst, onder hem berustende, te mogen verkopen wegens een schuld van 104. Wordt uiteindelijk toegestaan.</l>
<l>NA 2101, f. 252 [scan nr. 237] (1749) Schenking Johannes Arnoldus Langerak van 1500 aan zijn neef Philippus Bonk die deze deze schuldig was voor aankopen op de veiling van Langerak op 4-8-1749 e.v. Philippus moet er wel rente over betalen zolang Langerak leeft. Hij accepteert de donatie. Vergelijk een zelfde aan Cornelis de Pecker.</l>
<l>NA 2101, f. 256 [scan nr. 241] (17-11-1749) Obligatie aan zijn oom Johannes Arnoldus Langerak van 1680 voor de rest van zijn aankopen op de veiling van Langerak van 4-8-1749 e.v.</l>
<l>RA 210, dl. 19, f. 339 (x-4/17-11-1751/2-8-1752) Collaterale successie.</l>
<l>Lit. Van Vliet, Hoofdstuk 6.</l>
</all>
</person>