<person>
<firstName>Frans Evertsz</firstName>
<lastName>Sonderdanck</lastName>
<dob></dob>
<dod></dod>
<pob></pob>
<pod></pod>
<professional-start></professional-start>
<professional-end></professional-end>
<professions>
<profession>
<term>drukker</term>
<profession-id>9</profession-id></profession>
</professions>
<misc>unknown</misc>
<all>
<l>Sonderdanck, Frans Evertsz (w. zestiende eeuw)</l>
<l>Lit.: M.E. Kronenberg, ?Frans (Everssoon) Sonderdanck, drukker te Delft en te Leiden in de 16e eeuw?, Het Boek, 10 (1921), 268-272; eadem, ?Nog eenige gegevens over Frans Everssoon Sonderdanck, drukker te Leiden en te Delft in de 16e eeuw?, Het Boek, 13 (1924), 249-253.</l>
</all>
</person>