<person>
<firstName>Floris van</firstName>
<lastName>Sonneveld</lastName>
<dob></dob>
<dod></dod>
<pob></pob>
<pod></pod>
<professional-start>1628</professional-start>
<professional-end></professional-end>
<professions>
<profession>
<term>boekverkoper</term>
<profession-id>1</profession-id></profession>
<profession>
<term>verkoper</term>
<profession-id>25</profession-id></profession>
</professions>
<misc>Vgl. KO 11-2-1628 Floris Allertsz van Sonnevelt en Volckje Ariens de Bije, beiden uit Delft.</misc>
<all>
<l>Sonneveld, Floris van (w. 1628)</l>
<l>Boekverkoper.</l>
<l>NA 352, nr. 87 (10-7-1628) Depositie van twee personen over zijn eerlijk karakter.</l>
<l>Vgl. KO 11-2-1628 Floris Allertsz van Sonnevelt en Volckje Ariens de Bije, beiden uit Delft.</l>
</all>
</person>