<person>
<firstName>Hassebout</firstName>
<lastName>Souter</lastName>
<dob></dob>
<dod></dod>
<pob>Hatsebout, Sashout</pob>
<pod></pod>
<professional-start></professional-start>
<professional-end></professional-end>
<professions>
<profession>
<term>boekdrukker</term>
<profession-id>6</profession-id></profession>
<profession>
<term>drukker</term>
<profession-id>9</profession-id></profession>
</professions>
<marriage>KO 23-10-1640 Aegje (Aefje) Jacobs van Warmont (getuige zijn broer Joost); kinderen: dopen HK 19-10-1642 Anna en Jasper (de vader heet hier Jasper Hatssebout de Souter); HK 30-12-1646 Maria; HK 7-6-1648 Jannitje; HK 10-4-1651 Jacobus. Aegje Jacobs hertrouwt KO 22-2-1664 met Arent Jansz Veltman op de Langegracht; zij woont dan in de Jan Vossensteeg.</marriage>
<address>1639-40 Schoolsteeg.</address>
<street>Schoolsteeg</street>
<street-id>53</street-id>
<lat>52.1587931</lat>
<lon>4.486935
</lon>
<misc>NA 481, nr. ? (5-7-1648) Attestatie Zacharias de Smeth, lettergieter, oud ca. 60 jaar, Severijn Matthijsz, boekdrukker, oud ca. 40 jaar, en Joost de Souter, schoenlapper, oud ca. 40 jaar, t.b.v. Claes Jacobsz van Warmont, bakker, Adolf Claesz van Smittenaar, bakker, als man en voogd van Marijtje Jacobs Warmont, en van Hassebout de Souter, boekdrukker, gehuwd met Aefje/Aeltje Jacobs Warmont. De deposanten verklaren dat zij ?seer cleijne off weijnich middelen hebben.? Hassebout de Souter had vanwege zijn armoede zijn goederen moeten verkopen en had hoognodig hulp nodig. Hij had een vrouw en drie kinderen.</misc>
<all>
<l>Souter, Hassebout (Hatsebout, Sashout) Jaspersz (* Leiden ? 1610; ? voor 1664; w. 1628-48)</l>
<l>Boekdrukker.</l>
<l>Zoon van de bakker Jasper de Souter uit Hontschoten en Jannetje Hatsebouts de Meester uit Dixmuide (SH 15-9-1606; hij ? 1612; zij hertrouwde KO 18-3-1616 met de bakker Frans Okes uit Gouda).</l>
<l>Adres: 1639-40 Schoolsteeg.</l>
<l>Huwelijk: KO 23-10-1640 Aegje (Aefje) Jacobs van Warmont (getuige zijn broer Joost); kinderen: dopen HK 19-10-1642 Anna en Jasper (de vader heet hier Jasper Hatssebout de Souter); HK 30-12-1646 Maria; HK 7-6-1648 Jannitje; HK 10-4-1651 Jacobus. Aegje Jacobs hertrouwt KO 22-2-1664 met Arent Jansz Veltman op de Langegracht; zij woont dan in de Jan Vossensteeg.</l>
<l>1628 K bij Van Hogenacker en datzelfde jaar ook bij Jan Claesz van Dorp (zie aldaar).</l>
<l>NA 537, nr. 43 (20-10-1639) Verklaring met de letterzetter Lambert van Schagen n.a.v. buurtruzie. Hij is ca. 29 jaar.</l>
<l>NA 481, nr. ? (5-7-1648) Attestatie Zacharias de Smeth, lettergieter, oud ca. 60 jaar, Severijn Matthijsz, boekdrukker, oud ca. 40 jaar, en Joost de Souter, schoenlapper, oud ca. 40 jaar, t.b.v. Claes Jacobsz van Warmont, bakker, Adolf Claesz van Smittenaar, bakker, als man en voogd van Marijtje Jacobs Warmont, en van Hassebout de Souter, boekdrukker, gehuwd met Aefje/Aeltje Jacobs Warmont. De deposanten verklaren dat zij ?seer cleijne off weijnich middelen hebben.? Hassebout de Souter had vanwege zijn armoede zijn goederen moeten verkopen en had hoognodig hulp nodig. Hij had een vrouw en drie kinderen.</l>
</all>
</person>