<person>
<firstName>unknown</firstName>
<lastName>unknown</lastName>
<dob></dob>
<dod></dod>
<pob></pob>
<pod></pod>
<professional-start></professional-start>
<professional-end></professional-end>
<professions>
<profession>
<term>contribuant</term>
<profession-id>27</profession-id></profession>
</professions>
<misc>NA 2544, nr. 196 (1775) Mutueel testament.</misc>
<all>
<l>Katholiek.</l>
<l>Gilde: Contribuant (AB 83c, ff. 99, 102).</l>
<l>NA 2544, nr. 196 (1775) Mutueel testament.</l>
</all>
</person>