<person>
<firstName>Jacobus van der</firstName>
<lastName>Spijk</lastName>
<dob>1799</dob>
<dod></dod>
<pob>?  [begr. buiten Leiden]</pob>
<pod></pod>
<professional-start>1761</professional-start>
<professional-end>1792</professional-end>
<professions>
<profession>
<term>boekverkoper</term>
<profession-id>1</profession-id></profession>
<profession>
<term>verkoper</term>
<profession-id>25</profession-id></profession>
<profession>
<term>boekbinder</term>
<profession-id>43</profession-id></profession>
</professions>
<marriage>KO 21-10-1763 Elsje de Roo uit Schutterop (Graafschap Bentheim; getuige zijn moeder); kinderen: doop HK 9-10-1764 Johannes; PK 14-5-1766 Lucas; PK 20-2-1771 Anna Paulina.</marriage>
<address>1763 Rapenburg; 1799 Houtstraat.</address>
<street>Rapenburg</street>
<street-id>50</street-id>
<lat>52.155884</lat>
<lon>4.4876151
</lon>
<guild>2-7-1755 L bij Jacob Willekes. 6-7-1761 Vrijmeester (AB 83a, f. 24Bv).</guild>
<literature>Ledeboer.</literature>
<misc>NA 2551, nr. 177 (1782) Cautie cum suis.</misc>
<all>
<l>Spijk, Jacobus van der (* 1740 [doop PK 11-11]; ? 1799 [begr. buiten Leiden]; w. 1761-1792)</l>
<l>Boekbinder en boekverkoper.</l>
<l>Zoon van Johannes van der Spijk en Johanna Catharina ter Hoeven (ten Oever).</l>
<l>Adres: 1763 Rapenburg; 1799 Houtstraat.</l>
<l>Huwelijk: KO 21-10-1763 Elsje de Roo uit Schutterop (Graafschap Bentheim; getuige zijn moeder); kinderen: doop HK 9-10-1764 Johannes; PK 14-5-1766 Lucas; PK 20-2-1771 Anna Paulina.</l>
<l>Gilde: 2-7-1755 L bij Jacob Willekes. 6-7-1761 Vrijmeester (AB 83a, f. 24Bv).</l>
<l>Personeel: 5-8-1765 Cornelis van der Aa* (voor 4 jaar; van Johannes Le Maire); 3-3-1766 Johannes van der Bosch; 1-11-1767 Ary Vis L; 6-11-1769 Cornelis van der Schaaf* L voor 4 jaar; 6-3-1770 Adriaan van Houten* L voor 4 jaar; 2-12-1771 J.B. van Heuts L voor 4 jaar; 4-1-1773 Jan Kettenes* L voor 2 jaar (van Du Mortier); 1-11-1773 Christiaan Val. Albrecht voor 4 jaar; 9-1-1775 Johannes Guldenbach* (van J. Perk); 1-5-1775 Carel Stiehl* L voor 4 jaar (Waalse wees); 1-4-1776 David de Wringer L voor 4 jaar; 4-5-1778 Johannes van Thoir* L; 5-7-1779 Cornelis de Vries L voor 2 jaar; 3-4-1780 Adolf de Pecker; 4-12-1780 J. van der Meulen voor 4 jaar (?opnieuw ingetekend 1786 omdat hy is op bakken gegaan 1783?); 3-6-1782 Cornelis Willem Goddaeus L; 7-4-1783 Johan Ruben Koning L; 6-9-1784 Jan Willem Heuts L; 3-1-1785 Jan Antonij Richard L; 3-7-1786 Jan van der Meulen; 7-5-1787 Pieter Zandijk (van Kettenes); 3-11-1788 Pieter de Keijzer L; 2-8-1790 Abraham Wille L voor 4 jaar; 6-9-1790 Marinus Hardeveld L voor 4 jaar; 4-6-1792 Gideon Laurens den Doorn L voor 4 jaar (na 5 maanden vertrokken) (AB 83c, f. 69r-v).</l>
<l>NA 2297, nr. 156 (1763) Testament.</l>
<l>NA 2541, nr. 73 (1772) Cautie cum suis.</l>
<l>NA 2551, nr. 177 (1782) Cautie cum suis.</l>
<l>Lit.: Ledeboer.</l>
</all>
</person>