<person>
<firstName>Lucas van der</firstName>
<lastName>Spijk</lastName>
<dob>1766</dob>
<dod></dod>
<pob>leiden</pob>
<pob-id>1</pob-id>
<pod></pod>
<professional-start>1791</professional-start>
<professional-end>1793</professional-end>
<professions>
<profession>
<term>boekverkoper</term>
<profession-id>1</profession-id></profession>
<profession>
<term>verkoper</term>
<profession-id>25</profession-id></profession>
</professions>
<guild>3-1-1791 Vrijmeester vlgs. geboorterecht (AB 83a, f. ?).</guild>
<literature>Ledeboer.</literature>
<misc>NA 2562, nr. 290 (1793) Procuatie.</misc>
<all>
<l>Spijk, Lucas van der (* Leiden 1766 [doop PK 14-5]; w. 1791-1793)</l>
<l>Boekverkoper.</l>
<l>Zoon van Jacobus van der Spijk en Elsje de Roo.</l>
<l>Gilde: 3-1-1791 Vrijmeester vlgs. geboorterecht (AB 83a, f. ?).</l>
<l>Personeel: 5-8-1791 Justus Carolus Kemner L voor 4 jaar; 3-9-1792 Abraham van Reyn (van Luzac &amp; Van Damme) (AB 83c, f. 20). Zou in 1793 garde du corps zijn geworden (AB 83c, f. 101).</l>
<l>KBB, Verzameling Cahais (1791) Prospectus voor een boekenloterij d.m.v. 400 ?aandelen? in een partij van 400 nieuwe boeken. De aandelen kostten ?2.16. De gehele partij boeken had een waarde van ?1000 (= 400 x maal de inleg). De trekking zou plaats vinden op 15-11-1791, in het rechthuis van Leiderdorp. Bij het prospectus een lijst van die boeken waarin men een aandeel kon kopen. De duurste bij de Nederlandse boeken (de helft betrof Franse werken) was Wagenaar, Vaderlandsche Historie in 29 delen, prijs ?80. De laagste: Adeline of aangeteekende byzonderheden van eene jonge Juffer op haare Driejarige reize door Frankrijk (1783), prijs ?2.14. Zo ongeveer in het midden zit Paape, Hollandsche Wysgeer in Braband (1788), 4 dln., prijs ? 6.</l>
<l>NA 2679, f. 297, nr. 60 [scan nr. 261] (23-10-1793) Acte van conventie tussen Lucas van der Spijk, guarde du corps van Willem V te Den Haag, en Johannes van Thoir. Zij hadden op 1-1-1792 een compagnie opgericht voor de boeknegotie, die nu wordt be?indigd. Van Thoir betaalt Van der Spijk ?600 ter compensatie i.p.v. het genot van 20% van de inkomsten uit de boekhandel.</l>
<l>NA 2562, nr. 290 (1793) Procuatie.</l>
<l>Lit.: Ledeboer.</l>
</all>
</person>