<person>
<firstName>Andries</firstName>
<lastName>Spoor</lastName>
<dob></dob>
<dod></dod>
<pob></pob>
<pod></pod>
<professional-start></professional-start>
<professional-end></professional-end>
<professions>
<profession>
<term>letterzetter</term>
<profession-id>4</profession-id></profession>
</professions>
<misc>Voogdijboek B, f. 12v.</misc>
<all>
<l>Spoor, Andries (w. ?)</l>
<l>Letterzetter.</l>
<l>Vgl. KO 18-3-1589 Heindrick Duyts uit Antwerpen en Catelina Rademaeckers, weduwe van Andries Spoor.</l>
<l>Voogdijboek B, f. 12v.</l>
</all>
</person>