<person>
<firstName>Hans</firstName>
<lastName>Spoor</lastName>
<dob></dob>
<dod></dod>
<pob>antwerpen</pob>
<pob-id>10</pob-id>
<pod></pod>
<professional-start>1604</professional-start>
<professional-end></professional-end>
<professions>
<profession>
<term>letterzetter</term>
<profession-id>4</profession-id></profession>
</professions>
<marriage>KO 11-2-1604 Aeltje Eeleman uit Leiden (getuige zijn oom Claes de Stercke, eveneens letterzetter en haar moeder Marijtje Florijs).</marriage>
<address>Wolsteeg.</address>
<misc>Getuigenisboek: H, f. 277 (letterzetter, 27 jaar).</misc>
<all>
<l>Spoor, Hans (* Antwerpen; w. 1604)</l>
<l>Letterzetter.</l>
<l>Adres: Wolsteeg.</l>
<l>Huwelijk: KO 11-2-1604 Aeltje Eeleman uit Leiden (getuige zijn oom Claes de Stercke, eveneens letterzetter en haar moeder Marijtje Florijs).</l>
<l>Getuigenisboek: H, f. 277 (letterzetter, 27 jaar).</l>
</all>
</person>