<person>
<firstName>Dingeman Goossensz van der</firstName>
<lastName>Spoor</lastName>
<dob></dob>
<dod></dod>
<pob>gouda</pob>
<pob-id>5</pob-id>
<pod></pod>
<professional-start>1638</professional-start>
<professional-end>1640</professional-end>
<professions>
<profession>
<term>boekdrukker</term>
<profession-id>6</profession-id></profession>
<profession>
<term>drukker</term>
<profession-id>9</profession-id></profession>
<profession>
<term>knecht</term>
<profession-id>45</profession-id></profession>
</professions>
<marriage>KO 6-9-1638 Tryntje Jans (getuige zijn toekomende zwager Jan Jansz; begr. 11-4-1640 PK).</marriage>
<address>1638 Uiterstegracht; 1640 Zonneveldsteeg.</address>
<street>Uiterstegracht</street>
<street-id>59</street-id>
<lat>52.1577398</lat>
<lon>4.498172
</lon>
<misc>NA 538, nr. 22 (25-3-1640) Mutueel testament. Beiden ziekelijk.</misc>
<all>
<l>Spoor, Dingeman Goossensz van der (* Gouda; w. 1638-1640)</l>
<l>Boekdrukker(sknecht?).</l>
<l>Adres: 1638 Uiterstegracht; 1640 Zonneveldsteeg.</l>
<l>Huwelijk: KO 6-9-1638 Tryntje Jans (getuige zijn toekomende zwager Jan Jansz; begr. 11-4-1640 PK).</l>
<l>NA 538, nr. 22 (25-3-1640) Mutueel testament. Beiden ziekelijk.</l>
</all>
</person>