<person>
<firstName>Jan de</firstName>
<lastName>Bonje [Beunje?]</lastName>
<dob></dob>
<dod></dod>
<pob></pob>
<pod></pod>
<professional-start>1691</professional-start>
<professional-end></professional-end>
<professions>
<profession>
<term>verkoper</term>
<profession-id>25</profession-id></profession>
</professions>
<guild>24-12-1691 Contribuant (AB 83a, f. 109v).</guild>
<misc>unknown</misc>
<all>
<l>Bonje [Beunje?], Jan de (w. 1691)</l>
<l>Verkoper van oude boeken.</l>
<l>Gilde: 24-12-1691 Contribuant (AB 83a, f. 109v).</l>
</all>
</person>