<person>
<firstName>Abraham</firstName>
<lastName>Spranckhuysen</lastName>
<dob></dob>
<dod></dod>
<pob>delft</pob>
<pob-id>8</pob-id>
<pod></pod>
<professional-start>1657</professional-start>
<professional-end></professional-end>
<professions>
<profession>
<term>boekverkoper</term>
<profession-id>1</profession-id></profession>
<profession>
<term>verkoper</term>
<profession-id>25</profession-id></profession>
</professions>
<marriage>Geertruit Gouda; kinderen: dopen PK 31-8-1657 Dionisius; HK 18-7-1662 Maria.</marriage>
<guild>Leertijd voldaan bij Jacob Plantenburg te Delft (4-5-1657 attestatie opgesteld door de Delftse notaris Fr. van Hurck). 7-7-1657 Vrijmeester (AB 83a, f. 84).</guild>
<literature>Ledeboer.</literature>
<misc>7-5-1657 Poorter (PB G, f. 171).</misc>
<all>
<l>Spranckhuysen, Abraham (* Delft; w. 1657)</l>
<l>Boekverkoper.</l>
<l>Mogelijk zoon van de Delftse predikant Dionisius Sprankhuysen.</l>
<l>Huwelijk: Geertruit Gouda; kinderen: dopen PK 31-8-1657 Dionisius; HK 18-7-1662 Maria.</l>
<l>7-5-1657 Poorter (PB G, f. 171).</l>
<l>Gilde: Leertijd voldaan bij Jacob Plantenburg te Delft (4-5-1657 attestatie opgesteld door de Delftse notaris Fr. van Hurck). 7-7-1657 Vrijmeester (AB 83a, f. 84).</l>
<l>Lit.: Ledeboer.</l>
</all>
</person>