<person>
<firstName>Sabine</firstName>
<lastName>Staresmore</lastName>
<dob></dob>
<dod></dod>
<pob></pob>
<pod></pod>
<professional-start></professional-start>
<professional-end></professional-end>
<professions>
<profession>
<term>boekdrukker</term>
<profession-id>6</profession-id></profession>
<profession>
<term>drukker</term>
<profession-id>9</profession-id></profession>
</professions>
<literature>Sprunger, ch. 4.</literature>
<misc>unknown</misc>
<all>
<l>Staresmore, Sabine (w. ?)</l>
<l>Boekdrukker. Later naar Amsterdam.</l>
<l>Lit.: Sprunger, ch. 4.</l>
</all>
</person>