<person>
<firstName>Ioannes</firstName>
<lastName>Startorius</lastName>
<dob></dob>
<dod></dod>
<pob></pob>
<pod></pod>
<professional-start>1613</professional-start>
<professional-end></professional-end>
<professions>
<profession>
<term>boekverkoper</term>
<profession-id>1</profession-id></profession>
<profession>
<term>verkoper</term>
<profession-id>25</profession-id></profession>
</professions>
<misc>Vermeld in Frankfurtse Messecatalogus van 1613.</misc>
<all>
<l>Startorius, Ioannes (w. 1613)</l>
<l>Boekverkoper?</l>
<l>Vermeld in Frankfurtse Messecatalogus van 1613.</l>
</all>
</person>