<person>
<firstName>Jan</firstName>
<lastName>Steenhagen</lastName>
<dob></dob>
<dod></dod>
<pob></pob>
<pod></pod>
<professional-start>1723</professional-start>
<professional-end></professional-end>
<professions>
<profession>
<term>drukker</term>
<profession-id>9</profession-id></profession>
<profession>
<term>knecht</term>
<profession-id>45</profession-id></profession>
</professions>
<misc>Album studiosorum 20-1-1724 ?Jan Steenhaagen Trans-Isalanus, Typographiae Academicae famulus.?</misc>
<all>
<l>Steenhagen, Jan (w. 1723)</l>
<l>Knecht in de drukkerij van Pieter van der Aa?</l>
<l>Album studiosorum 20-1-1724 ?Jan Steenhaagen Trans-Isalanus, Typographiae Academicae famulus.?</l>
</all>
</person>