<person>
<firstName>Anthonie</firstName>
<lastName>Steenman</lastName>
<dob></dob>
<dod></dod>
<pob>Theunis</pob>
<pod></pod>
<professional-start></professional-start>
<professional-end></professional-end>
<professions>
<profession>
<term>boekverkoper</term>
<profession-id>1</profession-id></profession>
<profession>
<term>verkoper</term>
<profession-id>25</profession-id></profession>
</professions>
<marriage>KO 9-10-1739 Jannetje Davoine (getuigen Cornelia de Vogel en Francina Geerse); kinderen: doop HK 14-8-1740 Pieter; PK 13-4-1742 Antonius Gerardus.</marriage>
<guild>1-7-1734 L bij Gijsbert Langerak, 6-11-1736 bij Boudewijn van der Aa. 9-11-1739 Vrijmeester (AB 83a, f. 18).</guild>
<misc>NA 1978, nr. 39 (1742) Akte.</misc>
<all>
<l>Steenman, Anthonie (Theunis) Gerhardus (* Leiden 1719 [doop HK 16-5]; w. 1739)</l>
<l>Boekverkoper.</l>
<l>Zoon van Cornelis Steenman en Cornelia de Voghel.</l>
<l>Huwelijk: KO 9-10-1739 Jannetje Davoine (getuigen Cornelia de Vogel en Francina Geerse); kinderen: doop HK 14-8-1740 Pieter; PK 13-4-1742 Antonius Gerardus.</l>
<l>Gilde: 1-7-1734 L bij Gijsbert Langerak, 6-11-1736 bij Boudewijn van der Aa. 9-11-1739 Vrijmeester (AB 83a, f. 18).</l>
<l>NA 1978, nr. 39 (1742) Akte.</l>
</all>
</person>