<person>
<firstName>Hermanus van der</firstName>
<lastName>Steenweg</lastName>
<dob></dob>
<dod></dod>
<pob>leiden</pob>
<pob-id>1</pob-id>
<pod></pod>
<professional-start>1732</professional-start>
<professional-end></professional-end>
<professions>
<profession>
<term>letterzetter</term>
<profession-id>4</profession-id></profession>
</professions>
<marriage>22-2-1732 Jacoba van Emde, eveneens in de Scheepmakersteeg (getuigen zijn moeder Johanna van den Bergh en haar moeder Cornelia van Sitteren). Kinderen o.a. Johannes, die eveneens letterzetter werd (zie onder).</marriage>
<address>Scheepmakersteeg.</address>
<misc>Zoon van Johanna van den Bergh.</misc>
<all>
<l>Steenweg, Hermanus van der (* Leiden; w. 1732)</l>
<l>Letterzetter.</l>
<l>Zoon van Johanna van den Bergh.</l>
<l>Adres: Scheepmakersteeg.</l>
<l>Huwelijk: 22-2-1732 Jacoba van Emde, eveneens in de Scheepmakersteeg (getuigen zijn moeder Johanna van den Bergh en haar moeder Cornelia van Sitteren). Kinderen o.a. Johannes, die eveneens letterzetter werd (zie onder).</l>
</all>
</person>