<person>
<firstName>Johannes van der</firstName>
<lastName>Steenweg</lastName>
<dob>1739</dob>
<dod></dod>
<pob>leiden</pob>
<pob-id>1</pob-id>
<pod></pod>
<professional-start>1763</professional-start>
<professional-end></professional-end>
<professions>
<profession>
<term>letterzetter</term>
<profession-id>4</profession-id></profession>
<profession>
<term>drukker</term>
<profession-id>9</profession-id></profession>
<profession>
<term>drukkersknecht</term>
<profession-id>11</profession-id></profession>
<profession>
<term>knecht</term>
<profession-id>45</profession-id></profession>
<profession>
<term>drukkers</term>
<profession-id>63</profession-id></profession>
</professions>
<marriage>KO 22-4-1763 Christina Magdalena (Lena) Bagijn uit Rotterdam (getuige zijn moeder); kinderen: doop PK 20-7-1763 Jacoba; PK 3-6-1768 Willemina; HK 20-5-1770 Johanna; PK 15-11-1772 Cornelia; HK 10-7-1774 Johannes; HK 10-11-1776 Christina Magdalena; HK 26-4-1778 Johannes Hermanus; HK 6-1-1782 Jacobus; HK 21-12-1783 Jacobus.</marriage>
<address>Turfmarkt.</address>
<misc>NA 2157, nr. 15 (1788) Adsumptie.</misc>
<all>
<l>Steenweg, Johannes van der (* Leiden 1739 [doop PK 8-3]; w. 1763)</l>
<l>Letterzetter en drukkersknecht.</l>
<l>Zoon van de letterzetter Hermanus van der Steenweg en Jacoba van den Emden.</l>
<l>Adres: Turfmarkt.</l>
<l>Huwelijk: KO 22-4-1763 Christina Magdalena (Lena) Bagijn uit Rotterdam (getuige zijn moeder); kinderen: doop PK 20-7-1763 Jacoba; PK 3-6-1768 Willemina; HK 20-5-1770 Johanna; PK 15-11-1772 Cornelia; HK 10-7-1774 Johannes; HK 10-11-1776 Christina Magdalena; HK 26-4-1778 Johannes Hermanus; HK 6-1-1782 Jacobus; HK 21-12-1783 Jacobus.</l>
<l>Secl. 3B, f. 116v.</l>
<l>NA 2157, nr. 15 (1788) Adsumptie.</l>
</all>
</person>