<person>
<firstName></firstName>
<lastName>Bonnet (Bonnets)</lastName>
<dob></dob>
<dod></dod>
<pob>Bonnets</pob>
<pod></pod>
<professional-start></professional-start>
<professional-end></professional-end>
<professions>
<profession>
<term>boekverkoper</term>
<profession-id>1</profession-id></profession>
<profession>
<term>verkoper</term>
<profession-id>25</profession-id></profession>
</professions>
<literature>Briels 179; Thesaurus.</literature>
<misc>Wellicht al in 1589 te Leiden (poorter) en in 1597 schoolmeester.</misc>
<all>
<l>Bonnet (Bonnets), Pieter de[s] (* Iperen?; w. 1616)</l>
<l>Boekverkoper.</l>
<l>Wellicht al in 1589 te Leiden (poorter) en in 1597 schoolmeester.</l>
<l>Lit.: Briels 179; Thesaurus.</l>
</all>
</person>