<person>
<firstName>Claes Claesz</firstName>
<lastName>Sterck</lastName>
<dob></dob>
<dod></dod>
<pob>antwerpen</pob>
<pob-id>10</pob-id>
<pod></pod>
<professional-start>1599</professional-start>
<professional-end>1626</professional-end>
<professions>
<profession>
<term>letterzetter</term>
<profession-id>4</profession-id></profession>
<profession>
<term>drukker</term>
<profession-id>9</profession-id></profession>
</professions>
<marriage>KO 4-9-1599 Maaike Spoers, weduwe van Jorys Vraet, van Antwerpen (getuige zijn bekende Jan Corstiaens).</marriage>
<literature>Briels 462; Thesaurus; Voet.</literature>
<misc>Getuige bij KO 11-2-1604 van zijn neef Hans Spoor en Aeltje Eeleman.</misc>
<all>
<l>Sterck, Claes Claesz (* Antwerpen; w. 1599-1626)</l>
<l>Drukker en letterzetter.</l>
<l>Op 14-5-1638 werd in de HK een Claes Stercke begraven vanuit de Nieuwstraat.</l>
<l>Huwelijk: KO 4-9-1599 Maaike Spoers, weduwe van Jorys Vraet, van Antwerpen (getuige zijn bekende Jan Corstiaens).</l>
<l>Werkzaam bij Raphelengius (correspondentie Raphelengius/Moretus 23-3-1620). Zie ook onder Hans Spoor en Hendrick Duyts.</l>
<l>NA 93b, nr. 188 (19-12-1612) Getuige bij akte.</l>
<l>Getuige bij KO 11-2-1604 van zijn neef Hans Spoor en Aeltje Eeleman.</l>
<l>Lit.: Briels 462; Thesaurus; Voet.</l>
</all>
</person>