<person>
<firstName></firstName>
<lastName>Sterre (Starre)</lastName>
<dob></dob>
<dod></dod>
<pob>Starre</pob>
<pod></pod>
<professional-start></professional-start>
<professional-end></professional-end>
<professions>
<profession>
<term>boekverkoper</term>
<profession-id>1</profession-id></profession>
<profession>
<term>verkoper</term>
<profession-id>25</profession-id></profession>
</professions>
<marriage>Aletta van de Riviere; kinderen: doop RK St. Jorissteeg 7-2-1689 Michael; 17-2-1691 Judith; 8-5-1693 Micha?l. Zij hertrouwt SH 10-9-1700 met Nicolaes ten Dijck en woont dan in de Maarsmansteeg.</marriage>
<address>1691 ?in ?t Gekroonde Musijckboeck?.</address>
<guild>29-7-1688 Vrijmeester (AB 83a, f. 107v).</guild>
<literature>Thesaurus.</literature>
<misc>NA 957, nr. 55 (9-11-1693) Voogdijstelling.</misc>
<all>
<l>Sterre (Starre), Govert (Godefridus) van der (? 1693 [begr. 16-11 buiten Leiden]; w. 1688-1693)</l>
<l>Boekverkoper.</l>
<l>Katholiek.</l>
<l>Adres: 1691 ?in ?t Gekroonde Musijckboeck?.</l>
<l>Huwelijk: Aletta van de Riviere; kinderen: doop RK St. Jorissteeg 7-2-1689 Michael; 17-2-1691 Judith; 8-5-1693 Micha?l. Zij hertrouwt SH 10-9-1700 met Nicolaes ten Dijck en woont dan in de Maarsmansteeg.</l>
<l>Gilde: 29-7-1688 Vrijmeester (AB 83a, f. 107v).</l>
<l>Personeel: 1-8-1689 Anthonie Flaman (AB 83b, f. 34).</l>
<l>NA 957, nr. 55 (9-11-1693) Voogdijstelling.</l>
<l>Lit.: Thesaurus.</l>
</all>
</person>