<person>
<firstName>Simon Cornelisz van der</firstName>
<lastName>Steyger</lastName>
<dob></dob>
<dod></dod>
<pob></pob>
<pod></pod>
<professional-start>1663</professional-start>
<professional-end>1664</professional-end>
<professions>
<profession>
<term>pseudoniem</term>
<profession-id>24</profession-id></profession>
</professions>
<address>Breestraat.</address>
<street>Breestraat</street>
<street-id>5</street-id>
<lat>52.1576037</lat>
<lon>4.4910914
</lon>
<literature>Ledeboer; Thesaurus.</literature>
<misc>unknown</misc>
<all>
<l>Steyger, Simon Cornelisz van der (w. 1663-64)</l>
<l>Pseudoniem?</l>
<l>Adres: Breestraat.</l>
<l>Lit.: Ledeboer; Thesaurus.</l>
</all>
</person>