<person>
<firstName>Dominicus van der</firstName>
<lastName>Stichel</lastName>
<dob>1650</dob>
<dod></dod>
<pob>? Amsterdam </pob>
<pob-id>6</pob-id>
<pod></pod>
<professional-start>1637</professional-start>
<professional-end></professional-end>
<professions>
<profession>
<term>letterzetter</term>
<profession-id>4</profession-id></profession>
</professions>
<marriage>1634 Janneke Sicks (Sixt), weduwe van de drukker Abraham Jaquet (Paulus Aertsz van Ravesteyn getuige); kinderen: doop HK 26-6-1635 Josijntje (getuige Paulus Aertsz van Ravesteyn); HK 17-6-1637 Sixt.</marriage>
<misc>NA 197, nr. 176 (1-10-1637) Procuratie aan Hendrik Jansz, koopman te Amsterdam, om ?100 te vorderen uit het sterfhuis van Trijntje Lubberts, weduwe?</misc>
<all>
<l>Stichel, Dominicus van der (* Amsterdam 1600/01; ? Amsterdam 1650; w. 1637, daarna te Amsterdam)</l>
<l>Letterzetter. Werkte bij Paulus Aertsz van Ravesteyn in Amsterdam en ging met hem mee naar Leiden om te werken aan de Statenbijbel.</l>
<l>Huwelijk: 1634 Janneke Sicks (Sixt), weduwe van de drukker Abraham Jaquet (Paulus Aertsz van Ravesteyn getuige); kinderen: doop HK 26-6-1635 Josijntje (getuige Paulus Aertsz van Ravesteyn); HK 17-6-1637 Sixt.</l>
<l>NA 197, nr. 176 (1-10-1637) Procuratie aan Hendrik Jansz, koopman te Amsterdam, om ?100 te vorderen uit het sterfhuis van Trijntje Lubberts, weduwe?</l>
</all>
</person>