<person>
<firstName>Charles Abraham Pierre Engelbertus [Karel]</firstName>
<lastName>Stihl [Stiel]</lastName>
<dob></dob>
<dod></dod>
<pob></pob>
<pod></pod>
<professional-start>1783</professional-start>
<professional-end></professional-end>
<professions>
<profession>
<term>boekverkoper</term>
<profession-id>1</profession-id></profession>
<profession>
<term>verkoper</term>
<profession-id>25</profession-id></profession>
</professions>
<marriage>Jeanne Cembeek (Kembeek); kinderen: 28-11-1784 Marie Jeanne; 3-12-1786 Charles Pierre; 11-12-1789 Pierre Henri; 19-1-1791 Guillaume Elie; 25-7-1792 Christine Wilhelmine; 13-9-1795 Fran?ois du Mi?l Stihl.</marriage>
<guild>6-6-1768 L bij Cornelis Hogeveen voor 4 jaar; 1-5-1775 bij Van der Spijk voor 4 jr. (ook bij Carel Delfos?); 3-5-1779 bij Luzac &amp; Van Damme; 6-11-1780 bij A. &amp; J. Honkoop. 3-2-1783 Vrijmeester (AB 83a, f. 46v). ? 1787 vermeld als onvermogend, ? 1793 als ?gealimenteert? (AB 83c, ff. 99, 101).</guild>
<misc>Wees in het Waalse Weeshuis.</misc>
<all>
<l>Stihl [Stiel], Charles Abraham Pierre Engelbertus [Karel] (w. 1783)</l>
<l>Boekverkoper.</l>
<l>Wees in het Waalse Weeshuis.</l>
<l>Huwelijk: Jeanne Cembeek (Kembeek); kinderen: 28-11-1784 Marie Jeanne; 3-12-1786 Charles Pierre; 11-12-1789 Pierre Henri; 19-1-1791 Guillaume Elie; 25-7-1792 Christine Wilhelmine; 13-9-1795 Fran?ois du Mi?l Stihl.</l>
<l>Gilde: 6-6-1768 L bij Cornelis Hogeveen voor 4 jaar; 1-5-1775 bij Van der Spijk voor 4 jr. (ook bij Carel Delfos?); 3-5-1779 bij Luzac &amp; Van Damme; 6-11-1780 bij A. &amp; J. Honkoop. 3-2-1783 Vrijmeester (AB 83a, f. 46v). ? 1787 vermeld als onvermogend, ? 1793 als ?gealimenteert? (AB 83c, ff. 99, 101).</l>
</all>
</person>