<person>
<firstName>Nicolaas</firstName>
<lastName>Straatman</lastName>
<dob>1768</dob>
<dod></dod>
<pob>? ? [-9 begr. buiten Leiden]</pob>
<pod></pod>
<professional-start>1766</professional-start>
<professional-end></professional-end>
<professions>
<profession>
<term>contribuant</term>
<profession-id>27</profession-id></profession>
</professions>
<address>?over de fusteinhal? (AB 83c, f. 96).</address>
<misc>unknown</misc>
<all>
<l>Straatman, Nicolaas (? 1768? [26-9 begr. buiten Leiden]; w. 1766)</l>
<l>Contribuant.</l>
<l>Adres: ?over de fusteinhal? (AB 83c, f. 96).</l>
</all>
</person>