<person>
<firstName>Johannes</firstName>
<lastName>Strijthout</lastName>
<dob></dob>
<dod></dod>
<pob>amsterdam</pob>
<pob-id>6</pob-id>
<pod></pod>
<professional-start>1677</professional-start>
<professional-end></professional-end>
<professions>
<profession>
<term>boekbinder</term>
<profession-id>43</profession-id></profession>
</professions>
<marriage>1. KO 9-7-1677 Barber Pieters Schuyl (getuige zijn bekende Johannes Meyer); 2. KO 10-7-1688 Jannetje Gerrits uit Harderwijk (getuige zijn zwager Isaack Vavarck).</marriage>
<address>1677 Haarlemmerstraat; 1688 Rijnstraat.</address>
<street>Haarlemmerstraat</street>
<street-id>15</street-id>
<lat>52.1601874</lat>
<lon>4.4927112
</lon>
<misc>NA 1143, nr. 155 (1677) Procuratie aan zijn vrouw om in het sterfhuis te treden van wijlen haar grootvader te Leeuwarden. Nij wordt ?winkelier? genoemd.</misc>
<all>
<l>Strijthout, Johannes (* Amsterdam; w. 1677)</l>
<l>Boekbinder.</l>
<l>Adres: 1677 Haarlemmerstraat; 1688 Rijnstraat.</l>
<l>Huwelijk: 1. KO 9-7-1677 Barber Pieters Schuyl (getuige zijn bekende Johannes Meyer); 2. KO 10-7-1688 Jannetje Gerrits uit Harderwijk (getuige zijn zwager Isaack Vavarck).</l>
<l>NA 1143, nr. 155 (1677) Procuratie aan zijn vrouw om in het sterfhuis te treden van wijlen haar grootvader te Leeuwarden. Nij wordt ?winkelier? genoemd.</l>
</all>
</person>