<person>
<firstName>Gerrit van der</firstName>
<lastName>Swaellem [Swaluw]</lastName>
<dob></dob>
<dod></dod>
<pob>leiden</pob>
<pob-id>1</pob-id>
<pod></pod>
<professional-start>1694</professional-start>
<professional-end></professional-end>
<professions>
<profession>
<term>boekverkoper</term>
<profession-id>1</profession-id></profession>
<profession>
<term>verkoper</term>
<profession-id>25</profession-id></profession>
</professions>
<marriage>KO 30-4-1694 Marytje del Run van Leiden (getuige zijn oom Aldert van der Swaellem).</marriage>
<misc>unknown</misc>
<all>
<l>Swaellem [Swaluw], Gerrit van der (* Leiden; w. Maassluis 1694)</l>
<l>Boekverkoper.</l>
<l>Huwelijk: KO 30-4-1694 Marytje del Run van Leiden (getuige zijn oom Aldert van der Swaellem).</l>
</all>
</person>