<person>
<firstName>Adrianus</firstName>
<lastName>Bonte</lastName>
<dob></dob>
<dod></dod>
<pob></pob>
<pod></pod>
<professional-start>1730</professional-start>
<professional-end>1770</professional-end>
<professions>
<profession>
<term>boekverkoper</term>
<profession-id>1</profession-id></profession>
<profession>
<term>verkoper</term>
<profession-id>25</profession-id></profession>
</professions>
<marriage>KO 2-1-1740 Johanna Jonas van der Zee uit Delft (getuige Jannetje van Swanenburg en Jacob Jonas van der Zee).</marriage>
<address>1735 Langebrug bij de Pieterskerkchoorsteeg.</address>
<street>Langebrug</street>
<street-id>28</street-id>
<lat>52.1563598</lat>
<lon>4.4906321
</lon>
<guild>9-4-1725 L bij Hendrick van Damme voor 3 jaar; 6-12-1728 bij Van Abkoude.</guild>
<misc>Verkocht in 1747 gedichten van weeskinderen op Willem IV; vgl. LJ, 11 (1914), 67.</misc>
<all>
<l>Bonte, Adrianus (w. 1730-70)</l>
<l>Boekverkoper.</l>
<l>Zoon van Pieter Bonte en Johanna van Swanenburg.</l>
<l>Adres: 1735 Langebrug bij de Pieterskerkchoorsteeg.</l>
<l>Huwelijk: KO 2-1-1740 Johanna Jonas van der Zee uit Delft (getuige Jannetje van Swanenburg en Jacob Jonas van der Zee).</l>
<l>Gilde: 9-4-1725 L bij Hendrick van Damme voor 3 jaar; 6-12-1728 bij Van Abkoude.</l>
<l>1-12-1732 Vrijmeester (AB 83a, f. 9v).</l>
<l>Personeel: 7-12-1733 Joost Schouten; 5-10-1739 Abraham Schuddemat (wees); 7-11-1746 Cornelis Picaar (wees) (AB 83b, f. 73; 83c, f. 31).</l>
<l>NA 1768, nr. 118 (25-9-1726) Testament met zijn zuster Sara Bonte.</l>
<l>NA 2096 (1733) nrs. 275 Akte van beraad, 293 voorwaarden huis, 297 voorwaarden graf, 325 Scheiding.</l>
<l>NA 2071, nr. 340 (24-10-1739) Testament. Erfgenamen zijn moeder en zijn zusters Sara en Maria voor  en Johanna Jonas van der Zee voor . Hij verklaart niet boven de 4000 gegoed te zijn.</l>
<l>NA 2071, nr. 356 (9-11-1739) Testament. Erfgenamen zijn moeder voor , en Johanna Jonas van der Zee voor .</l>
<l>NA 2072, nr. 35 (7-3-1740) Mutueel testament met zijn vrouw Johanna Jonas van der Zee.</l>
<l>NA 2096, nr. 293 (1740) Huis.</l>
<l>NA 2096, nr. 297 (1740) Graf.</l>
<l>NA 2096, nr. 325 (1740) Scheiding.</l>
<l>NA 2246, nr. 82 (1748) Deliberatie.</l>
<l>NA 2269, nr. 119 (30-12-1755) Transport met Dirk Lakeman, gehuwd mat Maria Bonte, t.b.v. Juffrouw Hendrina van Ingen, weduwe van Daniel van Sadelhoff te Amsterdam, een obligatie van 1000.</l>
<l>NA 2280, nr. 22 (1766) Scheiding.</l>
<l>RA 210, dl. 26, f. 429 (19-5/x-8-1770) Collaterale successie.</l>
<l>Verkocht in 1747 gedichten van weeskinderen op Willem IV; vgl. LJ, 11 (1914), 67.</l>
</all>
</person>