<person>
<firstName>Abraham de</firstName>
<lastName>Swart</lastName>
<dob>1673</dob>
<dod></dod>
<pob>leiden</pob>
<pob-id>1</pob-id>
<pod></pod>
<professional-start>1697</professional-start>
<professional-end>1703</professional-end>
<professions>
<profession>
<term>boekverkoper</term>
<profession-id>1</profession-id></profession>
<profession>
<term>verkoper</term>
<profession-id>25</profession-id></profession>
</professions>
<marriage>KO 14-3-1697 Elisabet Camper (getuige zijn neef Hendrick Berevelt te Den Haag); kinderen: doop PK 26-5-1700 Hester; PK 2-6-1702 Jan; HK 4-9-1704 Agatha; PK 7-1-1707 Pieter.</marriage>
<address>1697 Lokhorststraat; 1697-1700 Plein van het Gravesteen; 1705 Leiderdorp.</address>
<street>Lokhorststraat</street>
<street-id>31</street-id>
<lat>52.1585065</lat>
<lon>4.4879014
</lon>
<guild>4-8-1689 L bij Johannes du Vivi?. 19-4-1697 Vrijmeester (AB 83a, f. 25v).</guild>
<literature>Ledeboer; Thesaurus.</literature>
<misc>NA 2013, nr. 36 [scan nr. 123] (27-4-1744) Attestatie t.b.v. Abraham Beereveld, in leven ambachtsheer van Voorhout. Hij was de laatste zoon van Hendrik Beereveld en enig erfgenaam van zijn broer en zuster. Swart had ?familjaeire ommegang? met hem gehad. Dezelfde?</misc>
<all>
<l>Swart, Abraham de (* Leiden 1673 [doop MK 4-6]; w. 1697-1703)</l>
<l>Boekverkoper; later herbergier?</l>
<l>Zoon van de droogscheerder Pieter Claesz de Swart uit Rouen en Marij Lesein (Vastijn) (KO 11-6-1672). Broer van Hendrik de Swart.</l>
<l>Adres: 1697 Lokhorststraat; 1697-1700 Plein van het Gravesteen; 1705 Leiderdorp.</l>
<l>Huwelijk: KO 14-3-1697 Elisabet Camper (getuige zijn neef Hendrick Berevelt te Den Haag); kinderen: doop PK 26-5-1700 Hester; PK 2-6-1702 Jan; HK 4-9-1704 Agatha; PK 7-1-1707 Pieter.</l>
<l>Gilde: 4-8-1689 L bij Johannes du Vivi?. 19-4-1697 Vrijmeester (AB 83a, f. 25v).</l>
<l>Personeel: 5-1699 Niklaas [...] voor 2 jaar, Pieter Tax (AB 83b, f. 41).</l>
<l>NA 1595, nr. 91 (13-9-1697) Ontslag van zijn voogden nu hij meerderjarig is.</l>
<l>NA 1565, nr. 35 (28-6-1698) Mutueel testament.</l>
<l>NA 1451, nr. 30 (9-6-1704) Condities en rekening van de auctie onder de boekverkopers op 2-5-1704 van zijn boeken en drukkerij; kopers o.a. Verbessel, Teering, Pieter v.d. Aa, Boutesteyn, Haring, Hoogeveen, Speyers. Sommige boeken werden verkocht met kopijrecht. In de drukkerij stonden o.a. een ploeg en een (plaat?)pers, 2 naaibanken, 6 persen, 1 snijpers en 6 paar penneborden.</l>
<l>NA 1451, nr. 35 (?) Obligatie van Johannes Verbessel jr. te Den Haag voor aankopen op de auctie t.b.v. ?734.12.6; borg Johannes Verbessel sr.</l>
<l>NA 1451, nr. 50 (9-6-1704) Obligatie van Hendrik Teering t.b.v. ?1470 voor aankopen op de auctie, te betalen in 4 jaar; borg Andries Dijckhuysen.</l>
<l>NA 1451, nr. 58 (28-6-1704) Obligatie van Frederik Haaring voor aankopen op de auctie t.b.v. ?289.6. Borg Lucas Kloppenburg uit Gouda.</l>
<l>NA 1665, nr. 10 (23-1-1705) Genoemd te Leiderdorp.</l>
<l>NA 1552, nr. 90 (2-3-1705) Procuratie.</l>
<l>NA 1587, nr. 107 (1709) Akte.</l>
<l>NA 1588, nr. 19 (1711) Voogdij.</l>
<l>NA 1761, nr. 19 (14-6-1712) Borgstelling voor Frederik Haaring i.v.m. diens schuld van ?115.10.8 aan Hendrik de Swart tot betaling waarvan Haaring door de schepenen op 4-5-1712 was veroordeeld.</l>
<l>NA 1706, nr. 1 (1713) Verkoopvoorwaarden (niet gedigitaliseerd).</l>
<l>NA 1697, nr. 66 (1715) Akte.</l>
<l>NA 1697, nr. 5 (1716) Akte.</l>
<l>NA 2022b, nr. 55 [scan nrs. 361-362] (15-9-1730) Verklaring met o.a. Adam Schouten t.v.v. Pieter le Poetre, Barent Scheepers en Johannes Arnoldus Langerak als voogden over Jan Hoogeveen, die zij sinds vele jaren kennen als ?innocent ende onmagtigh? en om die reden in het gasthuis is opgesloten geweest.</l>
<l>NA 1974, nr. 18 (11-2-1738) Borg met Christiaen Vaillant en Gerard Geerling t.b.v. de boelhuismeester Daniel van Alphen Simonsz over de verkoop van boeken van Gerard Kamper? Dezelfde?</l>
<l>NA 2027, nr. 150 (23-6-1738) Abraham de Swart en Pieter Begram attestatie dat zij Abraham Beerevelt hebben gekend.</l>
<l>NA 2010, nr. 16 [scan nr. ] (1738) Transport door Jan en Hester de Swart, en haar man Pieter Begram, kinderen Abraham de Swart en Elisabeth Camper, aan David de Coup van een obligatie ten laste van de universiteit van ?1000 lopend sedert 30-5-1675. De boedelscheiding van De Swart (?) had plaatsgevonden op 5-8-1721 voor notaris Jacob Camper.</l>
<l>NA 2013, nr. 36 [scan nr. 123] (27-4-1744) Attestatie t.b.v. Abraham Beereveld, in leven ambachtsheer van Voorhout. Hij was de laatste zoon van Hendrik Beereveld en enig erfgenaam van zijn broer en zuster. Swart had ?familjaeire ommegang? met hem gehad. Dezelfde?</l>
<l>Lit.: Ledeboer; Thesaurus.</l>
</all>
</person>