<person>
<firstName>Hendrik de</firstName>
<lastName>Swart</lastName>
<dob></dob>
<dod></dod>
<pob>leiden</pob>
<pob-id>1</pob-id>
<pod></pod>
<professional-start>1705</professional-start>
<professional-end>1708</professional-end>
<professions>
<profession>
<term>boekverkoper</term>
<profession-id>1</profession-id></profession>
<profession>
<term>verkoper</term>
<profession-id>25</profession-id></profession>
</professions>
<marriage>KO 5-3-1705 Jannetje de Wit (getuige zijn broer Abraham); kind doop PK 15-4-1711 Cornelia.</marriage>
<address>1705 Lokhorststraat.</address>
<street>Lokhorststraat</street>
<street-id>31</street-id>
<lat>52.1585065</lat>
<lon>4.4879014
</lon>
<guild>21-9-1700 L/K? bij Johannes du Vivi?. 4-6-1705 Vrijmeester (AB 83a, f. 11v).</guild>
<literature>Ledeboer.</literature>
<misc>NA 1734, ff. 193 [scan 169 e.v.] (15-7-1711) Procuratie aan Coenraad van Rijp om hem te vertegenwoordigen in zijn zaak tegen Frederik Haaring over de betaling van ?115.10.</misc>
<all>
<l>Swart, Hendrik de (* Leiden; w. 1705-1708)</l>
<l>Boekverkoper.</l>
<l>Zoon van de droogscheerder Pieter Claesz de Swart uit Rouen en Marij Lesein (Lisfeijn, Vastijn) (KO 11-6-1672). Broer van Abraham de Swart.</l>
<l>Adres: 1705 Lokhorststraat.</l>
<l>Huwelijk: KO 5-3-1705 Jannetje de Wit (getuige zijn broer Abraham); kind doop PK 15-4-1711 Cornelia.</l>
<l>Gilde: 21-9-1700 L/K? bij Johannes du Vivi?. 4-6-1705 Vrijmeester (AB 83a, f. 11v).</l>
<l>NA 1346, nr. 86 (17-2-1706) Mutueel testament. Testateurs verklaren in het kohier van de 200ste penning niet bekend te staan.</l>
<l>NA 1734, ff. 193 [scan 169 e.v.] (15-7-1711) Procuratie aan Coenraad van Rijp om hem te vertegenwoordigen in zijn zaak tegen Frederik Haaring over de betaling van ?115.10.</l>
<l>Lit.: Ledeboer.</l>
</all>
</person>