<person>
<firstName>Evert Claesz van</firstName>
<lastName>Swijnen</lastName>
<dob></dob>
<dod></dod>
<pob>amsterdam</pob>
<pob-id>6</pob-id>
<pod></pod>
<professional-start>1689</professional-start>
<professional-end></professional-end>
<professions>
<profession>
<term>boekverkoper</term>
<profession-id>1</profession-id></profession>
<profession>
<term>verkoper</term>
<profession-id>25</profession-id></profession>
</professions>
<marriage>SH 30-12-1689/15-1-1690 Elisabeth Cornelis van Beerenhout uit Stompwijk (getuige zijn vader).</marriage>
<address>1689 Donkersteeg.</address>
<street>Donkersteeg</street>
<street-id>11</street-id>
<lat>52.1599253</lat>
<lon>4.4915479
</lon>
<guild>12-4-1690 Vrijmeester boekverkoper (AB 83a, f. 51).</guild>
<misc>Zoon van Niclaes Everhardi van Swijnen.</misc>
<all>
<l>Swijnen, Evert Claesz van (* Amsterdam?; w. 1689)</l>
<l>Boekverkoper.</l>
<l>Zoon van Niclaes Everhardi van Swijnen.</l>
<l>Adres: 1689 Donkersteeg.</l>
<l>Huwelijk: SH 30-12-1689/15-1-1690 Elisabeth Cornelis van Beerenhout uit Stompwijk (getuige zijn vader).</l>
<l>Gilde: 12-4-1690 Vrijmeester boekverkoper (AB 83a, f. 51).</l>
</all>
</person>