<person>
<firstName>Niclaes Evertsz</firstName>
<lastName>Swijnen</lastName>
<dob></dob>
<dod></dod>
<pob>Everhardi</pob>
<pod></pod>
<professional-start></professional-start>
<professional-end></professional-end>
<professions>
<profession>
<term>boekverkoper</term>
<profession-id>1</profession-id></profession>
<profession>
<term>verkoper</term>
<profession-id>25</profession-id></profession>
</professions>
<address>1672 Haarlemmerstraat; 1689 Donkersteeg. Volgens de bonboeken bezat hij tussen 1677 en 1690 de volgende huizen: Breestraat (Wanthuis f. 1); Koenesteeg (Hogewoerd f. 283v); Kort Rapenburg (Noord Rapenburg f. 264v); Burgstraat (Noord Rapenburg f. 15v).</address>
<street>Rapenburg</street>
<street-id>50</street-id>
<lat>52.155884</lat>
<lon>4.4876151
</lon>
<guild>7-6-1670 Vrijmeester (AB 83a, f. 51).</guild>
<misc>NA 1365, nr. 12 (?) Rekening i.z. zijn voogdij over de nalatenschap en kinderen van Annetje Claes van Leeuwen, weduwe Gabriel van den Bos.</misc>
<all>
<l>Swijnen, Niclaes Evertsz (Everhardi) van (w. 1670-1689)</l>
<l>Boekverkoper.</l>
<l>Adres: 1672 Haarlemmerstraat; 1689 Donkersteeg. Volgens de bonboeken bezat hij tussen 1677 en 1690 de volgende huizen: Breestraat (Wanthuis f. 1); Koenesteeg (Hogewoerd f. 283v); Kort Rapenburg (Noord Rapenburg f. 264v); Burgstraat (Noord Rapenburg f. 15v).</l>
<l>Gilde: 7-6-1670 Vrijmeester (AB 83a, f. 51).</l>
<l>Personeel: 4-2-1675 Johannes Helmes* voor 4 jaar (met attestatie); 1-3-1682 Matthijs Pouston (2-10-1684 contract met diens moeder (?), dat hij tot 1-8-1688 niet in de boeknering zal treden; hiermee werd een eerder contract met Cornelia van Ruyven d.d. 21-10-1681 nietig, op voorwaarde dat de weduwe 4 dukaten voor de armen betaalde), Johannes Schuits; 1-7-1784 Anthonie Flaman voor 4 jaar (met attestatie) (AB 83a, f. 51; 83b, f. 20). Hij werd in 1690 opgevolgd door zijn zoon Evert.</l>
<l>NA 1189, nr. 37 (17-3-1672) Verklaring o.a. Johannes Binnenvest, greinreder, die was getrouwd met zijn zuster Anna, op zijn verzoek n.a.v. een heftige ruzie met Adriana Boutesteyn en haar zoon Cornelis; de laatste had tegen de vrouw van Everhardi gezegd dat ze een hoer was.</l>
<l>Klein Familiegeld, f. 108 (Marendorp Rijnzijde 1673; code 17062), ?0.2).</l>
<l>NA 1358, nr. 55-57 (26/28-8-1683) Administrateur over de boedel van Gabriel van den Bosch en Annetje van Leeuwen.</l>
<l>NA 1359, nr. 10 (25-11-1684) Beslechting van een ruzie met Cornelia Slingerland, weduwe Jan van Ruyven, en haar dochter. De zaak was o.a. voor de vredemakers geweest.</l>
<l>NA 1360, nr. 41 (30-5-1685) Obligatie aan Abraham Oosten t.b.v. ?600 i.v.m. een lening. Afgelost 2-12-1687.</l>
<l>NA 1361, nr. 67 (18-8-1686) Obligatie van ?600 aan Abraham Oosten i.z. lening (rente 4? %).</l>
<l>NA 1365, nr. 12 (?) Rekening i.z. zijn voogdij over de nalatenschap en kinderen van Annetje Claes van Leeuwen, weduwe Gabriel van den Bos.</l>
</all>
</person>