<person>
<firstName>Cornelis Jansz</firstName>
<lastName>Swoll</lastName>
<dob></dob>
<dod></dod>
<pob></pob>
<pod></pod>
<professional-start>1685</professional-start>
<professional-end></professional-end>
<professions>
<profession>
<term>courantier</term>
<profession-id>51</profession-id></profession>
</professions>
<literature>Ledeboer; Sautijn Kluit.</literature>
<misc>unknown</misc>
<all>
<l>Swoll, Cornelis Jansz (w. 1685)</l>
<l>Courantier.</l>
<l>Lit.: Ledeboer; Sautijn Kluit.</l>
</all>
</person>