<person>
<firstName>Johannes</firstName>
<lastName>Taakens</lastName>
<dob>18</dob>
<dod></dod>
<pob>leiden</pob>
<pob-id>1</pob-id>
<pod></pod>
<professional-start>1775</professional-start>
<professional-end>1778</professional-end>
<professions>
<profession>
<term>predikant</term>
<profession-id>31</profession-id></profession>
</professions>
<address>Breestraat.</address>
<street>Breestraat</street>
<street-id>5</street-id>
<lat>52.1576037</lat>
<lon>4.4910914
</lon>
<guild>1774 L bij Elias Luzac.</guild>
<literature>nota Guus van der Peet 2017.</literature>
<misc>Zie ook twee advertenties LC oktober 1778 m.b.t. de boedel, waarin de dag van overlijden wordt genoemd.</misc>
<all>
<l>Taakens, Johannes (* Bergschenboek   18-10-1778 [begr. 21-10 buiten Leiden]; w. 1775-78)</l>
<l>Zoon van de predikant  Takens en  Rijsdijk.</l>
<l>Boekhandelaar.</l>
<l>Adres: Breestraat.</l>
<l>Gilde: 1774 L bij Elias Luzac.</l>
<l>Weeskamer 3953a (1775-78) Schuldboek over het jaar 1775 in 4 van ca. 100 ff. Het betreft schulden van zowel Leidse klanten als van daarbuiten (o.a. uit Vinkeveen, Berkel en Bleiswijk). Er zijn ook studenten onder, het leesgezelschap Utile Dulci (omvangrijke aanschaf), boekverkopers als Leendert Herding en Cornelis de Pecker te Leiden en Hendrik Beman te Rotterdam, diverse weduwen, zijn broers Jacob (predikant) en Simon Petrus (proponent), Joannes Takens, moeder Rijsdijk Takens, Jan de Kruiff, Matthias van Geuns. Ook veilingaankopen worden genoteerd. De laatste ff. bevatten een overzicht van ontvang en uitgaaf, met o.a. posten voor drukloon aan van Hoogeveen en Koet, rekeningen bij andere boekverkopers (Luchtmans, Van Tiffelen, zakgeld, papier, kermisgeld. Voorts is er nog een blad met uitgaven voor Huishoudelijke zaaken).</l>
<l>Weeskamer 3953e (17-3-1779) Inventaris.</l>
<l>Weeskamer 3953k Brieven.</l>
<l>Vgl. advertentie LC 2-11-1778 over de dood van Taakens en het gedicht Gedachten op het ongelukkig overlijden van een jongeling, te Leyden daarover bij Cornelis Heyligert. UBL Portef 11:17.</l>
<l>Volgens AC 20-11-1773 was een Johannes Takens gevestigd in Amsterdam, in de Dirk van Hasseltsteeg. Later werkt daar Johannes Takens junior.</l>
<l>Zie ook twee advertenties LC oktober 1778 m.b.t. de boedel, waarin de dag van overlijden wordt genoemd.</l>
<l>Lit.: nota Guus van der Peet 2017.</l>
</all>
</person>