<person>
<firstName>Daniel</firstName>
<lastName>Taijspel</lastName>
<dob></dob>
<dod></dod>
<pob></pob>
<pod></pod>
<professional-start>1738</professional-start>
<professional-end></professional-end>
<professions>
<profession>
<term>letterzetter</term>
<profession-id>4</profession-id></profession>
</professions>
<marriage>KO 18-4-1738 Margareta van Riet (getuige zijn vader).</marriage>
<address>Begijnhof.</address>
<misc>1739 K bij Isaac van der Mijn in de winkel; 1742 bij Elias Luzac.</misc>
<all>
<l>Taijspel, Daniel (w. 1738)</l>
<l>Letterzetter.</l>
<l>Zoon van Claes Taijspel in het Begijnhof.</l>
<l>Adres: Begijnhof.</l>
<l>Huwelijk: KO 18-4-1738 Margareta van Riet (getuige zijn vader).</l>
<l>1739 K bij Isaac van der Mijn in de winkel; 1742 bij Elias Luzac.</l>
</all>
</person>