<person>
<firstName>Dirk</firstName>
<lastName>Taitsma [Tijtsma]</lastName>
<dob></dob>
<dod></dod>
<pob></pob>
<pod></pod>
<professional-start>1723</professional-start>
<professional-end>1738</professional-end>
<professions>
<profession>
<term>boekverkoper</term>
<profession-id>1</profession-id></profession>
<profession>
<term>verkoper</term>
<profession-id>25</profession-id></profession>
</professions>
<address>1726 Oude Vest (zie weduwe De Lin).</address>
<street>Oude Vest</street>
<street-id>45</street-id>
<lat>52.1614383</lat>
<lon>4.4849547
</lon>
<guild>3-9-1723 K bij Hendrik III van Damme. 28-12-1724 Vrijmeester (AB 83a, f. 5v). Personeel: 1-1-1726 Samuel Genet* L voor 1 jaar; 4-3-1726 Hendrik Boussire (voor 2 jaar; van Hendrik van Damme); 29-12-1738 Johannes Spont L voor 4 jaar (loon I 9 st. II 12 st. III 15 st. IV 18 st.) (AB 83b, f. 51; 83c, f. 20).</guild>
<misc>NA 1848, nr. 78 (11-11-1732) Veiling van o.a. boeken, prenten, papier, pennen en een pers (p23) wegens insolventie. Totale opbrengst 331.12.</misc>
<all>
<l>Taitsma [Tijtsma], Dirk (w. 1723-38)</l>
<l>Boekverkoper.</l>
<l>Adres: 1726 Oude Vest (zie weduwe De Lin).</l>
<l>Gilde: 3-9-1723 K bij Hendrik III van Damme. 28-12-1724 Vrijmeester (AB 83a, f. 5v). Personeel: 1-1-1726 Samuel Genet* L voor 1 jaar; 4-3-1726 Hendrik Boussire (voor 2 jaar; van Hendrik van Damme); 29-12-1738 Johannes Spont L voor 4 jaar (loon I 9 st. II 12 st. III 15 st. IV 18 st.) (AB 83b, f. 51; 83c, f. 20).</l>
<l>NA 1848, nr. 78 (11-11-1732) Veiling van o.a. boeken, prenten, papier, pennen en een pers (p23) wegens insolventie. Totale opbrengst 331.12.</l>
</all>
</person>