<person>
<firstName>Philippe</firstName>
<lastName>Bonus</lastName>
<dob></dob>
<dod></dod>
<pob></pob>
<pod></pod>
<professional-start>1679</professional-start>
<professional-end></professional-end>
<professions>
<profession>
<term>boekverkoper</term>
<profession-id>1</profession-id></profession>
<profession>
<term>verkoper</term>
<profession-id>25</profession-id></profession>
</professions>
<literature>Thesaurus.</literature>
<misc>unknown</misc>
<all>
<l>Bonus, Philippe (w. 1679)</l>
<l>Boekverkoper?</l>
<l>Lit.: Thesaurus.</l>
</all>
</person>