<person>
<firstName>Johannes</firstName>
<lastName>Tangena [Tangenaer]</lastName>
<dob>1692</dob>
<dod></dod>
<pob>zijn weduwe -</pob>
<pob-id>38</pob-id>
<pod></pod>
<professional-start>1682</professional-start>
<professional-end>1692</professional-end>
<professions>
<profession>
<term>verkoper</term>
<profession-id>25</profession-id></profession>
<profession>
<term>kunstverkoper</term>
<profession-id>47</profession-id></profession>
</professions>
<marriage>KO 28-11-1682 Apollonia Hoeck (zie aldaar); het huwelijk vond plaats te Oegstgeest; kinderen: doop HK 21-10-1685 Daniel; PK 3-9-1687 Jannetje.</marriage>
<address>1682 Amsterdamse Veer (verhuurde in 1683 kamers aan Engelse reizigers; cf. Van Strien); 1682 Oude Rijn (t.t.v. zijn huwelijk); 1683-86 Rapenburg/hoek Kloksteeg, in de Konst en Kaartwinkel over t Academiae (als huurder van ds. Henricus ten Brink; onderverhuurde kamers aan Jakob von Melle en Christian Henrich Postel); 1697 Breestraat, onder het Raadhuis; weduwe: 1693 onder het stadhuis; 1693-95 over dAcademie, inde Konst en Kaartwinkel; 1696 Zonneveldsteeg; 1703 Vismarkt (weduwe).</address>
<street>Vismarkt</street>
<street-id>60</street-id>
<lat>52.158787</lat>
<lon>4.4912419
</lon>
<guild>8-7-1683 Lid van het Lucasgilde (GA 849A, f. 17). 23-12-1686 Vrijmeester (AB 83a, f. 117).</guild>
<literature>Ledeboer; Het Rapenburg V, 765, 783; Thesaurus.</literature>
<misc>1683? Voogdijbenoeming en beheer van de boedels van Johannes Tangena en Appoloona van Hoeck.</misc>
<all>
<l>Tangena [Tangenaer], Johannes (* Rotterdam  ?; w. 1682-92; zijn weduwe 1692-1703)</l>
<l>Kaartenmaker en boek, kaart en kunstverkoper.</l>
<l>Zoon van de Rotterdamse kleermaker Willem Michielsz Tangena.</l>
<l>Adres: 1682 Amsterdamse Veer (verhuurde in 1683 kamers aan Engelse reizigers; cf. Van Strien); 1682 Oude Rijn (t.t.v. zijn huwelijk); 1683-86 Rapenburg/hoek Kloksteeg, in de Konst en Kaartwinkel over t Academiae (als huurder van ds. Henricus ten Brink; onderverhuurde kamers aan Jakob von Melle en Christian Henrich Postel); 1697 Breestraat, onder het Raadhuis; weduwe: 1693 onder het stadhuis; 1693-95 over dAcademie, inde Konst en Kaartwinkel; 1696 Zonneveldsteeg; 1703 Vismarkt (weduwe).</l>
<l>Huwelijk: KO 28-11-1682 Apollonia Hoeck (zie aldaar); het huwelijk vond plaats te Oegstgeest; kinderen: doop HK 21-10-1685 Daniel; PK 3-9-1687 Jannetje.</l>
<l>Gilde: 8-7-1683 Lid van het Lucasgilde (GA 849A, f. 17). 23-12-1686 Vrijmeester (AB 83a, f. 117).</l>
<l>Poorterboeken: getuige bij Eduwardus Reynouts (19-11-1691).</l>
<l>NA 1107, nr. 51 (29-11-1682) Huwelijkse voorwaarden (getuige Pieter Engelvaart).</l>
<l>NA 1107, nr. 80 (1-11-1683) Mutueel testament.</l>
<l>NA 1512, nr. 6 (11-3-1689) Procuratie aan  om van (Aert?) Dirk(sz) Oossaen te Amsterdam alle exemplaren met de platen in te vorderen van het boek Grondig bewys-reden der bouwkunst door Joost Vermaes, dat hij van Oossaen had gekocht op een veiling op 15-3-1688 te Amsterdam in het Wapen van Holland.</l>
<l>1683? Voogdijbenoeming en beheer van de boedels van Johannes Tangena en Appoloona van Hoeck.</l>
<l>Lit.: Ledeboer; Het Rapenburg V, 765, 783; Thesaurus.</l>
</all>
</person>