<person>
<firstName>Jacob Filipsen</firstName>
<lastName>Targnon</lastName>
<dob></dob>
<dod></dod>
<pob></pob>
<pod></pod>
<professional-start>1690</professional-start>
<professional-end></professional-end>
<professions>
<profession>
<term>verkoper</term>
<profession-id>25</profession-id></profession>
</professions>
<guild>27-4-1690 Toegelaten tot het gilde na een request aan het Gerecht (Gerechtsdagboek, 9e boek, LL f. 60v; beschikking d.d. 11-5-1690).</guild>
<misc>Hij was van origine schrijnwerker maar wegens zijn leeftijd en slechte gezicht was hij in oude boeken gaan handelen, die hij ten dele op veilingen kocht. Hij ondervond hierbij tegenwerking van het gilde (AB 83a, f. 40v).</misc>
<all>
<l>Targnon, Jacob Filipsen (w. 1690)</l>
<l>Verkoper van oude boeken.</l>
<l>Gilde: 27-4-1690 Toegelaten tot het gilde na een request aan het Gerecht (Gerechtsdagboek, 9e boek, LL f. 60v; beschikking d.d. 11-5-1690).</l>
<l>Hij was van origine schrijnwerker maar wegens zijn leeftijd en slechte gezicht was hij in oude boeken gaan handelen, die hij ten dele op veilingen kocht. Hij ondervond hierbij tegenwerking van het gilde (AB 83a, f. 40v).</l>
</all>
</person>