<person>
<firstName>Hendrik</firstName>
<lastName>Teering</lastName>
<dob>1697</dob>
<dod></dod>
<pob> Utrecht</pob>
<pob-id>17</pob-id>
<pod></pod>
<professional-start>1697</professional-start>
<professional-end>1730</professional-end>
<professions>
<profession>
<term>boekverkoper</term>
<profession-id>1</profession-id></profession>
<profession>
<term>verkoper</term>
<profession-id>25</profession-id></profession>
</professions>
<marriage>1.? KO 29-3-1697 Margrieta Elisabeth Schrader uit Bentheim (getuige zijn oom Lambert); kind: doop PK 28-5-1698 Geertruid; 2. KO 30-4-1701 Anna Severinus uit Oostwoude, woonachtig te Amsterdam ( ca. 1710); kinderen: dopen PK 8-2-1702 Isaak; HK 1-4-1703 Geertruid; PK 17-6-1705 Ysaack; PK 18-7-1708 Christina; 3. KO 17-5-1710 Charlotte Catharina Hoffers/Hoffens uit Den Haag, weduwe van Diderick Woest; kind: doop HK 14-6-1711 Johanna Maria.</marriage>
<address>Kloksteeg; 1695-1710 Rapenburg nevens de Academie / e regione Academiae; 1697 Utrecht (boekverkoper; ten tijde van zijn 1e huwelijk?). 29-4-1697 poorter (PB f. 184v, getuige zijn oom Lambert Tering, bakker op de Breestraat).</address>
<street>Rapenburg</street>
<street-id>50</street-id>
<lat>52.155884</lat>
<lon>4.4876151
</lon>
<guild>1-10-1684 L bij Johannes Prins. 19-4-1697 Vrijmeester (AB 83a, f. 25v).</guild>
<auction>19-3-1731 Veiling van zijn nagelaten ongebonden boeken door Abraham de Swart? (adv. sGravenhaagse courant 12-3-1731; vgl. Kossmann 389).</auction>
<literature>Ledeboer; Thesaurus.</literature>
<misc>NA 1895, nr. 70 (6-10-1727) Obligatie met Charlotte Hoffers van 962.5.15 aan Johannes du Vivi voor de aankoop van ongebonden boeken op de verkoping onder de boekverkopers van 5/6-6-1707 (12 termijnen; rente 6%).</misc>
<all>
<l>Teering, Hendrik (* Arnhem [doop 21-10-1666]; 1697 Utrecht; w. 1697-1730)</l>
<l>Boekverkoper.</l>
<l>Zoon van Sander Teering uit Doetichem en Geertruit van Oostein uit Arnhem.</l>
<l>Adres: Kloksteeg; 1695-1710 Rapenburg nevens de Academie / e regione Academiae; 1697 Utrecht (boekverkoper; ten tijde van zijn 1e huwelijk?). 29-4-1697 poorter (PB f. 184v, getuige zijn oom Lambert Tering, bakker op de Breestraat).</l>
<l>Huwelijk: 1.? KO 29-3-1697 Margrieta Elisabeth Schrader uit Bentheim (getuige zijn oom Lambert); kind: doop PK 28-5-1698 Geertruid; 2. KO 30-4-1701 Anna Severinus uit Oostwoude, woonachtig te Amsterdam ( ca. 1710); kinderen: dopen PK 8-2-1702 Isaak; HK 1-4-1703 Geertruid; PK 17-6-1705 Ysaack; PK 18-7-1708 Christina; 3. KO 17-5-1710 Charlotte Catharina Hoffers/Hoffens uit Den Haag, weduwe van Diderick Woest; kind: doop HK 14-6-1711 Johanna Maria.</l>
<l>Gilde: 1-10-1684 L bij Johannes Prins. 19-4-1697 Vrijmeester (AB 83a, f. 25v).</l>
<l>Personeel: 1-6-1729 Abel Mommers L (AB 83b, f. 54v; 83c, f. 34).</l>
<l>Veilingen: 19-3-1731 Veiling van zijn nagelaten ongebonden boeken door Abraham de Swart? (adv. sGravenhaagse courant 12-3-1731; vgl. Kossmann 389).</l>
<l>NA 1374, nr. 134 (4-4-1697) Huwelijkscontract met Margrieta Schrader.</l>
<l>NA 1464, nr. 61 (11-5-1701) Huwelijkscontract met Anna Severinus? Protocol niet gedigitaliseerd.</l>
<l>NA 1466, nr. 54 (11-5-1705) Mutueel testament met Anna Severinus.</l>
<l>NA 1445, nr. 132 (?) Obligatie van 900 aan dr. Jacob le Mort (borg Harman Oosterdijk Schaft).</l>
<l>NA 1451, nr. 50 (9-6-1704) Obligatie van 1470 aan Abraham de Swart voor aankopen op diens auctie op 2-5-1704, te betalen binnen 4 jaar (borg Andries Dijckhuysen).</l>
<l>NA 1468, nr. 230 (17-6-1710) n.a.v. overlijden Anna Severinus.</l>
<l>NA 1472, nr. 6 (20-1-1717) Obligatie van 900 met Coenraad en Jurriaan Wishoff en Jan Nivelt aan de erven van Reinier Leers voor boeken gekocht op een auctie van M. Bhm te Delft op 11-11-1715 (transportacte not. Gommer van Bortel op 27-8-1716).</l>
<l>NA 1472, nr. 211 (24-9-1718) Obligatie van 1040.15.14 met Johannes van der Deyster, Jacob Losel en Coenraad Wishoff aan de Rotterdamse boekverkoper Barend Bos voor boeken gekocht op een auctie te Delft op 15-8-1718.</l>
<l>NA 1323, nr. 86 (11-9-1720) Obligatie van 229 aan Johannes du Vivi met Coenraad Wishoff (250) en Dan. Goedval (218) voor boeken gekocht op een veiling op 20-5-1720.</l>
<l>NA 1473, nr. 257 (16-8-1721) Obligatie van 474.1 aan Franois Halma als executeur testamentair van Hero Nauta te Leeuwarden voor boeken gekocht op de auctie van Nauta op 21-7-1721.</l>
<l>NA 1474, nr. 117 (24-12-1722) Obligatie van 166.13 aan de Haagse boekverkoper Isaac Vaillant voor boeken gekocht op de auctie van wijlen Michel Bhm te Den Haag door Husson en Van Duren op 13-8-1718.</l>
<l>NA 1474, nr. 125 (26-1-1723) Obligatie van 2390.17.8 met Johannes Arnoldus Langerak, Daniel Goedval en Coenraad Wishoff aan de weduwe van Franois Halma te Leeuwarden voor boeken gekocht op een auctie op 6/e.v.-10-1722.</l>
<l>NA 1475, nr. 275 (26-4-1726) Obligatie van 679.4.8 met Johannes van den Deyster en Coenraad Wishoff aan de Utrechtse boekverkoper Willem van de Water voor boeken gekocht op een auctie op 6-3-1726.</l>
<l>NA 1895, nr. 70 (6-10-1727) Obligatie met Charlotte Hoffers van 962.5.15 aan Johannes du Vivi voor de aankoop van ongebonden boeken op de verkoping onder de boekverkopers van 5/6-6-1707 (12 termijnen; rente 6%).</l>
<l>Lit.: Ledeboer; Thesaurus.</l>
</all>
</person>