<person>
<firstName>Willem Claessen [van der]</firstName>
<lastName>Tel</lastName>
<dob>1600</dob>
<dod></dod>
<pob>leiden</pob>
<pob-id>1</pob-id>
<pod></pod>
<professional-start>1622</professional-start>
<professional-end>1635</professional-end>
<professions>
<profession>
<term>boekverkoper</term>
<profession-id>1</profession-id></profession>
<profession>
<term>verkoper</term>
<profession-id>25</profession-id></profession>
<profession>
<term>boekbinder</term>
<profession-id>43</profession-id></profession>
</professions>
<marriage>KO 10-3-1622 Susanna Ente uit Staden; kind: doop HK 14-4-1624 Jan en Claes (tweeling).</marriage>
<address>1626 Houtstraat.</address>
<street>Houtstraat</street>
<street-id>20</street-id>
<lat>52.1581218</lat>
<lon>4.4855674
</lon>
<misc>NA 343C, nr. 29 (20-8-1635) Getuige bij akte.</misc>
<all>
<l>Tel, Willem Claessen [van der] (* Leiden c. 1600; w. 1622-35)</l>
<l>Boekbinder en boekverkoper.</l>
<l>Adres: 1626 Houtstraat.</l>
<l>Huwelijk: KO 10-3-1622 Susanna Ente uit Staden; kind: doop HK 14-4-1624 Jan en Claes (tweeling).</l>
<l>NA 329, nr. 82 (28-7-1626) Verklaring t.b.v. zijn buurman Esaias Lucasz van Vuyren, crudenier in de Houtstraat, dat hij drie weken tevoren had meegemaakt dat de kleermaker Isbrandt Jacobsz Burchoorn s avonds had aangeklopt op de deur van Van Vuyren, en dat deze deze was geopend en daarmee weer dichtgesmeten was, waarop Burchoorn was gaan schelden, o.a. Compter uijt ghij schelm. Daarna was Burchoorn weggegaan, maar hij keerde regelmatig terug om met zijn hand en voet heftig op de deur gesmeten ende gestoten heeft. Hij is 26 jaar oud.</l>
<l>NA 330, nr. 74 (1627) Genoemd als huurder van Aernout Elsevier.</l>
<l>NA 317, nr. 2 (1-1-1631) Verklaring van o.a. Willem Tel en de student Pierre Porret.</l>
<l>NA 343C, nr. 29 (20-8-1635) Getuige bij akte.</l>
</all>
</person>