<person>
<firstName>Ferdinandus</firstName>
<lastName>Tengel</lastName>
<dob></dob>
<dod></dod>
<pob></pob>
<pod></pod>
<professional-start>1675</professional-start>
<professional-end>1685</professional-end>
<professions>
<profession>
<term>verkoper</term>
<profession-id>25</profession-id></profession>
<profession>
<term>oudkleerverkoper</term>
<profession-id>61</profession-id></profession>
</professions>
<marriage>1. SH 21-11-1664 Hendrickje Gerrits (Stibbelaars, Stuwelaers) uit Genderingen (getuige zijn bekende Johannes Brouwer); 2. KO 2-11-1673 Helena Jans van West uit Den Bosch (getuige zijn schoonvader Heyndrick Lucasz; als zijn beroep wordt opgegeven kleermaker); kinderen: doop HK 24-12-1675 Hendrik; HK 28-2-1677 Everardus; HK 22-6-1683 Marijtje (getuige Jacobus Manneke).</marriage>
<address>1664 Nieuwstraat; 1673 Nieuwstraat.</address>
<street>Nieuwstraat</street>
<street-id>40</street-id>
<lat>52.1571066</lat>
<lon>4.4946585
</lon>
<guild>20-6-1675 Contribuant van het gilde na een rekest aan het gerecht, omdat de overlieden van het gilde hem eerst niet wilden toelaten (AB 83a, ff. 93v-94A).</guild>
<misc>Pieter van Rijschooten voor boeken 60.5</misc>
<all>
<l>Tengel, Ferdinandus (w. 1675-85)</l>
<l>Oudkleerverkoper, later verkoper van oude boeken.</l>
<l>Luthers.</l>
<l>Adres: 1664 Nieuwstraat; 1673 Nieuwstraat.</l>
<l>Huwelijk: 1. SH 21-11-1664 Hendrickje Gerrits (Stibbelaars, Stuwelaers) uit Genderingen (getuige zijn bekende Johannes Brouwer); 2. KO 2-11-1673 Helena Jans van West uit Den Bosch (getuige zijn schoonvader Heyndrick Lucasz; als zijn beroep wordt opgegeven kleermaker); kinderen: doop HK 24-12-1675 Hendrik; HK 28-2-1677 Everardus; HK 22-6-1683 Marijtje (getuige Jacobus Manneke).</l>
<l>Gilde: 20-6-1675 Contribuant van het gilde na een rekest aan het gerecht, omdat de overlieden van het gilde hem eerst niet wilden toelaten (AB 83a, ff. 93v-94A).</l>
<l>NA 1141, nr. 36 (1675) Obligatie als oudkleerverkoper aan Gerrit Barentsz Meul van 90 voor achterstallige huishuur.</l>
<l>NA ?, (notaris Jacob van der Stoffe), nr. ? (15-12-1684) Testament met Helena Jans West.</l>
<l>NA 1160, nr. 44 [scan 143 e.v.] (19-4-1685) Boedel op verzoek van zijn weduwe. Voogden over zijn voordochter zijn Jacob Mannekes en Johannes Schuijrmans.</l>
<l>Effecten:</l>
<l>boeckjes van een stuijver</l>
<l>300 plat goet</l>
<l>150 15</l>
<l>50 10</l>
<l>60 8</l>
<l>een packje plat goet met</l>
<l>100 boeckjes van een gl. 4</l>
<l>100 boeckjes van 2 st. 10</l>
<l>6 testamenten slechte a 12 st. 3.12</l>
<l>4 boekjes spaens leer 6</l>
<l>2 testamenten octavo 3.12</l>
<l>6 testamenten franse bant 7</l>
<l>2 psalm boecken 1.10</l>
<l>2 franse testamentes 3</l>
<l>2 bijbelties het eene frans 4</l>
<l>2 testamenten 1.10</l>
<l>10 groene psalm boecken 5</l>
<l>6 slegte dit0 2</l>
<l>4 psalm boekjes 1.16</l>
<l>37 dito 12</l>
<l>5 dito op noten 2</l>
<l>5 testamenties 5</l>
<l>2 avontmaelen 1</l>
<l>5 paepse boecken 3</l>
<l>2 catelijckse ende sondag school 2.10</l>
<l>1 testament ende 3 psalmboeken 2.8</l>
<l>5 psalmboeken 2.14</l>
<l>3 bijbelties 8</l>
<l>1 out bijbeltie 1</l>
<l>6 testamenties segreijn leer 9</l>
<l>1 kleijn octavo segreijn 2.10</l>
<l>1 testament boeckje segreijn 2</l>
<l>1 groff psalm ende testament boekje segreijn 3</l>
<l>14 psalmboeckjes in duodecimo 4.10</l>
<l>9 psalm boekjes op noten 3.12</l>
<l>6 dito slegte 1.16</l>
<l>17 vergulde boeckjes 8.10</l>
<l>6 boekjes 1.10</l>
<l>8 avontmaelen 4</l>
<l>6 slegte testament boekjes 4</l>
<l>14 testamenties 17.10</l>
<l>4 testamenties 4</l>
<l>1 bijbel ende testament 3.10</l>
<l>1 testament 1</l>
<l>1 bijbeltie duijts 2</l>
<l>3 psalm boecken 2.10</l>
<l>4 boeken 3</l>
<l>1 testamentie 0.18</l>
<l>3 boekjes 0.18</l>
<l>bijbeltie ende testamentie 3.10</l>
<l>2 bijbelties in franse banden 5</l>
<l>3 testamenties met psalmen 5.10</l>
<l>4 testamenties 6</l>
<l>1 psalm boekje ende 2 testamenties 3</l>
<l>20 octavo 26</l>
<l>20 stuck 8</l>
<l>32 octavo 30</l>
<l>29 in duodecimo 9</l>
<l>40 boeckjes 8</l>
<l>20 dito 3</l>
<l>7 dito 4</l>
<l>1 bijbeltie 1</l>
<l>10 oude testamenten 5</l>
<l>9 quarto boecken 4</l>
<l>6 nieuwe quarto 7.10</l>
<l>15 foliant boecken 9</l>
<l>1 partij boecken 2</l>
<l>1 partij dito 2</l>
<l>1 partij dito 3</l>
<l>1 partij dito 2</l>
<l>1 partij dito 4</l>
<l>1 partij dito 2</l>
<l>1 partij dito 12</l>
<l>een partij boecken in de auxi van Mocque bij de overledene gekogt ende deselve bij providie gestelt op 100.</l>
<l>Het totaal aan boeken komt daarmee op 469.6. De huisraad is geschat op 600.</l>
<l>De uitstaande schulden aan collega boekverkopers bedragen als volgt:</l>
<l>Gijsbert de Groot voor boeken 168.1</l>
<l>Johannes Schot voor boeken 169.15</l>
<l>Gasparus Lootsman voor boeken 71.13</l>
<l>Antonij Hasebroek voor boeken 17</l>
<l>Pieter van Rijschooten voor boeken 60.5</l>
</all>
</person>