<person>
<firstName>Isaak</firstName>
<lastName>Terdu</lastName>
<dob></dob>
<dod></dod>
<pob></pob>
<pod></pod>
<professional-start>1743</professional-start>
<professional-end>1752</professional-end>
<professions>
<profession>
<term>drukker</term>
<profession-id>9</profession-id></profession>
<profession>
<term>plaatdrukker</term>
<profession-id>56</profession-id></profession>
</professions>
<marriage>Maria Briljaart; kinderen: doop HK 9-2-1736 Johannes; HK 23-1-1744 Marijtje; PK 27-4-1746 Carel Cornelis.</marriage>
<guild>1-4-1732 L bij Pieter de Maire. 1-4-1743 Vrijmeester; 1752 uit het gilde getreden (AB 83a, f. 50v).</guild>
<literature>Ledeboer.</literature>
<misc>Personeel: 2-12-1743 Jan Hillegers (Heyligert?) L voor 4 jaar (loon: I 16 st. II 4 sch. [?] III + IV na overleg, maar geen werk, geen geld) (AB 83c, f. 52).</misc>
<all>
<l>Terdu, Isaak (w. 1743-52)</l>
<l>Plaatdrukker.</l>
<l>Huwelijk: Maria Briljaart; kinderen: doop HK 9-2-1736 Johannes; HK 23-1-1744 Marijtje; PK 27-4-1746 Carel Cornelis.</l>
<l>Gilde: 1-4-1732 L bij Pieter de Maire. 1-4-1743 Vrijmeester; 1752 uit het gilde getreden (AB 83a, f. 50v).</l>
<l>Personeel: 2-12-1743 Jan Hillegers (Heyligert?) L voor 4 jaar (loon: I 16 st. II 4 sch. [?] III + IV na overleg, maar geen werk, geen geld) (AB 83c, f. 52).</l>
<l>Lit.: Ledeboer.</l>
</all>
</person>