<person>
<firstName>Lenaert Dierts [Diericks] van, ook wel Leonardus Theodori</firstName>
<lastName>Tetrode</lastName>
<dob>1583</dob>
<dod></dod>
<pob>Gouda </pob>
<pod></pod>
<professional-start>1601</professional-start>
<professional-end></professional-end>
<professions>
<profession>
<term>boekverkoper</term>
<profession-id>1</profession-id></profession>
<profession>
<term>verkoper</term>
<profession-id>25</profession-id></profession>
</professions>
<literature>Briels 65; Van Heel IV, 13-14; Kossmann, Binnenhof, 194.</literature>
<misc>NA 70, nr. 194 (17-5-1603) Aanbod aan Pieter van Holt van 100.</misc>
<all>
<l>Tetrode, Lenaert Dierts [Diericks] van, ook wel Leonardus Theodori (Gouda 1583; w. 1601)</l>
<l>Boekverkoper te Gouda.</l>
<l>Had in 1599 een stal op het Leidse stadhuis. Had in 1608 een stal op het Binnenhof gedurende de kermis.</l>
<l>NA 69, nr. 204 (13-6-1601) Verklaring Nicolaes Christiansen en Laurens Hemmelinck t.v.v. Lenaert Dierts van Tetrode, boekverkoper te Gouda, dat zij in oktober 1599 bij Tetrode waren geweest op zijn stal in het stadhuis. Heeft betrekking op affaire tussen Louis Elzevier en Pieter van Holt. Ook Matthias Elzevier genoemd, evenals een boek Syntaxis artis mirabilis.</l>
<l>NA 69, nr. 212 (20-6-1601) Procuratie van Joost Harthals aan de procureur Michiel Bruyns te Gouda om hem te vertegenwoordigen in zijn zaak tegen Tetrode.</l>
<l>NA 69, nr. 207 (21-6-1601) Obligatie van de Amsterdamse koopman Joost Harthals van 115.10. (?).</l>
<l>NA 70, nr. 194 (17-5-1603) Aanbod aan Pieter van Holt van 100.</l>
<l>Lit.: Briels 65; Van Heel IV, 13-14; Kossmann, Binnenhof, 194.</l>
</all>
</person>