<person>
<firstName>Thonisz], Jan [Joannes]</firstName>
<lastName>Theunisz [Antonides</lastName>
<dob></dob>
<dod></dod>
<pob>alkmaar</pob>
<pob-id>55</pob-id>
<pod></pod>
<professional-start>1591</professional-start>
<professional-end>1604</professional-end>
<professions>
<profession>
<term>boekverkoper</term>
<profession-id>1</profession-id></profession>
<profession>
<term>drukker</term>
<profession-id>9</profession-id></profession>
<profession>
<term>corrector</term>
<profession-id>19</profession-id></profession>
<profession>
<term>verkoper</term>
<profession-id>25</profession-id></profession>
<profession>
<term>lettergieter</term>
<profession-id>34</profession-id></profession>
<profession>
<term>arabist</term>
<profession-id>62</profession-id></profession>
</professions>
<marriage>1. Meynsje Dirks; 2. SH 28-5-1602 Metje Claes van Helmond (getuige zijn bekende Claes Willemsz; 3. SH 28-6-1603 Tryntje Adriaans van Alkmaar (getuige zijn broer Aernt). Omstreeks 1595 werkzaam als corrector bij Frans I van Raphelingen. Na de dood van Thomas I de Vechter (1602) nam hij tot 1604 de zaken in diens gieterij waar, tot Thomas II de Vechter het beheer overnam. Na 1604 werkzaam te Amsterdam, waar hij Hebreeuwse boeken drukte. Kocht op 21-12-1604 matrijzen van de erven van Thomas I de Vechter. Probeerde in 1602 academiedrukker te worden?</marriage>
<address>1591, 1602-03 Visbrug, In de druckerij.</address>
<literature>Briels 464; Wijnman 1928, 29-123; Wijnman 1944-46; Wijnman 1948.</literature>
<misc>NA 41A, nr. 209 (11-12-1613) Akte betreffende de weeskinderen van Meynsje Dirks (uit zijn eerste huwelijk).</misc>
<all>
<l>Theunisz [Antonides, Thonisz], Jan [Joannes] (* Alkmaar; w.  1591-1604)</l>
<l>Arabist, corrector, lettergieter, drukker en boekverkoper.</l>
<l>Adres: 1591, 1602-03 Visbrug, In de druckerij.</l>
<l>Huwelijk: 1. Meynsje Dirks; 2. SH 28-5-1602 Metje Claes van Helmond (getuige zijn bekende Claes Willemsz; 3. SH 28-6-1603 Tryntje Adriaans van Alkmaar (getuige zijn broer Aernt). Omstreeks 1595 werkzaam als corrector bij Frans I van Raphelingen. Na de dood van Thomas I de Vechter (1602) nam hij tot 1604 de zaken in diens gieterij waar, tot Thomas II de Vechter het beheer overnam. Na 1604 werkzaam te Amsterdam, waar hij Hebreeuwse boeken drukte. Kocht op 21-12-1604 matrijzen van de erven van Thomas I de Vechter. Probeerde in 1602 academiedrukker te worden?</l>
<l>NA 31, f. 141 (11-7-1603) Huwelijkscontract.</l>
<l>NA 32, nr. 30 (6-2-1604) Harper Pouwels, oud ca. 29 jaar, drukker Jan Anthonis, oud ca. 34 jaar, schipper Cornelis Vliege, oud ca. 44 jaar, Marie Jans, huisvrouw van Arent Symons out ca. 50 jaar, Dien[] Claes, huisvrouw van Michiel Jansz oud ca. 35 jaar, en Maritje Jans, ongehuwd, oud ca. 32 jaar, verklaren op verzoek van Dirck Jansz uit Hoorn waar te wezen dat de Amsterdammer Jan Vredericxz de kelder van Jansz had gehuurd om daar orangen appelen in op te slaan vanuit een Kager schuit. Het ging om een totaal van 26.000 sinasappelen.</l>
<l>Album studiosorum: 22-2-1612 Johannes Antonides Alcmarianus. 42, Ling. Arab. Lector.</l>
<l>NA 41A, nr. 209 (11-12-1613) Akte betreffende de weeskinderen van Meynsje Dirks (uit zijn eerste huwelijk).</l>
<l>Lit.: Briels 464; Wijnman 1928, 29-123; Wijnman 1944-46; Wijnman 1948.</l>
</all>
</person>