<person>
<firstName>Henricus Josephus</firstName>
<lastName>Thijssens</lastName>
<dob></dob>
<dod></dod>
<pob></pob>
<pod></pod>
<professional-start>1809</professional-start>
<professional-end></professional-end>
<professions>
<profession>
<term>boekverkoper</term>
<profession-id>1</profession-id></profession>
<profession>
<term>verkoper</term>
<profession-id>25</profession-id></profession>
</professions>
<guild>2-1-1809 Vrijmeester (AB 83a, f. ?).</guild>
<misc>unknown</misc>
<all>
<l>Thijssens, Henricus Josephus (w. 1809)</l>
<l>Boekverkoper.</l>
<l>Gilde: 2-1-1809 Vrijmeester (AB 83a, f. ?).</l>
</all>
</person>