<person>
<firstName>Jan</firstName>
<lastName>Boon</lastName>
<dob></dob>
<dod></dod>
<pob>leiden</pob>
<pob-id>1</pob-id>
<pod></pod>
<professional-start>1707</professional-start>
<professional-end></professional-end>
<professions>
<profession>
<term>letterzetter</term>
<profession-id>4</profession-id></profession>
</professions>
<marriage>SH 21-10-1707 Dorothea Cornelis uit Randers in Denemarken, op de Mare (getuige zijn vader en haar bekende Vrouwtje de Vries).</marriage>
<address>1707 Choorlammersteeg.</address>
<street>Choorlammersteeg</street>
<street-id>6</street-id>
<lat>52.1571297</lat>
<lon>4.4916808
</lon>
<misc>NA 1586, nr. 65 (1707) Akte.</misc>
<all>
<l>Boon, Jan (* Leiden; w. 1707)</l>
<l>Letterzetter.</l>
<l>Zoon van Maerten Boon.</l>
<l>Adres: 1707 Choorlammersteeg.</l>
<l>Huwelijk: SH 21-10-1707 Dorothea Cornelis uit Randers in Denemarken, op de Mare (getuige zijn vader en haar bekende Vrouwtje de Vries).</l>
<l>NA 1586, nr. 65 (1707) Akte.</l>
</all>
</person>