<person>
<firstName>Joseph Johannes</firstName>
<lastName>Thijssens</lastName>
<dob></dob>
<dod></dod>
<pob>schoonhoven</pob>
<pob-id>79</pob-id>
<pod></pod>
<professional-start>1774</professional-start>
<professional-end>1812</professional-end>
<professions>
<profession>
<term>boekverkoper</term>
<profession-id>1</profession-id></profession>
<profession>
<term>verkoper</term>
<profession-id>25</profession-id></profession>
</professions>
<marriage>SH 7/22-10-1771 Cornelia Uijthoven (Uijthoorn) (getuige zijn vader).</marriage>
<address>1771, 1803 Maarsmansteeg.</address>
<street>Maarsmansteeg</street>
<street-id>32</street-id>
<lat>52.1587717</lat>
<lon>4.4907079
</lon>
<guild>5-10-1761 L bij Hendrik Koster; 6-5-1765 bij Pieter v.d. Eyck voor 4 jaar; 2-11-1769 bij Daniel Vijgh. 2-5-1774 Vrijmeester (AB 83a, f. 37v). Hoofdman 1798-1804, 1808-10.</guild>
<literature>Ledeboer.</literature>
<misc>Tal van veilingen.</misc>
<all>
<l>Thijssens, Joseph Johannes (* Schoonhoven; w. 1774-1812)</l>
<l>Boekverkoper.</l>
<l>Zoon van Frans Thijssen op het Oude Levendaal.</l>
<l>Adres: 1771, 1803 Maarsmansteeg.</l>
<l>Huwelijk: SH 7/22-10-1771 Cornelia Uijthoven (Uijthoorn) (getuige zijn vader).</l>
<l>Gilde: 5-10-1761 L bij Hendrik Koster; 6-5-1765 bij Pieter v.d. Eyck voor 4 jaar; 2-11-1769 bij Daniel Vijgh. 2-5-1774 Vrijmeester (AB 83a, f. 37v). Hoofdman 1798-1804, 1808-10.</l>
<l>Personeel: 5-6-1780 Jan Thijssens L; 2-2-1784 Jan van Langeveld; pre-1787? Arnoldus Fleur (wegens verzuim niet ingeschreven, zie Jacob Murray); 2-2-1789 Gijsbertus Franciscus Hemerik, Franciscus Thijssens (AB 83c, f. 18v).</l>
<l>Gaf de Nederlandsche Patriot uit.</l>
<l>Poorterboeken: getuige bij bij Johannes Leonardus Hamers (29-4-1785).</l>
<l>NA 2586, nr. 63 (1775) Akte met Cornelia Uythoorn.</l>
<l>NA 2342, nr. 743 (1782) Contract en transport.</l>
<l>Tal van veilingen.</l>
<l>Lit.: Ledeboer.</l>
</all>
</person>