<person>
<firstName>Adriaan</firstName>
<lastName>Thijsz</lastName>
<dob>1557</dob>
<dod></dod>
<pob></pob>
<pod></pod>
<professional-start></professional-start>
<professional-end></professional-end>
<professions>
<profession>
<term>boekdrukker</term>
<profession-id>6</profession-id></profession>
<profession>
<term>drukker</term>
<profession-id>9</profession-id></profession>
<profession>
<term>boekbinder</term>
<profession-id>43</profession-id></profession>
</professions>
<address>Hogewoerd 22.</address>
<street>Hogewoerd</street>
<street-id>18</street-id>
<lat>52.1554131</lat>
<lon>4.499997
</lon>
<literature>A.J. Versprille, De geschiedenis van de Leidse motetboeken, Leids jaarboekje, 57 (1965), 105; J.D. Bangs, Reconsidering the Lutheran booktrade: The so-called Winkelkasboek of Pieter Claesz. van Balen, Quaerendo, 9 (1979), 239.</literature>
<misc>Mede-verantwoordelijk voor het binden van de Leidse koorboeken.</misc>
<all>
<l>Thijsz, Adriaan (1557-73)</l>
<l>Boekbinder, later boekdrukker.</l>
<l>Adres: Hogewoerd 22.</l>
<l>Kohier 1557, Hogewoerd, f. 63v Arien Thysz, boickbynder.</l>
<l>Kohier 10de penning 1561, Hogewoerd, f. 205 Adriaen Thysz, bouckbinder, 6.</l>
<l>Mede-verantwoordelijk voor het binden van de Leidse koorboeken.</l>
<l>Lit.: A.J. Versprille, De geschiedenis van de Leidse motetboeken, Leids jaarboekje, 57 (1965), 105; J.D. Bangs, Reconsidering the Lutheran booktrade: The so-called Winkelkasboek of Pieter Claesz. van Balen, Quaerendo, 9 (1979), 239.</l>
</all>
</person>