<person>
<firstName>Johannes [Joan] van</firstName>
<lastName>Thoir</lastName>
<dob>1766</dob>
<dod></dod>
<pob>leiden</pob>
<pob-id>1</pob-id>
<pod></pod>
<professional-start>1791</professional-start>
<professional-end>1819</professional-end>
<professions>
<profession>
<term>boekverkoper</term>
<profession-id>1</profession-id></profession>
<profession>
<term>verkoper</term>
<profession-id>25</profession-id></profession>
</professions>
<marriage>KO 26-4-1792 Anna Cornelia Oudorp uit Nijmegen (getuige zijn neef Moises des Guins).</marriage>
<address>1792 Houtstraat; Garenmarkt.</address>
<street>Houtstraat</street>
<street-id>20</street-id>
<lat>52.1581218</lat>
<lon>4.4855674
</lon>
<guild>4-5-1778 L bij Van der Spijk; 3-3-1783 bij Abraham en Jan Honkoop. 15-12-1791 Vrijmeester (AB 83a, f. ?).</guild>
<misc>NA 2656, f. 3 (1800) Obligatie.</misc>
<all>
<l>Thoir, Johannes [Joan] van (* Leiden 1766 [doop MK 11-5]; w. 1791-1819)</l>
<l>Boekverkoper.</l>
<l>Zoon van Jan Willem van Thoir en Christina Voorthuijzen.</l>
<l>Adres: 1792 Houtstraat; Garenmarkt.</l>
<l>Huwelijk: KO 26-4-1792 Anna Cornelia Oudorp uit Nijmegen (getuige zijn neef Moises des Guins).</l>
<l>Gilde: 4-5-1778 L bij Van der Spijk; 3-3-1783 bij Abraham en Jan Honkoop. 15-12-1791 Vrijmeester (AB 83a, f. ?).</l>
<l>Personeel: 1-9-1794 Cornelis van Werkhoven L voor 4 jaar; 7-12-1795 Abraham Wille (van Van der Spijk); 6-3-1797 C.F. Keller; 6-3-1797 Jan van Geemert; 5-9-1803 J. Abrahams (van Middelburg?), Jacob van Hardeveld (van Murray, 1799); 1-6-1807 Karel Gottfried Menzel (van Boucher; volgens een aantekening was Menzel geboren in 1789, werd hij vrijmeester in 1811 en overleed hij op 23-12-1864 te Leiden) (AB 83c, f. 20r-v).</l>
<l>NA 2612, nr. 102 (1792) Mutueel testament.</l>
<l>NA 2679, f. 297, nr. 60 [scan nr. 261] (23-10-1793) Acte van conventie tussen Lucas van der Spijk, guarde du corps van Willem V te Den Haag, en Johannes van Thoir. Zij hadden op 1-1-1792 een compagnie opgericht voor de boeknegotie, die nu wordt beindigd. Van Thoir betaalt Van der Spijk 600 ter compensatie i.p.v. het genot van 20% van de inkomsten uit de  boekhandel.</l>
<l>NA 2679, f. 127 [scan nr. 478] (19-4-1794) Acte van compagnieschap tussen Johannes du Thoir en Jan Pieter Sommer voor de negotie van boeken. Bepalingen: 1. naam is firma van Thoir; 2. duur 15 jaar, met ingang van 1-1-1794; 3. Van Thoir brengt al zijn boeken in t.w.v. 6234:15, waar van afgaat hetgeen in het lopende jaar is verkocht, te weten fl. 450; 4. Sommer brengt een zelfde bedrag in; 5. Indien nog niet het gehele bedrag is ingebracht, brengt Van Thoir daarop 4% rente in rekening; Van Thoir krijt 5% administratieloon per jaar; 7. Winst en verlies komt gelijkelijk voor rekening van beide compagnons; 8. Bij scheiding worden de bezittingen van de compagnie gelijkelijk verdeeld; 9. Deze veredeling zal plaats vinden door externe taxateurs; 10. Als er enig geschil is tussen beiden bij de opveiling van boeken worden de goederen gelijkelijk verdeeld; 11. Bij overlijden heeft de weduwe van een compagnon het recht de compagnie voort te zetten; zij moet binnen zes weken bescheid geven; 12. Compagnons moeten eerlijk met elkaar handelen.</l>
<l>NA 2679, f. 457, nr. 109 [scan nr. 767] (2-12-1794) Obligatie van Johannes van Thoir en zijn vrouw aan Petronella Hillegonda Oudorp van 2000 tegen 4% rente.</l>
<l>NA 2679, f. 381 (1794) Procuratie.</l>
<l>NA 2680, f. 149 (1795) Obligatie.</l>
<l>NA 2682, f. 529 (1797) Procuratie.</l>
<l>NA 2683, f. 593 (1798) Procuratie.</l>
<l>NA 2623, nr. 114 (1799) Obligatie.</l>
<l>NA 2568, nr. 331 (1799) Procuratie.</l>
<l>NA 2684, f. 691 (1799) Protest van wissel.</l>
<l>NA 2684, f. 317 (1799) Procuratie ad negotiam.</l>
<l>NA 2656, f. 3 (1800) Obligatie.</l>
</all>
</person>