<person>
<firstName>Nathaniel</firstName>
<lastName>Thorp</lastName>
<dob>1633</dob>
<dod></dod>
<pob>amsterdam</pob>
<pob-id>6</pob-id>
<pod></pod>
<professional-start>1660</professional-start>
<professional-end></professional-end>
<professions>
<profession>
<term>drukker</term>
<profession-id>9</profession-id></profession>
<profession>
<term>knecht</term>
<profession-id>45</profession-id></profession>
<profession>
<term>drukkers</term>
<profession-id>63</profession-id></profession>
<profession>
<term>zettersknecht</term>
<profession-id>64</profession-id></profession>
<profession>
<term>glasmaker</term>
<profession-id>65</profession-id></profession>
</professions>
<marriage>SH 17-3-1655 Aeltje Christiaens/Corstiaens uit Amersfoort (getuige zijn oom Jan Eynswort); kinderen: doop PK 26-1-1656 Lidia; PK 19-9-1657 Abigael; HK 30-9-1664 Hendrick.</marriage>
<address>Cortsteeg.</address>
<misc>NA 742, nr. 48 (4-3-1660) Verklaring met o.a. Maarten Schepers en Hendrick van Damme, allen boekdrukkers of letterzetters, alsmede zijn vrouw, t.v.v. Jan Barentsz Haneman in wiens huis zij enkele jaren terug een vrolijke partij hebben gehad, waarbij ook aanwezig waren geweest de letterzetter en drukker Johannes Kieckens en zijn vrouw. Hij is 27 jaar.</misc>
<all>
<l>Thorp, Nathaniel (* Amsterdam  1633; w. 1660)</l>
<l>Drukkers of zettersknecht? Bij zijn huwelijk is zijn beroep glasmaker.</l>
<l>Adres: Cortsteeg.</l>
<l>Huwelijk: SH 17-3-1655 Aeltje Christiaens/Corstiaens uit Amersfoort (getuige zijn oom Jan Eynswort); kinderen: doop PK 26-1-1656 Lidia; PK 19-9-1657 Abigael; HK 30-9-1664 Hendrick.</l>
<l>NA 742, nr. 48 (4-3-1660) Verklaring met o.a. Maarten Schepers en Hendrick van Damme, allen boekdrukkers of letterzetters, alsmede zijn vrouw, t.v.v. Jan Barentsz Haneman in wiens huis zij enkele jaren terug een vrolijke partij hebben gehad, waarbij ook aanwezig waren geweest de letterzetter en drukker Johannes Kieckens en zijn vrouw. Hij is 27 jaar.</l>
</all>
</person>