<person>
<firstName>Lucas</firstName>
<lastName>Tibault</lastName>
<dob></dob>
<dod></dod>
<pob></pob>
<pod></pod>
<professional-start>1659</professional-start>
<professional-end></professional-end>
<professions>
<profession>
<term>boekverkoper</term>
<profession-id>1</profession-id></profession>
<profession>
<term>verkoper</term>
<profession-id>25</profession-id></profession>
</professions>
<literature>Thesaurus.</literature>
<misc>unknown</misc>
<all>
<l>Tibault, Lucas (w. 1659)</l>
<l>Boekverkoper?</l>
<l>Lit.: Thesaurus.</l>
</all>
</person>