<person>
<firstName>Johannes van</firstName>
<lastName>Tiffelen</lastName>
<dob>1748</dob>
<dod></dod>
<pob>leiden</pob>
<pob-id>1</pob-id>
<pod></pod>
<professional-start>1769</professional-start>
<professional-end>1805</professional-end>
<professions>
<profession>
<term>boekverkoper</term>
<profession-id>1</profession-id></profession>
<profession>
<term>verkoper</term>
<profession-id>25</profession-id></profession>
</professions>
<marriage>KO 9-7-1773 Jannetje Pel (* Leiden 1752,  Leiden 1804) (getuige zijn vader).</marriage>
<address>1773 Hooglandsekerkgracht;  pre-1793 Nieuwsteeg; 1793-1808 Rapenburg 32 (in 1808 verkocht voor 11250). Hij bezat ook een speeltuin in Zoeterwoude.</address>
<street>Rapenburg</street>
<street-id>50</street-id>
<lat>52.155884</lat>
<lon>4.4876151
</lon>
<guild>Pre-1762 L bij Du Mortier; 11-1-1762 bij Cornelis Hoogeveen voor 4 jaar (dog hem aangezegt dat de vorige jaren hem niet kunnen helpen); 1-12-1766 bij Bartholomeus Pret; 4-3-1767 bij Jan Heyligert. 6-3-1769 Vrijmeester (AB 83a, f. 25v). Hoofdman 1794, 1798-1806.</guild>
<literature>Ledeboer; Het Rapenburg Va, 85, 102.</literature>
<misc>Overleden in het Minnehuis.</misc>
<all>
<l>Tiffelen, Johannes van (* Leiden 1748   Leiden 1812; w. 1769-1805)</l>
<l>Boekverkoper.</l>
<l>Zoon van Johannes van Tiffelen.</l>
<l>Adres: 1773 Hooglandsekerkgracht;  pre-1793 Nieuwsteeg; 1793-1808 Rapenburg 32 (in 1808 verkocht voor 11250). Hij bezat ook een speeltuin in Zoeterwoude.</l>
<l>Huwelijk: KO 9-7-1773 Jannetje Pel (* Leiden 1752,  Leiden 1804) (getuige zijn vader).</l>
<l>Gilde: Pre-1762 L bij Du Mortier; 11-1-1762 bij Cornelis Hoogeveen voor 4 jaar (dog hem aangezegt dat de vorige jaren hem niet kunnen helpen); 1-12-1766 bij Bartholomeus Pret; 4-3-1767 bij Jan Heyligert. 6-3-1769 Vrijmeester (AB 83a, f. 25v). Hoofdman 1794, 1798-1806.</l>
<l>Personeel: 8-4-1771 Jan Daniel Vreugdewater (van Carel Delfos; later boekverkoper te Haarlem); 1-1-1771 Adolf de Pecker L voor 4 jaar; 5-9-1774 Karel Westede voor 4 jaar (van Carel Delfos); 7-11-1775 Frans Pel voor 4 jaar; 4-11-1776 Cornelis Mulder voor 4 jaar; 7-4-1777 Wiggert Hendrik Grijp* voor 4 jaar; Hendrik Frederikse voor 4 jaar (vertrokken 7-7-1777); 5-6-1780 Adriaan Simonis L (van Luchtmans); 7-3-1785 Abr. Brouwer L voor 4 jaar; 5-9-1785 Christ. Dringhuisen L (wees); 1-10-1787 Nicolaas Brinkman L (later naar Luchtmans); 1-9-1788 Jacob Reinierse* L; 7-12-1789 Gerrit van Sighem L voor 4 jaar; 4-7-1791 Johannes Jacobsz Humbert L voor 4 jaar; Jan van Reyn (?) L (roomse wees); 5-11-1792 Herman Pierot L voor 4 jaar; 5-8-1793 Hendrik Weyers L voor 4 jaar; -12-1797 Pieter Leboncham L voor 4 jaar; maart 1798 Jan Hakbyl L voor 4 jaar; 4-2-1805 Pieter Mieremet (AB 83c, ff. 68v, 78).</l>
<l>SA 210, Coll. Succ. 1803-06, f. 71 (18-2-1805) Curatele.</l>
<l>WA 4022a-h Bescheiden betreffende zijn nalatenschap, w.o. zijn testament van 25-10-1805.</l>
<l>? NA 2556, nr. 81 (1768) Qualificatie (J. van Tiffelen jr.).</l>
<l>NA 2562, f. 87 [scan nr. 94] (9-3-1793) Verkoop in het Herenlogement bij de Burcht van een huis aan de Nieuwsteeg OZ tegenover de Salomonstraat. Uitgezonderd van de verkoop zijn in het voorhuis een winkel, hoekbank en zoldertje, pers, klopsteen, in de binnenkamer een hoekbuffet, en verder zodanige meubilen en boekekassen welke met krammen, houwvasten ofte anders aan muuren, ofte zolders gehegt ofte vastgemaakt zoude mogen zijn. Koper is Gijsbert van der Spruijt voor de zusters Diena en Johanna Kelder voor fl. 1190.</l>
<l>NA 2616, nr. 96 (1796) Akte van voogdij.</l>
<l>NA 2566, nr. 86/f. 292 [scan nr. 284] (19-6-1797) Procuratie aan L. Scheltens te Brussel om van Andries Coster geld te ontvangen vanwege een schuld.</l>
<l>NA 2619, nr. 85 (1797) Akte van cautie.</l>
<l>Gaf o.a. De Advocaat der nationale vryheid uit (20 nrs.).</l>
<l>Tal van veilingen.</l>
<l>Overleden in het Minnehuis.</l>
<l>Lit.: Ledeboer; Het Rapenburg Va, 85, 102.</l>
</all>
</person>