<person>
<firstName>Nicolaas van</firstName>
<lastName>Tilburgh</lastName>
<dob></dob>
<dod></dod>
<pob>rotterdam</pob>
<pob-id>38</pob-id>
<pod></pod>
<professional-start>1711</professional-start>
<professional-end></professional-end>
<professions>
<profession>
<term>letterzetter</term>
<profession-id>4</profession-id></profession>
</professions>
<marriage>KO 6-3-1711 Neeltje Hofman (getuige zijn vader Ary van Tilburgh te Gouda).</marriage>
<address>St. Jorissteeg.</address>
<misc>unknown</misc>
<all>
<l>Tilburgh, Nicolaas van (* Rotterdam; w. 1711)</l>
<l>Letterzetter.</l>
<l>Adres: St. Jorissteeg.</l>
<l>Huwelijk: KO 6-3-1711 Neeltje Hofman (getuige zijn vader Ary van Tilburgh te Gouda).</l>
</all>
</person>