<person>
<firstName>Cornelis Jansz</firstName>
<lastName>Timmer</lastName>
<dob></dob>
<dod></dod>
<pob></pob>
<pod></pod>
<professional-start>1625</professional-start>
<professional-end></professional-end>
<professions>
<profession>
<term>boekverkoper</term>
<profession-id>1</profession-id></profession>
<profession>
<term>verkoper</term>
<profession-id>25</profession-id></profession>
</professions>
<misc>NA 149, nr. 71 (27-11-1625) Transport van kleren door IJsbrant Jansz Timmer.</misc>
<all>
<l>Timmer, Cornelis Jansz (w. 1625)</l>
<l>Boekverkoper.</l>
<l>NA 149, nr. 71 (27-11-1625) Transport van kleren door IJsbrant Jansz Timmer.</l>
</all>
</person>