<person>
<firstName>Aldert Hoendericx</firstName>
<lastName>Tinge [Tings]</lastName>
<dob></dob>
<dod></dod>
<pob>groningen</pob>
<pob-id>13</pob-id>
<pod></pod>
<professional-start>1650</professional-start>
<professional-end>1652</professional-end>
<professions>
<profession>
<term>boekverkoper</term>
<profession-id>1</profession-id></profession>
<profession>
<term>verkoper</term>
<profession-id>25</profession-id></profession>
</professions>
<marriage>SH 5-1/29-1-1650 Belijtje Arents Brief van Haestenraet (getuige zijn zwager Jan Claesz van der Graft).</marriage>
<address>1650 Rijn; 1651 Kloksteeg.</address>
<street>Kloksteeg</street>
<street-id>22</street-id>
<lat>52.1572547</lat>
<lon>4.4873558
</lon>
<misc>NA 758, nr. 51 (9-3-1652) Obligatie met zijn vrouw aan Fredericus Willecus (?) en Geertruyt Remmes (?) van 300 i.v.m. lening.</misc>
<all>
<l>Tinge [Tings], Aldert Hoendericx (* Groningen; w. 1650-52)</l>
<l>Boekverkoper.</l>
<l>Adres: 1650 Rijn; 1651 Kloksteeg.</l>
<l>Huwelijk: SH 5-1/29-1-1650 Belijtje Arents Brief van Haestenraet (getuige zijn zwager Jan Claesz van der Graft).</l>
<l>Personeel: pre-1657 Zeeger Jansz van Gogh* L voor 3 jaar (Tinge was toen in het buitenland).</l>
<l>NA 671, nr. 107 (5-9-1650) Obligatie van 1000 aan ? voor boeken.</l>
<l>NA 757, nr. 47 (16-1-1651) Verhuurt aan de lakenwerker Pieter Hasu een huis en erf aan de Loijerstraat voor 2 jaar  150.</l>
<l>NA 758, nr. 12 (20-1-1652) Verklaring div. personen wonend in het Noordeinde op zijn verzoek n.a.v. een geweldadige ruzie die hij had gekregen met een zekere student Daleman in de herberg Het Schild van Frankrijk in het Noordeinde.</l>
<l>NA 758, nr. 19 (28-1-1652) Idem. Tinge zit inmiddels in de gevangenis.</l>
<l>NA 758, nr. 20 (28-1-1652) Idem. Het blijkt dat Tinges vrouw was uitgescholden door de huisvrouw van Doos... (?) Jansz uit Den Haag over een schuld.</l>
<l>NA 758, nr. 23 (2-2-1652) Verklaring Jannetje Jans van der Vest, wonend in Het Schild van Frankrijk n.a.v. de zaak Daleman.</l>
<l>NA 758, nr. 24 (2-2-1652) Verklaring student Cornelis  Wullen n.a.v. de zaak Daleman.</l>
<l>NA 758, nr. 25 (3-2-1652) Verklaring Amsterdamse koopman Dirck Heynck n.a.v. de zaak Daleman.</l>
<l>NA 758, nr. 26 (8-2-1652) Verklaring van zijn vrouw Belijtje en Sara Frederiks t.v.v. de student Cornelis  Wullen (zie boven) n.a.v. de zaak Daleman.</l>
<l>NA 758, nr. 28 (12-2-1652) Belofte van vergeving en trouw van zijn vrouw n.a.v. het gebeurde, mits dat hij enige tijd het huis zal verlaten.</l>
<l>NA 758, nr. 31 (11-2-1652) Verklaring student Caspar Henrici n.a.v. de zaak Daleman.</l>
<l>NA 758, nr. 32 (12-2-1652) Verklaring student Petrus Backer en de koopman Dirck Heynck n.a.v. de zaak Daleman.</l>
<l>NA 758, nr. 33 (15-2-1652) Mutueel testament.</l>
<l>SA 70 (Gerechtsdagboek BB), ff. 242v-243v (22-2-1651) Consent aan zijn vrouw voor de verkoop van de winkelvoorraad en gereedschap wegens absentie en vertrek van Tinge. Opzienders 30 st.</l>
<l>NA 758, nr. 51 (9-3-1652) Obligatie met zijn vrouw aan Fredericus Willecus (?) en Geertruyt Remmes (?) van 300 i.v.m. lening.</l>
</all>
</person>