<person>
<firstName></firstName>
<lastName>Boonaart (Bonaart</lastName>
<dob></dob>
<dod></dod>
<pob>Bonaart, Bonaert</pob>
<pod></pod>
<professional-start></professional-start>
<professional-end></professional-end>
<professions>
<profession>
<term>boekdrukker</term>
<profession-id>6</profession-id></profession>
<profession>
<term>drukker</term>
<profession-id>9</profession-id></profession>
<profession>
<term>drukkersknecht</term>
<profession-id>11</profession-id></profession>
<profession>
<term>boekdrukkersknecht</term>
<profession-id>26</profession-id></profession>
<profession>
<term>boekdrukker(sknecht)</term>
<profession-id>33</profession-id></profession>
<profession>
<term>knecht</term>
<profession-id>45</profession-id></profession>
<profession>
<term>drukkers</term>
<profession-id>63</profession-id></profession>
</professions>
<marriage>1. KO 26-4-1737 Gijsje van der Waert (getuige zijn vader op de Oranjegracht). Kinderen: 1. 22-1-1739 HK Gijsje; 2. 11-6-1741 HK Johanna; 3. 13-1-1746 HK Heijnderijntje; 4. 9-4-1747 HK Cornelis; 5. 16-4-1749 HK Johanna; 2. KO 27-10-1752 Johanna Kuper. Kinderen: 1. 4-3-1756 HK Theodorus Coenradus; 2. 13-11-1760 PK Johannes.</marriage>
<address>1737 Langegracht; 1739 Zonneveldsteeg; z.j. Boomgaerdsteeg; 1752 Beschuitsteeg. Vgl. Bonboeken Tweede Register, inv. nr. 6614, f. 19; Burgstreng en Kerkvierendeel, inv. nr. 6620, f. 103; Nicolaasgracht, inv. nr. 6623, f. 307v; Wanthuis en Wolhuis, inv. nr. 6611, ff. 112v en 134v; Zuid-Rapenburg, inv. nr. 6615, f. 270.</address>
<street>Rapenburg</street>
<street-id>50</street-id>
<lat>52.155884</lat>
<lon>4.4876151
</lon>
<guild>7-10-1737 Vrijmeester (AB 83a, f. 14).</guild>
<misc>NA 2018, nr. 8 [scan nr. ] (18-3-1753) Mutueel testament met Johanna Kuper. Beiden zijn niet boven de 2000 gegoed.</misc>
<all>
<l>Boonaart (Bonaart, Bonaert), Simon (w. 1737-60)</l>
<l>Boekdrukkersknecht.</l>
<l>Zoon van Dominicus Bonaert (woont in 1736 op de Oranjegracht, in 1752 op de Oude Voldersgracht).</l>
<l>Adres: 1737 Langegracht; 1739 Zonneveldsteeg; z.j. Boomgaerdsteeg; 1752 Beschuitsteeg. Vgl. Bonboeken Tweede Register, inv. nr. 6614, f. 19; Burgstreng en Kerkvierendeel, inv. nr. 6620, f. 103; Nicolaasgracht, inv. nr. 6623, f. 307v; Wanthuis en Wolhuis, inv. nr. 6611, ff. 112v en 134v; Zuid-Rapenburg, inv. nr. 6615, f. 270.</l>
<l>Huwelijk: 1. KO 26-4-1737 Gijsje van der Waert (getuige zijn vader op de Oranjegracht). Kinderen: 1. 22-1-1739 HK Gijsje; 2. 11-6-1741 HK Johanna; 3. 13-1-1746 HK Heijnderijntje; 4. 9-4-1747 HK Cornelis; 5. 16-4-1749 HK Johanna; 2. KO 27-10-1752 Johanna Kuper. Kinderen: 1. 4-3-1756 HK Theodorus Coenradus; 2. 13-11-1760 PK Johannes.</l>
<l>Gilde: 7-10-1737 Vrijmeester (AB 83a, f. 14).</l>
<l>Personeel: 6-10-1738 Huibert Wardenaer K voor 5 jaar; 20-6-1739 Jan Spaan voor 1 jaar (loon 5); 6-6-1739 Barent Baljon K, Hendrick Ginjool K, Salomon van der Spruijt (van W. de Groot), Willem Boot* K, Johan Carel Eisenbach K, Jan van Vliet jonge (wees); 3-8-1739 Etme Camusat K; 7-12-1739 Jacob de Graav (van J.W. de Groot), Isaac Sloots K; 17-4-1741 Klaas van der Gaag voor 8 jaar (loon: I 10 st. II 15 st. III 20 st. IV 28 st. V 36 st. VI 50 st. VII op het stuk voor een derde minder VIII voor knecht, heiligendagen geen geld).</l>
<l>AB 100 (?) Conflict met ... de Groot over het drukken van een werk van Vitringa over Jesaias.</l>
<l>NA 2015, nr. 76 (1748) Testament met Gijsje van der Waart.</l>
<l>NA 2015, nr. 99 (1748) Contract nopens legitime portie.</l>
<l>NA 2017, nrs. 121-122 (24-10-1751) Akten van assumptie en bewijs na de dood van zijn vrouw Gijsje. Verwijzing naar testament voor deze notaris van 17-12-1748. Getuigen o.a. zijn goede bekende Willem Boot.</l>
<l>NA 2018, nr. 8 [scan nr. ] (18-3-1753) Mutueel testament met Johanna Kuper. Beiden zijn niet boven de 2000 gegoed.</l>
</all>
</person>