<person>
<firstName></firstName>
<lastName>Tinneken (Tinnekens)</lastName>
<dob></dob>
<dod></dod>
<pob>Tinnekens</pob>
<pod></pod>
<professional-start></professional-start>
<professional-end></professional-end>
<professions>
<profession>
<term>boekverkoper</term>
<profession-id>1</profession-id></profession>
<profession>
<term>drukker</term>
<profession-id>9</profession-id></profession>
<profession>
<term>verkoper</term>
<profession-id>25</profession-id></profession>
<profession>
<term>drukkers</term>
<profession-id>63</profession-id></profession>
</professions>
<marriage>1. Josyntje Abrahams; kind: doop PK 9-6-1649 Isaack; 2. KO 8-4-1650 Emerensje Aelbrechts van Cooywijck, weduwe Jacob Rochusz van der Wiele (getuige Willem Christiaensz van der Boxe).</marriage>
<address>1646 Hooglandsekerkgracht, alder-naest de drie Prince Vlagge; 1646 by de Kraen, aldernaest het Oudt Hardt; 1650 Pieterskerkhof.</address>
<street>Pieterskerkhof</street>
<street-id>48</street-id>
<lat>52.157888</lat>
<lon>4.4873466
</lon>
<literature>Briels 465; KS 581-606.</literature>
<misc>GAA, NA ? (notaris J. van Oli, 30-8-1662) Genoemd als kwade schuldenaar in de boedel van Paulus Aertsz van Ravesteijn te Amsterdam. Hij staat in het krijt voor 29.18 netto en 5.6 prijs.</misc>
<all>
<l>Tinneken (Tinnekens), Jacob Harmansz (w. 1646-50)</l>
<l>Boekverkoper en drukker. Mogelijk een van de drukkers van de Statenbijbel?</l>
<l>Adres: 1646 Hooglandsekerkgracht, alder-naest de drie Prince Vlagge; 1646 by de Kraen, aldernaest het Oudt Hardt; 1650 Pieterskerkhof.</l>
<l>Huwelijk: 1. Josyntje Abrahams; kind: doop PK 9-6-1649 Isaack; 2. KO 8-4-1650 Emerensje Aelbrechts van Cooywijck, weduwe Jacob Rochusz van der Wiele (getuige Willem Christiaensz van der Boxe).</l>
<l>GAA, NA ? (notaris J. van Oli, 30-8-1662) Genoemd als kwade schuldenaar in de boedel van Paulus Aertsz van Ravesteijn te Amsterdam. Hij staat in het krijt voor 29.18 netto en 5.6 prijs.</l>
<l>Lit.: Briels 465; KS 581-606.</l>
</all>
</person>