<person>
<firstName>Joseph</firstName>
<lastName>Tissa</lastName>
<dob></dob>
<dod></dod>
<pob></pob>
<pod></pod>
<professional-start>1766</professional-start>
<professional-end></professional-end>
<professions>
<profession>
<term>verkoper</term>
<profession-id>25</profession-id></profession>
<profession>
<term>kaartverkoper</term>
<profession-id>66</profession-id></profession>
</professions>
<guild>1-9-1766 Contribuant (AB 83a, f. 32v).</guild>
<misc>unknown</misc>
<all>
<l>Tissa, Joseph (w. 1766)</l>
<l>Prent en kaartverkoper.</l>
<l>Gilde: 1-9-1766 Contribuant (AB 83a, f. 32v).</l>
</all>
</person>