<person>
<firstName>Taecko</firstName>
<lastName>Tjaircks</lastName>
<dob></dob>
<dod></dod>
<pob></pob>
<pod></pod>
<professional-start>1619</professional-start>
<professional-end></professional-end>
<professions>
<profession>
<term>boekverkoper</term>
<profession-id>1</profession-id></profession>
<profession>
<term>drukker</term>
<profession-id>9</profession-id></profession>
<profession>
<term>verkoper</term>
<profession-id>25</profession-id></profession>
<profession>
<term>boekverkoper(sknecht)</term>
<profession-id>36</profession-id></profession>
<profession>
<term>boekverkopersknecht</term>
<profession-id>39</profession-id></profession>
<profession>
<term>knecht</term>
<profession-id>45</profession-id></profession>
<profession>
<term>drukkers</term>
<profession-id>63</profession-id></profession>
</professions>
<misc>NA 99, nr. 87 (28-6-1619) Verklaring (oud 18 jaar) met zijn meester Jan Ganne en de student Ludolphus Hondius op verzoek van de chirurgijn Joris Lentingh.</misc>
<all>
<l>Tjaircks, Taecko (w. 1619)</l>
<l>Drukkers of boekverkopersknecht.</l>
<l>In dienst bij Jan Ganne.</l>
<l>NA 99, nr. 87 (28-6-1619) Verklaring (oud 18 jaar) met zijn meester Jan Ganne en de student Ludolphus Hondius op verzoek van de chirurgijn Joris Lentingh.</l>
</all>
</person>