<person>
<firstName>Jan</firstName>
<lastName>Tjerie [Tierie]</lastName>
<dob></dob>
<dod></dod>
<pob></pob>
<pod></pod>
<professional-start>1729</professional-start>
<professional-end></professional-end>
<professions>
<profession>
<term>drukker</term>
<profession-id>9</profession-id></profession>
<profession>
<term>plaatdrukker</term>
<profession-id>56</profession-id></profession>
</professions>
<marriage>? Lijsbeth Wassenburg; kind: doop PK 10-2-1737 Marijtje.</marriage>
<guild>4-4-1729 Vrijmeester (AB 83a, f. 87v).</guild>
<misc>unknown</misc>
<all>
<l>Tjerie [Tierie], Jan (w. 1729)</l>
<l>Plaatdrukker.</l>
<l>Huwelijk: ? Lijsbeth Wassenburg; kind: doop PK 10-2-1737 Marijtje.</l>
<l>Gilde: 4-4-1729 Vrijmeester (AB 83a, f. 87v).</l>
</all>
</person>