<person>
<firstName>Adriaan Hendricksz van</firstName>
<lastName>Tol</lastName>
<dob></dob>
<dod></dod>
<pob></pob>
<pod></pod>
<professional-start>1628</professional-start>
<professional-end>1645</professional-end>
<professions>
<profession>
<term>boekverkoper</term>
<profession-id>1</profession-id></profession>
<profession>
<term>verkoper</term>
<profession-id>25</profession-id></profession>
<profession>
<term>boekbinder</term>
<profession-id>43</profession-id></profession>
</professions>
<marriage>KO 11-10-1634 Catharina Willems van der Houff (getuige zijn broer Claes).</marriage>
<address>1634 Breestraat; 1638 Pieterskerkhof.</address>
<street>Pieterskerkhof</street>
<street-id>48</street-id>
<lat>52.157888</lat>
<lon>4.4873466
</lon>
<misc>NA 536, nr. 6 (1-2-1638) Adriaan Anthonisz van Breda verhuurt hem een huis en erf op het Pieterskerkhof bij de Herensteeg, alwaar het Hoff van sijn Excellentie uijthangt, voor een jaar met optie op verlenging voor 270.</misc>
<all>
<l>Tol, Adriaan Hendricksz van (w. 1628-45)</l>
<l>Boekverkoper en boekbinder.</l>
<l>Adres: 1634 Breestraat; 1638 Pieterskerkhof.</l>
<l>Huwelijk: KO 11-10-1634 Catharina Willems van der Houff (getuige zijn broer Claes).</l>
<l>NA 307, nr. 123 (20-12-1628) Samen met David Lopez getuige bij akte. Hij wordt genoemd als desselfs knecht.</l>
<l>NA 196, nr. 49 (19-3-1636) Verklaring.</l>
<l>Getuige bij NA 371, nr. 48 (zie Livius).</l>
<l>NA 536, nr. 6 (1-2-1638) Adriaan Anthonisz van Breda verhuurt hem een huis en erf op het Pieterskerkhof bij de Herensteeg, alwaar het Hoff van sijn Excellentie uijthangt, voor een jaar met optie op verlenging voor 270.</l>
</all>
</person>