<person>
<firstName>Johannes van</firstName>
<lastName>Toledo [Tolledo]</lastName>
<dob>1673</dob>
<dod></dod>
<pob>leiden</pob>
<pob-id>1</pob-id>
<pod></pod>
<professional-start>1670</professional-start>
<professional-end></professional-end>
<professions>
<profession>
<term>boekverkoper</term>
<profession-id>1</profession-id></profession>
<profession>
<term>verkoper</term>
<profession-id>25</profession-id></profession>
</professions>
<marriage>KO 9-10-1670 Lidia Jens (getuige zijn bekende Severijn Matthijs). Zij hertrouwt KO 29-12-1673 met Nicolaes Oldenvliet uit Batavia en woont dan op het Steenschuur.</marriage>
<address>1670 buiten de Koepoort; 1673 Breestraat (zijn weduwe).</address>
<street>Breestraat</street>
<street-id>5</street-id>
<lat>52.1576037</lat>
<lon>4.4910914
</lon>
<guild>4-4-1656 L voor 4 jaar bij Frans Moeyaart (vlgs. notarile akte). 25-10-1670 Vrijmeester (AB 83a, f. 24B).</guild>
<misc>Weeskamer 1932w (10-10-1670)Huwelijksvoorwaarden met Lidia Warnaars Jens.</misc>
<all>
<l>Toledo [Tolledo], Johannes van (* Leiden   voor 1673; w. 1670)</l>
<l>Boekverkoper.</l>
<l>Adres: 1670 buiten de Koepoort; 1673 Breestraat (zijn weduwe).</l>
<l>Huwelijk: KO 9-10-1670 Lidia Jens (getuige zijn bekende Severijn Matthijs). Zij hertrouwt KO 29-12-1673 met Nicolaes Oldenvliet uit Batavia en woont dan op het Steenschuur.</l>
<l>Gilde: 4-4-1656 L voor 4 jaar bij Frans Moeyaart (vlgs. notarile akte). 25-10-1670 Vrijmeester (AB 83a, f. 24B).</l>
<l>Aanslag 200ste penning 1674, f. 19 (code P01079) 10 (zijn weduwe).</l>
<l>Weeskamer 1932w (10-10-1670)Huwelijksvoorwaarden met Lidia Warnaars Jens.</l>
</all>
</person>