<person>
<firstName>Jan</firstName>
<lastName>Tomasz</lastName>
<dob>1683</dob>
<dod></dod>
<pob>amsterdam</pob>
<pob-id>6</pob-id>
<pod></pod>
<professional-start>1699</professional-start>
<professional-end></professional-end>
<professions>
<profession>
<term>letterzetter</term>
<profession-id>4</profession-id></profession>
</professions>
<misc>ORA, Crimineel vonnissenboek 3+26, f. 72v (30-6-1699) Wegens medeplichtigheid aan diefstal gegeseld en voor 5 jaar verbannen uit de stad. Hij is pas 16 jaar. Zijn alias is Jantje Machels.</misc>
<all>
<l>Tomasz, Jan (* c. 1683 te Amsterdam; w. 1699)</l>
<l>Letterzetter.</l>
<l>ORA, Crimineel vonnissenboek 3+26, f. 72v (30-6-1699) Wegens medeplichtigheid aan diefstal gegeseld en voor 5 jaar verbannen uit de stad. Hij is pas 16 jaar. Zijn alias is Jantje Machels.</l>
</all>
</person>