<person>
<firstName>Thomas de</firstName>
<lastName>Tombe</lastName>
<dob></dob>
<dod></dod>
<pob></pob>
<pod></pod>
<professional-start>1744</professional-start>
<professional-end></professional-end>
<professions>
<profession>
<term>verkoper</term>
<profession-id>25</profession-id></profession>
</professions>
<guild>6-7-1744 Contribuant (AB 83a, f. 97).</guild>
<misc>NA 2178, nr. 20 (1751) Rekening en verantwoording van de boedel van Jacomijntje.</misc>
<all>
<l>Tombe, Thomas de (w. 1744)</l>
<l>Verkoper van oude boeken.</l>
<l>Gilde: 6-7-1744 Contribuant (AB 83a, f. 97).</l>
<l>NA 2097, nr. 208 (1743) Attestatie.</l>
<l>NA 1910, nr. 49 (4-6-1745) Akte van cautie.</l>
<l>NA 2177, nr. 107 (1750) Voorwaarden.</l>
<l>NA 2177, nr. 75 (1750) Staat en inventaris van de boedel van Jacomijntje?</l>
<l>NA 2178, nr. 20 (1751) Rekening en verantwoording van de boedel van Jacomijntje.</l>
</all>
</person>