<person>
<firstName>Jasper</firstName>
<lastName>Tournay</lastName>
<dob>1609</dob>
<dod></dod>
<pob>Gouda -</pob>
<pob-id>41</pob-id>
<pod></pod>
<professional-start>1583</professional-start>
<professional-end>84</professional-end>
<professions>
<profession>
<term>letterzetter</term>
<profession-id>4</profession-id></profession>
<profession>
<term>boekdrukker</term>
<profession-id>6</profession-id></profession>
<profession>
<term>drukker</term>
<profession-id>9</profession-id></profession>
</professions>
<address>1594 Maredorp.</address>
<street>Mare</street>
<street-id>33</street-id>
<lat>52.1639065</lat>
<lon>4.4895512
</lon>
<literature>Briels 466-474; Retoricaal memoriaal, 550.</literature>
<misc>RAL, Gilden 1469 (9-10-1597) Ondertekenaar van rekest aan magistraat als lid van de Rederijkerskamer Wy Leyden Lieft.</misc>
<all>
<l>Tournay, Jasper (* Leuven ca. 1561   Gouda 1635; w. Delft 1583-84; Gouda 1585-91; Leiden 1594-ca. 1602; Enkhuizen 1607; Gouda 1609-34)</l>
<l>Letterzetter en boekdrukker.</l>
<l>Adres: 1594 Maredorp.</l>
<l>Poorterboek E, 1266, f. 103, nr. 8064 (6-6-1594) Jan Jacobsz Paedts en Cornelis Symonsz borgen bij zijn poorterschap.</l>
<l>Werkte aanvankelijk te Antwerpen, Delft en Gouda, na 1602 te Enkhuizen en uiteindelijk wederom te Gouda. In Leiden werkte hij als letterzetter in dienst van J.J. Paedts. Vgl. Catalogus principum, civitatum, et singulariorum, qui donatione vel inter vivos vel mortis caussa, bibliothecam publicam, in Academia Lugduno-Batava institutam, liberaliter ditarunt (Paedts, 1607), sig. E4: Gaspar Tournay (typorum collector apud Ioannem Paedzium Typographum Lugdunensem DD De Duytsche Chronologie en ... (Ex A.D. Pridie Kal. Ianuar. [1596]). Zijn Goudse fonds heeft een sterk remonstrants karakter.</l>
<l>RAL, Gilden 1469 (9-10-1597) Ondertekenaar van rekest aan magistraat als lid van de Rederijkerskamer Wy Leyden Lieft.</l>
<l>Lit.: Briels 466-474; Retoricaal memoriaal, 550.</l>
</all>
</person>