<person>
<firstName>Hendrik</firstName>
<lastName>Trap</lastName>
<dob></dob>
<dod></dod>
<pob>leiden</pob>
<pob-id>1</pob-id>
<pod></pod>
<professional-start>1752</professional-start>
<professional-end>1760</professional-end>
<professions>
<profession>
<term>boekverkoper</term>
<profession-id>1</profession-id></profession>
<profession>
<term>verkoper</term>
<profession-id>25</profession-id></profession>
</professions>
<marriage>KO 15-12-1760 Christina de Mil uit Middelburg (getuige zijn zuster Elisabeth).</marriage>
<address>1741 Breestraat t.o. het stadhuis; 1760 Pieterskerkchoorsteeg.</address>
<street>Choorsteeg</street>
<street-id>7</street-id>
<lat>52.1579938</lat>
<lon>4.4888337
</lon>
<guild>15-7-1724 L voor 3 jaar bij Johannes du Vivi; 17-12-1731 bij Jean Luzac. 14-8-1752 Vrijmeester (AB 83a, f. 24A).</guild>
<misc>Vgl. NA 2085, nr. 53/f. 581 [scan nr. 512] (23-9-1761) Mutueel testament met Alida van Damme. Hij is in het ambtgeld niet bekend en verklaart niet boven de 20.000 gegoed te zijn. Zij wonen op het Utrechtse Veer. Uitkeringen van 3000 aan zijn broer Gijsbert Trap, Jacob du Saar, nagelaten zoon van zijn zuster Christina Trap en Daniel du Saar en Daniel van de Velde, zoon van zijn zuster Johanna Trap, gehuwd met Abraham van de Velde. Voorts aan haar neef Daniel van Damme 1000, haar nicht Johanna van Damme 300 en haar nicht Heijnderijntje van der Heijde 200. Voogden Daniel van Damme en Jacobus du Saar.</misc>
<all>
<l>Trap, Hendrik (* Leiden; w. 1752-60)</l>
<l>Boekverkoper.</l>
<l>Zoon van Hendrik Trap en Johanna van Dongen? (Zie onder).</l>
<l>Adres: 1741 Breestraat t.o. het stadhuis; 1760 Pieterskerkchoorsteeg.</l>
<l>Huwelijk: KO 15-12-1760 Christina de Mil uit Middelburg (getuige zijn zuster Elisabeth).</l>
<l>Gilde: 15-7-1724 L voor 3 jaar bij Johannes du Vivi; 17-12-1731 bij Jean Luzac. 14-8-1752 Vrijmeester (AB 83a, f. 24A).</l>
<l>Personeel: 2-5-1757 Willem Kettenes L voor 2 jaar (wees); 5-5-1760 Pierre Bos* voor 4 jaar (loon I 6 st. II 8 st. III 10 st. IV 14 st.) (AB 83c, f. 70v). Een weduwe H. Trap wordt vermeld als afgestaan in 1790 (AB 83c, f. 99).</l>
<l>Poorterboeken: getuige bij Johanna Maria de Mil (18-7-1768).</l>
<l>NA 2089, nr. 195 (20-6-1741) Procuratie aan Frederik van der Kerff om hem te vertegenwoordigen in de zaak tegen Maria Groen, in cas van separatie. Dezelfde?</l>
<l>NA 2094, nr. 169 (10-9-1741) Gezamenlijk testament van de zusters en broer Elizabeth, Johanna en Hendrik Trap, wonend op de Breestraat t.o. het stadhuis, van wie de eerste ziek is.</l>
<l>NA 2267, nr. 81 (1753) Voorwaarden voor de verkoop van huizen.</l>
<l>NA 2268, nr. 30 (9-4-1754) Mutueel testament met Maria Graanhof, wonend op de Oranjegracht. Dezelfde?</l>
<l>NA 2050, nr. 57 (13-4-1761) Obligatie aan Mijnardus de Gooijer, van 700 voortkomend uit de moritificatie van obligaties.</l>
<l>NA 1951, f. 764 [scan nr. 700] (13-10-1761) Testament met Christina de Mil.</l>
<l>NA 1951, f. 800 [scan nr. 729] (1-12-1761) Scheiding onder Elisabeth, Johanna en Hendrik Trap van de boedel van hun ouders Hendrik Trap en Johanna van Dongen. Betreft huis in de Herensteeg dat door Hendrik is overgenomen.</l>
<l>NA 2086B, nr. 56/f. 661 [scan nr. 1187] (17-9-1763) Executeur bij boedelscheiding van Hester van Welse. Dezelfde?</l>
<l>NA 2052, nr. 71 (19-4-1763) Obligatie met Christina de Mil aan het echtpaar Dirck Welters en Anna de Mil te Naaldwijk ten bedrage van 4000. Rente 4%.</l>
<l>NA 2052, nr. 135 [scan nr. 385] (1763) Borgstelling voor Jan van Gils i.v.m. huur van een huis. Dezelfde?</l>
<l>NA 2055, nr. 141 (1766) Procuratie, mede uit naam van zijn vrouw, aan zijn schoonvader Pieter de Mil te Middelburg om hun aandeel in de boedel van Christinas zuster Sara te liquideren.</l>
<l>Vgl. NA 2085, nr. 53/f. 581 [scan nr. 512] (23-9-1761) Mutueel testament met Alida van Damme. Hij is in het ambtgeld niet bekend en verklaart niet boven de 20.000 gegoed te zijn. Zij wonen op het Utrechtse Veer. Uitkeringen van 3000 aan zijn broer Gijsbert Trap, Jacob du Saar, nagelaten zoon van zijn zuster Christina Trap en Daniel du Saar en Daniel van de Velde, zoon van zijn zuster Johanna Trap, gehuwd met Abraham van de Velde. Voorts aan haar neef Daniel van Damme 1000, haar nicht Johanna van Damme 300 en haar nicht Heijnderijntje van der Heijde 200. Voogden Daniel van Damme en Jacobus du Saar.</l>
</all>
</person>