<person>
<firstName>Christiaen Jacobsz van der</firstName>
<lastName>Boot</lastName>
<dob></dob>
<dod></dod>
<pob>leiden</pob>
<pob-id>1</pob-id>
<pod></pod>
<professional-start>1660</professional-start>
<professional-end>1661</professional-end>
<professions>
<profession>
<term>boekverkoper</term>
<profession-id>1</profession-id></profession>
<profession>
<term>verkoper</term>
<profession-id>25</profession-id></profession>
</professions>
<marriage>KO 10-3-1661 Maria Abrahams van Velsen, woont Pieterskerkhof (getuige zijn moeder).</marriage>
<address>1661 Korte Hooigracht.</address>
<guild>6-3-1660 Vrijmeester (AB 83a, f. 100).</guild>
<misc>Kocht op de veiling van Van Duyren in 1661.</misc>
<all>
<l>Boot, Christiaen Jacobsz van der (* Leiden; w. 1660-61)</l>
<l>Boekverkoper.</l>
<l>Zoon van Jacob van der Boot en Maertje Christiaens.</l>
<l>Adres: 1661 Korte Hooigracht.</l>
<l>Huwelijk: KO 10-3-1661 Maria Abrahams van Velsen, woont Pieterskerkhof (getuige zijn moeder).</l>
<l>Gilde: 6-3-1660 Vrijmeester (AB 83a, f. 100).</l>
<l>Kocht op de veiling van Van Duyren in 1661.</l>
</all>
</person>