<person>
<firstName>Pieter Hendriksz</firstName>
<lastName>Trap [van Dongen]</lastName>
<dob></dob>
<dod></dod>
<pob></pob>
<pod></pod>
<professional-start>1787</professional-start>
<professional-end>1812</professional-end>
<professions>
<profession>
<term>boekverkoper</term>
<profession-id>1</profession-id></profession>
<profession>
<term>verkoper</term>
<profession-id>25</profession-id></profession>
</professions>
<guild>pre-1781 L/knecht bij Haak en comp.; oktober 1781 bij Frans de Does; pre-1784 bij Herding; 6-9-1784 bij Frans de Does. 3-12-1787 Vrijmeester vlgs. geboorterecht (AB 83a, f. ?; 83c, f. 70v).</guild>
<literature>Ledeboer.</literature>
<misc>NA 2649, f. 90 (1790-91) Obligatie.</misc>
<all>
<l>Trap [van Dongen], Pieter Hendriksz (w. 1787-1812)</l>
<l>Boekverkoper.</l>
<l>Zoon van Hendrik Trap.</l>
<l>Gilde: pre-1781 L/knecht bij Haak en comp.; oktober 1781 bij Frans de Does; pre-1784 bij Herding; 6-9-1784 bij Frans de Does. 3-12-1787 Vrijmeester vlgs. geboorterecht (AB 83a, f. ?; 83c, f. 70v).</l>
<l>NA 2472, nr. 18, f. 99 [scan nr. 91] (1-3-1790) Contract met de executeurs van de nalatenschap van Frans III de Does. Een eerder contract uit 1787 was door brand bij de notaris in 1788 verloren gegaan. Zie ook onder Frans III de Does.</l>
<l>1796-99 Stadsdrukker (vgl. zijn instructie in SA 2119).</l>
<l>NA 2649, f. 90 (1790-91) Obligatie.</l>
<l>Lit.: Ledeboer.</l>
</all>
</person>