<person>
<firstName>Paulus</firstName>
<lastName>Traudenius</lastName>
<dob>1675</dob>
<dod></dod>
<pob>leiden</pob>
<pob-id>1</pob-id>
<pod></pod>
<professional-start>1701</professional-start>
<professional-end></professional-end>
<professions>
<profession>
<term>boekverkoper</term>
<profession-id>1</profession-id></profession>
<profession>
<term>verkoper</term>
<profession-id>25</profession-id></profession>
<profession>
<term>boekbinder</term>
<profession-id>43</profession-id></profession>
</professions>
<address>Haarlemmerstraat (Begraafboeken).</address>
<street>Haarlemmerstraat</street>
<street-id>15</street-id>
<lat>52.1601874</lat>
<lon>4.4927112
</lon>
<guild>20-12-1688 L voor 4 jaar bij Cornelis Boutesteyn. 6-6-1701 Vrijmeester (AB 83a, f. 58v).</guild>
<literature>Ledeboer.</literature>
<misc>? Zoon van Gerrit Traudenius en Gertruid Jans.</misc>
<all>
<l>Traudenius, Paulus (* Leiden 1675? [doop HK 3-3]   1702 [begr. buiten Leiden 13-5]; w. 1701)</l>
<l>Boekbinder en boekverkoper.</l>
<l>? Zoon van Gerrit Traudenius en Gertruid Jans.</l>
<l>Adres: Haarlemmerstraat (Begraafboeken).</l>
<l>Gilde: 20-12-1688 L voor 4 jaar bij Cornelis Boutesteyn. 6-6-1701 Vrijmeester (AB 83a, f. 58v).</l>
<l>Lit.: Ledeboer.</l>
</all>
</person>