<person>
<firstName>Pieter Hendrik</firstName>
<lastName>Troys</lastName>
<dob></dob>
<dod></dod>
<pob>leiden</pob>
<pob-id>1</pob-id>
<pod></pod>
<professional-start>1791</professional-start>
<professional-end></professional-end>
<professions>
<profession>
<term>boekverkoper</term>
<profession-id>1</profession-id></profession>
<profession>
<term>verkoper</term>
<profession-id>25</profession-id></profession>
</professions>
<marriage>KO 5-5-1791 Maria Dodel (getuige zijn bekende Jan Dodel; de bruid is katholiek).</marriage>
<address>Botermarkt.</address>
<street>Botermarkt</street>
<street-id>4</street-id>
<lat>52.1572831</lat>
<lon>4.492509
</lon>
<misc>unknown</misc>
<all>
<l>Troys, Pieter Hendrik (* Leiden; w. 1791)</l>
<l>Boekverkoper.</l>
<l>Adres: Botermarkt.</l>
<l>Huwelijk: KO 5-5-1791 Maria Dodel (getuige zijn bekende Jan Dodel; de bruid is katholiek).</l>
</all>
</person>