<person>
<firstName>Carolus Warneri</firstName>
<lastName>Tuernhout</lastName>
<dob></dob>
<dod></dod>
<pob></pob>
<pod></pod>
<professional-start>1645</professional-start>
<professional-end>1646</professional-end>
<professions>
<profession>
<term>boekverkoper</term>
<profession-id>1</profession-id></profession>
<profession>
<term>drukker</term>
<profession-id>9</profession-id></profession>
<profession>
<term>verkoper</term>
<profession-id>25</profession-id></profession>
</professions>
<address>1645 opt hoeckje van de Heere-steegh, inde Gekroonde Vogelen-sangh.</address>
<literature>Thesaurus.</literature>
<misc>NA 371, nr. 99 (29-3-1646) Procuratie aan Hendrik Simonsz van Nieuwpoort, begrafenisbidder te Utrecht en zijn oom, om een kwart van 45 te ontvangen uit de nalatenschap van zijn vader.</misc>
<all>
<l>Tuernhout, Carolus Warneri  (w. 1645-46)</l>
<l>Boekverkoper en drukker?</l>
<l>Adres: 1645 opt hoeckje van de Heere-steegh, inde Gekroonde Vogelen-sangh.</l>
<l>In de niet van de grond gekomen compagnie tussen Justus Livius en Joh. Lissius zou hij voor 6 jaar als drukker werken (zie onder).</l>
<l>NA 790, nr. 61 (16-9-1644) Actie n.a.v. insinuatie Justus Livius aan Carel Warnaertsz van Tuernhout van dezelfde datum om het boek van Henri, Duc de Rohan, Trutina statuum Europae te voldrukken, dat hij slechts voor de helft heeft voltooid, volgens contract tussen hen beiden aangegaan op 22-5-1643 nopende het drukken van boeken voor een periode van 6 jaar. Van Tuernhout verklaarde hierop dat hij te vreden was t contract aen syne sijde te voldoen ende noyt weijgerich geweest hadde.</l>
<l>NA 790, nr. 62 (20-9-1644) Actie n.a.v. nieuwe insinuatie Justus Livius aan Van Tuernhout d.d. 19-9-1644 aangaande dezelfde druk; Van Tuernhout antwoordde dit keer dat hij niet van mening was meerder te drucken nochte niet van mening[e?] te wesen te voltrecken t boucxken Trutina sta[t]uum Europae in voors. insinuatie genoemt ten sij de insinuant eerst suffisante borge voorden innehouden vant contract mede inde insinuatie uitgedruckt sal hebben gestelt. Het boek verscheen uiteindelijk bij Livius in 1650.</l>
<l>NA 371, nr. 18 (20-8-1645) Verklaring van o.a. Carel van Tuyrnhout over gesprek tussen Livius en Lissius, waarbij de laatste op zijn vraag of Livius op hem nog enige pretentie had, had geantwoord van niet.</l>
<l>NA 371, nr. 99 (29-3-1646) Procuratie aan Hendrik Simonsz van Nieuwpoort, begrafenisbidder te Utrecht en zijn oom, om een kwart van 45 te ontvangen uit de nalatenschap van zijn vader.</l>
<l>Lit.: Thesaurus.</l>
</all>
</person>