<person>
<firstName>Toorhout], Jacob van</firstName>
<lastName>Tuernhout [Turnhout</lastName>
<dob>1651</dob>
<dod></dod>
<pob> te Haarlem</pob>
<pod></pod>
<professional-start>1650</professional-start>
<professional-end></professional-end>
<professions>
<profession>
<term>boekverkoper</term>
<profession-id>1</profession-id></profession>
<profession>
<term>verkoper</term>
<profession-id>25</profession-id></profession>
</professions>
<marriage>Maijken van der Walle; kinderen: doop HK 11-4-1647 Johannes; HK 5-9-1651 Susanna; HK 12-11-1652 Maria; PK 22-10-1653 Johannes; HK 28-2-1655 Johannes; HK 10-12-1658 Saertje; HK 20-12-1661 Jacomijntje; HK 5-8-1663 Jacob.</marriage>
<address>1650 bij de Pieterskerk.</address>
<literature>Ledeboer; Thesaurus.</literature>
<misc>Begr. kinderen in de HK, allen vanuit de Nieuwstraat: 23-7-1648; 4-8-1649; 18-8-1649; 2-8-1650; 10-1-1653; 27-10-1653.</misc>
<all>
<l>Tuernhout [Turnhout, Toorhout], Jacob van (w. 1650; 1651 te Haarlem)</l>
<l>Boekverkoper?</l>
<l>Adres: 1650 bij de Pieterskerk.</l>
<l>Huwelijk: Maijken van der Walle; kinderen: doop HK 11-4-1647 Johannes; HK 5-9-1651 Susanna; HK 12-11-1652 Maria; PK 22-10-1653 Johannes; HK 28-2-1655 Johannes; HK 10-12-1658 Saertje; HK 20-12-1661 Jacomijntje; HK 5-8-1663 Jacob.</l>
<l>Begr. kinderen in de HK, allen vanuit de Nieuwstraat: 23-7-1648; 4-8-1649; 18-8-1649; 2-8-1650; 10-1-1653; 27-10-1653.</l>
<l>Lit.: Ledeboer; Thesaurus.</l>
</all>
</person>