<person>
<firstName>Heyndric</firstName>
<lastName>Tuyts</lastName>
<dob></dob>
<dod></dod>
<pob>antwerpen</pob>
<pob-id>10</pob-id>
<pod></pod>
<professional-start>1589</professional-start>
<professional-end>1598</professional-end>
<professions>
<profession>
<term>letterzetter</term>
<profession-id>4</profession-id></profession>
</professions>
<marriage>KO 18-3-1589 Catalyntje Jans Rademaeckers, weduwe van Andries Spoor (getuige zijn bekende Jorys Fraet en haar zuster Maycke Fraets, beiden uit Antwerpen); zij hertrouwt in 1598 de boekbinder Jan Christiaensz.</marriage>
<address>1591 de Steeg.</address>
<literature>Briels 480; Witkam DZ, VI-2, nrs. 3073 en 4253.</literature>
<misc>2-4-1590 Inschrijving als poorter (getuige de letterzetter Cornelis Symonsz).</misc>
<all>
<l>Tuyts, Heyndric (* Antwerpen; w. 1589-voor 1598)</l>
<l>Letterzetter in dienst van Frans I van Raphelingen.</l>
<l>Adres: 1591 de Steeg.</l>
<l>Huwelijk: KO 18-3-1589 Catalyntje Jans Rademaeckers, weduwe van Andries Spoor (getuige zijn bekende Jorys Fraet en haar zuster Maycke Fraets, beiden uit Antwerpen); zij hertrouwt in 1598 de boekbinder Jan Christiaensz.</l>
<l>Weeskamer 4012a-d Diverse bescheiden uit de jaren 1584-1603 over zijn nalatenschap w.o. een boedel. Als zijn vrouw wordt genoemd Margaretha van Louterbeck (?).</l>
<l>2-4-1590 Inschrijving als poorter (getuige de letterzetter Cornelis Symonsz).</l>
<l>Lit.: Briels 480; Witkam DZ, VI-2, nrs. 3073 en 4253.</l>
</all>
</person>