<person>
<firstName>Johannes</firstName>
<lastName>Uyttenbogaard</lastName>
<dob></dob>
<dod></dod>
<pob>utrecht</pob>
<pob-id>3</pob-id>
<pod></pod>
<professional-start>1715</professional-start>
<professional-end></professional-end>
<professions>
<profession>
<term>drukker</term>
<profession-id>9</profession-id></profession>
</professions>
<marriage>KO 19-10-1715 Abigael den Haan (getuige zijn bekende Floris Schouten).</marriage>
<address>1715 Pieterskerkhof.</address>
<street>Pieterskerkhof</street>
<street-id>48</street-id>
<lat>52.157888</lat>
<lon>4.4873466
</lon>
<misc>unknown</misc>
<all>
<l>Uyttenbogaard, Johannes (* Utrecht; w. 1715)</l>
<l>Drukker.</l>
<l>Adres: 1715 Pieterskerkhof.</l>
<l>Huwelijk: KO 19-10-1715 Abigael den Haan (getuige zijn bekende Floris Schouten).</l>
</all>
</person>