<person>
<firstName>Dirck</firstName>
<lastName>Uittenbrouck</lastName>
<dob></dob>
<dod></dod>
<pob></pob>
<pod></pod>
<professional-start>1643</professional-start>
<professional-end></professional-end>
<professions>
<profession>
<term>drukker</term>
<profession-id>9</profession-id></profession>
</professions>
<misc>NA 370, nr. 1 (24-12-1643) Contract met David Lopez. Hij moet aan hem 130.18 betalen voor 154 pond drukletters  17 st. p/pond, waarmee hij moet gaan drukken. De productie wordt vastgesteld op een blad per week in een ongenoemde oplage, waarvoor hij een naderhand te bepalen loon (doorgestreept is een bedrag van 7) zal ontvangen. Bij niet nakomen verbeurt hij 2. Borg staat zijn drukkerij.</misc>
<all>
<l>Uittenbrouck, Dirck (w. 1643)</l>
<l>Drukker.</l>
<l>NA 370, nr. 1 (24-12-1643) Contract met David Lopez. Hij moet aan hem 130.18 betalen voor 154 pond drukletters  17 st. p/pond, waarmee hij moet gaan drukken. De productie wordt vastgesteld op een blad per week in een ongenoemde oplage, waarvoor hij een naderhand te bepalen loon (doorgestreept is een bedrag van 7) zal ontvangen. Bij niet nakomen verbeurt hij 2. Borg staat zijn drukkerij.</l>
</all>
</person>