<person>
<firstName>Gijsbert</firstName>
<lastName>Boot</lastName>
<dob>1757</dob>
<dod></dod>
<pob>leiden</pob>
<pob-id>1</pob-id>
<pod></pod>
<professional-start>1783</professional-start>
<professional-end>1786</professional-end>
<professions>
<profession>
<term>boekdrukker</term>
<profession-id>6</profession-id></profession>
<profession>
<term>drukker</term>
<profession-id>9</profession-id></profession>
</professions>
<guild>7-7-1783 Vrijmeester vlgs. geboorterecht (AB 83a, f. 46v). Vertrokken in 1786 (AB 83c, f. 99).</guild>
<literature>Ledeboer.</literature>
<misc>Zoon van Willem Boot en Maria Kettenes.</misc>
<all>
<l>Boot, Gijsbert (* Leiden 1757; w. 1783-86)</l>
<l>Boekdrukker.</l>
<l>Zoon van Willem Boot en Maria Kettenes.</l>
<l>Gilde: 7-7-1783 Vrijmeester vlgs. geboorterecht (AB 83a, f. 46v). Vertrokken in 1786 (AB 83c, f. 99).</l>
<l>Lit.: Ledeboer.</l>
</all>
</person>