<person>
<firstName>Jacob</firstName>
<lastName>Adriaensz</lastName>
<dob>1625</dob>
<dod></dod>
<pob> [begr. HK 5-5]</pob>
<pob-id>1</pob-id>
<pod></pod>
<professional-start>1577</professional-start>
<professional-end>1622</professional-end>
<professions>
<profession>
<term>boekverkoper</term>
<profession-id>1</profession-id></profession>
<profession>
<term>verkoper</term>
<profession-id>25</profession-id></profession>
<profession>
<term>boekbinder</term>
<profession-id>43</profession-id></profession>
</professions>
<marriage>1. KO 3-8-1577 Catharina Aelbrechts Berchey; 2. KO 4-12-1602 Anneke Jacobs uit Rotterdam, weduwe van Pieter Jansz; 3. KO 29-6-1616 Adriaentje Floris van Sonnevelt (getuige zijn bekende Jan de Block); zij hertrouwt in 1626 Tonis Claesz van Aeckeren en wordt als overleden vermeld in 1631. Hij was een oom van David Jansz van Ilpendam.</marriage>
<address>1577 Hogewoerd; Biesestraat ?; 1579-1607 Nobelstraat = Breestraat/hoek Ketelboetersteeg, In St. Joris; 1588 bezwaart zijn huis op de Breestraat (vanuit de steeg rechts; Wolhuis, f. 81v); 1596 verkoopt zijn huis in de Ketelboetersteeg (Wolhuis, f. 153); Hogewoerd (Hogewoerd, f. 362); 1625 Uiterste Gracht.</address>
<street>Ketelboetersteeg</street>
<street-id>21</street-id>
<lat>52.1572897</lat>
<lon>4.4909698
</lon>
<literature>De Navorscher, 12 (1862), 166-167; Ledeboer; Briels 163; Witkam, DZ; Thesaurus.</literature>
<misc>ORA 210, Collaterale successie 0, f. 089 (29-10-1626).</misc>
<all>
<l>Adriaensz, Jacob (* Leiden  1554;  1625 [begr. HK 5-5]; w. 1577-1622)</l>
<l>Boekbinder en boekverkoper.</l>
<l>Adres: 1577 Hogewoerd; Biesestraat ?; 1579-1607 Nobelstraat = Breestraat/hoek Ketelboetersteeg, In St. Joris; 1588 bezwaart zijn huis op de Breestraat (vanuit de steeg rechts; Wolhuis, f. 81v); 1596 verkoopt zijn huis in de Ketelboetersteeg (Wolhuis, f. 153); Hogewoerd (Hogewoerd, f. 362); 1625 Uiterste Gracht.</l>
<l>Huwelijk: 1. KO 3-8-1577 Catharina Aelbrechts Berchey; 2. KO 4-12-1602 Anneke Jacobs uit Rotterdam, weduwe van Pieter Jansz; 3. KO 29-6-1616 Adriaentje Floris van Sonnevelt (getuige zijn bekende Jan de Block); zij hertrouwt in 1626 Tonis Claesz van Aeckeren en wordt als overleden vermeld in 1631. Hij was een oom van David Jansz van Ilpendam.</l>
<l>Poorterboeken: getuige bij Aert Aertsz van Maeseyck (27-12-1586); bij Pieter van Lambrouck (20-7-1590); bij Franchoys Balochius (1-12-1606).</l>
<l>Getuigenisboek A, ff. 22v, 90v (29 jaar, boekbinder); D, f. 82 (boekverkoper); E, f. 85v (42 jaar, boekbinder); H, f. 229v.</l>
<l>Leverde in 1579 papier voor Van Houts raadhuispers; zie Rammelman Elsevier, Onkosten wegens het drukken der Justificatie van den Magistraet van Leiden, A. 1579, De Navorscher, 12 (1862), 166-167; voor de Justificatie des magistraets van Leyden  (1579) zes riem, tegen 2 de riem 12. Mogelijk was Adriaensz ook verantwoordelijk voor een aantal andere uitgaven, voor 7 riem papier uit Utrecht, voor koorden die in het stadhuis waren gespannen om de afgedrukte vellen te drogen, het binden van 30 exx. in horen coperkelen  mit rode zyden bandekens, dewelcke van stadswegen aen de Heeren Staten en steden wech gezonden zyn, 25 andere bouxkens in slechter conventurien  die onder de Magistraet en andere vrienden wech geschonken zyn geweest.</l>
<l>Verkocht in 1579 NT van Jan Jacobsz Paedts (ex. UBVU).</l>
<l>SA 7446, Tresoriersrekening, f. 279v (1582) betaling aan Cornelis Simonsz van 23 7 sch. voor het zetten en drukken van de remonstrantie aan de Staten vanwege deze stad gedaan nopende de synodale resolutie der kerkmeesters; kosten uitgesplitst: aan de boekbinder Jacob Adriaensz 4 5 sch. voor papier tot een getal van 100 ex.; aan Louis Elsevier 11 3 sch. voor het binden van 25 ex., waarvan 12 met vergulde stempels, verguld linnen en zijden banden per stuk 11 sch. (?) en 13 alleen met zijden banden tot 5 sch. per stuk etc.</l>
<l>NA 67, nr. 17 (24-2-1583) Mutueel testament met Trijntje Aelbrechts.</l>
<l>NA 11, nr. 98 (16-4-1583) Verklaring van Pieter Longespe, metser van Iperen, oud 36 jaar, op verzoek van Adriaensz aangaande een handgemeen op ghisteren smergens voor zes uren, in zijn winkel met Jannetje Crijnen, huisvrouw van de kolfmaker Cornelis Gerritsz. De vrouw had Adriaensz uitgescholden o.a. voor eerloos schelm, waarna deze haar een cleyn houtge naar het hoofd had geworpen. Dit leidde tot een vechtpartij, waar ook Cornelis Gerritsz zich mee had ingelaten met een blooten opsteecker in zyn hant, waarna Adriaensz het huis van buurman was ingevlucht.</l>
<l>NA 16, nr. 87 (30-3-1587) Testament met zijn vrouw. Hij laat 1000 na, uit te keren in vijf jaren, aan de huisarmen en de Heiligegeest.</l>
<l>NA 53, f. 209 (digitaal nr. 225) (13-11-1588) Insinuatie van Bonaventura Vulcanius aan Adriaensz over de beschadiging van de marges bij het herbinden van een handschrift Opera Cyrilli, dat Vulcanius uit de bibliotheek van Augsburg had laten overkomen om te gebruiken voor een vertaling. In UBL verschillende handschriften van Cyrillus Alexandrinus, bijv. Cat. Molhuysen (1910a) / Cat. compend. I (1932).</l>
<l>ARA, Hof van Holland 581, nr. 315 (4-11-1591) Vonnis in zaak vs. Pieter Jorisz over een stuk land buiten de Hogewoerdspoort. Adriaensz treedt op als voogd van zijn vrouw.</l>
<l>NA 57, f. 210v (4-11-1593) Attestatie t.b.v. van Adriaensz n.a.v. een conflict over eent tuin en sloot.</l>
<l>NA 21, nr. 156 (15-8-1593) Verklaringen op zijn verzoek n.a.v. de verkoop van een tuin.</l>
<l>NA 58, f. 205 (22-8-1594) Procuratie aan zijn echtgenote en zijn neef, de wijnkoper Claes Dircksz van Lyn om van de Middelburgse boekverkoper Melchior Beecke 42.12 in te vorderen voor geleverde boeken, alsmede van Isaac Bart te Goes  16 voor gekochte boeken.</l>
<l>NA 153, nr. 57 (23-11-1612) Verklaring van o.a. Adriaensz, oud 58 jaar. Getuige zijn neef David Jansz van Ilpendam. Zie ook NA 153, nr. 136 (1614).</l>
<l>NA 123, nr. 181 (30-11-1612) Genoemd als getuige.</l>
<l>NA 125, nr. 132 (28-10-1614) Getuige bij de huwelijkse voorwaarden van zijn neef David Jansz van Ilpendam.</l>
<l>NA 154, nr. 26 (17-5-1615) Mutueel testament David Jansz van Ilpendam opgemaakt bij Adriaensz thuis.</l>
<l>NA 137, nr. 69 (23-3-1621) Mutueel testament met Adriaentje Floris van Sonnevelt. Uitzet aan zijn kinderen van t3000.</l>
<l>SA 682, Burgemeesters Dagboeken, f. 102v (23-8-1622) Zweert censuureed.</l>
<l>NA 143, nr. 44 (23-11-1623) Akte waarin hij wordt genoemd als man en voogd van Adriaentje Floris.</l>
<l>NA Rotterdam 136, nr. 115/f. 190 (2-11-1625), Ariaentje Cornelis, weduwe van Jan Christoffelsz, Cornelis Cornelisz Calff, wonende te Schiedam, en Aelbrecht Stoffels, man van Aechje Cornelis wonende te Schiedam, kinderen en kleinkinderen van Cornelis Adriaensz Calf, voor zichzelf en voor de weeskinderen van Ary Cornelisz Jonge Calff die een kleinkind was van voornoemde Cornelis Adriaensz Calff en voor Barbara Lambrechtsdr, weduwe van Dirck Vechtersz, ook een kleinkind, machtigen Leendert Pietersz Cruyt en Jeroen Jacobsz, wonende te Delft, zwagers van voorn. Ariaentje Cornelis om geld te innen van de erfgenamen van Jacob Adriaensz, boekverkoper in Leiden.</l>
<l>ORA 210, Collaterale successie 0, f. 089 (29-10-1626).</l>
<l>Lit.: De Navorscher, 12 (1862), 166-167; Ledeboer; Briels 163; Witkam, DZ; Thesaurus.</l>
</all>
</person>