<person>
<firstName>Christian</firstName>
<lastName>Urall</lastName>
<dob></dob>
<dod></dod>
<pob></pob>
<pod></pod>
<professional-start>1646</professional-start>
<professional-end></professional-end>
<professions>
<profession>
<term>drukker</term>
<profession-id>9</profession-id></profession>
<profession>
<term>drukkersknecht</term>
<profession-id>11</profession-id></profession>
<profession>
<term>knecht</term>
<profession-id>45</profession-id></profession>
<profession>
<term>drukkers</term>
<profession-id>63</profession-id></profession>
</professions>
<misc>NA 792, nr. 22 (2-3-1646) Getuige bij mutueel testament Severijn Matthijs en diens vrouw.</misc>
<all>
<l>Urall, Christian (w. 1646)</l>
<l>Drukkersknecht bij Severijn Matthijsz?</l>
<l>NA 792, nr. 22 (2-3-1646) Getuige bij mutueel testament Severijn Matthijs en diens vrouw.</l>
</all>
</person>