<person>
<firstName>Antoine du</firstName>
<lastName>Val</lastName>
<dob></dob>
<dod></dod>
<pob></pob>
<pod></pod>
<professional-start>1665</professional-start>
<professional-end>1666</professional-end>
<professions>
<profession>
<term>boekverkoper</term>
<profession-id>1</profession-id></profession>
<profession>
<term>verkoper</term>
<profession-id>25</profession-id></profession>
</professions>
<address>1666 bij de Academie.</address>
<misc>unknown</misc>
<all>
<l>Val, Antoine du (w. 1665-66)</l>
<l>Boekverkoper?</l>
<l>Adres: 1666 bij de Academie.</l>
</all>
</person>