<person>
<firstName>Esaias du</firstName>
<lastName>Val</lastName>
<dob>1600</dob>
<dod></dod>
<pob></pob>
<pod></pod>
<professional-start>1632</professional-start>
<professional-end></professional-end>
<professions>
<profession>
<term>letterzetter</term>
<profession-id>4</profession-id></profession>
</professions>
<misc>NA 192, nr. 285 (17-11-1632) Verklaring met Jan de Vechter en Richard Eyr t.b.v. Willem Christiaensz bij wie hij werkt (zie aldaar).</misc>
<all>
<l>Val, Esaias du (* c. 1600; w. 1632)</l>
<l>Letterzetter.</l>
<l>NA 192, nr. 285 (17-11-1632) Verklaring met Jan de Vechter en Richard Eyr t.b.v. Willem Christiaensz bij wie hij werkt (zie aldaar).</l>
</all>
</person>