<person>
<firstName>Jean du</firstName>
<lastName>Val</lastName>
<dob></dob>
<dod></dod>
<pob></pob>
<pod></pod>
<professional-start>1666</professional-start>
<professional-end></professional-end>
<professions>
<profession>
<term>boekverkoper</term>
<profession-id>1</profession-id></profession>
<profession>
<term>verkoper</term>
<profession-id>25</profession-id></profession>
</professions>
<address>1666 aux Armes de Liege.</address>
<literature>Thesaurus.</literature>
<misc>unknown</misc>
<all>
<l>Val, Jean du (w. 1666)</l>
<l>Boekverkoper?</l>
<l>Adres: 1666 aux Armes de Liege.</l>
<l>Lit.: Thesaurus.</l>
</all>
</person>