<person>
<firstName>Jacobus van der</firstName>
<lastName>Valk</lastName>
<dob></dob>
<dod></dod>
<pob></pob>
<pod></pod>
<professional-start>1727</professional-start>
<professional-end></professional-end>
<professions>
<profession>
<term>speelkaartverkoper</term>
<profession-id>3</profession-id></profession>
<profession>
<term>verkoper</term>
<profession-id>25</profession-id></profession>
<profession>
<term>kaartverkoper</term>
<profession-id>66</profession-id></profession>
</professions>
<marriage>? 1. ?; 2. SH 5-11-1700 Cornelia Caan (getuige zijn neef Roelant Carpentier); 3. SH 26-5-1724 Willemyntje van den Hoven uit Gouda.</marriage>
<address>? 1700 Middelweg.</address>
<street>Middelweg</street>
<street-id>35</street-id>
<lat>52.1581081</lat>
<lon>4.4948943
</lon>
<guild>7-7-1727 Contribuant (AB 83c, ff. 93, 95).</guild>
<misc>Vgl. SH 1-3-1726 lintier Jacobus van der Valck, lintier, en Maria Breur.</misc>
<all>
<l>Valk, Jacobus van der (w. 1727)</l>
<l>Speelkaartverkoper.</l>
<l>Adres: ? 1700 Middelweg.</l>
<l>Huwelijk: ? 1. ?; 2. SH 5-11-1700 Cornelia Caan (getuige zijn neef Roelant Carpentier); 3. SH 26-5-1724 Willemyntje van den Hoven uit Gouda.</l>
<l>Gilde: 7-7-1727 Contribuant (AB 83c, ff. 93, 95).</l>
<l>NA 1825, nr. 54a (1725) Akte.</l>
<l>NA 1701, nr. 43 (1725) Akte.</l>
<l>NA 1769, nr. 97 (1727) Akte.</l>
<l>NA 1879, nr. 32 (1734) Akte.</l>
<l>NA 1879, nr. 33 (1734) Obligatie.</l>
<l>NA 1852, nr. 69 (1736) Akte.</l>
<l>Vgl. SH 1-3-1726 lintier Jacobus van der Valck, lintier, en Maria Breur.</l>
</all>
</person>