<person>
<firstName>Daniel van der</firstName>
<lastName>Vecht</lastName>
<dob>1690</dob>
<dod></dod>
<pob></pob>
<pod></pod>
<professional-start>1717</professional-start>
<professional-end></professional-end>
<professions>
<profession>
<term>boekverkoper</term>
<profession-id>1</profession-id></profession>
<profession>
<term>verkoper</term>
<profession-id>25</profession-id></profession>
</professions>
<marriage>1721 de linnennaaister Cornelia Stempel, die op Rapenburg 28e woonde. Kind: PK 5-2-1723 Theodorus.</marriage>
<address>1721 Rapenburg; 1721-1735 Houtstraat NZ (Over t Hof, f. 469 [scan 136]; nadien verkocht aan de gebroeders Verbeek).</address>
<street>Rapenburg</street>
<street-id>50</street-id>
<lat>52.155884</lat>
<lon>4.4876151
</lon>
<guild>pre-1717 L bij Samuel Luchtmans. 12-4-1717 Vrijmeester (AB 83a, f. 83).</guild>
<literature>Ledeboer; Het Rapenburg, IVb, p. 612.</literature>
<misc>NA 1848, nr. 22 (11-4-1732) Akte n.a.v. voogdij over zijn nicht.</misc>
<all>
<l>Vecht, Daniel van der (* 1690 [doop PK 6-8]; w. 1717)</l>
<l>Boekverkoper.</l>
<l>Zoon van Jacob van der Vecht en Lijsbeth Schouten?</l>
<l>Adres: 1721 Rapenburg; 1721-1735 Houtstraat NZ (Over t Hof, f. 469 [scan 136]; nadien verkocht aan de gebroeders Verbeek).</l>
<l>Huwelijk: 1721 de linnennaaister Cornelia Stempel, die op Rapenburg 28e woonde. Kind: PK 5-2-1723 Theodorus.</l>
<l>Gilde: pre-1717 L bij Samuel Luchtmans. 12-4-1717 Vrijmeester (AB 83a, f. 83).</l>
<l>NA 1741, ff. 311-13 (10-12-1721) Testament.</l>
<l>NA 1741, ff. 364-67 (20-12-1721) Verkoop van een huis aan de Haarlemmerstraat ZZ bij de Kerksteeg, genaamd De Gouden Snoek, voor 510 aan de winkelier Flip van der Zee.</l>
<l>NA 1848, nr. 22 (11-4-1732) Akte n.a.v. voogdij over zijn nicht.</l>
<l>Lit.: Ledeboer; Het Rapenburg, IVb, p. 612.</l>
</all>
</person>