<person>
<firstName>Abraham Thomasz de</firstName>
<lastName>Vechter</lastName>
<dob>1589</dob>
<dod></dod>
<pob></pob>
<pod></pod>
<professional-start>1617</professional-start>
<professional-end>1639</professional-end>
<professions>
<profession>
<term>lettergieter</term>
<profession-id>34</profession-id></profession>
</professions>
<marriage>KO 26-4-1633 Lijsbeth Daniels, weduwe Adriaen Ewoutsz (getuige zijn oom Jan de Vrijer); zij hertrouwt KO 24-7-1648 Claes Jansz en woont dan in de Blaeuwensteeg.</marriage>
<address>1622 Rapenburg; 1633 Levendaal.</address>
<street>Rapenburg</street>
<street-id>50</street-id>
<lat>52.155884</lat>
<lon>4.4876151
</lon>
<literature>Briels 481, 492.</literature>
<misc>NA 325, nr. 3 (13-1-1639) Getuige bij akte.</misc>
<all>
<l>Vechter, Abraham Thomasz de (* 1589   pre 1648; w. 1617-na 1639)</l>
<l>Lettergieter.</l>
<l>Zoon van Thomas I de Vechter.</l>
<l>Adres: 1622 Rapenburg; 1633 Levendaal.</l>
<l>Huwelijk: KO 26-4-1633 Lijsbeth Daniels, weduwe Adriaen Ewoutsz (getuige zijn oom Jan de Vrijer); zij hertrouwt KO 24-7-1648 Claes Jansz en woont dan in de Blaeuwensteeg.</l>
<l>Dreef met zijn broer Thomas omstreeks 1617 de gieterij van zijn vader. In 1619 kwam hij mogelijk in dienst van Arent Corsz van Hogenacker. Vgl. RA 43, HH: f. 69 (met Both, boekdrukker uit Dordrecht); MM: ff. 56v, 162v, 285 (Th. de Vechter); NN: 88, 147v, 158, 261v, 266v; KK: ff. 64, 70v, 267; LL: ff. 12, 43, 225, 263v, 306; RA 84, D:, f. 210v (Gijs Pieters, weduwe De Vechter).</l>
<l>NA 154, nr. 49 (12-11-1615) Getuige bij akte met lettergieter Jan Woutersz.</l>
<l>Dingboek LL, f. 12r (22-1-1616) Jan Gerytsz de bode, gemachtigde van Salomon de Roy, ordinarisdrucker der Staten? van Utrecht, eiser, contra Abraham de Vechter, lettergieter, gedaagde.</l>
<l>Dingboek LL, f. 43r (22-4-1616) Abraham de Vechter, lettergieter, contra Jan de Vrijer, om betaling van 100 geleend geld.</l>
<l>Dingboek LL, f. 81v (20-6-1616) Abraham van Altena, gemachtigde van Abraham de Vechter, eiser, contra Andries Quirijns, herbergier, gedaagde.</l>
<l>NA 356, nr. 92 (17-8-1632) Verklaring opperman Abraham de Vechter, oud 40 jaar. Dezelfde?</l>
<l>NA 325, nr. 3 (13-1-1639) Getuige bij akte.</l>
<l>Lit.: Briels 481, 492.</l>
</all>
</person>