<person>
<firstName>Jan Thomasz de</firstName>
<lastName>Vechter</lastName>
<dob>1595</dob>
<dod></dod>
<pob>leiden</pob>
<pob-id>1</pob-id>
<pod></pod>
<professional-start>1627</professional-start>
<professional-end>1654</professional-end>
<professions>
<profession>
<term>letterzetter</term>
<profession-id>4</profession-id></profession>
</professions>
<marriage>1-12-1618 Maritje Claas; 2. SH 8-12/KO 24-12-1634 Jannetje Thonis, weduwe van de boekverkoper Wiert Gellegers [Jelgers*], op de Koepoortsgracht (getuige zijn bekende, de letterzetter Pieter Vincentsz van Heemskerck* en voor haarAriaentje Lamberts). 1632 (of eerder)-43 K bij Van der Boxe.</marriage>
<address>1622 Vleeshuis; 1634 Koepoortsgracht.</address>
<literature>Lit.: Henselmans p. 5; Sprunger, ch. 5.; Briels 491-493.</literature>
<misc>NA 563, nr. 60 (27-12-1654) Obligatie aan Samuel Cordijn (?) van 66 t.z.v. achterstallige huishuur.</misc>
<all>
<l>Vechter, Jan Thomasz de (* Leiden c. 1595/7; w. 1627-54)</l>
<l>Letterzetter.</l>
<l>Zoon van Thomas I de Vechter en Janneke Abelmont.</l>
<l>Adres: 1622 Vleeshuis; 1634 Koepoortsgracht.</l>
<l>Huwelijk: 1-12-1618 Maritje Claas; 2. SH 8-12/KO 24-12-1634 Jannetje Thonis, weduwe van de boekverkoper Wiert Gellegers [Jelgers*], op de Koepoortsgracht (getuige zijn bekende, de letterzetter Pieter Vincentsz van Heemskerck* en voor haarAriaentje Lamberts). 1632 (of eerder)-43 K bij Van der Boxe.</l>
<l>Weeskamer, Voogdijboek C, f. 61v (21-4-1617) Thomas en Abraham de Vechter voogden over hun broer Jan, oud 22 jaar.</l>
<l>UBL, Senaatsarchief, Volumen Inscriptionum, f. 232 (12-2-1627) Inschrijving als student, 30 jaar oud, samen met 7 anderen: Willem Christiaensz van der Boxe, William Wilkinson, Henry Randolph, Pieter Vincentsz van Heemskerck, Pieter Schut, Vechter, Angel Jacobsz jr. en Theodoor Wolders (Servi typographi nostri Academici sequenter acto ex gratie et liberalitate D.D. Consulum urbis nostris Leidensis gratis inscripti sunt). Vgl. Album studiosorum: Servi typographi nostri academici.</l>
<l>NA 352, nr. 153 (9-10-1628) Obligatie van Wiert Jelgers van 110 i.v.m. lening.</l>
<l>NA 354, nr. 129 (8-7-1630) Obligatie van Wiert Jelgers van 100 i.v.m. lening.</l>
<l>NA 192, nr. 285 (17-11-1632) Verklaring met Esaias du Val en Richard Eyr t.b.v. Willem Christiaensz bij wie hij werkt (zie aldaar).</l>
<l>RA 79, dl. V, ff. 238r-v (16-3-1641) Verklaring met de bouckdruckersgasten Robbrecht Wood (oud 26 jaar) en Thomas Thymen uit Amsterdam t.b.v. Thomas Stafford, koopman te Amsterdam, dat zij een jaar tevoren bij Van der Boxe een Engelse 2 bijbel hebben gedrukt, dewelcke was de copye van den requirant ende niet de Schotsche Bijbel, die van Delff quam. Ook Thomas Crawford uit Amsterdam wordt genoemd, aan wie zij eenich drinckgelt hadden gevraagd, waarop deze had geantwoord: Gijlieden moet Mr. Staffaert (zijnde den requirant in desen) aenspreecken, die sal u lieden drinckgelt geven. Ick ben maer een dienaer. De bijbel werd gedrukt op kosten van Stafford, die zelf mondeling had verklaard dat Stafford sijn betaelmeester was.</l>
<l>NA 540, nr. 72 (31-7-1642) Afhandeling van zijn schulden aan Jan Cone (Ganne?) via obligaties d.d. 27-4-1630. Borg Jan de Vrijer.</l>
<l>NA 541, nr. 128 (24-10-1643) Verklaring met twee andere knechten t.b.v. Van der Boxe (zie aldaar). Hij is 48 jr.</l>
<l>NA 563, nr. 60 (27-12-1654) Obligatie aan Samuel Cordijn (?) van 66 t.z.v. achterstallige huishuur.</l>
<l>Lit.: Lit.: Henselmans p. 5; Sprunger, ch. 5.; Briels 491-493.</l>
</all>
</person>