<person>
<firstName>Thomas [Tonis] I de</firstName>
<lastName>Vechter</lastName>
<dob>1602</dob>
<dod></dod>
<pob>gent</pob>
<pob-id>27</pob-id>
<pod></pod>
<professional-start>1583</professional-start>
<professional-end>1602</professional-end>
<professions>
<profession>
<term>lettergieter</term>
<profession-id>34</profession-id></profession>
</professions>
<marriage>1. Jannetje Abelmont van Gent (te Gent); 2. KO 21-10-1595 Maaijke Gijs, weduwe van Paschier de Belle, uit Belle (getuige Lucas Abraham [Abelmont?, zie Thomas II] en Jan de Vrijer).</marriage>
<address>Breestraat/hoek Vrouwensteeg.</address>
<street>Breestraat</street>
<street-id>5</street-id>
<lat>52.1576037</lat>
<lon>4.4910914
</lon>
<literature>Briels 480-491; Wijnman, diverse art.; Oomes; Lane; Ensched, Typefoundries.</literature>
<misc>Vgl. begraven 10-11-1620 Thomas de Vechter op Verloren Cost.</misc>
<all>
<l>Vechter, Thomas [Tonis] I de (* Gent ?   1602 [begr. 22-3]; w. 1583-1602)</l>
<l>Lettergieter.</l>
<l>Adres: Breestraat/hoek Vrouwensteeg.</l>
<l>Huwelijk: 1. Jannetje Abelmont van Gent (te Gent); 2. KO 21-10-1595 Maaijke Gijs, weduwe van Paschier de Belle, uit Belle (getuige Lucas Abraham [Abelmont?, zie Thomas II] en Jan de Vrijer).</l>
<l>Werkte aanvankelijk in Gent en na 1581 te Antwerpen, waar hij voornamelijk voor Plantijn goot. Met hem kwam hij in 1583 naar Leiden, en vestigde zijn bedrijf in het pand van de Leidse Officina Plantiniana. Op 21-12-1604 verkochten zijn erven matrijzen aan Jan Theunisz.</l>
<l>NA 58, f. 189v [scan 201] (5-8-1594) Protest van twee wisselbrieven jegens Loys Elzevier, de een van 76.10 van Jan Moretus, de ander van 60 van Gillis Beijts, die hij ca. vijf weken tevoren heeft geaccepteerd. Het protest had plaatsgevonden in de winkel van Elzevier op het Rapenburg. Op de vraag of Elzevier de brieven had geaccepteerd had deze geantwoord, nae vele ongebonden wooden al had ic tgelt, daer opte taeffel liggen, wil ict u persoons nyet betaelen, ic bekense geaccepteerd te hebben ende ic accepteerse noch dan beyt acht oft thyen dagen tot dat Gillis myn soon uut Vrieslant gecomen zal syn die ic alle dagen verwachte, jegens welck erlaye [?] die vers. de Vechtere protesteert van alle costen schaden ende interesten tsynen lasten, van meeninghe zynde die zelve wisselbrieven te rugge te seynden. Getuigen Jakes [Jaeques] de lettergieter [= waarschijnlijk Jacob Millesen] en Hans Wouters.</l>
<l>NA 59, f. 215v (10-9-1595) Verklaring ten behoeve van zijn zes zonen over hun moederlijk erfdeel. Genoemd worden: Lucas 12 jaar; Thomas 11 jaar; Jacob 8 jaar; Abraham 6 jaar; Isaac ? jaar en Jan 7 weken. Hun moeder Jannetje Abelmont is overleden. De verklaring geschiedt na advies en consent van grootvader Lucas Abelmont van Gent en oom Jan de Vrijer van Belle, hun voogden. Het totaalbedrag is 42 pond Vlaams, dus voor ieder kind 7 pond. Thomas zal hen voeden, kleden, naar school laten gaan en een goed beroep laten kiezen. Borg staan Jan Paedts Jacobsz in de Engel en Johan Burt uit Amsterdam. Getuigen zijn Jacques van Millesen en Hans Wouters, beiden lettergieters uit Antwerpen.</l>
<l>GA Rotterdam, NA, notaris J. Symonsz, dl. 19, ff. 420-421 (28-8-1615) Transport door Johannes van Waesbergen sr., boekverkoper te Rotterdam aan Jan Claesz van Dorp van 317:1 ter zake van een obligatie jegens hem, verleden door Thomas de Vechter sr. voor zijn schoon [=stief] moeder Maijken Ghys, weduwe Thomas de Vechter sr. (borgen Cornelis van Swaenenburch en Jan de Vrijer) als rest van een eerdere obligatie van Thomas de Vechter d.d. 15-4-1607.</l>
<l>NA 101, nr. 73 (21-5-1621) Testament van zijn weduwe Maaike Gijs. Thomas jr., haar mans voorzoon, krijgt al haar inkomende schulden bij voorlegaat.</l>
<l>Vgl. begraven 10-11-1620 Thomas de Vechter op Verloren Cost.</l>
<l>Lit.: Briels 480-491; Wijnman, diverse art.; Oomes; Lane; Ensched, Typefoundries.</l>
</all>
</person>