<person>
<firstName>Thomas Thomasz de</firstName>
<lastName>Vechter</lastName>
<dob>1584</dob>
<dod></dod>
<pob>leiden</pob>
<pob-id>1</pob-id>
<pod></pod>
<professional-start>1602</professional-start>
<professional-end>1619</professional-end>
<professions>
<profession>
<term>lettergieter</term>
<profession-id>34</profession-id></profession>
</professions>
<marriage>KO 13-12-1604 Maeycken Friers [de Vrijer] uit Belle (getuige zijn bestevader Lucas Abelmont en zijn oom Jan de Vrijer, haar moeder Proontje Friers en zuster Josijntje).</marriage>
<address>1622 Westnieuwland; pre-1630 Schoolsteeg.</address>
<street>Schoolsteeg</street>
<street-id>53</street-id>
<lat>52.1587931</lat>
<lon>4.486935
</lon>
<literature>Briels 490-492; Wijnman, diverse artikelen; Oomes; Lane; Ensched, Typefoundries.</literature>
<misc>NA 316, nr. 136 (2-7-1630) Transport van goederen aan Jan de Vrijer, schrijver aan de Marepoort.</misc>
<all>
<l>Vechter, Thomas Thomasz de (* Leiden c. 1584/5   Leiden c. 1630; w. 1602-19)</l>
<l>Lettergieter en zetter.</l>
<l>Zoon van Thomas I de Vechter en Jannetje Abelmont.</l>
<l>Adres: 1622 Westnieuwland; pre-1630 Schoolsteeg.</l>
<l>Huwelijk: KO 13-12-1604 Maeycken Friers [de Vrijer] uit Belle (getuige zijn bestevader Lucas Abelmont en zijn oom Jan de Vrijer, haar moeder Proontje Friers en zuster Josijntje).</l>
<l>Werkte aanvankelijk bij zijn vader in de gieterij. Na diens dood in 1602 dreef hij de zaak samen met Jan Theunisz, na 1604 zelfstandig, echter met assistentie van zijn broer Abraham. In 1619 werd hij failliet verklaard. Daarna vertrok hij naar Gouda, maar keerde van 1622 tot 1630 naar Leiden terug. Na 1630 naar Amsterdam?</l>
<l>Getuigenisboek: H, f. 277 (lettergieter).</l>
<l>NA 69, nr. 3 (9-1-1600) Thomas de Vechtere, bakker, met Thomas Basson getuigen bij een procuratie van Isaac Canin. Dezelfde?</l>
<l>NA 88, nr. 86 (11-5-1613) Procuratie aan Leonhart Bieshoven, procuceur te Rotterdam om zijn belang waar te nemen in het arrest van een partij drukletters in het huis van Pieter Gerritsz.</l>
<l>NA Rotterdam 34, nr. 209/f. 387 (30-7-1613) Peter Gerritsz, schipper, Henrick Aertsz 23 jaar, boekdrukker, Jacob Jacobsz Verhoeven, Thomas de Vechter, Dordrecht. Betreft de levering van nieuw gegoten letters en het niet betalen daarvan.</l>
<l>NA 95A, nr. 38 (2-3-1615) Getuige bij akte Joris Abrahamsz van der Marsche (zie aldaar).</l>
<l>NA 154, nr. 49 (12-11-1615) Verklaring met de lettergieter Barend Jansz. t.b.v. Anneke Tielman, vrouw van de herbergier Christ. de Laet van de herberg In de groene ridder. Getuigen de lettergieters Jan Woutersz en Abraham de Vechter.</l>
<l>Dingboek MM, f. 14r (18-8-1617) ? Gemachtigde van Willem Dircxz van Dam vanwege diens vrouw en mede-erfgenaem van Hillegont Lambrechts, eiser, contra Thomas de Vechter, lettergieter, gedaagde. Concludeert pro ut inscriptis (?).</l>
<l>NA 97B, nr. 240 (21-9-1617) Verkoopt voor 300 aan zijn schoonmoeder Proontje Gijs, weduwe Mahieu de Vrijer (zij wordt geassisteerd door haar zoon Jan de Vrijer) de helft van de matrijzen van zijn lettergieterij, te weten: huisbrief canon duits; paragon duits romein en cursief; text duits romein en cursief; augustijn duits romein en cursief; mediaen duits romein, cursief en geschreven; descendiaan duits romein en cursief; bourgeois duits; brevier duits romein en cursief; parel duits romein en cursief; verder de helft van het gereedschap van de lettergieterij. De andere helft behoort toe aan zijn broers Abraham en Jan de Vechter.</l>
<l>Dingboek MM, f. 56v (27-10-1617) Jan Jansz Storm, eiser, contra Thomas de Vechter, gedaagde.</l>
<l>Dingboek MM, f. 79v (17-11-1617) Jan Gerritsz de Goede, gemachtigde van Boudewijn Pietersz, contra Thomas de Vechter om betaling van 5.8.</l>
<l>Dingboek MM, f. 108v (19-1-1618) Jan van Kuyc, gemachtigde van Engel Dircxz, voerman, eiser, contra Thomas de Vechter, gedaagde, vanwege 14 voor vrachtvervoer.</l>
<l>Dingboek MM, f. 162v (11-5-1618) Claes van der Meer, gemachtigde van Henric Meynertsz van Hogendijc, eiser, contra Thomas de Vechter, gedaagde.</l>
<l>Aflezingsboek G 368v (28-11-1619) Oproep aan zijn schuldeisers.</l>
<l>NA 88, f. 86 (?) ?</l>
<l>NA 136, nr. 144 (26-10-1620) Conflict met Hendrick Baelde over de verkoop door De Vechter van een huis a.d. Lange Raamsteeg.</l>
<l>RA 43, Dingboek NN, f. 266v (23-6-1621) Uitspraak gerecht over een conflict met de zijdelakenverkoper Jan Eduwaert wegens een winkelschuld van 43.15. De zaak speelde al geruime tijd, o.a. omdat De Vechter beweerde dat hij de goederen had gekocht op naam van zijn broer Jan. Hij wordt veroordeeld tot betaling.</l>
<l>NA 290, nr. 138 (10-11-1621) Transport van goederen.</l>
<l>SA 682, Burg. Dagb., f. 102v (23-8-1622) Zweert censuureed.</l>
<l>NA 292, nr. 68 [scans 136-137] (10-5-1623) Verklaring dat Arent Corsz van Hogenacker onder zich heeft berustende seeckere quantiteyt matrisen daer van gementioneert wort in drie verscheijden contracten daer van sijnde, welcke matrisen hem comparant voor drie vierde parten ende Jan de Vechter syn broeder voor tvierde vierde part syn toebehorende, ende bij de voorn. Arent Corsz by willich pant in verseeckerheijt [?] van syn achterwesen tot laste van hem comparant bewaert ende ondergehouden. Om deze reden was er een proces tussen hem en Van Hogenacker voor de Vierschaar is gesustineert geweest waarbij Van Hogenacker veroordeeld was. De matrijzen zullen nu door De Vechter bij executie worden verkocht, inclusief het vierde part van zijn broer.</l>
<l>NA 306, nr. 49 [scans 111-113] (7-6-1623) Contract met Arent Corsz van Hogenacker, eiser, arrestant ende executeur n.a.v. een uitspraak van de vierschaar in de zaak van Van Hogenacker tegen De Vechter. Het contract wordt gesloten teneinde grotere kosten te voorkomen en na tlange aenhouden van tsmeecken ende bidden door De Vechter. De Vechter draagt aan Van Hogenacker voor 955 over de volgende materialen:</l>
<l>Huysbrief letter met syn instrument</l>
<l>Canon duijts met syn instrument</l>
<l>Mediaen Romeijn capitalen van drie regelen</l>
<l>Mediaen romeijn capitalen van twee regulen met sijn instrument</l>
<l>Descendiaen romein capitalen van twee regulen met syn instrument</l>
<l>Gestricte capitalen met de poinsoenen</l>
<l>Granjons noten met het instrument</l>
<l>Paragon duijts</l>
<l>Text duijts, Text romein, ende Text cursijff</l>
<l>Mediaen Romein, mediaen duijts, mediaen cursijff, mediaen geschreven</l>
<l>Descendiaen duijts, descendiaen Romeijn, descendiaen cursijff</l>
<l>Brevier Romeijn het stienen instrument ende de capitalen uijt de Augustijn duijts.</l>
<l>Hogenacker had het merendeel hiervan al in handen als onderpanden vlgs. een notarile akte. De Vechter mag het geheel echter binnen een jaar terugkopen voor hetzelfde bedrag.</l>
<l>NA 366, nr. 51 (17-6-1623) Aanbevelingsbrief voor de lettergieter Jan Patoux. Deze heeft de kunst van het lettergieten bij hem geleerd en gedurende ongeveer acht jaar bij hem naar genoegen gewerkt. De Vechter noemt Patoux, die nu wil vertrekken, een goet ende trou ende wel ervaren jongman in de voorsz. Cunste. Getuigen Arent Corsz van Hogenacker en Abraham de Vechter.</l>
<l>ARA, Hof van Holland 664 (24-5-1624) Uitspraak in zaak contra Hendrik Baelde over verkoop van een huis door De Vechter aan de lange Raamsteeg NZ voor 2000.</l>
<l>NA 307, nr. 11 (19-8-1624) Compromis over ruzie tussen de koopman Hendrik Baelde over huis aan de Middelste Raamsteeg dat Baelde van De Vechter had gekocht. De zaak was voor de vierschaar geweest.</l>
<l>NA Rotterdam 78, nr. 219/f. 432 (31-12-1624) Thomas Thomasz de Vechter, matroos geboren te Leiden, machtigt zijn vader Thomas de Vechter, lettergieter te Leiden, om van het college ter Admiraliteit ontslag van zijn dienst te verzoeken, en zijn resterende maandgeld te innen. Hij was matroos onder kapitein N.N. Wassenhoven.</l>
<l>NA 105A, nr. 51 (1-2-1625) Revocatie van eerdere acten i.v.m. transactie met Hendrik Baelde, koopman in wol d.d. 18-8-1624 voor notaris Schuurman. Vgl. nr. 67.</l>
<l>NA 212, nr. 65 (16-4-1626) Verklaring met Arent Corsz Hogenacker op verzoek van Nicolaas Briot te Amsterdam, dat aan de matrijzen van romeinen en cursieven die Hogenacker aan Willem Jansz Blaeu heeft geleverd niets mankeert. Thomas ca. 41 jaar.</l>
<l>NA 186, nr. 223 (7-6-1626) Obligatie aan de kaasverkoper Jan Questroy van 48.15 voor achterstallige huishuur, waarvoor hij allerlei huisraad in borg geeft.</l>
<l>NA 188A, nr. 61 (27-3-1628) Verklaring met Pieter Vincentsz van Heemskerck t.b.v. Lieven Henricx, dat Isaac Elsevier ca. drie jaar geleden aan Jan ... Lieventijt voor 66 een partij letters had verkocht, te betalen in vier termijnen binnen 1 jaar. Moeilijk leesbaar.</l>
<l>NA 189, nr. 118 (16-4-1629) Obligatie aan de kaasverkoper Jan Questroy van 48 wegens huishuur. Als borg allerlei huisraad. Zie ook 7-6-1626.</l>
<l>NA 316, nr. 34 (9-2-1630) Akte betreffende de voogdij over Susanna de Vrijer, erfgename van zijn stief[=schoon?]moeder Maaike Gijs.</l>
<l>NA 316, nr. 136 (2-7-1630) Transport van goederen aan Jan de Vrijer, schrijver aan de Marepoort.</l>
<l>Lit.: Briels 490-492; Wijnman, diverse artikelen; Oomes; Lane; Ensched, Typefoundries.</l>
</all>
</person>