<person>
<firstName>Willem</firstName>
<lastName>Boot</lastName>
<dob>1779</dob>
<dod></dod>
<pob>zijn weduwe </pob>
<pob-id>1</pob-id>
<pod></pod>
<professional-start>1742</professional-start>
<professional-end>1778</professional-end>
<professions>
</professions>
<marriage>KO 18-4-1738 Maria Kettenis (ook Kellenaer; begr. Leiderdorp 15-11-1802) (getuige zijn moeder). Kinderen: dopen: HK 12-4-1740 Johanna; PK 30-8-1741 Gijsbert; HK 2-4-1743 Kornelia; PK 31-3-1745 Maria; PK 3-5-1747 Sara; HK 3-10-1749 Margareta; HK 6-3-1757 Gijsbert.</marriage>
<address>1738 Nonnensteeg; Commanderijpoort/Zonneveldsteeg (Zevenhuizen ff. 15 en 109; 1778 Zonneveldsteeg; 1783 naar Cornelis Heyligert); 1802 weduwe Pieterskerkstraat (Over t Hof ff. 446v, 492v); Steenschuur? (Z. Rapenburg f. 225v); z.j. Rapenburg; Voldersgracht; Nieuwsteeg; Pieterskerkhof; Plein van het Gravesteen.</address>
<street>Steenschuur</street>
<street-id>57</street-id>
<lat>52.1560107</lat>
<lon>4.4925594
</lon>
<guild>6-6-1739 K bij Boonaart. 2-4-1742 Vrijmeester boekdrukker (AB 83a, f. 18v); 4-11-1748 vrijmeester boekverkoper (AB 83a, f. 21v).</guild>
<misc>NA 2307, nr. 31 (1775) Akte.</misc>
<all>
<l>Boot, Willem (* Haarlem  1778 [begr. 18-11-1778 buiten Leiden]; w. 1742-78; zijn weduwe 1779)</l>
<l>Zoon van ? en Sara de Wilde (zij woont in 1738 in de Lange Diefsteeg).</l>
<l>Letterzetter, later drukker en boekverkoper.</l>
<l>Adres: 1738 Nonnensteeg.</l>
<l>Huwelijk: KO 18-4-1738 Maria Kettenis (ook Kellenaer; begr. Leiderdorp 15-11-1802) (getuige zijn moeder). Kinderen: dopen: HK 12-4-1740 Johanna; PK 30-8-1741 Gijsbert; HK 2-4-1743 Kornelia; PK 31-3-1745 Maria; PK 3-5-1747 Sara; HK 3-10-1749 Margareta; HK 6-3-1757 Gijsbert.</l>
<l>Adres: 1738 Nonnensteeg; Commanderijpoort/Zonneveldsteeg (Zevenhuizen ff. 15 en 109; 1778 Zonneveldsteeg; 1783 naar Cornelis Heyligert); 1802 weduwe Pieterskerkstraat (Over t Hof ff. 446v, 492v); Steenschuur? (Z. Rapenburg f. 225v); z.j. Rapenburg; Voldersgracht; Nieuwsteeg; Pieterskerkhof; Plein van het Gravesteen.</l>
<l>Gilde: 6-6-1739 K bij Boonaart. 2-4-1742 Vrijmeester boekdrukker (AB 83a, f. 18v); 4-11-1748 vrijmeester boekverkoper (AB 83a, f. 21v).</l>
<l>Personeel: 1-5-1742 Claas van der Gaag L voor 6 jaar, Jan Ligthmans L voor 6 jaar; 2-6-1742 Jan Wils K voor 6 jaar (wees, van Van der Mijn), Salomon van der Spruyt K (van Van der Mijn), Cornelis Bleskens K (van Isaac van der Mijn); 2-3-1744 Jan Houtema K (van Dieuwertje van der Boxe), Jan Mullinkhof K (van Dieuwertje van der Boxe), Abraham Montagne L aan de pers, Christiaan Onderwater L aan de pers; 7-11-1746 Cornelis van Damme (van Jan Willem de Groot), Bartholomeus Olivier (van Jan Willem de Groot), Huibert Wardenaar (van Jan Willem de Groot); 1-5-1749 Daniel Rijk voor 4 jaar; 1-4-1752 Abraham Danj voor 2 jaar (later naar Amsterdam); 1-12-1755 Johan Platteel, Jacob van der Pluim, Abraham Kar; 1750 Cornelis Schryver; 1-5-1762 Daniel Brokkaar L voor 4 jaar (na 3 jaar vertrokken), Abraham du Saar* (van De Groot), Simon Bonaart*; 3-3-1766 Adriaan Opperkamp voor 2 jaar (van Willem de Groot); 5-2-1771 Arie Vrindt, Wardenaar de Wit, Steven Pluim, Lambert Lagas, Kornelis Zilverschoon, Johannes van Herkhuisen, Izak Tasseron, Izak Labordus, Pieter Romyn, Moses Cijfveer*, Kornelis Bleskens, Adriaan Opperkamp, Bartholomeus Olivier; 1772 Daniel de Rijk; 3-8-1772 Abraham van Pannen (uit Amsterdam), Hugo de Groot (uit Den Haag); 1-4-1776 Matheus Andries L, Jan Maats L, Jacob den Ouden L, Klaas van der Kamp (van Van Damme), Betheram Corts L (wees), Simon Groen L (wees); Weduwe Boot: 2-8-1779 Herman Lodewijk van der Steenweg, Jan Huba, Jacob Engelbrecht, Dirk Brouwer, Meindert Huibert Fontein, Jan Cavee, Martinus Maas; 6-12-1779 Jan Verhagen L, Dirk Borneviel L; 13-12-1780 Bartholomeus Olivier, Abraham Schuddemat (van Koet), Frans Ploeg; 2-4-1781 Warn. de Wit; 3-3-1783 Abraham Montagne (van Koet); 2-5-1785 Jacob van den Bree L; 1-12-1785 Johannes Bekooy L; 3-7-1786 Adriaan Vylbrief L; 4-2-1788 Thomas Meeler de Pecker L, Reinier Cijfveer (van Jan Cijfveer); 7-7-1788 Willem Kraakman L, Johan Schryner L (wees), Is. Nortier L, Johan van den Bree (van Cornelis Hogeveen jr.), Abraham Kar (van Honkoop) (AB 83c, f. 50r-v).</l>
<l>Hij had de drukkerij overgenomen van Isaac van der Mijn.</l>
<l>Poorterboeken: getuige bij Anthoine Martino (9-12-1771).</l>
<l>NA 1974, nr. 110 (24-9-1738) Mutueel testament met Marijtje Kettenes. Deels gedrukte tekst. Zij kan haar handtekening niet zetten.</l>
<l>RA 86, DD, nr. 44 (25-3-1738) Getuige i.z. nabestaanden Dirk Haak jr.</l>
<l>NA 1905, nr. 67 (11-8-1740) Borgstelling met de schoolmeester van het Weeshuis Johannes Knoop.</l>
<l>NA 1907, nr. 20 (8-3-1742) Obligatie aan Moses de Bouvrie van 100. Borgen Paulus Kettenes en Steven Groenevelt. Voldaan 16-6-1751. Jan le Maire getuige.</l>
<l>Kocht in 1742 op de veiling van Isaac van der Mijn (?).</l>
<l>NA 1933, f. 99 (27-3-1743) Borgstelling bij een obligatie van bouwman Leendert Hijbertse Meurs.</l>
<l>NA 1981, nr. 99 (1745) Akte.</l>
<l>1747 generale spreker van het Oranje vaandel der schutterij.</l>
<l>RA 86, JJ, f. 19 (9-4-1751) Koopt pand Zonneveldsteeg.</l>
<l>NA 2193, nr. 64 (1758) Testament.</l>
<l>NA 2279, nr. 81 (1765) Procuratie c.s.</l>
<l>NA 2152, nr. 60 (1770) Akte.</l>
<l>NA 2282, nr. 59 (1768) Procuratie c.s.</l>
<l>NA 2540, nr. 128 [scan nr. 587] (9-12-1771) Borgstelling door Willem Boot en de winkelier Emanuel Petrus van Steenkist voor Anthoine Martine uit Dijon. In akte nr. 129 (15-12-1771) wordt nog toegevoegd Martines echtgenote, Catharina Marchand uit Bressursenne (Bresse-sur-Seine?).</l>
<l>NA 2152B, nr. 60 [scan nr. 479] (19-3-1772) Attestatie Willem Boot met zijn vrouw Maria Kettenes en Ary Vriendt, meesterknecht van de drukkerij op verzoek van Willem Langerack, boekverkoper te Utrecht dat Michiel Anthony van Asch van Wijk, kanunnik van de dom te Utrecht in het voorjaar 1770 in de drukkerij van Boot is geweest om te spreken over het drukken van zijn Beschrijvinge van een waapen kaart van Utrecht welke gedrukt moest worden in vier delen groot 8 en dat Van Wijk de proeven zou corrigeren. Die proeven waren ook gemaakt met verzoek om ze zo spoedig mogelijk te corrigeren. Boot had hierover met de requirant contact opgenomen hoe te handelen, temeer daar inmiddels allerlei onkosten waren gemaakt ten bedrage van 121.14, d.w.z. 105.8 voor nieuw gegoten cijfers en kleinkapitalen en 5.14 voor het corrigeren en nog 12 stuivers voor briefport. Maria Kettenis kan haar naam niet schrijven.</l>
<l>RA 86, QQ, f. 24 (9-4-1772) Verklaring t.b.v. Willem Langerak i.v.m. gemaakte kosten voor het drukken van een wapenkaart van Utrecht in opdracht van Michiel Athonij van Asch van Wijk voor not. Keerwolf.</l>
<l>NA 2307, nr. 31 (1775) Akte.</l>
</all>
</person>