<person>
<firstName>David van</firstName>
<lastName>Veen</lastName>
<dob></dob>
<dod></dod>
<pob></pob>
<pod></pod>
<professional-start>1698</professional-start>
<professional-end></professional-end>
<professions>
<profession>
<term>drukker</term>
<profession-id>9</profession-id></profession>
</professions>
<marriage>KO 20-6-1698 Francina de la Maet (getuige zijn bekende Gerrit Mocque).</marriage>
<address>1698 Meutjessteeg.</address>
<misc>unknown</misc>
<all>
<l>Veen, David van (w. 1698)</l>
<l>Drukker.</l>
<l>Adres: 1698 Meutjessteeg.</l>
<l>Huwelijk: KO 20-6-1698 Francina de la Maet (getuige zijn bekende Gerrit Mocque).</l>
</all>
</person>