<person>
<firstName>Pieter van</firstName>
<lastName>Veen</lastName>
<dob></dob>
<dod></dod>
<pob></pob>
<pod></pod>
<professional-start>1690</professional-start>
<professional-end></professional-end>
<professions>
<profession>
<term>pseudoniem</term>
<profession-id>24</profession-id></profession>
</professions>
<address>1690 Hoogstraat. Een naamgenoot was werkzaam in Rotterdam van 1678-1712.</address>
<literature>Thesaurus.</literature>
<misc>unknown</misc>
<all>
<l>Veen, Pieter van (w. 1690)</l>
<l>Pseudoniem?</l>
<l>Adres: 1690 Hoogstraat. Een naamgenoot was werkzaam in Rotterdam van 1678-1712.</l>
<l>Lit.: Thesaurus.</l>
</all>
</person>