<person>
<firstName>Adriaen van de</firstName>
<lastName>Velde</lastName>
<dob></dob>
<dod></dod>
<pob></pob>
<pod></pod>
<professional-start>1610</professional-start>
<professional-end>1633</professional-end>
<professions>
<profession>
<term>boekverkoper</term>
<profession-id>1</profession-id></profession>
<profession>
<term>verkoper</term>
<profession-id>25</profession-id></profession>
<profession>
<term>boekbinder</term>
<profession-id>43</profession-id></profession>
</professions>
<marriage>1. KO Margriete Setings; 2. KO 6-10-1626 Janneke Smalbeens, weduwe Tonis Arentsz.</marriage>
<literature>Briels 493; Willems 422.</literature>
<misc>NA 375, nr. 39 (21-6-1633) Boedel wijlen Adriaen van de Velde en Janneke Smalbeens. Onder de schuldenaren Andries Clouck voor bindloon (3), Jacob Roels (4.12) en de weduwe van secretaris Isaac van Swanenburch voor schrijfbehoeften (1.7). Op het hangkamertje (?) o.a. een partij berdekens omme tot boucken gebruyckt te werden en enige vellen bordpapier; (in het voorhuis) preekstoel; plakbord; schilderij; boekenkast; martelaarsboek; 12 schrijfkokers; 7 tafelboekjes; 10 vergulde tafelboekjes; 21 gebonden psalmboeken; 20 gebonden testamenten; 10 gebonden psalmboeken met noten; 2 grote en 1 kleine bijbels; gebonden Synode van Dordrecht; 8 gebonden uitleggingen van de tien geboden; oud testament met Spaans leer overtrokken; 21 schrijfboeken; 15 historien; ca. 4 riem papier; 7 portefoliums; 300 pennen; 4 dozijn en 8 paar koperen boeksloten; doos met enige dozijnen koperen boeksloten; doos met enige oude sloten; 10 handpersen goed en kwaad; boekploeg; 5 stempels; gereedschap tot het boekbinden. Bijgevoegd aparte lijst met de bezittingen van zijn vrouw.</misc>
<all>
<l>Velde, Adriaen van de (* Stekene in het Land van Waes; w. 1610-33)</l>
<l>Boekbinder en boekverkoper.</l>
<l>3-9-1610 Poorter.</l>
<l>Huwelijk: 1. KO Margriete Setings; 2. KO 6-10-1626 Janneke Smalbeens, weduwe Tonis Arentsz.</l>
<l>? NA 158, nr. 44 (1619) Akte.</l>
<l>SA 682, Burg. Dagb., f. 102v (23-8-1622) Zweert censuureed.</l>
<l>1626 Gedaagd door de magistraat met andere boekverkopers vanwege de verkoop van het pamlfet Den Hollandsche Apocalypsis.</l>
<l>NA 307, nr. 103 (1-8-1628) Getuige bij akte.</l>
<l>NA 375, nr. 31 (12-4-1633) Voogdijstelling Janneke Smalbeens over haar na te laten kind. Zij is ziek.</l>
<l>NA 375, nr. 39 (21-6-1633) Boedel wijlen Adriaen van de Velde en Janneke Smalbeens. Onder de schuldenaren Andries Clouck voor bindloon (3), Jacob Roels (4.12) en de weduwe van secretaris Isaac van Swanenburch voor schrijfbehoeften (1.7). Op het hangkamertje (?) o.a. een partij berdekens omme tot boucken gebruyckt te werden en enige vellen bordpapier; (in het voorhuis) preekstoel; plakbord; schilderij; boekenkast; martelaarsboek; 12 schrijfkokers; 7 tafelboekjes; 10 vergulde tafelboekjes; 21 gebonden psalmboeken; 20 gebonden testamenten; 10 gebonden psalmboeken met noten; 2 grote en 1 kleine bijbels; gebonden Synode van Dordrecht; 8 gebonden uitleggingen van de tien geboden; oud testament met Spaans leer overtrokken; 21 schrijfboeken; 15 historien; ca. 4 riem papier; 7 portefoliums; 300 pennen; 4 dozijn en 8 paar koperen boeksloten; doos met enige dozijnen koperen boeksloten; doos met enige oude sloten; 10 handpersen goed en kwaad; boekploeg; 5 stempels; gereedschap tot het boekbinden. Bijgevoegd aparte lijst met de bezittingen van zijn vrouw.</l>
<l>Lit.: Briels 493; Willems 422.</l>
</all>
</person>