<person>
<firstName>Franciscus van de</firstName>
<lastName>Velde</lastName>
<dob></dob>
<dod></dod>
<pob></pob>
<pod></pod>
<professional-start>1735</professional-start>
<professional-end></professional-end>
<professions>
<profession>
<term>verkoper</term>
<profession-id>25</profession-id></profession>
</professions>
<guild>5-9-1735 Contribuant (AB 83a, f. 10v).</guild>
<misc>NA 2585, nr. 37 (1774) Boedelinventaris.</misc>
<all>
<l>Velde, Franciscus van de (w. 1735)</l>
<l>Verkoper van oude boeken.</l>
<l>Gilde: 5-9-1735 Contribuant (AB 83a, f. 10v).</l>
<l>NA 2265, nr. 65 (1751) Testament.</l>
<l>NA 2254, nr. 8 (1756) Akte.</l>
<l>NA 2585, nr. 37 (1774) Boedelinventaris.</l>
</all>
</person>