<person>
<firstName>Ezechiel van den</firstName>
<lastName>Velden [Velde]</lastName>
<dob></dob>
<dod></dod>
<pob></pob>
<pod></pod>
<professional-start>1766</professional-start>
<professional-end></professional-end>
<professions>
<profession>
<term>boekverkoper</term>
<profession-id>1</profession-id></profession>
<profession>
<term>verkoper</term>
<profession-id>25</profession-id></profession>
</professions>
<address>Papengracht.</address>
<street>Papengracht</street>
<street-id>46</street-id>
<lat>52.1590423</lat>
<lon>4.4861291
</lon>
<guild>Contribuant 1766 (AB 83c, f. 96).</guild>
<misc>NA 2306, nr. 75 (1774) Testament.</misc>
<all>
<l>Velden [Velde], Ezechiel van den (w. 1766)</l>
<l>Boekverkoper?</l>
<l>Adres: Papengracht.</l>
<l>Gilde: Contribuant 1766 (AB 83c, f. 96).</l>
<l>NA 2300, nr. 67 (1766) Testament.</l>
<l>NA 2306, nr. 75 (1774) Testament.</l>
</all>
</person>