<person>
<firstName>Jan</firstName>
<lastName>Velingh</lastName>
<dob></dob>
<dod></dod>
<pob>harderwijk</pob>
<pob-id>48</pob-id>
<pod></pod>
<professional-start>1672</professional-start>
<professional-end></professional-end>
<professions>
<profession>
<term>letterzetter</term>
<profession-id>4</profession-id></profession>
</professions>
<marriage>KO 7-4-1672 Geertje Qualijns van Amersfoort (attestatie).</marriage>
<address>1672 Kloksteeg.</address>
<street>Kloksteeg</street>
<street-id>22</street-id>
<lat>52.1572547</lat>
<lon>4.4873558
</lon>
<misc>unknown</misc>
<all>
<l>Velingh, Jan (* Harderwijk; w. 1672)</l>
<l>Letterzetter.</l>
<l>Adres: 1672 Kloksteeg.</l>
<l>Huwelijk: KO 7-4-1672 Geertje Qualijns van Amersfoort (attestatie).</l>
</all>
</person>