<person>
<firstName>Herman</firstName>
<lastName>Verbeek</lastName>
<dob>1698</dob>
<dod></dod>
<pob></pob>
<pod></pod>
<professional-start>1721</professional-start>
<professional-end>1755</professional-end>
<professions>
<profession>
<term>boekverkoper</term>
<profession-id>1</profession-id></profession>
<profession>
<term>verkoper</term>
<profession-id>25</profession-id></profession>
</professions>
<marriage>ongehuwd. Bij zijn begrafenis impost 2e kl.</marriage>
<address>Houtstraat; dit huis werd door hem gekocht met zijn broer Jan van Dirk Stam voor 1400 (Bonboek Over t Hoff, f. 469). In 1749 woonden zij er met een dienstbode (Kohier 1749).</address>
<street>Houtstraat</street>
<street-id>20</street-id>
<lat>52.1581218</lat>
<lon>4.4855674
</lon>
<guild>L bij Dirk Haak. 4-8-1721 Vrijmeester (AB 83a, f. 85v).</guild>
<literature>zie onder Johannes Verbeek.</literature>
<misc>NA 2084b, nr. 52/f. 287 [scan nr. 712] (8-10-1760) Procuratie van Herman en Jan Verbeek Herman aan de Utrechtse procureur Zeger Coenraad van Leene om schulden voor hen aldaar te innen. Getuige Philip van Eedenburg.</misc>
<all>
<l>Verbeek, Herman (* 1698 [doop HK 19-8]   6-2-1755 [begr. PK 11-2]; w. 1721-55)</l>
<l>Boekverkoper. Dreef de boekhandel samen met zijn broer Johannes.</l>
<l>Zoon van de lintwerker Johannes Verbeek en Jannetje de Linde.</l>
<l>Adres: Houtstraat; dit huis werd door hem gekocht met zijn broer Jan van Dirk Stam voor 1400 (Bonboek Over t Hoff, f. 469). In 1749 woonden zij er met een dienstbode (Kohier 1749).</l>
<l>Huwelijk: ongehuwd. Bij zijn begrafenis impost 2e kl.</l>
<l>Gilde: L bij Dirk Haak. 4-8-1721 Vrijmeester (AB 83a, f. 85v).</l>
<l>Personeel: 1-4-1725 Jan Douw L voor 3 jaar; 1-7-1734 Pieter Brouwer K voor 1 jaar; 5-9-1735 Willem Korsze L (van Hasebroek); 1-12-1739 Caspar van Leeuwen* voor 3 jaar (van Delfos), Jan Houtman voor 3 jaar; 6-5-1754 W. van Egge L voor 4 jaar; 11-9-1758 Philip van Edenburch* voor 4 jaar (van C. de Pecker, loon I + II 24 st. III + IV 30 st.); 7-6-1762 Albert Harde* (van Elie Luzac); 7-4-1766 Jacob Murray* L voor 2 jaar (AB 83b, ff. 50v, 62; 83c, f. 18).</l>
<l>24-9-1742 Veiling bibliotheek W.J. s Gravesande.</l>
<l>NA 1746, ff. 73- (19-2-1726) Mutueel testament Johannes en Herman Verbeek.</l>
<l>NA 1475, nr. 321 (31-8-1726) Obligatie van 2290.5 met de Amsterdamse boekverkoper Balthasar Lakeman aan de Utrechtse boekverkoper Willem van de Water voor boeken gekocht op diens auctie d.d. 6-3-1726.</l>
<l>NA 1476, nr. 45 (24-5-1727) Obligatie van 2864.16.12 met Balthasar Lakeman en Johannes Arnoldus Langerak aan Pieter van der Aa voor boeken gekocht op diens auctie d.d. 27-8 e.v. 1727.</l>
<l>NA 1747, ff. 402- (5-7-1727) Obligatie van 400 aan de weduwe Boutesteyn voor boeken gekocht op haar auctie d.d. 3-6-1727 (4 termijnen in 2 jaar).</l>
<l>NA 1747, f. 419 (1727) Obligatie.</l>
<l>NA 1747, ff. 519- (25-9-1727) Obligatie van 720 aan Pierre Gosse en Jean Neaulme voor boeken gekocht op hun auctie d.d. 11-9-1727 (8 termijnen in 4 jaar).</l>
<l>NA 1748, ff. 523- (12-9-1728) Obligatie van 720 aan Pierre Gosse en Jean Neaulme voor boeken gekocht op hun auctie d.d. 16-8-1728 (8 termijnen in 4 jaar).</l>
<l>NA 1749, ff. 425- (26-8-1729) Obligatie van 534 aan Pierre Gosse en Jean Neaulme voor boeken gekocht op hun auctie d.d. 25-7-1729.</l>
<l>NA 1749, ff. 661- (20-11-1729) Obligatie van 389.17.4 aan de Haagse boekverkoper Johannes Swart voor boeken gekocht op zijn auctie d.d. 19-7-1729 (4 termijnen in 2 jaar).</l>
<l>NA 2022b, nr. 52 [scan nr. 552 e.v.] (28-5-1731) Obligatie Jan en Herman Verbeek aan Johannes van der Linden van 3300 voor gekochte boeken op 15-5-1731.</l>
<l>NA 1751, ff. 365- (6-6-1731) Obligatie aan Isacq Teering t.b.v. 439 voor boeken gekocht op een veiling van Joh. Swart te Den Haag op 19-3-1731 (4 termijnen in 2 jaar).</l>
<l>NA 1752, ff. 784- (24-11-1732) Procuratie aan de procureur Theodorus Schrevelius om hen te vertegenwoordigen in hun zaak tegen de Amsterdamse boekverkoper Balthasar Lakeman; Lakeman had boeken gekocht op een veiling van Johannes du Vivi, waarvoor zij borg hadden gestaan (zie Du Vivi en hieronder).</l>
<l>NA 1753, ff. 478- (15-8-1733) Procuratie van Herman en Johannes aan de procureur G. Brouwer te Amsterdam n.a.v. hun aanspraken op de boedel van Balthasar Lakeman.</l>
<l>NA 1849, nr. 72 (17-9-1733) Contract van compagnie tussen beide broers. Looptijd 10 jaar (zij waren toen al 12 jaar actief).</l>
<l>NA 1755, ff. 790- (?) Overdracht van de erven van Johannes du Vivi van de obligatie van 6790 op wijlen Balthasar Lakeman (zie boven).</l>
<l>NA 2061, nr. 32 [scan nr. 153] (20-3-1736) Obligatie Jan en Herman Verbeek aan Nicolaas de Vogel van 2500.</l>
<l>NA 1756, ff. 684- (29-11-1736) Obligatie van 2253 aan Pierre Gosse voor boeken gekocht op zijn auctie d.d. 28-5-1736 (8 termijnen in 4 jaar).</l>
<l>NA 2064, nr. 176 (1739) Akte.</l>
<l>NA 2072, nr. 91 (1740) Obligatie met Jan Verbeek van 1400 aan de Janssoons van Waesberge in Amsterdam voor boeken gekocht op de verkoping van 17-8-1739. Voldaan 14-4-1744.</l>
<l>NA 2089, nr. 185 (22-5-1741) Met zijn broer Johannes genoemd in het mutueel testament van Johannes Arnoldus Langerak en Maria van Hoogeveen. Zij ontvangen 250 voor het regelen van de verkoping van diens na te laten boeken. Zij zijn tevens voogden over de in het testament genoemde kinderen van Cornelis van Hoogeveen en Krijn Visser.</l>
<l>NA 2098, nr. 334 (1745) Procuratie.</l>
<l>NA 2098, f. 334 [scan nr. 305] (27-8-1746) Procuratie met Jan Verbeek en Johan Arnold Langerak aan Jacob de Lion Arons, solliciteur te Amsterdam om uit hun naam van Franois Changuion, boekverkoper aldaar, rente op een obligatie d.d. 5-2-1744 (notaris Thierry Daniel de Marolle) te ontvangen.</l>
<l>NA 2099, nr. 164 (1747) Transport.</l>
<l>NA 2099, f. 164 [scan nr. 161] (18-9-1747) Transport met Jan Verbeek en Johannes Arnoldus Langerak van een obligatie van 2850, maar nu nog waard 1830.10, aan Barent Cramer te Amsterdam, ten laste van Franois Changuion, en door dezelfde ten behoeve van Pierre Gosse te Den Haag gepasseerd op 5-2-1744 voor notaris Thierry Daniel de Marolles in Amsterdam. Zie ook 27-8-1746.</l>
<l>NA 2102, f. 66 [scan nr. 66] (7-4-1750) Procuratie aan G. van Swanevelt te Groningen om van W. Tiebens (Febens?) aldaar 160.5.4 te innen voor geleverde boeken.</l>
<l>NA 2079, nr. 293 (1751) Inventaris.</l>
<l>NA 2079, nr. 464 (1751) Rekening.</l>
<l>NA 2079b, nr. 27 [scan nr. 486] (23-1-1752) Testament. Legaat voor zijn dienstmaagd Catharina Branckmans van 1000. Universeel erfgenaam zijn broer Jan.</l>
<l>NA 2080a, nr. 19/f. 109 [scan nr. 102] (26-4-1753) Herman Verbeek testament. De comparant is niet bekend in het ambtgeld en verklaarde niet boven de 8000 gegoed te zijn. Prelegaat aan Jannetje van der Veer, gehuwd met Anthony Murray (100), universeel erfgenaam is zijn broer Jan.</l>
<l>NA 2080, ff. 277-307 [scan nr. 237 e.v.] (2-10-1753) Tweede rekening van de boedel door Pieter Meijer en Hermanus Verbeek en Christianus Carolus Henricus van der Aa, predikant van de Lutherse gemeente te Haarlem, procuratie hebbend van Maria en Sara van der Aa, Abraham de Graaff en Willemyntje van der Aa.</l>
<l>NA 2081a, nr. 6/f. 23 [scan nr. 23] (3-3-1755) Derde rekening van de boedel. Hierna (nr. 7/f. 37) ook een rekening van de goederen van Dirk van der Aa door diens voogden Jan Verbeek en Pieter Meijer. Jan treedt nu op als executeur in de plaats van zijn overleden broer Herman.</l>
<l>NA 2081a, nr. 4/f. 15 [scan nr. ?] (31-1-1755) Herman Verbeek testament. Hij is in het ambtgeld niet bekend en verklaarde niet boven de 20000 gegoed te zijn. Legaten nu aan Maria Mostert, ongehuwde dochter van Frederik Mostert (1500), Eva Jacobs Mostert, vrouw van Nicolaas Servaas van der Steen (1500), Susanna van den Berg, vrouw van Jan Brouwer (1500) en Jannetje van der Veer, vrouw van Antony Murray (1500). Universeel erfgenaam zijn broer Jan. Voor de opvoeding van Mietje Brinkman (* 1738) jaarlijks een bedrag van 125; wanneer ze 25 jaar oud is ontvangt ze 500. Voogd over haar is zijn broer.</l>
<l>NA 2084b, nr. 52/f. 287 [scan nr. 712] (8-10-1760) Procuratie van Herman en Jan Verbeek Herman aan de Utrechtse procureur Zeger Coenraad van Leene om schulden voor hen aldaar te innen. Getuige Philip van Eedenburg.</l>
<l>Lit.: zie onder Johannes Verbeek.</l>
</all>
</person>