<person>
<firstName>Johannes</firstName>
<lastName>Verbeek</lastName>
<dob>1696</dob>
<dod></dod>
<pob>leiden</pob>
<pob-id>1</pob-id>
<pod></pod>
<professional-start>1721</professional-start>
<professional-end>1778</professional-end>
<professions>
<profession>
<term>boekverkoper</term>
<profession-id>1</profession-id></profession>
<profession>
<term>verkoper</term>
<profession-id>25</profession-id></profession>
</professions>
<marriage>SH/KO Duitse Kerk 2/17-5-1733 Sara Mostert (Leiden 1702,  Leiden 1734 [begr. VK 12-4]; huwelijk impost 4e kl.; getuige zijn broer Hermanus en Maria Mostert).</marriage>
<address>1733-57 Houtstraat (verkocht huis in 1757 voor 2185); 1757-79 Rapenburg 32 (gekocht voor 3180); 1766 Gerecht nr. 14, op de hoek van de Schoolsteeg (dezelfde als de boekverkoper?).</address>
<street>Schoolsteeg</street>
<street-id>53</street-id>
<lat>52.1587931</lat>
<lon>4.486935
</lon>
<guild>L bij J.A. Langerak. 3-11-1721 Vrijmeester (AB 83a, f. 85v).</guild>
<literature>Het Rapenburg Va, 84, 96-102, 112-14 (boedel), 114-17 (schilderijen); Lugt nrs. 2888, 2903.</literature>
<misc>NA 2134, f. 88 [scan nr. 95] (1782) Scheiding van de boedel van Jan Verbeek. Het huis is geveild voor 2360. Loodgieter Johannes Rosa heeft 52 pond oud lood gekocht, Dirk Doodel 42 pond oud koper, de schilderijenverkoop heeft ca. 1250 opgebracht, de kopijen en assortimenten zijn op 31-8/2-9-1778 verkocht (volgt lijst van namen van boekverkopers van binnen en buiten Leiden, onder wie de grootste kopers Luchtmans met 3997.15 en Douzi met 3971.5). Ook een lijst met voldane inneschulden. De totale som van ontvangst is 30840.11.2. Onder de voldane schulden 9.16 aan Johannes Luchtmans voor vracht van een pak van Leipzig, 1.10 aan Etienne Luzac voor een advertentie in de Franse courant, 16.12 aan de weduwe de Klopper voor advertenties in de Leydsche Courant, 42.8 aan aan de schilder Reijers voor het brengen van des overleedens schilderijen aan zijn huijs, volgens vriendelijk accord, aan Arend Koet 000 voor het drukken van de catalogus, aan de gildeknecht en twee anderen voor diensten tijdens de veiling 22.10, aan de kok Andries Kramer voor maaltijden met de boekverkopers 134, aan Jacob Murray 332.17 voor hulp bij het maken van de catalogus van de assortissementen, aan Jacob Douzi (onder andere) 188.10 voor 377 uuren vacatie tot het formeeren der catalogus en verdere directie der boekverkoping, aan Nicolaas van Dalen voor zijn salaris bij het veilen van de boeken en kopijen 178.2.8, aan de schilder Reijers en de heer Coclair voor het schoonmaken van 174 schilderen tegen 6 stuivers het stuk 52.4, aan Arnoldus de Does 7.10 voor drie dagen schrijven tijdens de verkoping, aan Cornelis Heyligert 42 voor diensten op en na de verkoping. Douzi en Reijers trekken voor al hun diensten als executeurs nog eens 2850. De totale som van de uitgaaf is 7388.5.6.</misc>
<all>
<l>Verbeek, Johannes (* Leiden 1696 [doop 31-5]   18-2-1778 [begr. PK 23-2-1778]; w. 1721-78)</l>
<l>Boekverkoper. Dreef de boekhandel samen met zijn broer Hermanus (zie aldaar).</l>
<l>Zoon van de lintwerker Johannes Verbeek en Jannetje de Linde.</l>
<l>Adres: 1733-57 Houtstraat (verkocht huis in 1757 voor 2185); 1757-79 Rapenburg 32 (gekocht voor 3180); 1766 Gerecht nr. 14, op de hoek van de Schoolsteeg (dezelfde als de boekverkoper?).</l>
<l>Huwelijk: SH/KO Duitse Kerk 2/17-5-1733 Sara Mostert (Leiden 1702,  Leiden 1734 [begr. VK 12-4]; huwelijk impost 4e kl.; getuige zijn broer Hermanus en Maria Mostert).</l>
<l>Gilde: L bij J.A. Langerak. 3-11-1721 Vrijmeester (AB 83a, f. 85v).</l>
<l>NA 1809, nr. 45 (1722) Akte cum socio.</l>
<l>NA 1746, nr. 73 (1726) Testament.</l>
<l>NA 1747, f. 419 (1727) Obligatie.</l>
<l>NA 1747, f. 402 (1727) Obligatie.</l>
<l>NA 1747, f. 518 (1727) Obligatie.</l>
<l>NA 1748, f. 523 (1728) Obligatie.</l>
<l>NA 1749, f. 425 (1729) Obligatoir.</l>
<l>NA 1749, f. 669 (1729) Obligatie.</l>
<l>NA 1751, f. 365 (1731) Obligatie.</l>
<l>NA 2022b, nr. 52 [scan nr. 552 e.v.] (28-5-1731) Obligatie Jan en Herman Verbeek aan Johannes van der Linden van 3300 voor gekochte boeken op 15-5-1731.</l>
<l>NA 1752, f. 784 (1732) Procuratie.</l>
<l>NA 1849, nr. 49 (8-5-1733) Huwelijkse voorwaarden met Sara Mostert.</l>
<l>NA 1849, nr. 72 (1733) Akte.</l>
<l>NA 1850, nr. 13 (1-3-1734) Mutueel testament.</l>
<l>NA 1755, f. 789 (1735) Obligatie.</l>
<l>NA 2061, nr. 32 [scan nr. 153] (20-3-1736) Obligatie Jan en Herman Verbeek aan Nicolaas de Vogel van 2500.</l>
<l>NA 2064, nr. 176 (1739) Akte.</l>
<l>NA 2072, nr. 91 (1740) Obligatie.</l>
<l>NA 2098, nr. 334 (1745) Procuratie.</l>
<l>NA 2099, nr. 164 (1747) Transport.</l>
<l>1747 generale spreker van het gele vendel der schutterij.</l>
<l>NA 2102, nr. 66 (1750) Procuratie.</l>
<l>NA 2078, f. 550 [scan nr. 471] (12-12-1750) Procuratie Pieter van der Aa aan Jan en Herman Verbeek om uit zijn naam gebonden en ongebonden boeken te verkopen.</l>
<l>NA 2079a, f. 97 (1751) Testament.</l>
<l>NA 2079a, f. 151 [scan nr. 138] (24-4-1751) Procuratie Pieter van der Aa procuratie aan Herman Verbeek en Pieter Meyer, om zorg voor zijn persoon en goederen te dragen.</l>
<l>NA 2079a, f. 464 [scan nr. 409] (13-12-1751) Rekening door Jan en Herman Verbeek aan Pieter Meijer en Herman Verbeek over de verkochte boeken van Pieter van der Aa op 24-9-1750. Een aantal boeken is door de executeurs op 9-9-1751 op de gildekamer verkocht. Zie uitgebreider onder Van der Aa.</l>
<l>NA 2080a, nr. 18/f. 97 [scan nr. 91] (24-4-1753) Boedel Maria Mostert ( 7-4-1753), weduwe van Jan van der Veer. Voogden over haar kinderen zijn Frederik Mostert en Jan Verbeek. NA 2080b, nr. 31/f. 249 [scan nr. ] (10-7-1754) Scheiding door Anthony Murray en Pieter Pluijgers.</l>
<l>NA 2080a, nr. 15/f. 85 [scan nr. 82[ (13-4-1753) Jan Verbeek en Frederik Mostert in hun kwaliteit als voogden over Maria van der Veer, dochter van Maria Mostert en Jan van der Veer, repudiren de boedel van Maria Mostert omdat de schulden hoger zijn dan de baten.</l>
<l>NA 2316, nr. 69 (1754) Akte cum socio.</l>
<l>NA 2081, nr. 23 (1755) Rekening.</l>
<l>NA 2081, nr. 37 (1755) Rekening.</l>
<l>NA 2081a, nr. 12/f. 73 [scan nr. 65] (28-4-1755) Jan Verbeek testament. Niet bekend in het ambtsgeld. Verbeek verklaarde niet boven de 50000 gegoed te zijn. Prelegaten aan zijn nicht Elizabet Louasie, weduwe van Pieter de Grijs (1500); Hester Kaarsteeker, gehuwd met Mathijs Rijkwout (1500); haar broer Karel Kaarsteker (1500); Maria van der Veer, vrouw van Pieter Pluijgers (1500); zijn peetkind Eva Jacoba Mostert, vrouw van Nicolaas Servaas van Steen (300); zijn peetkind Jan Antony Murray (300); Susanna van den Berg, vrouw van Jan Brouwer ( 500); Mietje Brinkman, wonende bij Mathijs Rijkwout en Hester Kaarsteeker (1500). Universele erfgenamen zijn Elizabet Louasie, Hester Kaarsteeker en Karel Kaarsteeker, zijn zwager Frederik Mostert, Johana van der Veer, Maria van der Veer, Maria Mostert, dochter van Frederik Mostert, en Eva Jacoba Moster, ieder voor een achtste deel. Executeurs zijn Frederik Mostert, Antony Murray, Nicolaas Servaas van der Steen en Pieter Pluijgers.</l>
<l>* NA 2270, nr. 118 [scan nr. 533] (30-12-1756) Voorwaarden verkoop huis aan de Houtstraat NZ (met twee behange kamers; uitgezonderd het behangsel en schilderije in de binnenkamer en de glazen deur in het voorhuis die 35 op moeten brengen). Koper is Johannes Hasebroek voor 2150.</l>
<l>NA 2083, nr. 17/f. 97 [scan nr. 83] (4-4-1758) Testament. Hij is in het ambtsgeld niet bekend en verklaart niet boven de 50000 gegoed te zijn. Prelegaten aan Hester Kaarsteeker, gehuwd met Mathijs Rijkwout (2200), Maria van der Veer, huisvrouw van Pieter Pluijgers (1500), zijn petekind Eva Jacoba Mostert, gehuwd met Nicolaas Servaas van der Steen (300), zijn petekind Antonij Murray (300), aan Susanna van den Berg, huisvrouw van Jan Brouwer (500), Mietje Brinkman, wonende bij Hester Kaarsteeker (2250). Universele erfgenamen voor ieder een zevende deel zijn: Hester Kaarsteeker, zijn zwager Frederik Mostert, Johanna van der Veer, Maria van der Veer, Maria Mostert, dochter van Frederik Mostert, Eva Jacoba Mostert, en Mietje Brinkman. Executeurs Frederik Mostert, Antonij Murray, Nicolaas Servaas van der Steen en Pieter Pluijgers.</l>
<l>NA 2084b, nr. 52/f. 287 [scan nr. 712] (8-10-1760) Procuratie, mede uit naam van zijn broer Herman aan de Utrechtse procureur Zeger Coenraad van Leene om schulden voor hen aldaar te innen. Getuige Philip van Eedenburg.</l>
<l>RA 86, OO, ff. 113-115 (9-9-1766/1-10-1767) Getuigenissen. Vgl. NA ? (notaris Thyssen 20-6-1767) Dezelfde?</l>
<l>NA 2300, nr. 82 (1767) Akte.</l>
<l>NA 2592, nr. 78 (1776) Inventaris.</l>
<l>NA 2129, f. 488 [scan nr. 450] (17-10-1777) Testament. Onder de erfgenamen Maria van der Veer, weduwe van Pieter Pluijgers 1500. Universeel erfgenaam voor de ene helft Maria Verbeek, huisvrouw van Jacob Douzi, samen met Hester Kaassteeker, weduwe van Matthijs Rijkwout, en voor de andere helft o.a. zijn zwager Frederik Mostert, Johanna van der Veer, weduwe van Anthony Murray. Onder de executeurs de schilder Nicolaas Reyers.</l>
<l>NA 2130, f. 128 [scan nr. 117] (25-3-1778) Boedel. Woonhuis Rapenburg, het tweede van de Houtstraat, grenzend aan Cornelis van Hoogeveen. Pakhuis op de Doelachtergracht. Onder de papieren een schuldbekentenis van Jacob Douzi van 1670 voor overgenomen boeken met recht van kopij, een van 1412 van Samuel en Johannes Luchtmans voor hetzelfde. Huisraad: (voorhuis) glazen lantaarn met evenwicht; barometer; houten kastje met koperen platen; 35 schilderijen; (zijkamer) 10 schilderijen; (binnenkamer) 29 schilderijen; tinnen inktkoker; 4 pleisterbeeldjes; scheepje aan de zoldering; bureau van mahoniehout, met daarin een verrekijker, stam-microscoop met zijn toebehooren, enige papieren; (gang) 126 schilderijen; 2 tekeningen; pleisterbeeld; (keuken) 2 kanariekooien; (eetzaal) 2 kanariekooien met hun evenwicht; 83 schilderijen; tekening; beeld en pedestal; (voorkamer boven) 117 schilderijen; (portaal) 21 schilderijen; eiken tafel en lessenaar; (achterkamer boven) 63 schilderijen; papier kasje met zaden voor de microscoop; (bovenportaal) 5 schilderijen; (achterzolder) 3 schilderijen. Tot de boedel behoren nog schilderijen, berusten ten huize van Nicolaas Reijers en 9 bij Bindervoet. van de voorraden boeken op zolder en in het pakhuis wordt een aparte catalogus gemaakt. Voor de schulden wordt verwezen naar de schuldboeken en de nog op te maken scheiding. Vgl. het testament NA 2129, f. 488 [scan nr. 450] (17-10-1777). Executeur zijn zwager Jacobus Douzi.</l>
<l>Op 18-8-1778 werd zijn grote collectie schilderijen verkocht door zijn zwager Jacobus Douzi (LC 17-8-1778), op 26/27-10-1778 zijn verzameling prenten en tekeningen door Cornelis Heyligert (LC 23-10-1778).</l>
<l>NA 2130, f. 288 (2-5-1778) Jacob Douzi en Nicolaas Reijers, executeurs, verkoop van obligaties uit het sterfhuis.</l>
<l>NA 2130, ff. 392-404 (1778) Jacob Douzi vier transporten.</l>
<l>NA 2134, f. 88 [scan nr. 95] (1782) Scheiding van de boedel van Jan Verbeek. Het huis is geveild voor 2360. Loodgieter Johannes Rosa heeft 52 pond oud lood gekocht, Dirk Doodel 42 pond oud koper, de schilderijenverkoop heeft ca. 1250 opgebracht, de kopijen en assortimenten zijn op 31-8/2-9-1778 verkocht (volgt lijst van namen van boekverkopers van binnen en buiten Leiden, onder wie de grootste kopers Luchtmans met 3997.15 en Douzi met 3971.5). Ook een lijst met voldane inneschulden. De totale som van ontvangst is 30840.11.2. Onder de voldane schulden 9.16 aan Johannes Luchtmans voor vracht van een pak van Leipzig, 1.10 aan Etienne Luzac voor een advertentie in de Franse courant, 16.12 aan de weduwe de Klopper voor advertenties in de Leydsche Courant, 42.8 aan aan de schilder Reijers voor het brengen van des overleedens schilderijen aan zijn huijs, volgens vriendelijk accord, aan Arend Koet 000 voor het drukken van de catalogus, aan de gildeknecht en twee anderen voor diensten tijdens de veiling 22.10, aan de kok Andries Kramer voor maaltijden met de boekverkopers 134, aan Jacob Murray 332.17 voor hulp bij het maken van de catalogus van de assortissementen, aan Jacob Douzi (onder andere) 188.10 voor 377 uuren vacatie tot het formeeren der catalogus en verdere directie der boekverkoping, aan Nicolaas van Dalen voor zijn salaris bij het veilen van de boeken en kopijen 178.2.8, aan de schilder Reijers en de heer Coclair voor het schoonmaken van 174 schilderen tegen 6 stuivers het stuk 52.4, aan Arnoldus de Does 7.10 voor drie dagen schrijven tijdens de verkoping, aan Cornelis Heyligert 42 voor diensten op en na de verkoping. Douzi en Reijers trekken voor al hun diensten als executeurs nog eens 2850. De totale som van de uitgaaf is 7388.5.6.</l>
<l>Lit.: Het Rapenburg Va, 84, 96-102, 112-14 (boedel), 114-17 (schilderijen); Lugt nrs. 2888, 2903.</l>
</all>
</person>