<person>
<firstName>Johannes</firstName>
<lastName>Verbessel</lastName>
<dob>1704</dob>
<dod></dod>
<pob>utrecht</pob>
<pob-id>3</pob-id>
<pod></pod>
<professional-start>1673</professional-start>
<professional-end>1704</professional-end>
<professions>
<profession>
<term>boekverkoper</term>
<profession-id>1</profession-id></profession>
<profession>
<term>verkoper</term>
<profession-id>25</profession-id></profession>
<profession>
<term>boekbinder</term>
<profession-id>43</profession-id></profession>
<profession>
<term>custos</term>
<profession-id>48</profession-id></profession>
</professions>
<marriage>1. pre-1666 te Utrecht Isabella Schoonderoort ( Leiden 1682); kinderen: 1. 23-8-1675 PK Johanna; 2. 26-9-1677 HK Johannes; 3. 4-2-1680 HK Petronella; 4. 26-12-1681 MK Floris; 2. KO 24-7-1683 Emma van Schoonhoven, weduwe Jacob Venckel, uit Utrecht ( Leiden 1694); 3. 7-3-1697 Catharina Cruyswegh, weduwe Lourens Buys, uit Delft.</marriage>
<address>1683 Houtstraat; 1685-1704 Rapenburg 54 (gekocht in 1685 voor 3200, na zijn dood in handen van zijn vrouw), over de Academie.</address>
<street>Rapenburg</street>
<street-id>50</street-id>
<lat>52.155884</lat>
<lon>4.4876151
</lon>
<guild>15-12-1673 Vrijmeester (AB 83a, f. 119v). Hoofdman 1694, 1696.</guild>
<auction>2-2-1690 anon. (KBK).</auction>
<literature>Het Rapenburg V, 722, 732, 748 (boedel 1700); Spoelder 2000; Spoelder &amp; Te Rijdt, 227.</literature>
<misc>NA 1313, nr. 119 (15-3-1701) Akte n.a.v. een nalatenschap.</misc>
<all>
<l>Verbessel, Johannes (* Utrecht   Leiden 1704; w. 1673-1704)</l>
<l>Boekbinder en boekverkoper; custos van de universiteitsbibliotheek.</l>
<l>Adres: 1683 Houtstraat; 1685-1704 Rapenburg 54 (gekocht in 1685 voor 3200, na zijn dood in handen van zijn vrouw), over de Academie.</l>
<l>Huwelijk: 1. pre-1666 te Utrecht Isabella Schoonderoort ( Leiden 1682); kinderen: 1. 23-8-1675 PK Johanna; 2. 26-9-1677 HK Johannes; 3. 4-2-1680 HK Petronella; 4. 26-12-1681 MK Floris; 2. KO 24-7-1683 Emma van Schoonhoven, weduwe Jacob Venckel, uit Utrecht ( Leiden 1694); 3. 7-3-1697 Catharina Cruyswegh, weduwe Lourens Buys, uit Delft.</l>
<l>Gilde: 15-12-1673 Vrijmeester (AB 83a, f. 119v). Hoofdman 1694, 1696.</l>
<l>Personeel: 1-3-1682 Bartel [...] K; 18-3-1686 Gillis Corsz Cruyshoeck; 21-5-1685 Emanuel Lacivet; 1-6-1687 Christiaan van Rijp voor 1 jaar; 12-7-1691 Nicolaes de Cruys L voor 3 jaar; 1-6-1695 Johannes [...] van Utrecht voor 1 jaar (AB 83?; 83b, f. 21v). Stond in 1704 borg voor de aankopen van zijn zoon Johannes Verbessel jr., boekverkoper te Den Haag sinds 1699, op de veiling van Abraham de Swart. Verbessel jr., die aanvankelijk samenwerkte met zijn vader, ging in 1705 failliet (Kossmann 427).</l>
<l>Veilingen: 2-2-1690 anon. (KBK).</l>
<l>NA ? (notaris W. van der Hoeve, d.d. 16-6-1666) Testament.</l>
<l>Klein Familiegeld 1674, f. 24b (Over t Hof; code 05063), 0.0.6.</l>
<l>NA 1159, nr. 22 (14-12-1684) Substitutie.</l>
<l>RA Haarlem, Enkhuizen NA 1149, nr. 117 (11-9-1686) Akte met Jordaan Luchtmans.</l>
<l>1692 Betaalt aan de erfgenamen van Jacob Voorn drie ducatons voor de koperen plaaten, op welke de Pallas der stad Leyden gegraveert is, met welke de banden der prysen gewoon zijn versiert te worden. Voorwaarde was echter dat hij of zijn erven een zelfde bedrag zouden ontvangen van een eventuele opvolger, maar dat daarna dit gebruik niet meer zou worden toegepast. Spoelder &amp; Te Rijdt.</l>
<l>AS 15-9-1692 Johannes Verbessel Ultrajectinus, Custus Bibliothecae Publicae.</l>
<l>NA 1549, nr. 11 (12-7-1694) Mutueel testament. Zij erft o.a. de kopijrechten; interessante bepalingen!</l>
<l>NA 1620, nr. 44 (1700) Boedel van Johannes sr. n.a.v. het overlijden op 15-1-1682 van Isabella Schoonderoort. Kinderen Johannes, Aletta, Johanna en Elisabeth. O.a. enkele schilderijen, uitgebreide lijst boeken met prijzen. Totaal 187. Ook boekverkopersgereedschap t.w.v. 30. Schulden aan o.a. Rudolf van Zijl te Utrecht (100), Louis en Daniel Elzevier (42), de weduwe Hackius (17.11).</l>
<l>NA 1313, nr. 119 (15-3-1701) Akte n.a.v. een nalatenschap.</l>
<l>Lit.: Het Rapenburg V, 722, 732, 748 (boedel 1700); Spoelder 2000; Spoelder &amp; Te Rijdt, 227.</l>
</all>
</person>