<person>
<firstName>Hendrick</firstName>
<lastName>Verbiest</lastName>
<dob>1667</dob>
<dod></dod>
<pob>zijn weduwe </pob>
<pod></pod>
<professional-start>1652</professional-start>
<professional-end>1666</professional-end>
<professions>
<profession>
<term>boekverkoper</term>
<profession-id>1</profession-id></profession>
<profession>
<term>verkoper</term>
<profession-id>25</profession-id></profession>
</professions>
<marriage>KO 24-1-1653 Elsje Gillis Barmentlo (getuige zijn oom Pieter Jorisz; geboden geschorst door de burgemeesters bij provisie op 28-1-1653); zij hertrouwde KO 7-4-1668 met mr. Adriaen van den Berch, advocaat voor het Hof van Holland en woonde toen in de Doelensteeg.</marriage>
<address>1653-61 Langebrug.</address>
<street>Langebrug</street>
<street-id>28</street-id>
<lat>52.1563598</lat>
<lon>4.4906321
</lon>
<guild>1-3-1653 Vrijmeester (AB 83a, f. 33).</guild>
<literature>Thesaurus.</literature>
<misc>22-4-1667 Veiling winkelassortiment; vgl. Catalogus insignium ... librorum (Leiden: Severijn Matthijsz, 1667), 4, [16] pp. (HAB Wolfenbttel; BSC 2395).</misc>
<all>
<l>Verbiest, Hendrick (w. 1652-66; zijn weduwe 1667)</l>
<l>Boekverkoper.</l>
<l>Adres: 1653-61 Langebrug.</l>
<l>Huwelijk: KO 24-1-1653 Elsje Gillis Barmentlo (getuige zijn oom Pieter Jorisz; geboden geschorst door de burgemeesters bij provisie op 28-1-1653); zij hertrouwde KO 7-4-1668 met mr. Adriaen van den Berch, advocaat voor het Hof van Holland en woonde toen in de Doelensteeg.</l>
<l>Gilde: 1-3-1653 Vrijmeester (AB 83a, f. 33).</l>
<l>Personeel: 2-10-1662 Pieter de Wilde voor 4 jaar (accoord); 1-9-166? Cornelis Dirckz van Schelt voor 4 jaar (AB 83a, f. 33).</l>
<l>NA 583, nr. 12 (23-2-1653) Verklaring dat hij en zijn vrouw 125 hebben ontvangen uit de nalatenschap van haar vader Gillis Jansz Barmentlo.</l>
<l>NA 388, nr. 28 (12-5-1658) Borgstelling.</l>
<l>NA 674, nr. 123 (10-11-1660) Deelnemer anti-nadruk overeenkomst.</l>
<l>NA 931, nr. 194 (27-12-1663) Obligatie aan Johan van Ameijde van 350 i.v.m. lening.</l>
<l>22-4-1667 Veiling winkelassortiment; vgl. Catalogus insignium ... librorum (Leiden: Severijn Matthijsz, 1667), 4, [16] pp. (HAB Wolfenbttel; BSC 2395).</l>
<l>Lit.: Thesaurus.</l>
</all>
</person>