<person>
<firstName>Pieter Adrianus</firstName>
<lastName>Verduyn</lastName>
<dob>1762</dob>
<dod></dod>
<pob>leiden</pob>
<pob-id>1</pob-id>
<pod></pod>
<professional-start>1782</professional-start>
<professional-end>1785</professional-end>
<professions>
<profession>
<term>boekverkoper</term>
<profession-id>1</profession-id></profession>
<profession>
<term>verkoper</term>
<profession-id>25</profession-id></profession>
</professions>
<marriage>KO 28-7-1785 Adriana van As (getuige zijn vader).</marriage>
<address>Kloksteeg.</address>
<street>Kloksteeg</street>
<street-id>22</street-id>
<lat>52.1572547</lat>
<lon>4.4873558
</lon>
<guild>8-4-1782 Vrijmeester (AB 83a, f. 75v).</guild>
<misc>Zoon van Pieter Verduyn en Anna Maria Verdonk.</misc>
<all>
<l>Verduyn, Pieter Adrianus (* Leiden 1762 [doop MK 20-6]; w. 1782-85)</l>
<l>Boekverkoper.</l>
<l>Zoon van Pieter Verduyn en Anna Maria Verdonk.</l>
<l>Adres: Kloksteeg.</l>
<l>Huwelijk: KO 28-7-1785 Adriana van As (getuige zijn vader).</l>
<l>Gilde: 8-4-1782 Vrijmeester (AB 83a, f. 75v).</l>
</all>
</person>