<person>
<firstName>Gillis Claesz</firstName>
<lastName>Verhal</lastName>
<dob></dob>
<dod></dod>
<pob>enkhuizen</pob>
<pob-id>80</pob-id>
<pod></pod>
<professional-start>1610</professional-start>
<professional-end>1611</professional-end>
<professions>
<profession>
<term>boekverkoper</term>
<profession-id>1</profession-id></profession>
<profession>
<term>verkoper</term>
<profession-id>25</profession-id></profession>
<profession>
<term>boekbinder</term>
<profession-id>43</profession-id></profession>
</professions>
<marriage>KO 19-11-1610 Lysbeth Jans uit Alkmaar (met attestatie).</marriage>
<misc>NA 154, nr. 65 (23-1-1616) Verklaring boekbinder Floris Danielsz van der Post t.b.v. de schoolmeester van de Triviale School Jacob Verloo. Post heeft gewoond bij Verhal. Verloo had een huis gehuurd van Pieter (?) Nachtegael, aan wie Verhal weer boeken had geleverd van minstens twee maal 17. Nachtegael was nog 2 schuldig. Getuigen o.a. Jan Ganne.</misc>
<all>
<l>Verhal, Gillis Claesz (* Enkhuizen; w. 1610-11)</l>
<l>Boekbinder en boekverkoper.</l>
<l>Zoon van Claes Gillisz.</l>
<l>Huwelijk: KO 19-11-1610 Lysbeth Jans uit Alkmaar (met attestatie).</l>
<l>NA 39, nr. 145 (27-8-1611) Mutueel testament met Lysbeth Jans.</l>
<l>NA 154, nr. 65 (23-1-1616) Verklaring boekbinder Floris Danielsz van der Post t.b.v. de schoolmeester van de Triviale School Jacob Verloo. Post heeft gewoond bij Verhal. Verloo had een huis gehuurd van Pieter (?) Nachtegael, aan wie Verhal weer boeken had geleverd van minstens twee maal 17. Nachtegael was nog 2 schuldig. Getuigen o.a. Jan Ganne.</l>
</all>
</person>