<person>
<firstName>Vrijhoevens?], Abraham Cornelisz</firstName>
<lastName>Verhoef [Verhoeven</lastName>
<dob></dob>
<dod></dod>
<pob>gouda</pob>
<pob-id>5</pob-id>
<pod></pod>
<professional-start>1663</professional-start>
<professional-end>1672</professional-end>
<professions>
<profession>
<term>letterzetter</term>
<profession-id>4</profession-id></profession>
<profession>
<term>drukker</term>
<profession-id>9</profession-id></profession>
</professions>
<marriage>1. KO 23-4-1657 Marya de Bert van Leiden, op de Langebrug (getuige zijn bekende Claes Claesz Rhebout en haar zuster Franchijntje); 2. KO 15-4-1662 Golia Vermey (getuige zijn bekende Nathaniel Thorp). Kinderen: 1. 13-6-1663 PK Cornelius; 2. 24-12-1664 PK Johannes; 3. KO 9-1-1666 Margaretha Hendricx Hartoochs (getuige Nathaniel Thorp). Kind: 21-11-1666 PK Henricus; 4. KO 7-4-1672 Hester de Vogel, weduwe van de heetperser Onfry [Humphrey?] Staverton (getuige Nathaniel Thorp; zij hertrouwde in 1675 met Frederik Bel).</marriage>
<address>1651 Kijfhoekstraat; 1658, 1662 Langebrug, bij de Steenschuur; 1664-66 Zonneveldsteeg; 1672 Langebrug; 1672-73 Oude Hogewoerd, in de St. Jorissteeg.</address>
<street>Steenschuur</street>
<street-id>57</street-id>
<lat>52.1560107</lat>
<lon>4.4925594
</lon>
<literature>Briels 598-599; Lane 1995, 111.</literature>
<misc>i Bijlagen.</misc>
<all>
<l>Verhoef [Verhoeven, Vrijhoevens?], Abraham Cornelisz (* Gouda; w. 1663-1672)</l>
<l>Letterzetter en drukker.</l>
<l>Zoon van Cornelis Verhoef.</l>
<l>Drukker van het Weeshuis.</l>
<l>Adres: 1651 Kijfhoekstraat; 1658, 1662 Langebrug, bij de Steenschuur; 1664-66 Zonneveldsteeg; 1672 Langebrug; 1672-73 Oude Hogewoerd, in de St. Jorissteeg.</l>
<l>Huwelijk: 1. KO 23-4-1657 Marya de Bert van Leiden, op de Langebrug (getuige zijn bekende Claes Claesz Rhebout en haar zuster Franchijntje); 2. KO 15-4-1662 Golia Vermey (getuige zijn bekende Nathaniel Thorp). Kinderen: 1. 13-6-1663 PK Cornelius; 2. 24-12-1664 PK Johannes; 3. KO 9-1-1666 Margaretha Hendricx Hartoochs (getuige Nathaniel Thorp). Kind: 21-11-1666 PK Henricus; 4. KO 7-4-1672 Hester de Vogel, weduwe van de heetperser Onfry [Humphrey?] Staverton (getuige Nathaniel Thorp; zij hertrouwde in 1675 met Frederik Bel).</l>
<l>28-2-1663 Vrijmeester (moest attestatie nog overleggen) (AB 83a, f. 60). Ca. 1672 Drukker van het weeshuis.</l>
<l>Was voogd over de kinderen van Bartholomeus van Hogenacker.</l>
<l>NA 870, nr. ? (9-12-1655) Getuige bij overeenkomst tussen Marytje van Hogenacker en de erven van Reinier Homberdinck.</l>
<l>NA 925, nr, 140 (13-8-1657) Obligatie aan Andries Rijshouck van 205 i.v.m. lening. Afgelost 1658.</l>
<l>NA 873, nr. 104 (2-10-1658) Mutueel testament met Maria de Bert. Hij ligt ziek te bed.</l>
<l>NA 873, nr. 107 (5-10-1658) Overeenkomst met zijn vrouw en haar zuster Francina de Bert. Beide zusters hadden samen altijd huijsgehouden en hadden de papierneeringe gedreven, ook tijdens het huwelijk van Abraham en Maria. Hierin zal ook in de toekomst geen verandering komen.</l>
<l>NA 694, nrs. 71, 74 (11-8/18-8-1659) Koopt van Hester Seijs, weduwe David de Plaet een speeltuin en speelhuisje gelegen aan de Middellaan buiten de Koepoort in Zoeterwoude ten oosten van prof. Otto Heurnius voor 540. Zie ook 1660 en 1662.</l>
<l>NA 766, nr. 143 (3-5-1660) Obligatie met Francina de Bert aan Claartje Dircx, weduwe Leendert Millert van 200.</l>
<l>Transportregister 73, f. 162, akte nr. 425 (17-7-1660) Transport van een tuin in Zoeterwoude voor 500 door Hester Seijs.</l>
<l>NA 768, nr. 44 (2-3-1661) Mutueel testament met Francina de Bert. Hij wordt letterzetter genoemd; zij kan niet schrijven.</l>
<l>NA 769, nr. 439 (30-11-1661) Boedelscheiding Abraham Verhoef, Maria de Bert en Francina de Bert, van hun gezamelijk bezit. Hij had een kerkbijbel met zilverbeslag en ketting (16). De totale waarde van zijn goederen is 296.15; een drukkerij wordt niet genoemd.</l>
<l>NA 770, nr. 37 (2-1-1662) Boedelscheiding van de goederen van Maria de Bert, Abraham Verhoef en Francina de Bert na het overlijden van Maria op 28-4-1660. Aanzienlijk bezit, w.o. diverse huizen in de Narmstraat en aan de Langebrug (tConincryc van Spangien).</l>
<l>Transportregister 74, f. 12, akte nr. 490 (14-1-1662) Transport van de tuin in Zoeterwoude aan Jacob Jacobsz van Overzee voor 400 (zie 1660).</l>
<l>NA ?, nr. ? (14-6-1662 notaris Hoochbood) Mutueel testament met Golia Vermey.</l>
<l>NA 773, nr. 530 (19-12-1663) Verklaring met Francina de Bert aangaande de nalatenschap van zijn overleden vrouw Maria de Bert.</l>
<l>NA 934, nr. 117 (10-9-1666) Verklaring aangaande de voogdij en het erfdeel van zijn zoon Cornelis, naar aanleiding van zijn hertrouwen met Margaretha Hertoochs. Hij was eerder weduwnaar van Golia Jans Vermey (vgl. hun mutueel testament van 14-6-1662 voor notaris Hoochbood).</l>
<l>NA 460, nr 198 (1666) Genoemd in de boedel van Gerrit Willemsz van Swanenburg met schulden van 5.10 voor geleverd papier (zie onder Gerrit Jorisz van der Marsche).</l>
<l>OHC 26-11-1667 Tot Leyden, by Abraham Verhoef, Boeckdrucker, is ghedruckt Brachygraphiae, seu Ars Breviter compendiose scribendi, Regulis paucessimus comprehensa, idque Methodo brevi, ad perspicua, tradita, atque exemplis illustrata: ac jamprimum linguae Latinae accomodata. Cujus necessitas &amp; ultilitas Iudicibus, Syndicis, Scribis, Medicis, Pastoribus, omnibusque Studiosis; nec non, Concionum Auditoribus: hinc patet; quot auditor, mediocriter in hac Arte exercitatus, singulas voces &amp; verba, inter perorandis, facile poterit assequi, ac describere. Per I.S.S.V.D.M. De selfde zijn te bekomen by den voornoemde Abraham Verhoef, Boeckdrucker, op de Lange-Brugge, in de gekroonde Liefde, tot Leyden, en tot Amsterdam by Mr. Brouwning, Boeckverkooper, op de hoeck van de Beurs, ende tot Uytrecht by Anthony Smytegelt. In 8.</l>
<l>NA 1101, nr. 105 (13-6-1670) Mutueel testament met Margarita Hartochs (getuige Jan Ambrullaert).</l>
<l>NA 1146, nr. 145 (7-8-1671) Verslag van een verhoor n.a.v. een door hem gedrukt tractaat Korte memorie tot onderrechtinge van den tegenwoordigen toestant der saecke van den Heer Jacob Wermelskercke ... [niet STCN].</l>
<l>NA 1189, achter nr. 89 (1672) Begrafenisbiljet van Johannes Huysmans, gedrukt door Verhoef, drukker van het Weeshuis en wonend op de Oude Hogewoerd, in de St. Jorissteeg.</l>
<l>OHC 16-1-1672 Tot Leyden, by Abraham Verhoef, is gedruckt, Grondige Beschryvinge van de Edele ende Ridderlijcke Scherm-ofte Wapen-konst noyt diergelijcke in de Nederduytse Tale in Druck uytgegaen, met 143 schone Kopere Figuren verciert: uytgegeven ende aen den Dagh gebracht door Johannes Georgius Bruchius, Scherm ofte Vecht-meester der wijtvermaerde Academie tot Leyden: Deselve Boecken zijn te bekomen tot Leyden by den Autheur, woont op de Broertjes-Gracht, tot Utrecht by Evert van Ede, tot Amsterdam by Johannes Janssonius  Waesbergen.</l>
<l>NA 1040, nr. 113 (8-4-1672) Inventaris drukkerij die hij in zijn huwelijk inbracht; belast met een bedrag van 750 t.b.v. van Geertruyt Hertoochs. Vgl. Verkoping van de letteren van de drukkerij van zal. Abraham Verhoeff, z.jr. (= 20-12-1673), plano (GAL Bibl. 71590p; zie Kopij en druk, 124). OHC 7-12-1673 Tot Leyden sal op den 20 December 1673, zijnde s Woendaghs voor Kersmis, des morgens, verkocht werden de naergelatene Druckery van Abraham Verhoeve salig: bestaende in veelderhande Letteren, twee Druck-Perssen en twee Corrigeer-stoelen, &amp;c. ten Huyse van de Weduwe, op de oude Hoogewoert;</l>
<l>NA 1040, nr. 2 (21-3-1672) Huwelijkscontract met Hester de Vogel.</l>
<l>NA 1040, nr. 146 (8-4-1672) Boedel door Hester de Vogel in haar huwelijk ingebracht (4 huizen, w.o. heetperserij met 4 heetpersen in de St. Jorissteeg, een tuin buiten de Koepoort, etc.); voor haar zie ook nrs. 6, 9 en NA 1042, nrs. 224, 298.</l>
<l>Weeskamer 4183 Abraham Verhoef en Hester de Vogel, 1666, 9 omslagen</l>
<l>a (10-9-1666) Voogdijbenoeming over zijn zoon Cornelis uit zijn eerste huwelijk met Golia Vermey.</l>
<l>b (z.j.) Minuutinventaris.</l>
<l>c (12-6-1673) Inventaris.</l>
<l>d (21-11-1673) Boelhuiscedel.</l>
<l>e (21-11-1673) Contrarol.</l>
<l>f (1673) Verkoopvoorwaarden drukkersgereedschap.</l>
<l>g (4-5-1677) Afschrift van een overeenkomst over de nalatenschap van Dominicus Boot van Wesel.</l>
<l>h (9-2-1678) Liquidatie.</l>
<l>i Bijlagen.</l>
<l>Lit.: Briels 598-599; Lane 1995, 111.</l>
</all>
</person>