<person>
<firstName>Chaerl</firstName>
<lastName>Verhouffstraeten</lastName>
<dob></dob>
<dod></dod>
<pob>brussel</pob>
<pob-id>62</pob-id>
<pod></pod>
<professional-start>1662</professional-start>
<professional-end></professional-end>
<professions>
<profession>
<term>letterzetter</term>
<profession-id>4</profession-id></profession>
</professions>
<marriage>KO 22-11-1662 Teuntje de Kam van Londen, op de Middelstegracht (getuige zijn bekende Jan Daat en haar bekende Sara Wilson).</marriage>
<address>1662 Middelstegracht.</address>
<street>Middelstegracht</street>
<street-id>34</street-id>
<lat>52.1598384</lat>
<lon>4.4981737
</lon>
<misc>unknown</misc>
<all>
<l>Verhouffstraeten, Chaerl (* Brussel; w. 1662)</l>
<l>Letterzetter.</l>
<l>Adres: 1662 Middelstegracht.</l>
<l>Huwelijk: KO 22-11-1662 Teuntje de Kam van Londen, op de Middelstegracht (getuige zijn bekende Jan Daat en haar bekende Sara Wilson).</l>
</all>
</person>