<person>
<firstName>Christiaen</firstName>
<lastName>Vermey</lastName>
<dob></dob>
<dod></dod>
<pob>later te Antwerpen?</pob>
<pod></pod>
<professional-start>1704</professional-start>
<professional-end>1724</professional-end>
<professions>
<profession>
<term>boekverkoper</term>
<profession-id>1</profession-id></profession>
<profession>
<term>drukker</term>
<profession-id>9</profession-id></profession>
<profession>
<term>verkoper</term>
<profession-id>25</profession-id></profession>
</professions>
<marriage>SH 9-11-1708 (kerkelijk huwelijk 24-11-1708) Elisabeth van Ulden, weduwe Adrianus (Ary) van Loenen (zij waren op 21-10-1702 te Leiden getrouwd in de statie De Liefde); uit dit huwelijk was in 1706 een dochter, Lucia, geboren) (getuigen zijn broer Pieter, wonende op t Eylant; Maria Holderman, haar bekende op de Breestraat; Christina Bont op de Bolwerkstraat); hun kerkelijk huwelijk vond op 24-11-1708 plaats in de Oud-Katholieke Kerk De Liefde. Op 4-12-1709 werd hun dochter Elizabeth gedoopt in de oud-katholieke kerk (getuigen Jacobus van Ulden en Christina Pons); op 31-3-1714 werd een zoon Adrianus gedoopt (getuigen de ouders van de moeder, Jacobus van Ulden en Christina Pons). Elizabeth was de dochter van Heijndirck Jacobsz van Ulden (1650-1708) en Maria Ouwenrogge (1650-1708), en was RK gedoopt op 5-7-1676. De broer Pieter Aertsen Vermey trouwde al in 1685 in de statie in de Jorissteeg met Neeltje Cornelis Noort Hollandt, en in 1691 met Annetje Luyten Outhuysen in dezelfde statie. Merkwaardig is echter dat zij op 21-6-1691 ook te Muyen in Noord-Holland ondertrouw gingen. Getuige van de bruidegom is dan zijn vader Aert Aldertsz Vermij, wonende te Oegstgeest. Pieter woont in de Hazewindsteeg. De vader Aert Aldertsz Vermeij wordt echter op 17-3-1684 vermeld als timmerman te Bodegraven (Groene Hart Archieven, Protocollen Zwammerdam, 1677-1699), inv. nr. 24, f. 195).</marriage>
<address>1708 Koornbrugsteeg/hoek Breestraat, in de vier evangelisten (RAL 501A, inv. nr. 6611, Bonboek Wanthuis, f. 68). Hij had samen met zijn vrouw in 1709 ook huizen in de Jan Vossensteeg, Noord-Rundersteeg en Levendaal (RAL 501A, inv. nr. 6624, Bonboek West-Marendorp-Landzijde, ff. 497v, 525v, 526, 529, inv. nr. 6635, Bonboek Zuid-Rijnevest, f. 185v).</address>
<street>Mare</street>
<street-id>33</street-id>
<lat>52.1639065</lat>
<lon>4.4895512
</lon>
<auction>Stadsarchief II 100 (6-5-1711) Toestemming voor het houden van een veiling van de boeken van dr. Petrus van Velden en Theodorus van Hoog, beiden uit Leiden. De boeken van Van Hoog waren afkomstig van diens erfgenaam Joannes van Rijn. In deze veiling mocht Vermey ook eigen boeken veilen.</auction>
<literature>Ledeboer; M.A. Haitsma, De Rooms-Katholieken te Leiden van ongeveer 1650 tot de tweede helft van de achttiende eeuw (z.pl.: Stichting Oud-Katholiek Seminarie, 1977) [Seminarie-reeks, 3]; E. van Kessel-Schulte, Geest en vlees in godsdienst en wetenschap (Den Haag, 1980), 21-48; E. van Kessel-Schulte, Wenia en Agatha van Heussen, de klopjes van De Liefde, Archief voor de geschiedenis van de katholieke kerk in Nederland, 68, dl. 10 (?), 249-280; R.J.W. Verheij, Hugo Franciscus van Heussen, De oud katholiek, 63 (1947?), nr. 30/31, pp. 000; H. van Lopik, Leidse drukken in de Stompwijkse kerk, De Boekenwereld, 24 (2007-08), 169-171; ?, ? in P.M. Daley, G.R. Dimler &amp; R. Haub (eds.), Emblematik und Kunst der Jesuiten in Bayern: Einfluss und Wirking (Turnhout: Brepols, 2000), pp. 273 en 287; F. Olthoff, De boekdrukkers, boekverkoopers en uitgevers in Antwerpen sedert de uitvinding der boekdrukkunst tot op onze dagen: alfabetisch gerangschikt en van geschiedkundige aanteekeningen voorzien  (Antwerpen, 1891); Hoftijzer, Gulden Passer.</literature>
<misc>Over de juridische consequenties van de vennootschap van Le Beuf en Vermey, zie H.M. Punt, Vennootschapsrecht van Holland. Het vennootschapsrecht van Holland, Zeeland en West-Friesland in de rechtspraak van de Hoge Raad van Holland, Zeeland en West-Friesland, Deventer, 2010 (Dissertatie Universiteit Leiden), pp. 125-126.</misc>
<all>
<l>Vermey, Christiaen (* Bodegraven; w. 1704-24; later te Antwerpen?)</l>
<l>Verkoper van oude boeken, drukker en boekverkoper.</l>
<l>Zoon van Aert Aldertsz Vermey.</l>
<l>Adres: 1708 Koornbrugsteeg/hoek Breestraat, in de vier evangelisten (RAL 501A, inv. nr. 6611, Bonboek Wanthuis, f. 68). Hij had samen met zijn vrouw in 1709 ook huizen in de Jan Vossensteeg, Noord-Rundersteeg en Levendaal (RAL 501A, inv. nr. 6624, Bonboek West-Marendorp-Landzijde, ff. 497v, 525v, 526, 529, inv. nr. 6635, Bonboek Zuid-Rijnevest, f. 185v).</l>
<l>Huwelijk: SH 9-11-1708 (kerkelijk huwelijk 24-11-1708) Elisabeth van Ulden, weduwe Adrianus (Ary) van Loenen (zij waren op 21-10-1702 te Leiden getrouwd in de statie De Liefde); uit dit huwelijk was in 1706 een dochter, Lucia, geboren) (getuigen zijn broer Pieter, wonende op t Eylant; Maria Holderman, haar bekende op de Breestraat; Christina Bont op de Bolwerkstraat); hun kerkelijk huwelijk vond op 24-11-1708 plaats in de Oud-Katholieke Kerk De Liefde. Op 4-12-1709 werd hun dochter Elizabeth gedoopt in de oud-katholieke kerk (getuigen Jacobus van Ulden en Christina Pons); op 31-3-1714 werd een zoon Adrianus gedoopt (getuigen de ouders van de moeder, Jacobus van Ulden en Christina Pons). Elizabeth was de dochter van Heijndirck Jacobsz van Ulden (1650-1708) en Maria Ouwenrogge (1650-1708), en was RK gedoopt op 5-7-1676. De broer Pieter Aertsen Vermey trouwde al in 1685 in de statie in de Jorissteeg met Neeltje Cornelis Noort Hollandt, en in 1691 met Annetje Luyten Outhuysen in dezelfde statie. Merkwaardig is echter dat zij op 21-6-1691 ook te Muyen in Noord-Holland ondertrouw gingen. Getuige van de bruidegom is dan zijn vader Aert Aldertsz Vermij, wonende te Oegstgeest. Pieter woont in de Hazewindsteeg. De vader Aert Aldertsz Vermeij wordt echter op 17-3-1684 vermeld als timmerman te Bodegraven (Groene Hart Archieven, Protocollen Zwammerdam, 1677-1699), inv. nr. 24, f. 195).</l>
<l>28-11-1695 (Weeskamer Bodegraven, f. 209) vermelding Christiaan Aartsz Vermeij.</l>
<l>6-1-1697 (Weeskamer Bodegraven, f. 208v) vermelding Christiaan Aartsz Vermeij.</l>
<l>9-5-1704 Ingeschreven als poorter (Poorterboek, f. 211).</l>
<l>20-5-1704 Contribuant als oudboekverkoper (Requestboek, p. 34); 22-12-1707 vrijmeester na request aan het gerecht (apostille 22-12-1707) (AB 61, ff. 34r, 35; 83a, f. 94v).</l>
<l>Verzoekschrift 1707:</l>
<l>Aan de E: E: Groot Agtb: Heeren</l>
<l>Mijne Heeren</l>
<l>die vanden Geregte der stad Leijden</l>
<l>Geeft met behoorlijke eerbiedigheid te kennen Christianus Vermij, jongman hier te stede woonagtig, als dat hij hier in de Koorn Brug steeg een huis gehuurd heeft, met voorneemen, onder Gods hulpe om sig daar ter neer te setten, ende hem te geneeren met de koopmanschap van oude gebonden boeken enz: gelijk hier ter steede geduurig veele gedaan hebben, ende nog sijn doende. Doch dewijl sulks sonder Ul:l: agtb: toelaatinge en consent niet mag geschieden, soo keert den suppliant sig onderdaanig tuwaarts, seer hertelijk versoekende hij tot de gemelde koopmanschap van Ull: Agtbaarl: vrijheid en verlof mag erlangen, mits hij bereijd is de gewoone prijs aan de opsienders vande auctien en boekneeringe te voldoen, dit doende enz.</l>
<l>was geteekend Christianus Vermeij.</l>
<l>Besluit van het stadsbestuur:</l>
<l>die van den Geregte der stad Leiden, hebben bij deesen, den suppliant geconsenteert, dat hij alhier ter steede, oude gebonden boeken sal moogen verkoopen, mits alvoorens sijn poorterschap koopende en voldoende aan de opsienders van de auctie en boekneeringe tregt daar toe staande: Actum den 3. meij 1704.</l>
<l>25-7-1706 Getuige bij doop Arnoldus Vermey, zoon van Petrus Vermey en Anna Oudthuysen, in de RK Jezuetenstatie.</l>
<l>1706 In een winkelcatalogus achterin Instructie voor een geestelyke dochter om God wel te dienen in den maagdeluken staat (Gent: Joannes Eton, 1706, En zijn te bekomen te Leyden by Christianus Vermy boekverkooper in de Koornburg-steeg) zijn de volgende titels te vinden:</l>
<l>Catalogus van eenige seer schoone Godvrugtige boeken die nu eerst uyt Brabant gekomen zijn, en by Christianus Vermey Boekverkoper te Leyden te bekomen zijn.</l>
<l>Levens der heyligen van Nederland, 2 deelen in 4. te Gent 1705</l>
<l>dVerhole werken van den saligen Vader Joannis  Cruyce, in 4. te Gent 1703</l>
<l>Den Lust-hof der zielen, ofte paradisus anime, in het Nederduyts vertaalt, te Gent 1705</l>
<l>Verklaringe van het leven ende mysterien van de alderheyligste Maget ende moeder Gods Maria, Gent 1705</l>
<l>Hondert en vijftig meditatien op het leven, lijden, ende glorie van Christus ende Maria. Door Ludovicus de Meyer, Gent 1704</l>
<l>Aenleydinge tot de oeffeninge der deugden door Joannes  Jesu, te Gent 1704</l>
<l>Soete meditatie der God-minnende zielen, gestelt op de wijse van t inwendig gebed, te Gent 1702</l>
<l>Den Herder van den goeden ofte kers-nagt, door Don Jan de Palafox ende Mendoza, Bisschop de la Puebla ter Engelen in America, te Gent 1706</l>
<l>Maniere om de stervende by te staen op t Latijn, Frans en Nederduyts, te Gent 1704</l>
<l>Hand-boexken van den heyligen Augustinus, Gent 1705</l>
<l>De belijdenis van den heyligen Augustinus, al de 13 boeken noyt geheel op t Nederduyts geweest, Gent 1706</l>
<l>Verholentheden van het Cloosterlijk leven, Gent 1706</l>
<l>Veele schoone brieven van de Heylige Theresia met bemerkinge van den Bisschop Don Juan de Palafox, in 4. te Gent 1705</l>
<l>Verders alderhande soorte van Katholijke boeken.</l>
<l>Arch. Boekverkopersgilde Amsterdam, Requesten van 1629-1725, no. 65 (3-8-1708). Aan de Eed.GrootAgtbaarh. Heeren Burgemeesteren en Regeerders der stad Amsterdam. Geeven de overluijden van het boekvercoopers gild tot onderdanig berigt op het request van Christiaan Vermeij, om te hebben privilegie van haar Ed.GrootMoogende op de Neederduijtse, Franse en Latijnse beschrijvinge van den Grooten Atlas, ende steede boeken van wijlen de Heer Joan Blaeuw, omme dezelve voor eerst te herdrucken in octavo formaat met eenige kaarten en printen etc., dat deselve overluijden niet konnen begrijpen, hoe den suppliant zulcken versoek kan bestaan, alsoo he genoegsaam kennelijk is, dat de plaaten ende boeken, neevens het regt, om deselve te drucken door de erfgenaamen van wijlen de Heer Blaeuw aan verscheijden boekvercoopers hier te landen zijn verkoft, dewelcke dan ingevolge van dien in een regtmaatig besit daarvan zijn, en het zeer aanstootelijk zoude zijn een privilegie te geeven aan een onregtmaatige nadrucker in prejuditie van legitieme besitters, die also wel ingesetenen van den Staat zijn, als de suppliant. In Amsterdam desen 3 December 1708. Getekend Rudolph Wetstein en Pieter Rotterdam. Lit.: KS 53; Tijdschrift van het Koninklijk Nederlands Aardrijkskundig Genootschap, 1915, 812..</l>
<l>In een winkellijst achterin Stichtige sermoonen van den tegenwoordigen Paus van Romen Clemens den XI gedaen op VII. achter-een volgende jaeren van MDCCI tot MDCCVIII (Antwerpen: Christianus Vermey, 1708) worden de volgende titels vermeld:</l>
<l>By den selven boekverkooper Christianus Vermey zijn ook te bekomen allerhande, soo Nederduytsche als Latijnsche, godvruchtige, kerkelijke, ende theologische boeken. Ende is ook by de selven, kortelings gedrukt dat vermaarde gebede-boek, Den Lust-hof der zielen (zijnde den Paradisus Animae soo dikmaals in het Latijn herdrukt.) met schone figuren, den tweden druk. Alsmede: De christelyke waarheden en dagelykse oeffeningen over alle de sondagen, feestdagen en HH. dagen, door het gantsche jaar. Ende, heeft tegenwoordig onder de pers: De Godvrugtige meditatien tot de H. Communie, op alle de sondagen en andere hoog-tyden des jaars; als ook, op alle de geboden, feest-dagen der H.H. en andere dagen van devotie door het jaar: door den seer eerw: heer Abraham van der Mat, den 5. druk, met schoone figuren verciert.</l>
<l>NA 1669, nr. 145 (25-9-1709) Testament. Onder haar erfgenamen zijn Lucia van Loenen, kind uit haar eerder huwelijk, en haar vader. Bij een boedelscheiding heeft Christiaen het recht om de winkel en neringgoederen te laten taxeren door een neutrale persoon en deze over te nemen.</l>
<l>NA 1713, nr. 116 (17-10-1716) Contract tussen Jacobus le Beuff en Christiaan Vermey, over de boeken die zij in compagnie aan het drukken waren of hadden gedrukt. Te weten: Zij hebben al gedrukt de Duitse bijbel, OT en NT van Moerenturff in-2 in een oplage van 1050 ex. waarbij nog zijn gekocht platen en bijbelkaarten, tot 66 ex.; verder hadden zij gedrukt 500 ex. van het NT 8, samen t.w.v. 3798.3. Verder hebben zij gedrukt Batavia sacra 2, 680 ex. t.w.v. 3598.2, welke bedragen alle gefourneerd zijn door Le Beuff. Op de pers ligt het vervolg van de Batavia sacra, ofte soo als sij het sullen tituleren; voorts nog de Nederlandse vertaling van de Batavia sacra met vervolgen, 2 en 8, waarvoor Le Beuff eveneens al het geld heeft gefourneerd. Afgesproken wordt dat Le Beuff nog de verdere kosten zal voorschieten tegen een rente van 4%. Het aandeel van Vermey wordt ook bepaald op 3000 voor zijn moeite en verkopen; voor het drukken zal hij niet meer in rekening brengen als tot de civielste en minste prijs daar men t voor gedaan souw kunnen krijgen. Vermey moet van alles goede verantwoording afleggen. De prijzen bedragen: de Duitse bijbel 2 ongebonden 5.10, met platen en kaarten 12 ongebonden; het NT 8 ongebonden 1.2 en de Batavia sacra 2 ongebonden 9, alles in geld te betalen. Le Beuff zal alle afgedrukte ex. onder zich houden, en Vermeij kan dan van tijd tot tijd een hoeveelheid bij hem komen halen. Kan Vermey boeken ruilen, dan moet hij Le Beuff deze in geld betalen. Vermey mag niet uit de compagnie treden alvorens alle exx. zijn verkocht en hij mag ook geen exx. herdrukken. Nog diverse bepalingen. Le Beuf was een handelaar in bouwmaterialen in Leiden en was eigenaar van een buitenplaats aan de Hoge Mors (later Rhijnhof). Voor een identificatie van de Moretus bijbel en Biblia sacra editie, zie de fondslijst.</l>
<l>NA 1471, nr. 249 (9-11-1716) Obligatie van 707.16 van zijn echtgenote aan Pieter van der Aa voor boeken gekocht op 17/18/19-8-1716.</l>
<l>NA 1474, nr. 118 (24-12-1722) Obligatie van 639 aan de Haagse boekverkoper Isaac Vaillant voor boeken gekocht op de auctie van wijlen M. Bhm te sGravenhage door Husson en Van Duren d.d. 13-8-1722.</l>
<l>Voorin Oudheden en gestichten van Vriesland  Tweede deel (Leiden: C. Vermey, 1723), pp. [3-4]:</l>
<l>Lyst van eenige boeken, die te Leyden by Christiaan Vermey gedrukt en te bekomen zijn; raakende de kerkelijke en wereldlijke oudheden dezer landen.</l>
<l>Batavia sacra, seu res &amp; gesta apostolicorum virorum, qui fidem Christianam in has provincias primum intulerunt. In folio, 2 partes, cum fig.</l>
<l>Historia episcopatum federati Belgii, &amp;c. 2 vol. in folio, cum fig.</l>
<l>Beschrijving en oudheden der stad Gouda, in quarto, met fig.</l>
<l>Batavia sacra, of kerkelijke historie van Nederland, des zelfs opkomst en oudheden, 3 deelen, in octavo, met fig.</l>
<l>Oudheden en gestichten van het rechte Zuid-Holland en Schieland, met deszelfs steden en dorpen, in octavo, met fig.</l>
<l>Oudheden en gestichten van Rhijnland, als van de stad Leiden en der dorpen in Rhijnland gelegen. In octavo, met fig.</l>
<l>Oudheden en gestichten van Delfland, als van de stad Delft en s Gravenhage, met de omleggende dorpen. In octavo, met fig.</l>
<l>Historie en oudheden van het Bisdom van Utrecht, als van de stad Utrecht, Amersfoort, Vianen, Montfoort, Oudewater, Woerden, het Goilandt, Kuilenburg, Gorkum, Heusden, Tiel, Bommel, Asperen, Leerdam, Bommelerwaart, de Veluwe, de Betue, Rhenen, Wageningen, Aarnhem, Huissen, Emmerik, Schoonhoven, Gouda; en alle de dropen daar ondergelegen. In octavo, 3 deelen, met fig.</l>
<l>Kerkelijke oudheden, of staat en kerkregeering van t eerste Christendom. In octavo.</l>
<l>Oudheden en gestichten van Kennemerland, en Noort-Holland: als van de steden Haarlem, Alkmaar, Amsterdam, Hoorn, Enkhuyzen, Medenblik, Edam, &amp;c. met alle de omleggende dorpen, 2 deelen, in octavo, met fig.</l>
<l>Oudheden en gestichten van Zeeland. In octavo, 2 deelen, met fig.</l>
<l>Oudheden en gestichten van Vriesland, 2 deelen, in octavo.</l>
<l>Oudheden en gestichten van Groningen en de Ommelanden. Op de pers.</l>
<l>27-7-1724 Veiling van zijn bibliotheek ten huize van Vermey door Johannes Arnoldus Langerak; 760 nrs. (adv. LC 19, 21, 26-7). Het betreft boeken uit de in beslag genomen boedel van Vermey. Zie NA 1843, nr. 101 (1724) Akte m.b.t. de verkoop van zijn bibliotheek door Langerak met bijgevoegd gedrukte catalogus: Verzamelingh van verscheyde fraye Latijnsche, France en Nederduytse, godgeleerde en historische boecken, van Christiaen Vermey, gewesen boekverkoper binnen de stad Leiden, 4: [2], 30 pp. (BSC no. 3244, mf 5147).</l>
<l>9-10-1724 Veiling door Johannes Arnoldus Langerak van zijn drukkerij. Vgl. Proeve der drukkerye, van Christiaan Vermey, bestaande in een fraaje suffisante druk-pars, mitsgaders, Duytse, Romeynse, cursyfse, Griexe, Hebreeuwse en Syrise letteren, en t geene vorder tot de drukkerye is behoorende, nader in de afgedrukte proeven te zien. Welke verkogt zullen werden ten huise van de voorsz. Christiaan Vermey, op de Breedestraat op den hoek van de Koorenbrugsteeg, binnen de stad Leyden, op maandag den 9. october 1724. s mergens ten 9 uuren. De catalogen zyn te bekomen by Joh. Arn. Langerak, 4: 1-2 A-D4 [E]2; [40] pp. enkelzijdig (ex. UBL 20651 F 10-12:11, deels met prijzen; zie Kopij en druk, p. 126). Bevat o.a. opsomming van drukkerijgereedschappen, d.w.z. een fraaye druk-pars, met een kopere-plaat onder den degel aangeschroeft, en een yser fondament, mitsgaders, een besloote drukbank, item 3 forscheten; een corrigeersteen; een losse corrigeersteen; twee steenen om roode inkt op te maken; seeven paar ysere ramen met kruyssen; drie ysere en een houte zethaaken; een bos spaanen; 35 paar letter kassen; 17 zoo nat als spoelborden; 20 zee heele als halve galeyen; drie banken of tafeltjes; een groote kachel met een ysere voet; een party aditie quadraten met de houtjes en formaat-hout; een partytje kopere linien; een houte loogbak met een voet; nog omtrent 2  300 pond letter-stof; twee staande letterkastjes; nog vescheyde op hout gesneeden letteren en figuren en anders, te veel om op de catalogus te zetten; onder de afgedrukte sluitstukken enkele met katholieke voorstelllingen (adv. LC 27 en 29-9 en 6-10). Op deze veiling werden door de firma Ensched in Haarlem door Van Ostade ontworpen en door Izaak van de Vinne gesneden houtblokken voor kinderprenten; vgl. De Meyer 1962; Ch. Ensched, Typefoundries, 163-164, 184. Voor een overzicht, zie het Excel bestand.</l>
<l>27-11-1724 Veiling door Johannes Arnoldus Langerak van zijn ongebonden sorteringen (adv. LC 22/24-11-1724); ORA 86 (1724) Veiling ongebonden boeken. ORA 116 (achterin) Catalogus van ongebonde boeken, welke verkogt zullen werden ten huize van Christiaan Vermey, op de Bredestraat, op den hoek van de Korenbrugsteeg, binnen Leyden, op maandag den 27. novemb. 1724, Leiden: J.A. Langerak, z.j. [1724], 8?: [4], 10 pp.</l>
<l>ORA, 508 (Schepenbank), 116 (1726-29, 1733, 1726-1733) Dossier met stukken betreffende het proces, gevoerd voor het Hof van Holland door de curator van de insolvente boedel van Christiaan Vermey tegen Jacob le Beuf wegens eigendom van zekere boeken.</l>
<l>Hierin onder meer de Memorie van de zaak van Jacob Le Beuff contra Gerard de Wolf met de bepalingen uit het contract met Le Beuff van 17-10-1716. Aan het einde (f. 1) wordt gesteld dat Le Beuff in 1719 al 16900 had geinvesteerd. Hij wilde nu zijn geld terug, in de vorm van de boeken die waren gedrukt. Voorts een Memorie of lijste der kopere plaaten (= uit de reeks van Van Rhijn) en verder opgave van de gedrukte vellen; Batavia Sacra in folio 198 vellen; Batavia sacra in octavo 122 vellen; Utregtse Bisdom in octavo 917 vellen; titelbladen; aantal vellen van de diverse Oudheden edities. Aan het einde van dit document de Latijnse oudheeden in folio 1372 vellen.</l>
<l>Belangrijk is voorts een uitgebreide Reeckeningh van sodanige Capitaelen, als Jacob le Beuff coopman binnen de stadt Leijden, in conformit van het contract tussen hem, en Christiaen Vermey, op den 17 October 1716 van tijt, tot tijt heeft gefourneert, tot het drucken van verscheijde soorten van boecken, alsmede van intresse daerop van jaer tot jaer verscheenen, mitsgaders van de gelden daerop ontfangen ..., opgesteld 18-2-1727. Hieruit blijkt dat Le Beuff al vanaf 1712 kapitaal verschafte. De lijst loopt door tot 1719, toen het totaal kapitaal 24403.13 bedroeg. Uit het document blijkt ook dat de koperen platen die waren gebruikt voor de kroniek van Zeeland op 16-2-1728 waren verkocht door Pieter van der Aa voor 178.7. Ook de gedrukte boeken worden genoemd, met de kostprijs:</l>
<l>492 ex. bijbel in folio 3.1.6 = 1509.16.8</l>
<l>300 ex. Nieuwe Testament in octavo 0.10.3 = 152.16.4</l>
<l>200 ex. Latijnse Batavia sacra in folio 5.5.13 = 1058.2.8</l>
<l>475 ex. Historia episcopatuum in folio 10.0.10 = 3760.11</l>
<l>216 ex. Duijts Batavia sacra in octavo 3.10 = 756</l>
<l>200 ex. Oudheden van Zuid-Holland 0.16.7 = 104.7.8</l>
<l>270 ex. Oudheden van Rijnland in octavo 1.1.4 = 286.17.8</l>
<l>300 ex. Oudheden van Utrecht in octavo 2.18.12 = 881.5</l>
<l>280 ex. Oudheden van Delfland in octavo 0.19.6 = 271.5</l>
<l>300 ex. Oudheden van Kennemerland in octavo 1.12.11 = 490.6.4</l>
<l>350 ex. Oudheden van Zeeland in octavo 1.7.10 = 483.8.12</l>
<l>350 ex. Oudheden van Friesland in octavo 1.13.4 = 581.17.8</l>
<l>315 ex. Oudheden van Groningen in octavo 0.19.10 = 309.1.14</l>
<l>Tesamen 10645.15.10</l>
<l>Dit stuk wordt gevolgd door een door notaris Wolf op 31-10-1724 opgestelde, lange lijst van bedragen die Vermeij bekende te hebben ontvangen van Le Beuff tot en met 1-1-1719 ten bedrage van 16400.</l>
<l>Het dossier bevat ook afzonderlijke berekeningen van de onkosten van de Oudheden serie, opgesteld in maart 1724 door Christiaen Vermey, en geacoordeerd in Den Haag op 3-3-1731. Als voorbeeld kan dienen het deel over Groningen:</l>
<l>400 ex. van in totaal 44.5 blad</l>
<l>ieder blad 2.5 riem papier a 4.2		10.5</l>
<l>zetten en drukken per blad 			8.0</l>
<l>correctie en briefport				0.12</l>
<l>vergaren en collationeren 			0.8</l>
<l>Subtotaal					856.13</l>
<l>Daarbij</l>
<l>vertalen en aantekeningen van 22 bladen	66.0</l>
<l>extra aantekeningen				50.0</l>
<l>voorreden en register				28.0</l>
<l>Totaal						1000.13</l>
<l>Ieder ex. gesteld op 1.18.</l>
<l>Ook een lijst van schuldeisers t.a.v. de boedel: Jacobus de Beuff 925 (met een rente van 4%); Dhr. Stoffens over coffigeld 8; Bekestein over zout en zeep 14; Philip de Vos, timmerman, voor een reparatie 10; Lodewijk Knotters als executeur vanden testamente van Hugo van Heussen 760; Maria van Someren, weduwe van Willem Broedelet (uit Utrecht) 624; Willem van Keuik 500; Evert Vliegenthart 250; Jacob Cristiaans over brood 8; Hendrik Halma, boekverkoper te Leeuwarden, over boeken 221; Adriaan Beman te Delft 42; Jacob van Poolsum te Utrecht 85; Jacq Severinus 19; Samuel Lugtmans 37; Willem van Waters te Utrecht 67; Rudolf en Gerard Wetstein te Amsterdam 162; weduwe Riddering 64; Gerard onder de Linde te Amsterdam 41; Geronimus en Martinus Verdussen te Antwerpen 23; Jan Leveer over raseren 35; Weduwe Henri van Dole te Den Haag 48; Dirk van Clust over turf 48; Jan Daniel Beman te Rotterdam 38; Willem van der Krans over het binden van boeken 22; Hendrick van den Aak te Rotterdam 31; De erven Stigters (Amsterdam); f. 42; Dirk Haak; f. 30; weduwe Martinus Immerseel over bier 33; Pieter Verdegaal over vlees debet rek.; Joachim van Outeren over perkament 69; Cornelis Keijser over papier 499; M. Schagen over boeken 33; f. 33. Jan van Hekeren te Amsterdam 27; Andries van Damme te Amsterdam 26; Reinier van Doesburg te Rotterdam 26; Jansoons van Waesbergen te Amsterdam 24; Jacob Broedelet te Utrecht 22 (zie boven); Pieter de Coup te Amsterdam 21; weduwe Abram van Oijen over koffie 20; Potgieters te Amsterdam 15; Jan Boom te Amsterdam 9; Willem van Swieten over boter 9; Nicolaes ten Hoorn te Amsterdam 9; P. Boutestein 6; Lucas Bazijk over het binden van boeken 6; Willem Barends te Amsterdam 6; B. Lakeman te Amsterdam 5; Mathijs van Lee te Haarlem 5; Joh. Oosterwijk te Amsterdam 4; Joan. Pauli te Amsterdam 72; erven wed. Joannes Wolters te Amsterdam [?] 52; Claas Jans van Yk 200; Pieter van Duiven over reparatie aan thuis gedaan 9; Joannes van Kerkhem over het inbinden van boeken 13; Jan Claasz van Eijk, eenig kind en erftgenaam van Claas Jansz van Eijk 2000 (!).</l>
<l>RAL, bibliotheek 17033 pf Propositie van de heeren Gedeputeerden der stad Leyden wegens een mandement van reformatie bij den Hoogen Raade verleent aan de executeurs van den testamente van Jan van Eyk tegens de curateur in den insolventen boedel van de boekverkooper Vermey. Vgl. NA 1829, nr. 81 [scans 369-539] (4-7-1729) Uitgebreide en rijke boedel van Jan van Eyck, wonende te Zoeterwoude. Hij had daar o.a. houtzaagmolens (en veel hout), huizen en veel land. Hierin wordt een custingbrief vermeld van 2000, gepasseerd voor de schepen van Leiden d.d. 23-20-1710 ten laste van Christiaen Vermey tegen 5% rente staande specialyk gevestigt op desselfs huys en erve staande en gelegen binnen de stadt Leyden op de Breestraat op den hoek van de Coornbrugsteeg. De aardige bibliotheek is apart beschreven met veel boeken op groot papier en Franse banden, diverse bijbels, David Joris, Wonderboek, Nieuwentijt, Hugo de Groot, Erasmus, Oudaen, Descartes (4 dln.), reisbeschrijvingen, Orlers, Becker, Rabus, Boekzaal (20 dln.), Hobbes, Cats, Huygens, Vondel, Camphuysen, Poot, etc. Collectie van ca. 250 boeken.</l>
<l>Veilingen: Stadsarchief II 100 (6-5-1711) Toestemming voor het houden van een veiling van de boeken van dr. Petrus van Velden en Theodorus van Hoog, beiden uit Leiden. De boeken van Van Hoog waren afkomstig van diens erfgenaam Joannes van Rijn. In deze veiling mocht Vermey ook eigen boeken veilen.</l>
<l>Stadsarchief II 101 (13-10-1712) Toestemming voor het houden van een veiling van de boeken van Geertruij Cousebant (niet uit Leiden), alsmede van eigen boeken.</l>
<l>Stadsarchief II 102 (30-11-1713) Toestemming voor het houden van een veiling van eigen boeken.</l>
<l>Stadsarchief II 102 (15-11-1714) Toestemming voor het houden van een veiling van eigen boeken.</l>
<l>Stadsarchief II 103 (28-3-1715) Toestemming voor het houden van een veiling van eigen boeken.</l>
<l>Stadsarchief II 103 (5-9-1715) Toestemming voor het houden van een veiling van Elisabeth van der Sterre uit Leiden en Michiel van der Sterre uit Breda, alsmede eigen boeken.</l>
<l>Stadsarchief II 103 (23-4-1716) Toestemming voor het houden van een veiling van eigen boeken.</l>
<l>Stadsarchief II 103 (21-1-1717) Toestemming voor het houden van een veiling van de boeken van Willem Staal uit Leiden, van Augustinus Boutens uit Den Bosch, en eigen boeken.</l>
<l>Stadsarchief II 104 (21-10-1717) Toestemming voor het houden van een veiling van de boeken van Anna Hendrina Wassenaar Warmond &amp;c. &amp;c., van Jan van der Deyster, en van eigen boeken.</l>
<l>Stadsarchief II 105 (10-8-1719) Toestemming voor het houden van de veiling van de bibliotheek van Hugo van Heussen.</l>
<l>18-4-1720 Veiling van de boeken van Hendrik de Weert, jurist te Leiden; Catalogus optimorum librorum (Leiden: Christiaan Vermey, [1720]), 8; Parijs BN delta 10719 (BSC cat. 1623, mf 2792). Vgl. Stadsarchief II 105 en Leidse courant 1720, nrs. 62-74.</l>
<l>17-11-1722 Veiling van het bibliotheekje met godgeleerde, historische en rechtsgeleerde boeken van Jacobus Ruart. Stadsarchief II 107; Leidse courant 1722, nrs. 135 (11-11) en 136 (13-11).</l>
<l>Lit.: Ledeboer; M.A. Haitsma, De Rooms-Katholieken te Leiden van ongeveer 1650 tot de tweede helft van de achttiende eeuw (z.pl.: Stichting Oud-Katholiek Seminarie, 1977) [Seminarie-reeks, 3]; E. van Kessel-Schulte, Geest en vlees in godsdienst en wetenschap (Den Haag, 1980), 21-48; E. van Kessel-Schulte, Wenia en Agatha van Heussen, de klopjes van De Liefde, Archief voor de geschiedenis van de katholieke kerk in Nederland, 68, dl. 10 (?), 249-280; R.J.W. Verheij, Hugo Franciscus van Heussen, De oud katholiek, 63 (1947?), nr. 30/31, pp. 000; H. van Lopik, Leidse drukken in de Stompwijkse kerk, De Boekenwereld, 24 (2007-08), 169-171; ?, ? in P.M. Daley, G.R. Dimler &amp; R. Haub (eds.), Emblematik und Kunst der Jesuiten in Bayern: Einfluss und Wirking (Turnhout: Brepols, 2000), pp. 273 en 287; F. Olthoff, De boekdrukkers, boekverkoopers en uitgevers in Antwerpen sedert de uitvinding der boekdrukkunst tot op onze dagen: alfabetisch gerangschikt en van geschiedkundige aanteekeningen voorzien  (Antwerpen, 1891); Hoftijzer, Gulden Passer.</l>
<l>Over de juridische consequenties van de vennootschap van Le Beuf en Vermey, zie H.M. Punt, Vennootschapsrecht van Holland. Het vennootschapsrecht van Holland, Zeeland en West-Friesland in de rechtspraak van de Hoge Raad van Holland, Zeeland en West-Friesland, Deventer, 2010 (Dissertatie Universiteit Leiden), pp. 125-126.</l>
</all>
</person>