<person>
<firstName>Joannes</firstName>
<lastName>Vernave</lastName>
<dob></dob>
<dod></dod>
<pob></pob>
<pod></pod>
<professional-start>1606</professional-start>
<professional-end></professional-end>
<professions>
<profession>
<term>boekverkoper</term>
<profession-id>1</profession-id></profession>
<profession>
<term>verkoper</term>
<profession-id>25</profession-id></profession>
</professions>
<literature>Van Delft 198.</literature>
<misc>Op het titelblad van het Amsterdamse ex. (UBA 721 F 20) van de door Jan Bouwensz uitgegeven editie van De ses eerste boucken Euclidis staat vermeld in handschrift: Men vintse te coop by Mr. Joannis Vernave op den ouden rijn.</misc>
<all>
<l>Vernave, Joannes (w. 1606)</l>
<l>Boekverkoper?</l>
<l>Op het titelblad van het Amsterdamse ex. (UBA 721 F 20) van de door Jan Bouwensz uitgegeven editie van De ses eerste boucken Euclidis staat vermeld in handschrift: Men vintse te coop by Mr. Joannis Vernave op den ouden rijn.</l>
<l>Lit.: Van Delft 198.</l>
</all>
</person>