<person>
<firstName>Johannes</firstName>
<lastName>Verrejager</lastName>
<dob></dob>
<dod></dod>
<pob>leiden</pob>
<pob-id>1</pob-id>
<pod></pod>
<professional-start>1694</professional-start>
<professional-end></professional-end>
<professions>
<profession>
<term>boekverkoper</term>
<profession-id>1</profession-id></profession>
<profession>
<term>verkoper</term>
<profession-id>25</profession-id></profession>
</professions>
<marriage>KO 1-10-1694 Sara de Graeff (getuige zijn vader).</marriage>
<misc>Zoon van Lourens Verrejager op de Vliet.</misc>
<all>
<l>Verrejager, Johannes (* Leiden; w. Amsterdam 1694)</l>
<l>Boekverkoper te Amsterdam.</l>
<l>Zoon van Lourens Verrejager op de Vliet.</l>
<l>Huwelijk: KO 1-10-1694 Sara de Graeff (getuige zijn vader).</l>
</all>
</person>