<person>
<firstName>Jan</firstName>
<lastName>Verrijk</lastName>
<dob></dob>
<dod></dod>
<pob></pob>
<pod></pod>
<professional-start>1739</professional-start>
<professional-end>1751</professional-end>
<professions>
<profession>
<term>verkoper</term>
<profession-id>25</profession-id></profession>
</professions>
<guild>3-8-1739 Contribuant (AB 83a, f. 16v). Trad uit het gilde in 1751.</guild>
<misc>unknown</misc>
<all>
<l>Verrijk, Jan (w. 1739-51)</l>
<l>Verkoper van oude boeken.</l>
<l>Gilde: 3-8-1739 Contribuant (AB 83a, f. 16v). Trad uit het gilde in 1751.</l>
</all>
</person>