<person>
<firstName>Juliaen Flory</firstName>
<lastName>Borikan</lastName>
<dob></dob>
<dod></dod>
<pob>parijs</pob>
<pob-id>18</pob-id>
<pod></pod>
<professional-start>1638</professional-start>
<professional-end></professional-end>
<professions>
<profession>
<term>boekdrukker</term>
<profession-id>6</profession-id></profession>
<profession>
<term>drukker</term>
<profession-id>9</profession-id></profession>
</professions>
<marriage>KO 11-6-1638 Mary Damiens (getuige Jean Jilljot [Gillot?] op het Rapenburg).</marriage>
<address>1638 Groenhazengracht.</address>
<street>Groenhazengracht</street>
<street-id>14</street-id>
<lat>52.1591974</lat>
<lon>4.4834331
</lon>
<misc>unknown</misc>
<all>
<l>Borikan, Juliaen Flory (* Parijs; w. 1638)</l>
<l>Boekdrukker.</l>
<l>Adres: 1638 Groenhazengracht.</l>
<l>Huwelijk: KO 11-6-1638 Mary Damiens (getuige Jean Jilljot [Gillot?] op het Rapenburg).</l>
</all>
</person>