<person>
<firstName>Verwert], Sijbrant</firstName>
<lastName>Verruwhert [Verhart</lastName>
<dob>1635</dob>
<dod></dod>
<pob>enkhuizen</pob>
<pob-id>80</pob-id>
<pod></pod>
<professional-start>1661</professional-start>
<professional-end>1719</professional-end>
<professions>
<profession>
<term>boekverkoper</term>
<profession-id>1</profession-id></profession>
<profession>
<term>verkoper</term>
<profession-id>25</profession-id></profession>
<profession>
<term>knecht</term>
<profession-id>45</profession-id></profession>
</professions>
<marriage>KO 4-7-1661 Margaretha Jans Rovers uit Amsterdam ( 18-8-1691) (getuige zijn broer Wessel uit Enkhuizen en haar moeder Susanna de Smeth; in 1657 had deze haar zoon Johannes ondergebracht als leerling bij Pieter Leffen); kinderen: dopen HK 10-9-1662 Johannes; PK 4-1-1664 Zusannetje; PK 12-8-1665 Margaretha; PK 5-10-1667 Joannes; HK 8-10-1669 Karel; HK 24-3-1671 Carel ( 1699); HK 7-1-1674 Josias; HK 16-3-1677 Susanna (getuige Johannes van Kerckhem); PK 31-7-1680 Elizabeth; PK 11-3-1682 Lidia (getuigen zijn zwager Johannes van Kerkhem en Johannes van der Brugge; zij overleed al op 29-4-1682); PK 3-11-1683 Johannes.</marriage>
<address>1661-62 Kloksteeg; 1719 Levendaal.</address>
<street>Levendaal</street>
<street-id>30</street-id>
<lat>52.1548779</lat>
<lon>4.4946662
</lon>
<guild>1-4-1661 Vrijmeester (AB 83a, f. 105).</guild>
<literature>Ledeboer; Thesaurus; Van Eeghen V, 247-248; E.J. Thomassen  Thuesink van der Hoop, Familieregister van Sybrand Verruwhert, De Nederlandsche leeuw, 48 (1930), 211-216, 241-249, 281-283.</literature>
<misc>Hij hield een uitgebreid familieregister bij; zie literatuur.</misc>
<all>
<l>Verruwhert [Verhart, Verwert], Sijbrant (* Enkhuizen c. 1635   14-11-1719; w. 1661-1719)</l>
<l>Boekverkoper; gildeknecht.</l>
<l>Zoon van Jan Crijnsz [Verruwhert] en Femke Wessels Kluppel (huwelijk te Enkhuizen 25-8-1631). Zij was een dochter van de Enkhuizer drukker en boekverkoper Wessel Albertsz Kluppel en zuster van Albert Wesselsz Kluppel, die de zaak van zijn vader overnam.</l>
<l>Adres: 1661-62 Kloksteeg; 1719 Levendaal.</l>
<l>Huwelijk: KO 4-7-1661 Margaretha Jans Rovers uit Amsterdam ( 18-8-1691) (getuige zijn broer Wessel uit Enkhuizen en haar moeder Susanna de Smeth; in 1657 had deze haar zoon Johannes ondergebracht als leerling bij Pieter Leffen); kinderen: dopen HK 10-9-1662 Johannes; PK 4-1-1664 Zusannetje; PK 12-8-1665 Margaretha; PK 5-10-1667 Joannes; HK 8-10-1669 Karel; HK 24-3-1671 Carel ( 1699); HK 7-1-1674 Josias; HK 16-3-1677 Susanna (getuige Johannes van Kerckhem); PK 31-7-1680 Elizabeth; PK 11-3-1682 Lidia (getuigen zijn zwager Johannes van Kerkhem en Johannes van der Brugge; zij overleed al op 29-4-1682); PK 3-11-1683 Johannes.</l>
<l>Poorter 28-2-1661 (PB G, f. 218v).</l>
<l>Gilde: 1-4-1661 Vrijmeester (AB 83a, f. 105).</l>
<l>Personeel: 1-7-1661 Gerrit te Taer (?) voor zes jaar (accoord tussen Verwert en Pieter te Taer) (AB 83a, f. 105). Tot 15-11-1711 gildeknecht. Vanaf 7-11-1711 schrijver op de verkopingen van het gilde als opvolger van Abraham Schreuder (AB 61, f. 38). Vgl. memorie van zijn hand over veilingen op de gildekamer (AB 61, f. 45).</l>
<l>Gerechtsdagboeken: 81, f. 272, 283v.</l>
<l>NA 808, nr. 174 (12-8-1662) Mutueel testament met Margaretha Rovers.</l>
<l>OHC 30-3-1666 Tot Leyden, by Sybrant Verruhert, en Iohannis van der Brugghe Boeckverkoopers, werdt ghedruckt en sal in t kort uytgegeven werden Kerckelijcke Historie, van t begin des Werelts tot het Iaer 1666. waer in verhandelt wert de opkomst aller Ketteren, en hare bysondere Leerpoincten, beneffens alle Scheuringen en Vervolgingen der Kercke tsedert dien tijt: Waer achter by gevoeght is een kort vertoogh aller Regeeringe des Wereldts, dienende tot een inleydingh van een alghemeene Historie. Door Georgius Hornius, Professor der Historie in de Academie van Leyden. Uyt het Latijn in t Nederduyts vertaelt.</l>
<l>SA 81 (Gerechtsdagboek NN), f. 283v (13-6-1669) Consent voor een veiling; opz. 30 st.</l>
<l>SA 81 (Gerechtsdagboek NN), f. 284r (16-8-1669) Consent voor een veiling; opz. 50 st.</l>
<l>NA 680, nr. 16 (6-3-1673) Akte i.v.m. voogdij.</l>
<l>NA ? notaris Dirk van Toornvliet (5-1-1687) Testament.</l>
<l>14-6-1703 Veiling door Cornelis Boutesteyn van de boeken van onder anderen Wesselus Verruwhert, predikant te Oosterend op Tessel ( 1702), Pieter van Swieten uit Leiden en zijn eigen boeken (adv. LC 4 en 11-6, 1703). Boutesteyn had op 22-5-1703 toestemming gekregen voor de veiling van de boeken van Pieter van Swieten, en op 31-5-1703 voor die van Sijbrant Verruwhert (SA II 95).</l>
<l>NA 1322, nr. 177 (16-11-1719) Opening van zijn testament; zie ook nrs. 178-179 en 180-181 (boedel).</l>
<l>NA 1320, nr. 174 (7-12-1715) Verkoop van zijn huis In t Root Hart aan Salomon de Waater, meester chirurgijn, voor 570.</l>
<l>NA 1323, nr. 82 (4-9-1720) Rekening betreffende zijn boedel.</l>
<l>NA 1323, nr. 83 (4-9-1720) Boedelscheiding onder zijn kinderen.</l>
<l>NA 1324, nr. 46 (15-5-1721) Lijst i.v.m. de boedelscheiding.</l>
<l>Bibliotheek KVB, VH 6242 Register der Hoofdluijde: mitsgaaders neeringdoende Boekverkooopers, en Drukkers: t seedert A 1651 en z.v. Dit werd in 1888 aangekocht op de veiling van de bibliotheek van A.M. Ledeboer; zie Catalogue des livres, incunables, manuscrits formant la bibliothque de feu M. A.M. Ledeboer  Dont la vente publique aura lieu le 8 Octobre et jours suivants  la maison de E.J. Brill  (Leiden: E.J. Brill, 1888), 12, nr. 218.</l>
<l>Hij hield een uitgebreid familieregister bij; zie literatuur.</l>
<l>Lit.: Ledeboer; Thesaurus; Van Eeghen V, 247-248; E.J. Thomassen  Thuesink van der Hoop, Familieregister van Sybrand Verruwhert, De Nederlandsche leeuw, 48 (1930), 211-216, 241-249, 281-283.</l>
</all>
</person>