<person>
<firstName>Andries</firstName>
<lastName>Verschout [Schoutenus]</lastName>
<dob>1589</dob>
<dod></dod>
<pob> naar Woerden, waar hij in ieder geval in - nog actief was</pob>
<pob-id>86</pob-id>
<pod></pod>
<professional-start>1573</professional-start>
<professional-end>1588</professional-end>
<professions>
<profession>
<term>boekverkoper</term>
<profession-id>1</profession-id></profession>
<profession>
<term>drukker</term>
<profession-id>9</profession-id></profession>
<profession>
<term>verkoper</term>
<profession-id>25</profession-id></profession>
</professions>
<marriage>KO 17-9-1575 Aeltje Ulricx (Vlericx) uit Woerden (getuige Jan Jacobsz Moyt).</marriage>
<address>1578 Breestraat; 1579 Hooglandse kerkgracht; 1582-87 Breestraat bij het stadhuis.</address>
<street>Breestraat</street>
<street-id>5</street-id>
<lat>52.1576037</lat>
<lon>4.4910914
</lon>
<literature>Navorscher, I, 326; Voet, Golden Compasses II, 350, n. 1; Kroniek Historisch Genootschap, 6 (1850), 421; Ensched 1918; Briels 508-513; Petit 416 (1586); Valkema Blouw 1989, 407-416; De Troeyer 857-858; Bostoen, Van de Rijn, 104; Bostoen, Hart voor Leiden, 39-40, 50-52; Frijhoff, Wegen van Evert Willemsz, 254, 314, 462-463 (over de Woerdense periode).</literature>
<misc>Gerechtsdagboek A, ff. 307 (twist met Saravia) en 322v (18-12-1584) en Burgemeesters dagboek A, f. 3v (28-12-1587) toezicht op het drukken van zijn? boeken (vgl. ook Res. SH 1580-81).</misc>
<all>
<l>Verschout [Schoutenus], Andries (* Antwerpen   Woerden 1624; w. 1573-88; 1589 naar Woerden, waar hij in ieder geval in 1622-23 nog actief was)</l>
<l>Drukker en boekverkoper. 1586 drukker van de gouverneur (Leicester).</l>
<l>Adres: 1578 Breestraat; 1579 Hooglandse kerkgracht; 1582-87 Breestraat bij het stadhuis.</l>
<l>Huwelijk: KO 17-9-1575 Aeltje Ulricx (Vlericx) uit Woerden (getuige Jan Jacobsz Moyt).</l>
<l>Kohieren 1581, f. 15v (Wolhuis); 1583, f. 6 (Wolhuis).</l>
<l>In 1564 in dienst van Plantijn te Antwerpen, waar hij zich speciaal bezighield met de druk in Latijn. Nam onofficieel de functie van academiedrukker waar tot de komst naar Leiden van Silvius, zonder twijfel op voorspraak van Jan van Hout, met wie hij een goede band onderhield. In 1586 drukker van de Graaf van Leicester. Was in Leiden mogelijk de contactpersoon voor Plantijn en Willem Silvius. Na 1588 was hij korte tijd in krijgsdienst als wachtmeester te Woerden en omstreeks 1589 zou hij als boekverkoper te Amsterdam hebben gewerkt. In dat zelfde jaar keerde hij echter terug naar Woerden waar hij stadsdrukker werd. Vgl. KO 8-3-1578 Willem Harwijck van Wesel en Maritje Henricx (getuige Andries de boekdrukker). Drukte geschriften van Caspar Coolhaes tegen de wil van het gerecht, dat de oplage in beslag nam en de kosten betaalde (zie onder).</l>
<l>SA 7449, Tresoriersrekening, f. 413 (1578) Betaling voor de druk van chaerten jegens daenstaende marct dewelcke den 1en octobris toecomende soude werden gehouden en een andere opdracht. De betaling werd gedaan aan Jan van Hout.</l>
<l>Drukte in 1579 de Iustificatie van de magistraat in Leiden op Van Houts raadhuispers, zie Rammelman Elsevier, Onkosten wegens het drukken der Justificatie van den Magistraet van Leiden, A. 1579, De Navorscher, 12 (1862), 166-167; Noch betaelt Andries Verschout, drucker voor zyn generale moeijten en diensten in t voors drucken gedaen, twelc ten begeren van Burgemeesteren en Gerechte, opdat het secreet blyven mochte, en datter geduyrende het drucken geen Copien uytgegeven en zouden werden, opt Raedhuys geschiede, geduyrende twelc hy uyt zyn huyzinge en van zyn winckel heeft moeten zijn, de somme van iii .</l>
<l>NA, SH GR, f. 14 (23-3-1580) Privilege voor 5 jaar op Johannes Calvijn, Wtlegginge op alle de sendbrieven. Verschenen? Vgl. Uutlegginge Iohannis Calvini, op alle de sendtbrieven Pauli des apostels: ende oock op den sendtbrief tot den Hebreen, Leiden: Jan Paedts Jacobsz en Jan Bouwens, 1582, 4 (STCN), zonder vermelding van een privilege; titeluitgave Amsterdam: Cornelis Claesz, 1582 (STCN). In 1601 verscheen nog een herdruk bij Jan Paedts Jacobsz, 2 (STCN). De boete per ex. bedroeg 20.</l>
<l>NAH, SH GR, f. 60 (9-4-1580) Privilege voor Andries Verschout en Nicolaas Soolmans, boekverkopers te Leiden en Antwerpen voor 5 jaar op a) Catechismus ofte onderwysinghe inde christelyke religie, vertaald door Gasper van der Heyden; b) Ceremonien en gebeden. Verschenen: a) Antwerpen: N. Soolmans/Leiden: A. Verschout, 1580, 8 (STCN). In 1578 en 1579 had Verschout al een Catechismus, ofte onderwijsinge inde christelicke leere also die in de kercken ende scholen der keur-vorstelicken Paltz geleert wert uitgegeven. Verschout en Soolmans hadden op 19-3-1580 reeds een octrooi van de Spaanse koning ontvangen. Het resolutieboek maakt geen melding van Soolmans, maar spreekt van Verschout en compagnie. Boete bij overtreding 50 kronen.</l>
<l>SA 7446, Tresoriersrekening, f. 344v (1583) betaling van 39 16 sch. voor boeken, door hem op last van Caspar Coolhaas gedrukt van Rudolph Walther, Van de christelijke dicipline of bij resolutie van het gerecht op 14-12-83 genomen onraad, samen gebonden uitgegeven te worden, omdat Andries Verschout daardoor gelast was alle exemplaren op het stadhuis te brengen, wat hij ook gedaan heeft en de kosten tot last van de stad aangenomen zijn, als blijkt uit de ordonnantie van de burgemeesters d.d. 8-2-1583, waaraan een van de exemplaren gehecht is. Tekst: Noch aen Andries Verschoudt, boucdrucker, betaelt XXXIX  X sc. VIII d., uyt zaecke van zeeckere bouxken, bij hem deur last van Caspar Coolhaes gedruckt, van de christelicke disciplyn ende excommunicatie ofte ban, bij de resolutie van die van de gerechte opten XIIIIen Dec. 1583 genomen, onraedzaam gevonden uytgegeven te werden, ende de voorn. Andries Verschoudt over zulx belast was, alle dexemplaren opt raedthuys deser stede te brengen, gelijck hij gedaen heeft, derhalve de voors. costen tot de last der stede zijn aengenomen, als blijct bij de ordonantie van burgemr. van dato den VIIIen Febr. 1583, aen de welcke een van de exemplaren gehecht is, hier mit quitantie overgelevert, daeromme alhier XXXIX , X sc., VIII d. Geciteerd in H.C. Rogge, Caspar Janszoon Coolhaes: de voorloper van Arminius en der remonstranten, dl. I (Amsterdam, 1856), 245. Zie ook Briels.</l>
<l>Gerechtsresoluties 14-12-1582 en Ordonnanties burgemeesters 27-12-1582.</l>
<l>Gerechtsdagboek A, ff. 307 (twist met Saravia) en 322v (18-12-1584) en Burgemeesters dagboek A, f. 3v (28-12-1587) toezicht op het drukken van zijn? boeken (vgl. ook Res. SH 1580-81).</l>
<l>Lit.: Navorscher, I, 326; Voet, Golden Compasses II, 350, n. 1; Kroniek Historisch Genootschap, 6 (1850), 421; Ensched 1918; Briels 508-513; Petit 416 (1586); Valkema Blouw 1989, 407-416; De Troeyer 857-858; Bostoen, Van de Rijn, 104; Bostoen, Hart voor Leiden, 39-40, 50-52; Frijhoff, Wegen van Evert Willemsz, 254, 314, 462-463 (over de Woerdense periode).</l>
</all>
</person>