<person>
<firstName>Barend van der</firstName>
<lastName>Vies</lastName>
<dob></dob>
<dod></dod>
<pob>deventer</pob>
<pob-id>83</pob-id>
<pod></pod>
<professional-start>1726</professional-start>
<professional-end></professional-end>
<professions>
<profession>
<term>speelkaartverkoper</term>
<profession-id>3</profession-id></profession>
<profession>
<term>verkoper</term>
<profession-id>25</profession-id></profession>
<profession>
<term>kaartverkoper</term>
<profession-id>66</profession-id></profession>
</professions>
<marriage>KO 15-4-1713 Catharina van Eyl uit Arnhem (hij wordt dan vermeld als wachtmeester van de burgerij; getuige zijn bekende Jan Put); kinderen: 1. 3-3-1715 HK Albertus; 2. 8-4-1723 Dirk HK; 3. 5-6-1718 HK Johanna Christina.</marriage>
<address>1713 Houtstraat.</address>
<street>Houtstraat</street>
<street-id>20</street-id>
<lat>52.1581218</lat>
<lon>4.4855674
</lon>
<guild>1726 Contribuant (AB 83c, f. 95).</guild>
<misc>NA 1991, nr. 120 (1755) Akte.</misc>
<all>
<l>Vies, Barend van der (* Deventer; w. 1726)</l>
<l>Speelkaartverkoper.</l>
<l>Adres: 1713 Houtstraat.</l>
<l>Huwelijk: KO 15-4-1713 Catharina van Eyl uit Arnhem (hij wordt dan vermeld als wachtmeester van de burgerij; getuige zijn bekende Jan Put); kinderen: 1. 3-3-1715 HK Albertus; 2. 8-4-1723 Dirk HK; 3. 5-6-1718 HK Johanna Christina.</l>
<l>Gilde: 1726 Contribuant (AB 83c, f. 95).</l>
<l>NA 1794, nr. 76 (24-9-1716) Mutueel testament.</l>
<l>NA 2024, nr. 222 (1735) Akte.</l>
<l>NA 1975 (1739), nr. 47 (13-4-1729) [scan nr. 185 e.v.] Obligatie Pieter van der Vies van 2000. Borgen zijn ouders Barend van der Vies en Katarina van Eijl.</l>
<l>NA 2065, nr. 22 [scan nr. 79] (24-2-1740) Toestemming met zijn vrouw (zij tekent Lyel) voor het huwelijk van hun zoon Pieter met Cornelia Plaat te Amsterdam.</l>
<l>NA 2068, nr. 153 [scan nr. 741] (1743) Verkoop in het Herenlogement van speeltuin aan de Herenweg naar Voorschoten voor 704.</l>
<l>NA 1985, nr. 7 [scan nr. 23] (15-1-1749) Akte met zijn vrouw Catharina van Eijl n.a.v. het overlijden van hun zoon Dirk, die in 1744 met het kermis schip van de Amsterdamse kamer van de VOC naar Indi was vertrokken en daar op 25-11-1745 was overleden zonder testament gemaakt te hebben. Zij verlangen nu de gage van hun zoon van de VOC.</l>
<l>NA 1991, nr. 120 (1755) Akte.</l>
</all>
</person>