<person>
<firstName>Jacques</firstName>
<lastName>Vieusaert</lastName>
<dob></dob>
<dod></dod>
<pob></pob>
<pod></pod>
<professional-start>1594</professional-start>
<professional-end>1604</professional-end>
<professions>
<profession>
<term>letterzetter</term>
<profession-id>4</profession-id></profession>
<profession>
<term>drukker</term>
<profession-id>9</profession-id></profession>
</professions>
<marriage>1. KO 16-12-1594 Mayke van Bocxtael, weduwe Jan de Monnick (getuige Heynderick Duys); 2. KO 14-8-1604 Sara Willems uit Antwerpen (getuige zijn schoonzoon Jan Swanckaert en haar zuster Trijntje).</marriage>
<literature>Briels 301, 516.</literature>
<misc>NA 84, nr. 91 (27-8-1604) Huwelijkse voorwaarden met Sara Willems.</misc>
<all>
<l>Vieusaert, Jacques (* Jembloux; w. 1594-1604)</l>
<l>Letterzetter en drukker.</l>
<l>Huwelijk: 1. KO 16-12-1594 Mayke van Bocxtael, weduwe Jan de Monnick (getuige Heynderick Duys); 2. KO 14-8-1604 Sara Willems uit Antwerpen (getuige zijn schoonzoon Jan Swanckaert en haar zuster Trijntje).</l>
<l>Poorterboek E, 1266, f. 126v, akte 8268 (18-3-1596) Poorter op getuigenis van Hendrik Tuyts en Christoffel Guyot. Waarschijnlijk in dienst van Frans II van Raphelingen (vgl. NA 63, f. 127v als getuige).</l>
<l>23-9-1600 Getuige bij de KO van zijn neef, de soldaat Laurijs Huybrechtsz uit Antwerpen.</l>
<l>NA 84, nr. 91 (27-8-1604) Huwelijkse voorwaarden met Sara Willems.</l>
<l>Lit.: Briels 301, 516.</l>
</all>
</person>