<person>
<firstName>Jacob</firstName>
<lastName>Vieusaert</lastName>
<dob></dob>
<dod></dod>
<pob></pob>
<pod></pod>
<professional-start>1616</professional-start>
<professional-end></professional-end>
<professions>
<profession>
<term>drukker</term>
<profession-id>9</profession-id></profession>
</professions>
<marriage>KO 15-4-1616 Neysje Symons (getuige zijn bekende Floris Andriesz).</marriage>
<literature>Briels 516.</literature>
<misc>Mogelijk zoon van Jacques Vieusaert.</misc>
<all>
<l>Vieusaert, Jacob (w. 1616)</l>
<l>Drukker.</l>
<l>Mogelijk zoon van Jacques Vieusaert.</l>
<l>Huwelijk: KO 15-4-1616 Neysje Symons (getuige zijn bekende Floris Andriesz).</l>
<l>Lit.: Briels 516.</l>
</all>
</person>