<person>
<firstName>Daniel</firstName>
<lastName>Vijgh</lastName>
<dob>1748</dob>
<dod></dod>
<pob>rotterdam</pob>
<pob-id>38</pob-id>
<pod></pod>
<professional-start>1769</professional-start>
<professional-end>9317</professional-end>
<professions>
<profession>
<term>boekverkoper</term>
<profession-id>1</profession-id></profession>
<profession>
<term>verkoper</term>
<profession-id>25</profession-id></profession>
</professions>
<marriage>SH 3-3-1770 Maria Vriends uit Haarlem; zij was een nicht van Pieter van der Eyck, zijn leermeester; kinderen: dopen Remonstrants 28-12-1771 Hester; 20-12-1772 Johanna Wilhelmina; 3-4-1774 Jacob; 7-4-1776 Maria.</marriage>
<address>1769-93 Rapenburg 38. Kocht in 1782 Rapenburg 41 voor 9975.</address>
<street>Rapenburg</street>
<street-id>50</street-id>
<lat>52.155884</lat>
<lon>4.4876151
</lon>
<guild>2-1-1769 L bij Pieter van der Eyck. 26-10-1769 Vrijmeester na toestemming van het gerecht op zijn request, niettegenstaande dat hij volgens de overlieden slechts 9 maanden in de winkel van Van der Eyck had gewerkt (AB 83a, f. 32Av; het request AB 90). Hoofdman 1770, 1772-74, 1777, 1779-80, 1783-84, 1786-87.</guild>
<literature>Het Rapenburg Va, 254, 280-282, 306-308 (boedel weduwe); J. Anspach, Het geslacht Vijgh, Heraldieke bibliotheek, 1879, 328; Van E., Geslachtlijst der familie Vijgh, De wapenheraut, 13 (1909), 100-106.</literature>
<misc>NA 2478, nr. 31 (28-8-1797) Faillissement van zijn weduwe?; vgl. Desolate Boedels 1787-1800, nr. 306 (4-10-1797).</misc>
<all>
<l>Vijgh, Daniel (* Rotterdam 1748   Leiden 1793; w. 1769-93, zijn weduwe 1793-97)</l>
<l>Boekverkoper.</l>
<l>Remonstrants.</l>
<l>Adres: 1769-93 Rapenburg 38. Kocht in 1782 Rapenburg 41 voor 9975.</l>
<l>25-9-1769 Poorter.</l>
<l>Huwelijk: SH 3-3-1770 Maria Vriends uit Haarlem; zij was een nicht van Pieter van der Eyck, zijn leermeester; kinderen: dopen Remonstrants 28-12-1771 Hester; 20-12-1772 Johanna Wilhelmina; 3-4-1774 Jacob; 7-4-1776 Maria.</l>
<l>Gilde: 2-1-1769 L bij Pieter van der Eyck. 26-10-1769 Vrijmeester na toestemming van het gerecht op zijn request, niettegenstaande dat hij volgens de overlieden slechts 9 maanden in de winkel van Van der Eyck had gewerkt (AB 83a, f. 32Av; het request AB 90). Hoofdman 1770, 1772-74, 1777, 1779-80, 1783-84, 1786-87.</l>
<l>Personeel: 2-11-1769 Josephus Thijssens* (van Van der Eyck); 3-12-1770 Isaac Carre; 1-3-1773 Maurits Willeke* L voor 4 jaar; 1-11-1773 Joh. Benedictus van Heus (van Van der Spijk); 11-4-1774 Jan David Vreugdewater L (van Van Tiffelen); 3-6-1776 Hendrik Kruysteen* (van Meerburg); 1-12-1776 Nicolaes Scholten jr.; 5-7-1779 W.A. Keel L; 7-2-1780 Jan Wetsteede (van De Pecker); 8-1-1781 Isack Coster L; 7-10-1782 Jacob Isaac Domus L (wees); 4-4-1785 Johannes van der Tent L (wees); 1-12-1788 Johannes Goudfrooy [Godefroy?] (AB 83c, f. 36v). Zie ook C.F. Koenig.</l>
<l>Nam in 1769 huis (10000) en pakhuizen aan de Nonnensteeg (1500) en Catharinaveststeeg (200) en de winkelvoorraad (37230.18.8) van Pieter van der Eyck over, zoals was vastgelegd in een contract d.d. 9-11-1769).</l>
<l>NA 2302, nr. 77 (14-7-1769) Contract met Daniel Vijgh. Deze zal bij hem in de leer komen zonder daar loon voor te ontvangen; zullende des voor- en namiddags op de gestelde tijd aan de winkel van den heer comparant ter eenre moeten zijn, en ladaar of waar het behoort, het belang en intrest van den heer comparant ten eenre, in alle zaaken, hoe gering, de boekneeringe aangaande, getrouwlyk waarnemen en gaade slaan, als voor eigen, en den heer comparant ten eenre alzo door zyn vigilantie op alle wijzen na zijn beste vermogen behulpzaam zijn en bevoordeelen.... Indien Vijgh naar behoren werkt, kan hij nadien mogelijk het bedrijf overnemen (huis Rapenburg voor ca. 10000; pakhuis Nonnensteeg voor ca. 1500; pakhuisje in de Catharinaveststeeg voor ca. 200).</l>
<l>NA 2302, nr. 133 (9-11-1769) Leercontract met Pieter van der Eyck. Daniel zou 7 jaar bij hem in dienst zijn zonder loon en daarna de winkel moeten overnemen en het huis en pakhuizen kopen.</l>
<l>NA 2304, nr. 33 (1-3-1771) Overname winkelvoorraad van wijlen Pieter van der Eyck.</l>
<l>NA 2584, nr. 57 (1773) Akte van executeurs en voogdij.</l>
<l>NA 2586, nr. 36 (1775) Akte.</l>
<l>NA 2590, nr. 10 (1780) Akte.</l>
<l>NA 2601, nr. 113 (1783) Procuratie met zijn vrouw.</l>
<l>NA 2224, nr. 68 (1787) Generale procuratie.</l>
<l>NA 2650, f. 632 (21-12-1793) Verkoop Rapenburg 41 en pakhuis aan de Nonnensteeg door zijn weduwe.</l>
<l>NA 2224, nr. 75 (1787) Generale procuratie ad lites.</l>
<l>NA 2657, f. 279 (1790) Franse procuratie Daniel Vijgh en Maria Vriends.</l>
<l>NA 2657, f. 675 (1790) Kwitantie.</l>
<l>NA 2657, f. 685 (1790) Akte van executeurs.</l>
<l>NA 2473, nr. 39, f. 175 [scan nr. 155] (31-5-1791) Contract Daniel Vijgh met de wijnhandelaar Pieter Akersloot, dat Daniels zoon Jacob Vijgh gedurende 2 jaar de verkoop van wijnen zal leren. Hij ontvangt hiervoor 275 per jaar. Nadere bepalingen.</l>
<l>NA 2650, f. 632 (1792) Voorwaarden huis.</l>
<l>NA ? (1793) Boedel nagelaten aan zijn weduwe.</l>
<l>NA 2617, nr. 150 (1796) Obligatie.</l>
<l>MNL  Verslag van de voornaamste Handelingen der Maandelijksche Vergadering sedert de laatst gehoudene Jaarlijkfche 1793, p. 5: Ongetwijfeld zoude de Maandelijksche Vergadering reeds werkzaam geweest zijn, om, ter voldoening aan het befluit van de voorige Jaarlijksche, het agtste deel der Werken ter persse te leggen, indien niet de onverwagte dood van den Drukker dier Werken, den Heere D. Vijgh, hier in een gewigtige hinderpaal ware geweest, daar men, onzeker welke schikkingen in den boedel van dien Heer over de nog voor handen zijnde [p. 6] exemplaeren, en het Copijrecht zouden gemaakt worden, ook zwarigheid moest maken een nieuwen Drukker aantestellen, of althans met de uitgave van een nieuw deel voortgang te maaken; 't is waarschijnelijk, dat deze hinderpaal eerlang, door de openbaare verkoping van het nagelaten fonds des gemelden Heere Vijgh, zal worden uit den weg geruimd, en de Maandelijksche Vergadering verlangt, ter dezer bijeenkomst, den wille der Leden op dit stuk nader te verneemen.</l>
<l>NA 2478, nr. 31 (28-8-1797) Faillissement van zijn weduwe?; vgl. Desolate Boedels 1787-1800, nr. 306 (4-10-1797).</l>
<l>Lit.: Het Rapenburg Va, 254, 280-282, 306-308 (boedel weduwe); J. Anspach, Het geslacht Vijgh, Heraldieke bibliotheek, 1879, 328; Van E., Geslachtlijst der familie Vijgh, De wapenheraut, 13 (1909), 100-106.</l>
</all>
</person>