<person>
<firstName>Abraham van den</firstName>
<lastName>Vijver [Vivere]</lastName>
<dob>1597</dob>
<dod></dod>
<pob></pob>
<pod></pod>
<professional-start>1622</professional-start>
<professional-end>1635</professional-end>
<professions>
<profession>
<term>letterzetter</term>
<profession-id>4</profession-id></profession>
</professions>
<marriage>KO 30-3-1622 Jannetje Thonis van Stienevelt [Steenvelt]; kinderen: dopen PK 9-8-1623 Neeltje; HK 13-6-1627 Lijntje; PK 28-3-1629 Josijntje; HK 26-12-1631 Maerten; PK 27-6-1634 Antheunis. Zijn weduwe hertrouwt KO 24-1-1636 met de drukker Aert Corsz Brant; ze is dan zes maanden weduwe.</marriage>
<address>Blauwesteeg; Noord Rundersteeg; Pieterskerkgracht? (daar woont zijn weduwe op moment van haar tweede huwelijk).</address>
<street>Pieterskerkgracht</street>
<street-id>47</street-id>
<lat>52.1593263</lat>
<lon>4.4873395
</lon>
<literature>Briels 522.</literature>
<misc>NA 195, nr. 178 (31-8-1635) Obligatie van 109.12 aan de zijdelakenkoper Pieter Jansz van Poelgeest.</misc>
<all>
<l>Vijver [Vivere], Abraham van den (* Haarlem c. 1597; w. 1622-35)</l>
<l>Letterzetter. In dienst van Willem Christiaensz van der Boxe?</l>
<l>Zoon van Maerten van den Vijver en Susanna Roomans.</l>
<l>Adres: Blauwesteeg; Noord Rundersteeg; Pieterskerkgracht? (daar woont zijn weduwe op moment van haar tweede huwelijk).</l>
<l>Huwelijk: KO 30-3-1622 Jannetje Thonis van Stienevelt [Steenvelt]; kinderen: dopen PK 9-8-1623 Neeltje; HK 13-6-1627 Lijntje; PK 28-3-1629 Josijntje; HK 26-12-1631 Maerten; PK 27-6-1634 Antheunis. Zijn weduwe hertrouwt KO 24-1-1636 met de drukker Aert Corsz Brant; ze is dan zes maanden weduwe.</l>
<l>Getuige in 1630 bij notarile akte Willem Christiaensz van der Boxe.</l>
<l>NA 373, nr. 79 (7-7-1630) Verklaring met Paulus Callenbach t.v.v. de goudsmid Jan Arentsz van der Hidde. Hij is 33 jaar.</l>
<l>NA 195, nr. 178 (31-8-1635) Obligatie van 109.12 aan de zijdelakenkoper Pieter Jansz van Poelgeest.</l>
<l>Lit.: Briels 522.</l>
</all>
</person>