<person>
<firstName>Maerten van den</firstName>
<lastName>Vijver [Vivere]</lastName>
<dob>1609</dob>
<dod></dod>
<pob>antwerpen</pob>
<pob-id>10</pob-id>
<pod></pod>
<professional-start>1599</professional-start>
<professional-end>1609</professional-end>
<professions>
<profession>
<term>letterzetter</term>
<profession-id>4</profession-id></profession>
<profession>
<term>drukker</term>
<profession-id>9</profession-id></profession>
</professions>
<marriage>Susanna Roomans uit Antwerpen (hij was met haar in 1594 getrouwd te Haarlem; in 1595 werd hun dochter Catharina in Haarlem gedoopt, getuige Gillis Roman).</marriage>
<address>1609 Beestenmarkt.</address>
<literature>Briels 521.</literature>
<misc>Vrijwel geen drukwerk is van hem bekend, maar hij drukte o.a. voor Passchier van Wesbusch in Haarlem in 1609.</misc>
<all>
<l>Vijver [Vivere], Maerten van den (* Antwerpen   Leiden 1609 [begr. 21-6]; w. 1599-1609)</l>
<l>Letterzetter en drukker. Aanvankelijk werkzaam te Haarlem.</l>
<l>Adres: 1609 Beestenmarkt.</l>
<l>Huwelijk: Susanna Roomans uit Antwerpen (hij was met haar in 1594 getrouwd te Haarlem; in 1595 werd hun dochter Catharina in Haarlem gedoopt, getuige Gillis Roman).</l>
<l>Poorterboek E, 1266, f. 153, nr. 8499 (8-10-1599) Poorter, borgen Jan Jacobsz Paedts en Pieter Lodewycxs [= Lauwijck].</l>
<l>Vrijwel geen drukwerk is van hem bekend, maar hij drukte o.a. voor Passchier van Wesbusch in Haarlem in 1609.</l>
<l>Lit.: Briels 521.</l>
</all>
</person>