<person>
<firstName>Jeremias</firstName>
<lastName>Villiers</lastName>
<dob></dob>
<dod></dod>
<pob></pob>
<pod></pod>
<professional-start></professional-start>
<professional-end>1622</professional-end>
<professions>
<profession>
<term>letterzetter</term>
<profession-id>4</profession-id></profession>
</professions>
<marriage>Judith Heyndricks (diverse kinderen).</marriage>
<misc>NA 102, nr. 176 (15-12-1622) Procuratie van zijn weduwe aan Georgius Huijsman, boekverkoper te Bremen om de erfenis van haar schoonvader te regelen.</misc>
<all>
<l>Villiers, Jeremias (w. pre-1622).</l>
<l>Letterzetter.</l>
<l>Zoon van Thomas Villiers, drukker te Bremen.</l>
<l>Huwelijk: Judith Heyndricks (diverse kinderen).</l>
<l>NA 102, nr. 176 (15-12-1622) Procuratie van zijn weduwe aan Georgius Huijsman, boekverkoper te Bremen om de erfenis van haar schoonvader te regelen.</l>
</all>
</person>