<person>
<firstName>Johannes van der</firstName>
<lastName>Vin</lastName>
<dob></dob>
<dod></dod>
<pob></pob>
<pod></pod>
<professional-start>1717</professional-start>
<professional-end></professional-end>
<professions>
<profession>
<term>boekverkoper</term>
<profession-id>1</profession-id></profession>
<profession>
<term>verkoper</term>
<profession-id>25</profession-id></profession>
</professions>
<marriage>? Johanna Bijaart; kind: 14-10-1714 HK Katharina.</marriage>
<guild>26-11-1717 Vrijmeester (AB 83a, f. 31).</guild>
<literature>Ledeboer.</literature>
<misc>unknown</misc>
<all>
<l>Vin, Johannes van der (w. 1717)</l>
<l>Boekverkoper.</l>
<l>Huwelijk: ? Johanna Bijaart; kind: 14-10-1714 HK Katharina.</l>
<l>Gilde: 26-11-1717 Vrijmeester (AB 83a, f. 31).</l>
<l>Lit.: Ledeboer.</l>
</all>
</person>