<person>
<firstName>Dirk</firstName>
<lastName>Borneviel</lastName>
<dob></dob>
<dod></dod>
<pob></pob>
<pod></pod>
<professional-start>1779</professional-start>
<professional-end>1791</professional-end>
<professions>
<profession>
<term>letterzetter</term>
<profession-id>4</profession-id></profession>
</professions>
<marriage>KO 29-4-1791 Aagje van Leeuwen uit Alphen, aan de Visbrug (getuige zijn vader en haar bekende Geertruij Banker; Jan Borneviel heeft voor de bruid consent geleverd).</marriage>
<address>Garenmarkt.</address>
<street>Garenmarkt</street>
<street-id>12</street-id>
<lat>52.1547912</lat>
<lon>4.492415
</lon>
<misc>1779 Knecht bij Willem Boot.</misc>
<all>
<l>Borneviel, Dirk (w. 1779-91)</l>
<l>Letterzetter.</l>
<l>Zoon van Jan Borneviel.</l>
<l>Adres: Garenmarkt.</l>
<l>Huwelijk: KO 29-4-1791 Aagje van Leeuwen uit Alphen, aan de Visbrug (getuige zijn vader en haar bekende Geertruij Banker; Jan Borneviel heeft voor de bruid consent geleverd).</l>
<l>1779 Knecht bij Willem Boot.</l>
</all>
</person>