<person>
<firstName>Jacob Pietersz de</firstName>
<lastName>Vinck</lastName>
<dob></dob>
<dod></dod>
<pob>leiden</pob>
<pob-id>1</pob-id>
<pod></pod>
<professional-start>1666</professional-start>
<professional-end>1674</professional-end>
<professions>
<profession>
<term>letterzetter</term>
<profession-id>4</profession-id></profession>
</professions>
<marriage>KO 26-1-1674 Lysbeth Thobyas van der Vinck, weduwe Isaack Lenaart, in de Schoolsteeg (getuige zijn bekende, de drukker Jan Baron en haar moeder Lijntje Raechrels en schoonzuster Maria Jans van den Berch); kinderen: 1. 3-2-1675 Elsje HK; 2. 17-1-1677 HK Maria; 3. 8-1-1679 PK Pieter (de moeder heet Lijsbeth Daniels); 4. 31-5-1682 MK Tieleman.</marriage>
<address>1674 Schoolsteeg.</address>
<street>Schoolsteeg</street>
<street-id>53</street-id>
<lat>52.1587931</lat>
<lon>4.486935
</lon>
<misc>NA 677, nr. 53 (8-11-1666) Getuige bij akte Franciscus Hackius; van beroep drukkersgast.</misc>
<all>
<l>Vinck, Jacob Pietersz de (* Leiden; w. 1666-74)</l>
<l>Letterzetter.</l>
<l>Adres: 1674 Schoolsteeg.</l>
<l>Huwelijk: KO 26-1-1674 Lysbeth Thobyas van der Vinck, weduwe Isaack Lenaart, in de Schoolsteeg (getuige zijn bekende, de drukker Jan Baron en haar moeder Lijntje Raechrels en schoonzuster Maria Jans van den Berch); kinderen: 1. 3-2-1675 Elsje HK; 2. 17-1-1677 HK Maria; 3. 8-1-1679 PK Pieter (de moeder heet Lijsbeth Daniels); 4. 31-5-1682 MK Tieleman.</l>
<l>NA 677, nr. 53 (8-11-1666) Getuige bij akte Franciscus Hackius; van beroep drukkersgast.</l>
</all>
</person>