<person>
<firstName>Johannes de</firstName>
<lastName>Vinck</lastName>
<dob>1609</dob>
<dod></dod>
<pob></pob>
<pod></pod>
<professional-start>1628</professional-start>
<professional-end>1631</professional-end>
<professions>
<profession>
<term>boekbinder</term>
<profession-id>43</profession-id></profession>
</professions>
<misc>NA 191, nr. 294 (4-10-1631) Uitgebreide verklaring van o.a. Dirk Maire over een feest n.a.v. het moeijmaken ende dragen van t zoontge van Monsr. Abraham Commeling bouckverkoper, waarbij diens knechts Jan de Vinck en Jan [...] van der Meulen hun meester hadden gesmaad. Interessant maar moeilijk leesbaar.</misc>
<all>
<l>Vinck, Johannes de (* c. 1609; w. 1628-31)</l>
<l>Boekbinder.</l>
<l>Zoon van Pieter de Vinck.</l>
<l>In dienst bij Abraham Commelin.</l>
<l>NA 188C, nr. 251 (19-10-1628) Akten van Claartje Pieters van der Werf, vrouw van Cornelis Jansz van Buyten n.a.v. een ruzie.</l>
<l>NA 354, nr. 118 (20-6-1630) Verklaring met Abraham Commelin t.b.v. Niclaes Zegersz van Stellingwerf. Hij is 21 jaar.</l>
<l>NA 191, nr. 294 (4-10-1631) Uitgebreide verklaring van o.a. Dirk Maire over een feest n.a.v. het moeijmaken ende dragen van t zoontge van Monsr. Abraham Commeling bouckverkoper, waarbij diens knechts Jan de Vinck en Jan [...] van der Meulen hun meester hadden gesmaad. Interessant maar moeilijk leesbaar.</l>
</all>
</person>