<person>
<firstName>Anthonij de</firstName>
<lastName>Vink</lastName>
<dob>1726</dob>
<dod></dod>
<pob>leiden</pob>
<pob-id>1</pob-id>
<pod></pod>
<professional-start>1751</professional-start>
<professional-end></professional-end>
<professions>
<profession>
<term>letterzetter</term>
<profession-id>4</profession-id></profession>
</professions>
<marriage>KO 24-4-1751 Sara Battaljee (getuige zijn oom Abraham Karelse). Kinderen: 28-11-1754 HK Anthonij; 2. 25-8-1756 PK Sara Maria.</marriage>
<address>Middelweg.</address>
<street>Middelweg</street>
<street-id>35</street-id>
<lat>52.1581081</lat>
<lon>4.4948943
</lon>
<misc>NA 1943, nr. 288 (1753) Testament.</misc>
<all>
<l>Vink, Anthonij de (* Leiden 1726 [doop HK 2-7]; w. 1751)</l>
<l>Letterzetter.</l>
<l>Zoon van Pieter de Vink en Anna de Vink.</l>
<l>Adres: Middelweg.</l>
<l>Huwelijk: KO 24-4-1751 Sara Battaljee (getuige zijn oom Abraham Karelse). Kinderen: 28-11-1754 HK Anthonij; 2. 25-8-1756 PK Sara Maria.</l>
<l>NA 1943, nr. 288 (1753) Testament.</l>
</all>
</person>