<person>
<firstName>Krijn [Crijn, Quirinus]</firstName>
<lastName>Visser [Visscher]</lastName>
<dob>1708</dob>
<dod></dod>
<pob>leiden</pob>
<pob-id>1</pob-id>
<pod></pod>
<professional-start>1730</professional-start>
<professional-end>1764</professional-end>
<professions>
<profession>
<term>boekverkoper</term>
<profession-id>1</profession-id></profession>
<profession>
<term>verkoper</term>
<profession-id>25</profession-id></profession>
<profession>
<term>boekbinder</term>
<profession-id>43</profession-id></profession>
</professions>
<marriage>1. KO 3-4-1732 Maria Geertuida Langerak (dochter (of nicht?) van Johannes Arnoldus Langerak en Maria van Hogeveen). Kinderen: 12-12-1732 PK Dirk; 2. 28-5-1734 PK Johannes Arnoldus (getuige Johannes Arnoldus Langerak); 2. KO 14-10-1734 Anthonia Willinghs, weduwe Mattheus de Beunje. Kinderen: 1. 9-8-1735 HK Johannes Arnoldus (getuige Johannes Arnoldus Langerak); 2. 20-3-1738 HK Margaretha; 3. 8-5-1740 HK Johannes Arnoldus (getuige Johannes Arnoldus Langerak); 3. KO 19-5-1774 Anna van Markel (getuige zijn bekende Hendrik van den Heuvel).</marriage>
<address>1731-1774 Lokhorststraat ZZ, t.o. de Latijnse School, gekocht voor 500.</address>
<street>Lokhorststraat</street>
<street-id>31</street-id>
<lat>52.1585065</lat>
<lon>4.4879014
</lon>
<guild>1715 L bij Luchtmans; 1726 K bij Luchtmans; 2-10-1730 Vrijmeester (AB 83a, f. ?).</guild>
<literature>H.J.H. Mooren, Crijn Visser, een ondernemende claviger, Jaarboek der sociale en economische geschiedenis van Leiden en omstreken, 5 (1993), 90-99.</literature>
<misc>Leverde vanaf 1751 boeken en muziek, maar ook de bekleding van een vioolkast, aan Anthony Cornelis de Malno (zie aldaar).</misc>
<all>
<l>Visser [Visscher], Krijn [Crijn, Quirinus] (* Leiden c. 1708; w. 1730-64)</l>
<l>Boekverkoper en boekbinder, tevens sleuteldrager/concierge van de Latijnse school. Zoon van Dirk Visser en Johanna Weeninck.</l>
<l>Adres: 1731-1774 Lokhorststraat ZZ, t.o. de Latijnse School, gekocht voor 500.</l>
<l>Huwelijk: 1. KO 3-4-1732 Maria Geertuida Langerak (dochter (of nicht?) van Johannes Arnoldus Langerak en Maria van Hogeveen). Kinderen: 12-12-1732 PK Dirk; 2. 28-5-1734 PK Johannes Arnoldus (getuige Johannes Arnoldus Langerak); 2. KO 14-10-1734 Anthonia Willinghs, weduwe Mattheus de Beunje. Kinderen: 1. 9-8-1735 HK Johannes Arnoldus (getuige Johannes Arnoldus Langerak); 2. 20-3-1738 HK Margaretha; 3. 8-5-1740 HK Johannes Arnoldus (getuige Johannes Arnoldus Langerak); 3. KO 19-5-1774 Anna van Markel (getuige zijn bekende Hendrik van den Heuvel).</l>
<l>Gilde: 1715 L bij Luchtmans; 1726 K bij Luchtmans; 2-10-1730 Vrijmeester (AB 83a, f. ?).</l>
<l>Personeel: 5-5-1732 Gerrit Korsse L; 1-3-1735 Samuel [van] Huysen L voor 2 jaar; -5-1739 A. Bonnekan (wees); 1-7-1749 Frans de Does* voor 4 jaar; 10-10-1757 Abraham Obijn; 6-8-1764 Anthonie van Staade; 3-9-1764 Isaac Obijn (AB 83b, ff. 42v, 72v; 83c, f. 27). In 1736 aangesteld als voogd over de kinderen van Matthijs van der Mijn.</l>
<l>Poorterboek: getuige bij Hendrik Meyse (9-9-1757); bij Justus Karel Kemner (7-11-1763).</l>
<l>9-10-1730 Claviger van de Latijnse School.</l>
<l>Album studiosorum 16-10-1730 Krijn Visser Lugduno-Batavus, Claviger scholarum trivialium. 22.</l>
<l>NA 2023, nr. 95 (1732) Akte.</l>
<l>NA 1834, nr. 242 (20-12-1734) Mutueel testament.</l>
<l>NA 1834, nr. 242 (1734) Akte.</l>
<l>NA 1901, nrs. 64 en 65 (29-8-1736) Voogdij en bewijs.</l>
<l>NA 1904, nr. 250 (8-5-1740) Akte.</l>
<l>NA 2089, nr. 185 (22-5-1741) Mutueel testament van Johannes Arnoldus Langerak en Maria van Hoogeveen. De kinderen van Krijn Visser krijgen elk 500.</l>
<l>NA 2078, f. 528 (10-12-1750) Koopt op een veiling helft van een huis op het Oude Levendaal voor 100. Levi Moses zal het huis tot eind april 1751 mogen huren.</l>
<l>A 2109, f. 36 [scan nr. 46] (28-1-1757) Testament Johannes Arnoldus Langerak. Krijn Visser en zijn echtgenote Anthonia Willems ontvangen 1000. Krijn is tevens executeur, met Cornelis van Hoogeveen en Abraham Kallewier.</l>
<l>NA 2255, nr. 62 (1757) Borgtocht cum suis.</l>
<l>NA 2110, f. 418 (1758) Voorwaarden buitenplaats.</l>
<l>NA 2110, f. 426 (1758) Voorwaarden jachtjes.</l>
<l>NA 2110, f. 430 (1758) Voorwaarden obligaties.</l>
<l>NA 2110, ff. 446-474 (1758) Transporten.</l>
<l>NA 2110, ff. 522-596 (1758) Akten van afgift.</l>
<l>NA 2110, f. 602 (1758) Kwitantie.</l>
<l>NA 2110, f. 630 (1758) Acceptatie van acquit.</l>
<l>NA 2111, nr. 102 (1759) Kwitantie.</l>
<l>NA 1951, f. 255 [scan nr. ] (20-6-1761) Met Christoffel Leedeboer voogd over Alewijn van Egmond; voorwaarden verkoop huis van Margaretha van Egmond (zie f. 169 voor haar boedel); f. 654 scheiding; f. 668 transport; f. 707 scheiding.</l>
<l>NA 2114, nr. 6 (1762) Transport.</l>
<l>NA 2261, nr. 98 (2) (1763) Akte.</l>
<l>NA 2556, nr. 75 (1768) Mutueel testament.</l>
<l>NA 2546, nr. 282 (1777) Mutueel testament.</l>
<l>Leverde vanaf 1751 boeken en muziek, maar ook de bekleding van een vioolkast, aan Anthony Cornelis de Malno (zie aldaar).</l>
<l>Lit.: H.J.H. Mooren, Crijn Visser, een ondernemende claviger, Jaarboek der sociale en economische geschiedenis van Leiden en omstreken, 5 (1993), 90-99.</l>
</all>
</person>