<person>
<firstName>Johannes du [de]</firstName>
<lastName>Vivi [Vivien]</lastName>
<dob>1655</dob>
<dod></dod>
<pob></pob>
<pod></pod>
<professional-start>1678</professional-start>
<professional-end>1727</professional-end>
<professions>
<profession>
<term>boekverkoper</term>
<profession-id>1</profession-id></profession>
<profession>
<term>verkoper</term>
<profession-id>25</profession-id></profession>
</professions>
<marriage>KO 13-11-1680 Sara van Wijngaerden, dochter van ds. Bernard van Wijngaerden en weduwe van Adriaan Severinus van Adelshoorn (getuige zijn moeder en zijn oom Isaac du Pr en haar vader en haar schoonzuster Heyltje Beeckhoff). Kinderen: 1. 24-9-1684 MK Sara; 2. 6-2-1686 PK Sara Maria; 3. 5-10-1687 Loodskerk Abraham; 4. 15-7-1692 HK Sara Maria.</marriage>
<address>ouderlijk huis Oude Vest; 1680 Jan Vossensteeg; 1681-90 Plein bij het Gravesteen / Gerecht; 1727 en eerder Kloksteeg bij het kerkhof; 1732 Nonnensteeg.</address>
<street>Oude Vest</street>
<street-id>45</street-id>
<lat>52.1614383</lat>
<lon>4.4849547
</lon>
<guild>1-6-1670 L bij Johannes van der Brugge voor 4 jaar; 1678 knecht bij Adriaen Severinus? 9-12-1680 Vrijmeester (AB 83a, f. 101v). Hoofdman 1704, 1708, 1710, 1713.</guild>
<auction>1682 Nicolaas Heinsius (UBL 1165 F 23-24 / 754 F 2 / 748 F 46-47 / 751 F 7-9); vgl. 15-3-1683 Bibliotheca Heinsiana [Nicolaas Heinsius], Leiden: Johannes du Vivi, 1683, 12, 2 dln., [2], 376, 286 pp. (BSC 97); er bestaan 3 titeluitgaven van deze catalogus, die alleen wat betreft het titelblad verschillen; 11-4-1685 Catalogus lectissimae &amp; exquisitissimae bibliothecae [Wigardus  Winschooten, rector van de Latijnse school], Leiden: Joh. du Vivi, 1685, 4, 48, 16 pp. (BSC 1795); 7-4-1687 W. Goes (UBL 754 F 3; MM 141 B 13 met prijzen); 12-10-1688 anon. (= P. Lamberg, Johannes du Vivi, Henricus Adrianus Piek; deels fondscatalogus?) = KVB Nv 29 / HAB Bc Sammelband 8:13 Catalogus variorum &amp; insignium librorum in quavis facultate materia ac lingua praecipue literatorum. Quorum publica erit auctio in aedibus Johannis du Vivie, Bibliopolae, aan t plein van sGravensteyn, ad diem [in hs. 12] octobr. st. nov. 1688 (Leiden: Du Vivi, [1688]), 4, 29 [= 31/32] pp. In de gedrukte tekst van de catalogus wordt vermeld dat hierin ook zijn opgenomen boeken van Du Vivi, pp. 5-27; 1690 Joh. Goes (Saltykow 134.9.24); 13-3-1690 C. Okkserse (HAB Bc 1556 met prijzen); 25-4-1690 Catalogus exquisitissimorum ... librorum [secretaris curatoren Petrus Burgersdijck], Leiden: Johannes du Vivi, 1690, 4, 23 pp. (BSC 2263); 1692 Henricus Bailli (Saltykow 20.9.14); 15-3-1694 anon. (= Felix Lopez); 17/18-9-1694 Jacob de Baudoes, predikant (St. Petersburg NB 16.20.9.18): Deze catalogus bevat op sig. 2A1r-v lijstje met Sorteringen van ongebonden boeken, die daags na de verkoping onder de boekverkopers sullen verkogt worden; 1697 Johannes Abraham (Saltykow 16.20.9.1); 28-5-1697 (met Haring) Carolus Heidanus (KB cat. 2711 1/4); 1699 (suppl. 30-11-1699) C.J.  Berghe de Leeuw (met Severinus) (Saltykow 134.9.40 en 39.17.25); 1699 (met Isaac Severinus) Arnold van Citters (HAB Bc 374 [1]); 1702 (met Isaac Severinus) J. Constantinus (Saltykow 134.8.41); 8-3-1706 Johan van Dord, boekverkoper te Goes; 1714 4 bibliotheken (Saltykow 71.2.38 [2]); 8-6-1716 Bibliotheca anonymiana atque ... Daniel Desmarets (met Haak) (Leningrad, Acad. 1Ch  XCII (3) 5056); 1722 eigen goed.</auction>
<misc>NA 1755, ff. 790-? (?) Overdracht van zijn erven aan Jan en Herman Verbeek van de obligatie op wijlen Balthasar Lakeman t.b.v. 6790 (zie aldaar).</misc>
<all>
<l>Vivi [Vivien], Johannes du [de] (* 1655 [doop 21-11]   24-1-1733; w. 1678-1727)</l>
<l>Boekverkoper.</l>
<l>Zoon van de schoolmeester Abraham du Vivi en Maria du Pr (KO 7-6-1652).</l>
<l>Adres: ouderlijk huis Oude Vest; 1680 Jan Vossensteeg; 1681-90 Plein bij het Gravesteen / Gerecht; 1727 en eerder Kloksteeg bij het kerkhof; 1732 Nonnensteeg.</l>
<l>Huwelijk: KO 13-11-1680 Sara van Wijngaerden, dochter van ds. Bernard van Wijngaerden en weduwe van Adriaan Severinus van Adelshoorn (getuige zijn moeder en zijn oom Isaac du Pr en haar vader en haar schoonzuster Heyltje Beeckhoff). Kinderen: 1. 24-9-1684 MK Sara; 2. 6-2-1686 PK Sara Maria; 3. 5-10-1687 Loodskerk Abraham; 4. 15-7-1692 HK Sara Maria.</l>
<l>Gilde: 1-6-1670 L bij Johannes van der Brugge voor 4 jaar; 1678 knecht bij Adriaen Severinus? 9-12-1680 Vrijmeester (AB 83a, f. 101v). Hoofdman 1704, 1708, 1710, 1713.</l>
<l>Personeel: 1-3-1682 Frederik Jansz. Haring* L (ook dec. 1683), Johannes Bilderbeek* L, Bartholomeus van Rosendael; 12-1683 Gillis Kruyshoeck L voor 4 jaar (13-12-1683 accoord met zijn moeder: loon: I 15 st.; II 20 st.; III 25 st.; IV 36 st.); 20-8-1686 Gerbrand de Wit; 12-11-1686 Jan Wagens* (in 1692 K); 4-8-1689 Abraham de Swart* L (loon: 20 st.), Gerrit v.d. Swaelm; 21-6-1694 Herm. ... L voor 4 jaar, Jacob Meul* K, Jacob Poereep* K; 23-12-1694 Thomas Mijls* K; 21-9-1699 Daniel Goedval* K, Jan Bredero L; 21-9-1700 Hendrik de Swart* voor 1 jaar; 29-8-1707 Johannes van der Laan K (al 7 jaar in dienst!); 1-4-1723 Theodoor van Haarlem L (tot 1-2-1727, dan leertijd voldaan); 15-7-1724 Hendrik Trap* voor 3 jaar (AB 83b, ff. 16v, 17r-v, 56; 83c, f. 34).</l>
<l>Veilingen: 1682 Nicolaas Heinsius (UBL 1165 F 23-24 / 754 F 2 / 748 F 46-47 / 751 F 7-9); vgl. 15-3-1683 Bibliotheca Heinsiana [Nicolaas Heinsius], Leiden: Johannes du Vivi, 1683, 12, 2 dln., [2], 376, 286 pp. (BSC 97); er bestaan 3 titeluitgaven van deze catalogus, die alleen wat betreft het titelblad verschillen; 11-4-1685 Catalogus lectissimae &amp; exquisitissimae bibliothecae [Wigardus  Winschooten, rector van de Latijnse school], Leiden: Joh. du Vivi, 1685, 4, 48, 16 pp. (BSC 1795); 7-4-1687 W. Goes (UBL 754 F 3; MM 141 B 13 met prijzen); 12-10-1688 anon. (= P. Lamberg, Johannes du Vivi, Henricus Adrianus Piek; deels fondscatalogus?) = KVB Nv 29 / HAB Bc Sammelband 8:13 Catalogus variorum &amp; insignium librorum in quavis facultate materia ac lingua praecipue literatorum. Quorum publica erit auctio in aedibus Johannis du Vivie, Bibliopolae, aan t plein van sGravensteyn, ad diem [in hs. 12] octobr. st. nov. 1688 (Leiden: Du Vivi, [1688]), 4, 29 [= 31/32] pp. In de gedrukte tekst van de catalogus wordt vermeld dat hierin ook zijn opgenomen boeken van Du Vivi, pp. 5-27; 1690 Joh. Goes (Saltykow 134.9.24); 13-3-1690 C. Okkserse (HAB Bc 1556 met prijzen); 25-4-1690 Catalogus exquisitissimorum ... librorum [secretaris curatoren Petrus Burgersdijck], Leiden: Johannes du Vivi, 1690, 4, 23 pp. (BSC 2263); 1692 Henricus Bailli (Saltykow 20.9.14); 15-3-1694 anon. (= Felix Lopez); 17/18-9-1694 Jacob de Baudoes, predikant (St. Petersburg NB 16.20.9.18): Deze catalogus bevat op sig. 2A1r-v lijstje met Sorteringen van ongebonden boeken, die daags na de verkoping onder de boekverkopers sullen verkogt worden; 1697 Johannes Abraham (Saltykow 16.20.9.1); 28-5-1697 (met Haring) Carolus Heidanus (KB cat. 2711 1/4); 1699 (suppl. 30-11-1699) C.J.  Berghe de Leeuw (met Severinus) (Saltykow 134.9.40 en 39.17.25); 1699 (met Isaac Severinus) Arnold van Citters (HAB Bc 374 [1]); 1702 (met Isaac Severinus) J. Constantinus (Saltykow 134.8.41); 8-3-1706 Johan van Dord, boekverkoper te Goes; 1714 4 bibliotheken (Saltykow 71.2.38 [2]); 8-6-1716 Bibliotheca anonymiana atque ... Daniel Desmarets (met Haak) (Leningrad, Acad. 1Ch  XCII (3) 5056); 1722 eigen goed.</l>
<l>Gaf samen met zijn stiefzoon Isaac Severinus een catalogus uit van zijn sorteringen (vgl. AB 61, f. 58). Veiling 21-5-1720.</l>
<l>Zie ook Cornelis Boutesteyn 1693.</l>
<l>Was een van de deelnemers aan de willige overeenkomst van 1710.</l>
<l>NA ? (not. Abraham Verhagen, 18-10-1680) Huwelijkse voorwaarden.</l>
<l>NA 1300, nr. 111 (21-8-1681) Mutueel testament (herroeping huwelijkse voorwaarde).</l>
<l>NA 1304, nr. 39 (24-4-1685) Procuratie aan de Amsterdamse havenmeester Johan Tellier om twee losrentebrieven te verkopen van resp. 800 en 600.</l>
<l>NA 1304, nr. 40 (24-4-1685) Obligatie van 2000 aan Johan Tellier tegen 4%.</l>
<l>NA 1014, nr. 83 (10-8-1687) Verklaring van de student Jacob Rousse op verzoek van Hendrik Middoch uit Delft over een veiling van boeken van Middoch volgens een gedrukte catalogus d.d. 26-11-1685, waarbij Du Vivi kwalijke praktijken zou hebben toegepast.</l>
<l>NA 1404, nr. 53 (18-12-1687) Borgstelling voor Wilhelmus van Wijngaarden en echtgenote.</l>
<l>NA 1086, nr. 134 (23-9-1689) Procuratie aan  te Middelburg om van Blaserus Paeuw, predikant te Bleskes 250.9 te innen voor geleverde boeken.</l>
<l>NA 1483, nr. 27 (29-2-1692) Mutueel testament.</l>
<l>NA 1483, nr. 61 (15-5-1692) Verklaring met zijn knecht Jan Wagens n.a.v. een boek uit de veiling van mr. Willem Goes.</l>
<l>NA 1290, nr. 30 (22-2-1693) Obligatie van 2986.17.4 samen met Jordaan Luchtmans, Cornelis Boutesteyn en Willem van de Water aan Pieter van der Aa voor de aankoop van diverse sorte van ongebonden boeken, recht van de copie, als mede vande copere platten. Boutesteyn c.s. had deze boeken in compagnie gekocht op 1-11-1692 (rente 4%).</l>
<l>NA 1198B, nr. 169 (z.d. = ca. 1-4-1693) Obligatie met Cornelis Boutesteyn aan de voogden over de kinderen van Adriaen van Gaesbeeck en Sara Tiewelen i.v.m. koop van boeken op de auctie d.d. 24-3-1693 t.b.v. 1910.12.12 (te betalen in 5 termijnen van 382.2.10).</l>
<l>15/25-3-1694 Veiling gebonden en ongebonden boeken Felix Lopez (adv. OHC 6/18/25-2 en 2/4-3-1694). Cat. IDC no. 2021 / mf 3309-3310. Apparaat Van Goinga. Du Vivie had op 4-2-1694 toestemming gekregen van het Gerecht voor de veiling van n eigenaar.</l>
<l>NA 1486, nr. 113 (26-6-1695) Ampliatie mutueel testament d.d. 29-2-1692 betr. Isaac Severinus.</l>
<l>NA 1594, nr. 55 (12-11-1695) Procuratie aan ... van Naarden, procureur te sGravenhage om hem te vertegenwoordigen voor de vierschaar van Monster in zijn zaak tegen de predikant Johannes Heynsius, wegens een nog openstaande schuld van 49.3 voor geleverde boeken.</l>
<l>NA 1487, nr. 86 (5-9-1696) Procuratie aan A. Homma om van dr. Smaltius, praeceptor van de Latijnse school te Kampen, 85.13 te innen voor geleverde boeken.</l>
<l>NA 1311, nr. 141 (1-11-1697) Obligatie van 1000 van Sara van Wijngaarden aan Catharina Theodorus Bekius, dochter van wijlen Dr. Benjamin Bekius n.a.v. een lening. Borg de zilversmid Pieter van Houten.</l>
<l>NA 1626, nr. 64 (16-8-1698) Akte betreffende nalatenschap van Wilhelmus van Wijngaarden, predikant te Batavia.</l>
<l>NA 1626, nr. 69 (12-1-1699) Procuratie aan Jan Orsoy, solliciteur te Amsterdam, om zijn zaken aldaar waar te nemen, speciaal om 62.12 te innen van de weduwe van ... de Nicq (?), wegens boeken, papier e.d. geleverd aan haar zoon, toen hij in Leiden woonde.</l>
<l>RA 96 (11-2-1706) Toestemming voor een veiling van de boeken van de boekverkoper Johan van Dord uit Goes. De veiling vond plaats op 8-3-1706, zonder de naam van de eigenaar te vermelden (een curieuse bibliotheecq, bestaende in alderhande faculteyten, waer onder verscheyde Italiaensse, Fransse en Duytse boeken  (adv. OHC 6, 13 en 16-2 en 4-3-1706).</l>
<l>NA 1317, nr. 152 (24-10-1709) Liquidatie met Maximiliaan de Rave n.a.v. het erfdeel van Bernard van Wijngaarden (zie ook nrs. 155-156; Vivi was diens oom).</l>
<l>NA 1468, nr. 168 (5-7-1710) Obligatie aan Franois Halma van 3066 voor geleverde boeken (8 termijnen); borgen Cornelis Boutesteyn en Samuel Luchtmans.</l>
<l>NA 1627, nr. 83 (30-10-1710) Akte van borgtocht t.b.v. Du Vivi i.v.m. een lening van zijn schoonzuster (?) Elisabeth van Wijngaarden.</l>
<l>NA 1318, nr. 103 (24-11-1710) Concept rekening van ontvangst en uitgaaf n.a.v. de nalatenschap van Jan van Wijngaarden, predikant te Buurmalsen in het graafschap Buren t.b.v. Bernard van Wijngaarden.</l>
<l>NA 1318, nr. 107 (16-12-1710) Overeenkomst betreffende deze nalatenschap.</l>
<l>NA 1318, nr. 121 (3-2-1711) Overeenkomst met Anna Geertruit Stomphius, weduwe van de prof. Herman over de veiling van diens rariteijten en fraaijheden. Vivi moet de catalogus maken en laten drukken in 1000 ex., waarvan een aantal naar het buitenland moet worden gezonden; 50 ex. zijn bestemd voor de weduwe. Hij ontvangt 7% van de opbrengst. Een ex. van de veilingcatalogus P. Hermannus, Catalogus Musei Indici (Leiden, 1711) is bewaard gebleven in de BL 1044.c.4 (1) met daarbij allerlei kwitanties van Petiver die op de veiling stevig had gekocht (informatie Marja Smolenaars).</l>
<l>NA 1318, nr. 141 (2-4-1711) Procuratie van de weduwe van prof. Herman om de 100e penning te betalen op haar huis aan de Steenschuur bij de Heresteeg.</l>
<l>NA 1471 (?), nr. 81 (8-5-1711) Borgstelling.</l>
<l>13-6-1712 Veiling te zijnen huize van de boeken van Johannes Wagens (adv. OHC 26 en 31-5 en 11-6-1712).</l>
<l>NA 1630, nr. 27 (19-4-1713) Procuratie n.a.v. een nalatenschap.</l>
<l>GAA, NA 8292, nr. 33 (19-6-1714) Obligatie van 1218 met Dirk Haak en Pieter Boutestein voor boeken gekocht op de veiling van Hendrik Wetstein te Amsterdam d.d. 22/23-5-1714 (Van Eeghen IV, 170).</l>
<l>NA 1674B, nr. 189 (11-9-1714) Obligatie van 2111.12 aan Susanna Pelt, weduwe Hendrik Schelte te Amsterdam, voor boeken gekocht op haar auctie d.d. 19-6 e.v. 1714 (16 termijnen). Borgen Jannetje Christiaens, weduwe Cornelis Boutesteyn, en Dirk Haak.</l>
<l>NA 1320, nr. 97 (8-2-1715) Terugbetaling van een lening van 626.16 d.d. 17-8-1714 aan zijn neef Barend van Wijngaarden.</l>
<l>NA 1320, nr. 99 (9-2-1715) Obligatie aan Barend van Wijngaarden van 600 (rente 4%); vgl. NA 1320, nr. 172 (19-12-1715) terugbetaling.</l>
<l>SA II 103 (5-3-1716) Toestemming van het gerecht voor het houden van een veiling van de boeken van de boekverkoper Coenraad Smith, van de Leidenaar Jan Springwijk, en eigen boeken. De boeken van Smith werden op 18 maart geveild, die van Springwijk, bestaende dese in Mennonite, Arminiaanse en andere soorten van Boecken, op 21 maart. Er waren ook aparte catalogi. Apparaat Van Goinga.</l>
<l>NA 1472, nr. 4 (14-1-1717) Obligatie van 900 aan de erven van Reinier Leers voor gekochte boeken op de auctie van Michael Bhm te Delft op 11-11-1715.</l>
<l>NA 1320, nr. 125 (22-5-1717) Obligatie van Elizabeth van Wijngaarden, weduwe Pieter van Houten, van 281.16.</l>
<l>NA 1322, nr. 7 (11-1-1718) Verklaring over de compagnie met Isaac Severinus, zoon van Sara van Wijngaarden, begonnen 1-5-1697 tot 1-7-1705. Het gezamenlijk kapitaal was 8000, waarin ieder voor de helft deelnam.</l>
<l>NA 1635, nr. 33 (2-6-1718) Akte i.v.m. voogdij Abraham van Belcamp (zie ook NA 1636, nr. 73 [12-6-1719]).</l>
<l>NA 1636, nr. 83 (28-7-1719) Akte n.a.v. nalatenschap Abraham du Vivi (vgl. NA 1637, nr. 33).</l>
<l>NA 1322, nr. 170 (4-11-1719) Verantwoording t.b.v. Casper Boogaart, secretaris te Woerden, van de veiling d.d. -5-1711 van de bibliotheek van Abraham Boogaart, burgemeester van Woerden.</l>
<l>NA 1322, nr. 190 (18-12-1719) Schikking betreffende de compagnie met Isaac Severinus; deze ontvangt de helft van het kapitaal, is 4000. Het bedrag wordt uitgekeerd in boeken (lijst van aantallen en titels bijgevoegd).</l>
<l>NA 1786, nr. 171 (10-6-1720) Contract (Johannes Arnoldus Langerak als partner) met Albert Alberthoma, procuratie hebbende van Mr Gisbert Edings, aangaande de veiling van de bibliotheek van Edings. Vgl. Bibliotheca Edinghiana distrahenda per Joh. du Vivie &amp; J.Arn Langerak ... Ad diem 3 nov. ... 1721, 8. UBU.</l>
<l>NA 1323, nr. 86 (11-9-1720) Gezamenlijke obligatie met Coenraad Wishoff (250), Daniel Goedval (218) en Hendrick Teering (229) voor boeken gekocht op de veiling van 20-5-1720.</l>
<l>NA 1324, nrs 72-73 (22-9-1721) Vervolg van de schikking met Isaac Severinus (lijst van boeken) en obligatie aan hem van 2924.</l>
<l>RAL, SA II 106 (13-3-1722) Toestemming voor het houden van een veiling van zijn eigen boeken, aan hem vergunt by dispensatie van het 4de articul van de laetste ordonnantie alsmede dat hij de boekneringe als nog zal mogen blijven continueren.</l>
<l>NA 1474, nr. 205 (15-10-1723) Testament.</l>
<l>NA 1967, nr. 33 (14-8-1724) Obligatie van 1000 aan notaris Dirck Toornvliet i.v.m. een lening (afgelost op 28-4-1728).</l>
<l>NA 1967, nr. 47 (1723) Akte.</l>
<l>NA 1747, ff. 419- (26-7-1727) Obligatie van 6792 van de Amsterdamse boekverkoper Balthasar Lakeman voor boeken gekocht op zijn veiling (16 termijnen in 8 jaar); borg Jan en Herman Verbeek (over de afwikkeling zie aldaar).</l>
<l>NA 1895, nr. 70 (6-10-1727) Obligatie van 962.5.14 van Hendrik Teering voor ongebonden boeken gekocht op de auctie onder de boekverkopers van 5/6-6-1727 (12 termijnen; 6%).</l>
<l>NA 1968, nr. 130 (20-12-1727) Verkoop van zijn huis aan de Kloksteeg bij het kerkhof  waerinne lange jaeren met veel succes de boekverkopersneeringe in is gedaen  aan de timmerman Dirk van Blijswijck voor en t.b.v. Susanna Desramaux voor 2425.</l>
<l>NA 1477, nr. 7 (26-1-1729) Testament (hij kan nog nauwelijks tekenen).</l>
<l>NA 1477, nr. 154 (2-1-1730) Testament.</l>
<l>NA 1752, ff. 779-81 (21-11-1732) Testament.</l>
<l>NA 1752, ff. 784- (24-11-1732) Procuratie van Jan en Herman Verbeek aan de procureur Theodorus Schrevelius om hen te vertegenwoordigen in hun zaak tegen de Amsterdamse boekverkoper Balthasar Lakeman; Lakeman had hen kennelijk gedaagd t.b.v. Du Vivi (zie aldaar, NA 1747, ff. 419 [26-7-1727] en hieronder).</l>
<l>NA 1753, ff. 21- (1733) Boedel. Huis in de Nonnensteeg, belend aan Isaac Severinus en Willem de Groot, verhuurd aan Willem Gelein  80 p/jr. Diverse obligaties o.a. van Langerak (657.10.12), Teering (962.5.14), Lakeman (6792). Bij Hasebroek 12 pakken met ongebonden boeken, w.o. veel eigen fonds. Enkele resterende boeken zullen geveild worden.</l>
<l>NA 1753, ff. 210-? (1733) Scheiding. Onder de begraafkosten bedragen voor 14 dragers en 14 toortsdragers!).</l>
<l>NA 1755, ff. 790-? (?) Overdracht van zijn erven aan Jan en Herman Verbeek van de obligatie op wijlen Balthasar Lakeman t.b.v. 6790 (zie aldaar).</l>
</all>
</person>