<person>
<firstName>Wilhelmina</firstName>
<lastName>Vlasvelt</lastName>
<dob></dob>
<dod></dod>
<pob></pob>
<pod></pod>
<professional-start>1796</professional-start>
<professional-end></professional-end>
<professions>
<profession>
<term>boekverkoopster</term>
<profession-id>13</profession-id></profession>
</professions>
<guild>Contribuant (AB 83c, f. 102).</guild>
<misc>unknown</misc>
<all>
<l>Vlasvelt, Wilhelmina (w. 1796)</l>
<l>Boekverkoopster?</l>
<l>Gilde: Contribuant (AB 83c, f. 102).</l>
</all>
</person>