<person>
<firstName>Jasper van der</firstName>
<lastName>Vloet</lastName>
<dob></dob>
<dod></dod>
<pob></pob>
<pod></pod>
<professional-start>1651</professional-start>
<professional-end></professional-end>
<professions>
<profession>
<term>pseudoniem</term>
<profession-id>24</profession-id></profession>
</professions>
<address>1651 bij de Burcht.</address>
<literature>Thesaurus.</literature>
<misc>unknown</misc>
<all>
<l>Vloet, Jasper van der (w. 1651)</l>
<l>Pseudoniem?</l>
<l>Adres: 1651 bij de Burcht.</l>
<l>Lit.: Thesaurus.</l>
</all>
</person>