<person>
<firstName>Matthijs van der</firstName>
<lastName>Vloe[d]t</lastName>
<dob></dob>
<dod></dod>
<pob></pob>
<pod></pod>
<professional-start>1651</professional-start>
<professional-end></professional-end>
<professions>
<profession>
<term>pseudoniem</term>
<profession-id>24</profession-id></profession>
</professions>
<address>bij de Burcht.</address>
<literature>Thesaurus.</literature>
<misc>unknown</misc>
<all>
<l>Vloe[d]t, Matthijs van der (w. 1651)</l>
<l>Pseudoniem?</l>
<l>Adres: bij de Burcht.</l>
<l>Lit.: Thesaurus.</l>
</all>
</person>