<person>
<firstName>Hendrik de</firstName>
<lastName>Vogel</lastName>
<dob>1728</dob>
<dod></dod>
<pob> [begr. - buiten Leiden]</pob>
<pod></pod>
<professional-start>16951727</professional-start>
<professional-end></professional-end>
<professions>
<profession>
<term>custos</term>
<profession-id>48</profession-id></profession>
</professions>
<marriage>1. ? KO 14-5-1677 Cornelia Jacobs van Duyne uit Noordwijk; 2. Maria Hendrina van Raatsvelt (begr. 8-4-1722 buiten Leiden).</marriage>
<address>Herensteeg; z.j. Hogewoerd (met Rebecca Gardijn); z.j. Rapenburg (als pruikenmaker; Bonboek 6613, Over t Hof, f. 481v).</address>
<street>Rapenburg</street>
<street-id>50</street-id>
<lat>52.155884</lat>
<lon>4.4876151
</lon>
<literature>Het Rapenburg, IIIa, 89.</literature>
<misc>NA 1867, nr. 8 (6-1-1723) Huwelijkse voorwaarden met Rebecca de Jardijn. Hij is substituut wachtmeester en weduwnaar van Hendrina van Raatsveld. Dezelfde? Vgl. haar testament NA 1875, nr. 114 (1730).</misc>
<all>
<l>Vogel, Hendrik de ( 1728 [begr. 29-10 buiten Leiden]; w. 1695, 1727)</l>
<l>Custos van de Bibliotheca Thysiana. Vgl. Thysia 276:2, 2e deel Coornhert, Werken, met op de indexpagina: Dit 3 deel bygezet [?] door H. de Vogel bibliothecarius van de B: Joh. Thisius Anno 1727. Tevens pruikenmaker. In 1695 failliet.</l>
<l>Adres: Herensteeg; z.j. Hogewoerd (met Rebecca Gardijn); z.j. Rapenburg (als pruikenmaker; Bonboek 6613, Over t Hof, f. 481v).</l>
<l>Huwelijk: 1. ? KO 14-5-1677 Cornelia Jacobs van Duyne uit Noordwijk; 2. Maria Hendrina van Raatsvelt (begr. 8-4-1722 buiten Leiden).</l>
<l>NA 1217, nr. 120 (20-6-1677) Testament met Cornelia van Duijnen. Dezelfde? Hij woont Salomonstraat, hoek Herensteeg.</l>
<l>AS 22-3-1687 Henricus de Vogel Leydensis, Custos Bibliothecae D. Thysii.</l>
<l>NA 1867, nr. 8 (6-1-1723) Huwelijkse voorwaarden met Rebecca de Jardijn. Hij is substituut wachtmeester en weduwnaar van Hendrina van Raatsveld. Dezelfde? Vgl. haar testament NA 1875, nr. 114 (1730).</l>
<l>Lit.: Het Rapenburg, IIIa, 89.</l>
</all>
</person>