<person>
<firstName>Jan Janszoon</firstName>
<lastName>Bors</lastName>
<dob></dob>
<dod></dod>
<pob></pob>
<pod></pod>
<professional-start>1617</professional-start>
<professional-end></professional-end>
<professions>
<profession>
<term>boekverkoper</term>
<profession-id>1</profession-id></profession>
<profession>
<term>verkoper</term>
<profession-id>25</profession-id></profession>
<profession>
<term>predikant</term>
<profession-id>31</profession-id></profession>
</professions>
<marriage>1. Hillegont Cornelis; 2. KO 26-6-1609 Jacomyntje Oesseels.</marriage>
<literature>Thesaurus.</literature>
<misc>NA 313, nr. 24 (1627) Kwitantie waarin een erfgenaam van zijn weduwe Jaquemyntge Ouseels wordt genoemd.</misc>
<all>
<l>Bors, Jan Janszoon (w. 1617)</l>
<l>Boekverkoper of predikant?</l>
<l>Huwelijk: 1. Hillegont Cornelis; 2. KO 26-6-1609 Jacomyntje Oesseels.</l>
<l>NA 149, nr. 48 (22-10-1625) Akte n.a.v. de boedelscheiding na het overlijden van zijn vrouw Jacquemijntje Ouseel.</l>
<l>NA 313, nr. 24 (1627) Kwitantie waarin een erfgenaam van zijn weduwe Jaquemyntge Ouseels wordt genoemd.</l>
<l>Lit.: Thesaurus.</l>
</all>
</person>