<person>
<firstName>Hieronymus de</firstName>
<lastName>Vogel</lastName>
<dob>1604</dob>
<dod></dod>
<pob></pob>
<pod></pod>
<professional-start>1636</professional-start>
<professional-end>1648</professional-end>
<professions>
<profession>
<term>boekverkoper</term>
<profession-id>1</profession-id></profession>
<profession>
<term>verkoper</term>
<profession-id>25</profession-id></profession>
<profession>
<term>boekbinder</term>
<profession-id>43</profession-id></profession>
</professions>
<marriage>KO 5-2-1642 Margarita du Moulin (getuige zijn zwager Isaack Jansz de Mey); zij hertrouwde KO 16-7-1653 met de kleermaker Cornelis Thymansz van Geesdorp op de Langebrug; zij woont dan op het Rapenburg; voor hun boedel zie NA 446, nr. 213 (1653).</marriage>
<address>1638 Tomsbrug (?); 1642, 1646, 1648 Kloksteeg.</address>
<street>Kloksteeg</street>
<street-id>22</street-id>
<lat>52.1572547</lat>
<lon>4.4873558
</lon>
<auction>22-10-1636 Pieter Stermont (KBK); 28-4-1638 anon. (KBK); 9-6-1638 Joh. Bogerman (met De Heger) (KBK); 13-2-1645 Joh. Lindershausen (KBK); 24-3-1645 Joh. van Altena (cat. gedrukt door Jan Claesz van Dorp) (KBK); ?-7-1645 anon. (KBK); 1-7-1645 Thomas Laurents (KBK); 5-10-1645 Daniel van Gijs (KBK); 7-2-1646 anon. (KBK); 10-11-1646 Jacobus Campius, predikant te Haarlem (KBK); 4-12-1646 Daniel van Vlierden (KBK); 9-12-1646 anon. [= Fredericius Sweichius?; vgl. Gerechtsdagboek] (KBK); 1647 Jasper de Maecht (Gerechtsdagboek).</auction>
<literature>Thesaurus.</literature>
<misc>NA 546, nr. 212 (14-7-1653) Huwelijkse voorwaarden van zijn weduwe, Margarita du Moulin, met de meester kleermaker Cornelis Tymansz van Geesdorp. Notaris Outerman is haar voogd.</misc>
<all>
<l>Vogel, Hieronymus de (* c. 1604   1648 [begr. PK 13-8-1648]; w. 1636-48)</l>
<l>Boekbinder en boekverkoper.</l>
<l>Zoon van de Brugse metselaar Joris de Vogel en Machteltje Geryts uit Alkemade? (KO 4-5-1612).</l>
<l>Adres: 1638 Tomsbrug (?); 1642, 1646, 1648 Kloksteeg.</l>
<l>Huwelijk: KO 5-2-1642 Margarita du Moulin (getuige zijn zwager Isaack Jansz de Mey); zij hertrouwde KO 16-7-1653 met de kleermaker Cornelis Thymansz van Geesdorp op de Langebrug; zij woont dan op het Rapenburg; voor hun boedel zie NA 446, nr. 213 (1653).</l>
<l>Kinderen: 1. 19-3-1642 PK Francoys; 2. 10-6-1643 PK Andries; 3. 30-11-1644 PK Mechlijntje; 4. 6-9-1646 HK Susanna; 5. 6-12-1648 HK Hieronymus (getuigen David Lopez de Haro en Dirck Fransen Quint; NB doopdata Susanna en Hieronymus!).</l>
<l>Veel van zijn uitgaven zijn gedrukt door Philippe le Croy.</l>
<l>Veilingen: 22-10-1636 Pieter Stermont (KBK); 28-4-1638 anon. (KBK); 9-6-1638 Joh. Bogerman (met De Heger) (KBK); 13-2-1645 Joh. Lindershausen (KBK); 24-3-1645 Joh. van Altena (cat. gedrukt door Jan Claesz van Dorp) (KBK); ?-7-1645 anon. (KBK); 1-7-1645 Thomas Laurents (KBK); 5-10-1645 Daniel van Gijs (KBK); 7-2-1646 anon. (KBK); 10-11-1646 Jacobus Campius, predikant te Haarlem (KBK); 4-12-1646 Daniel van Vlierden (KBK); 9-12-1646 anon. [= Fredericius Sweichius?; vgl. Gerechtsdagboek] (KBK); 1647 Jasper de Maecht (Gerechtsdagboek).</l>
<l>NA 322, nr. 67 (1636) Procuratie met Pieter Dircksz van Ellincxhuysen aan Barent van Capelle en Cornelis van Clarenburch, procureurs te Utrecht, om van Adriaen Tapper te Utrecht schulden te innen en een proces tegen hem te voeren.</l>
<l>NA 392, nr. 49 (1-3-1638) Verklaring o.a. boekbinder Michiel van Loo, oud ca. 22 jaar, t.v.v. De Vogel, die woont bij de Tomsbrug (?) n.a.v. de rekening van een student.</l>
<l>NA 606, nr.  (5-2-1641) Jacob Marcus verkoopt aan David Lopez en Hier. de Vogel voor een obligatie van 1020, waarvan 520 voor rekening van Lopez en 500 voor rekening van De Vogel (zie de volgende akte van dezelfde datum), de volgende boeken: 1. Cluveri Epitome historiae 4; 2. Danaei Politica 12; 3. De hoogduitse psalmen van Lobwasser 18; 4. Jan Arents [= Jan Arndt], Paradijs gartlein 18; 5. De geestelicke wasserquellen 18; 6. Boccalini Politice pro... 4; 7. Meursius, Majestas veneta 12. Alle boeken waren door Marcus gedrukt. Hij moet alles overdragen, incl. de kopijrechten zonder iets achter te houden. Evenmin mag hij deze boeken opnieuw op de pers leggen; doet hij dit toch, dan verbeurt hij alle exemplaren ten gunste van de kopers. Boeken die hij in het buitenland heeft of die hij in commissie teruggezonden ontvangt moeten aan de kopers worden verkocht, waarvoor de volgende prijzen gelden per ex.: 1. 3 st.; 2. 7 st.; 3. 8 st.; 4. 8 st.; 5. 3 st.; 6. 3 st.; 7. 1 st.</l>
<l>NA 606, nr.  (5-2-1641) Obligatie met David Lopez aan Jacob Marcus van 1020.</l>
<l>NA 724b, nr. 85 (2-2-1642) Huwelijkse voorwaarden met Marguerite du Moulin. Hij wordt geassisteerd door zijn zwager, de timmerman Isaac Jansz de Mey.</l>
<l>NA 113a, z.nr. (3-9-1642) Getuige bij akten David Bailly.</l>
<l>NA 541, nr. 72 (2-7-1643) Getuige bij procuratie Johannes Janssonius.</l>
<l>NA 701, nr. 120 (30-9-1643) Protest van een wissel van 500 uit Genve d.d. 30-8-1643 van Gedeon en Jaques Flournoy, te betalen aan Balthasar Joseph en Jan Coymans te Amsterdam. De wissel was ondertekend door Jaques Chouet. De Vogel had gezegd: Ik en ben het noch niet schuldich, en niet genegen te betalen voor en aleer het sal wesen verschenen.</l>
<l>SA 66 (Gerechtsdagboek X), ff. 307v-308r (2-2-1646) Consent aan Theodorus Altena, predikant te Oegstgeest, voor de verkoop door Hieronymus de Vogel van de boeken van zijn overleden broer Johannes, med. dr. te Medemblik uit naam van diens weduwe.</l>
<l>NA 400, nr. 30 (22-2-1646) Verklaring David Lopez (naam doorgestreept), Hieronymus de Vogel e.a., allen wonend aan de Kloksteeg, t.v.v. Dirck Fransz Quint n.a.v. burenruzie (?) met zijn buurman. Hij is ca. 42 jaar.</l>
<l>NA 727, nr. 245 (30-10-1646) Verklaring met de schilder David Bailly en Dirck Fransz Quint t.b.v. de kleermaker Pieter van Gelde(r).</l>
<l>SA 67 (Gerechtsdagboek Y), f. 330r-v (10-10-1647) Consent aan Martinus de Maecht, voor de veiling door Hier. de Vogel van de boeken van zijn overleden zoon Jasper, student. Niet AS.</l>
<l>NA 729, nr. 222 (8-8-1648) Testament van Hieronymus de Vogel, ziek te bed.</l>
<l>SA 68 (Gerechtsdagboek Z), ff. 127r-v (8-10-1648) Consent aan zijn weduwe en voogden van zijn kinderen voor de verkoop van de boekwinkel, bestaende in veele rare soo gebonde als ongebonde boucken.</l>
<l>NA 546, nr. 212 (14-7-1653) Huwelijkse voorwaarden van zijn weduwe, Margarita du Moulin, met de meester kleermaker Cornelis Tymansz van Geesdorp. Notaris Outerman is haar voogd.</l>
<l>Lit.: Thesaurus.</l>
</all>
</person>