<person>
<firstName>Pieter de</firstName>
<lastName>Vogel</lastName>
<dob>1590</dob>
<dod></dod>
<pob></pob>
<pod></pod>
<professional-start>1635</professional-start>
<professional-end></professional-end>
<professions>
<profession>
<term>custos</term>
<profession-id>48</profession-id></profession>
</professions>
<misc>? NA 469, nr.  (6-3-1636) Huwelijkse voorwaarden met Aefje Da[].</misc>
<all>
<l>Vogel, Pieter de (* c. 1590; w. 1635)</l>
<l>Custos van de Universiteisbibliotheek.</l>
<l>AS 15-10-1635 Petrus de Vogel, servus ac custos Bibliothecae. 45.</l>
<l>? NA 294, nr. 117 (1625) Akte.</l>
<l>? NA 469, nr.  (6-3-1636) Huwelijkse voorwaarden met Aefje Da[].</l>
</all>
</person>