<person>
<firstName>Anthony</firstName>
<lastName>Vogelpoel</lastName>
<dob>23</dob>
<dod></dod>
<pob></pob>
<pod></pod>
<professional-start>1705</professional-start>
<professional-end></professional-end>
<professions>
<profession>
<term>drukker</term>
<profession-id>9</profession-id></profession>
<profession>
<term>drukkersknecht</term>
<profession-id>11</profession-id></profession>
<profession>
<term>knecht</term>
<profession-id>45</profession-id></profession>
<profession>
<term>drukkers</term>
<profession-id>63</profession-id></profession>
</professions>
<marriage>SH 6/22-11-1705 Elisabeth Vorster (getuige zijn schoonvader Andries van Gelder).</marriage>
<address>1705 Oude Vest bij de Sandbrug.</address>
<street>Oude Vest</street>
<street-id>45</street-id>
<lat>52.1614383</lat>
<lon>4.4849547
</lon>
<misc>Zoon van Christiaan Vogelpoel.</misc>
<all>
<l>Vogelpoel, Anthony (* 23-7-1686; w. 1705)</l>
<l>Drukkersknecht.</l>
<l>Zoon van Christiaan Vogelpoel.</l>
<l>Adres: 1705 Oude Vest bij de Sandbrug.</l>
<l>Huwelijk: SH 6/22-11-1705 Elisabeth Vorster (getuige zijn schoonvader Andries van Gelder).</l>
</all>
</person>