<person>
<firstName>Alida [Aaltje] van [der]</firstName>
<lastName>Voorden</lastName>
<dob>1724</dob>
<dod></dod>
<pob>leiden</pob>
<pob-id>1</pob-id>
<pod></pod>
<professional-start>1789</professional-start>
<professional-end>1793</professional-end>
<professions>
</professions>
<address>Nicolaasgracht (Bevolkingsregister); 1805 Burgsteeg.</address>
<street>Nicolaasgracht</street>
<street-id>37</street-id>
<lat>52.1579657</lat>
<lon>4.477046
</lon>
<guild>Contribuant 1789; bedankt 1793 (AB 83c, f. 102).</guild>
<misc>NA 2671, nr. 34 (1805) Testament.</misc>
<all>
<l>Voorden, Alida [Aaltje] van [der] (* Leiden 1724? [doop PK 12-5]   1805 [begr. 9-4 buiten Leiden]; w. 1789-93)</l>
<l>Papier en pennenverkoopster.</l>
<l>Dochter van Johannes van der Voorde en Johanna Ackersdijck.</l>
<l>Adres: Nicolaasgracht (Bevolkingsregister); 1805 Burgsteeg.</l>
<l>Gilde: Contribuant 1789; bedankt 1793 (AB 83c, f. 102).</l>
<l>NA 2679, nr. 107 (1792) Acquit.</l>
<l>NA 2679, nr. 363 (1794) Testament.</l>
<l>NA 2671, nr. 34 (1805) Testament.</l>
</all>
</person>