<person>
<firstName>Jacob</firstName>
<lastName>Voorn</lastName>
<dob></dob>
<dod></dod>
<pob>leiden</pob>
<pob-id>1</pob-id>
<pod></pod>
<professional-start>1653</professional-start>
<professional-end>1692</professional-end>
<professions>
<profession>
<term>boekverkoper</term>
<profession-id>1</profession-id></profession>
<profession>
<term>verkoper</term>
<profession-id>25</profession-id></profession>
<profession>
<term>boekbinder</term>
<profession-id>43</profession-id></profession>
<profession>
<term>custos</term>
<profession-id>48</profession-id></profession>
</professions>
<marriage>KO 11-1-1655 Susanna van Grotelande (getuige zijn vader). Kinderen: dopen PK 23-2-1656 Cornelia; HK 26-12-1659 Catharina (getuige Johannes Elsevier en Frans Moeijaert); HK 30-10-1661 Alida (getuigen Frans Hacke en Maria Orlings); PK 13-6-1663 Jacobus (getuigen Pieter Leffen en Catharina van Ravesteijn); PK 26-5-1666 Johannes; PK 5-9-1668 Susanna; HK 19-1-1670 Pieter (getuigen Pieter de Graaf en Felix Lopez de Haro); HK 20-3-1672 Johannes (getuigen Cornelis Hacke en Catharina Willaerts).</marriage>
<address>1655 Steenschuur; 1655 Rapenburg (NA 548, nr. 168).</address>
<street>Steenschuur</street>
<street-id>57</street-id>
<lat>52.1560107</lat>
<lon>4.4925594
</lon>
<guild>2-10-1653 Vrijmeester boekbinder; 2-11-1654 vrijmeester boekverkoper (AB 83a, f. 73). Hoofdman 1650?, 1659, 1663, 1668, 1669, 1673, 1681, 1685.</guild>
<literature>Spoelder 2000, 630; Spoelder &amp; Te Rijdt, 227.</literature>
<misc>1692 Zijn erfgenamen ontvangen van Johannes Verbessel drie ducatons voor de koperen plaaten, op welke de Pallas der stad Leyden gegraveert is, met welke de banden der prysen gewoon zijn versiert te worden. Spoelder &amp; Te Rijdt.</misc>
<all>
<l>Voorn, Jacob (* Leiden; w. 1653-92)</l>
<l>Boekbinder en boekverkoper, tevens custos van de anatomie.</l>
<l>Zoon van de kleermaker Meyndert Jacobsz Voorn, afkomstig uit IJsselstein.</l>
<l>Adres: 1655 Steenschuur; 1655 Rapenburg (NA 548, nr. 168).</l>
<l>Huwelijk: KO 11-1-1655 Susanna van Grotelande (getuige zijn vader). Kinderen: dopen PK 23-2-1656 Cornelia; HK 26-12-1659 Catharina (getuige Johannes Elsevier en Frans Moeijaert); HK 30-10-1661 Alida (getuigen Frans Hacke en Maria Orlings); PK 13-6-1663 Jacobus (getuigen Pieter Leffen en Catharina van Ravesteijn); PK 26-5-1666 Johannes; PK 5-9-1668 Susanna; HK 19-1-1670 Pieter (getuigen Pieter de Graaf en Felix Lopez de Haro); HK 20-3-1672 Johannes (getuigen Cornelis Hacke en Catharina Willaerts).</l>
<l>Gilde: 2-10-1653 Vrijmeester boekbinder; 2-11-1654 vrijmeester boekverkoper (AB 83a, f. 73). Hoofdman 1650?, 1659, 1663, 1668, 1669, 1673, 1681, 1685.</l>
<l>Personeel: 24-9-1654 Tobias Elspeet L voor 4 jaar; 1-5-1655 Pieter Warnaersz Jens L voor 4 jaar (accoord NA 1-8-1655); 1-5-1659 Pieter de Graef* L voor 4 jaar (accoord); 1-1-1663 Willem Spada L voor 4 jaar (accoord) (AB 83a, f. 73).</l>
<l>Poorterboek: getuige bij Pieter van Luchtenburgh (6-12-1669).</l>
<l>NA 448, nr. 8 (12-1-1655) Huwelijkse voorwaarden met Susanna van Grotelande. Hij wordt geassisteerd door zijn vader. Haar testament nr. 168 (29-7-1655). Zij wonen dan op het Rapenburg.</l>
<l>NA 736B, nr. 260 (1-8-1655) Contract met Warnaer Warnaersz Jens over de leertijd van diens zoon Pieter Warnaersz. Hij zal 4 jaar werken, vanaf 1 juli j.l., om het boekverkopen en boekbinden te leren. Loon: I 6 st.; II 10 st.; III 15 st.; IV 20 st.</l>
<l>Gerechtsdagboeken: 83, f. 154v, 229; 85, f. 251.</l>
<l>NA 674, nr. 123 (10-11-1660) Deelnemer anti-nadruk overeenkomst.</l>
<l>NA 767, nr. 406 (5-12-1660) Verklaring met zijn vrouw t.v.v. Joh. van Leeuwen en Joannes Kiewit, studenten, over ontmoeting met rumoerige bruiloftsstoet.</l>
<l>NA 674b, nr. 22 (29-3-1661) Obligatie aan Jan Maire van 125.2.8 voor boeken gekocht op de auctie van 16 maart.</l>
<l>NA 382, nr. 94 (7-6-1662) Mutueel testament.</l>
<l>NA 460, nr 198 (1666) Genoemd in de boedel van Gerrit Willemsz van Swanenburg met een schuld van N15.8 voor geleverd papier (zie onder Gerrit Jorisz van der Marsche).</l>
<l>NA 1190, nr. 103 (9-9-1670) Procuratie van zijn broer Johannes i.v.m. boedelscheiding Cath. Brief van Haestenraedt.</l>
<l>Klein Familiegeld 1674, f. 49 (Zuid-Rapenburg; code 08071), 1 st.</l>
<l>NA 1658-II, nr. 85 (11-6-1675) Obligatie van de kleermaker Jacob Tielmans wegens huishuur. Wordt opgelost via o.a. transport van een schuld van dr. Bontekoe van 296.6 en verkoop van boeken en een boekenkast.</l>
<l>NA 1228, nr. 39 (19-5-1677) Verklaring met Jacob Cornelis Kop, commissaris van het veer op sGravenhage en Delft, op verzoek van de hoofdofficier Hendrik Brouwer. Voorn was in de drukkerij van de weduwe Elsevier geweest, waar Abraham hem had gevraagd eens bij de in het duel gekwetste student te gaan kijken hoe het met hem was. Kop had het duel gezien.</l>
<l>24-6-1681 Inventaris Daniel Elsevier, met daarin een uitstaande schuld van Jacob Voorn van 301.2.8. Van Eeghen III, 113.</l>
<l>NA 1334, nr. 13 (3-2-1682) Verklaring n.a.v. voogdij.</l>
<l>5-6-1687 Ontvangt 25 van de Curatoren van de universiteit voor werkzaamheden in de bibliotheek (Molhuysen, Bronnen, IV, 52).</l>
<l>14-11-1689 Werkzaamheden als custos van de anatomie (Molhuysen, Bronnen, IV, 68).</l>
<l>1692 Zijn erfgenamen ontvangen van Johannes Verbessel drie ducatons voor de koperen plaaten, op welke de Pallas der stad Leyden gegraveert is, met welke de banden der prysen gewoon zijn versiert te worden. Spoelder &amp; Te Rijdt.</l>
<l>Lit.: Spoelder 2000, 630; Spoelder &amp; Te Rijdt, 227.</l>
</all>
</person>