<person>
<firstName>Johannes</firstName>
<lastName>Voorn</lastName>
<dob>1672</dob>
<dod></dod>
<pob></pob>
<pod></pod>
<professional-start>1693</professional-start>
<professional-end></professional-end>
<professions>
<profession>
<term>boekverkoper</term>
<profession-id>1</profession-id></profession>
<profession>
<term>verkoper</term>
<profession-id>25</profession-id></profession>
</professions>
<guild>5-2-1693 Vrijmeester (AB 83a, f. 73).</guild>
<misc>Was 1e custos van de UB.</misc>
<all>
<l>Voorn, Johannes (* 1672 [doop HK 20-3]   1726; w. 1693)</l>
<l>Boekverkoper.</l>
<l>Zoon van Jacob Voorn en Susanna van Grotelande.</l>
<l>Gilde: 5-2-1693 Vrijmeester (AB 83a, f. 73).</l>
<l>NA 1731, nr. 80 (27-1-1706) Procuratie met zijn broers en zusters aan hun neef Hendrick Rollenburg, die op het punt staat naar Oost Indi te varen, om in Batavia alle obligaties, rentebrieven, gelden etc. te lichten van hun daar overleden grootvader Cornelis Dircksz van Grotelande.</l>
<l>Was 1e custos van de UB.</l>
</all>
</person>