<person>
<firstName>Johannes de</firstName>
<lastName>Vos</lastName>
<dob></dob>
<dod></dod>
<pob></pob>
<pod></pod>
<professional-start>1765</professional-start>
<professional-end></professional-end>
<professions>
<profession>
<term>drukker</term>
<profession-id>9</profession-id></profession>
<profession>
<term>drukkersknecht</term>
<profession-id>11</profession-id></profession>
<profession>
<term>knecht</term>
<profession-id>45</profession-id></profession>
<profession>
<term>drukkers</term>
<profession-id>63</profession-id></profession>
</professions>
<marriage>29-11-1765 Jannetje Massaar (getuige zijn moeij Johanne de Vos).</marriage>
<address>Lange Hoefstraat.</address>
<misc>unknown</misc>
<all>
<l>Vos, Johannes de (w. 1765)</l>
<l>Drukkersknecht.</l>
<l>Adres: Lange Hoefstraat.</l>
<l>Huwelijk: 29-11-1765 Jannetje Massaar (getuige zijn moeij Johanne de Vos).</l>
</all>
</person>