<person>
<firstName>Roelof Jansz de</firstName>
<lastName>Vos</lastName>
<dob></dob>
<dod></dod>
<pob></pob>
<pod></pod>
<professional-start>1638</professional-start>
<professional-end></professional-end>
<professions>
<profession>
<term>boekbinder</term>
<profession-id>43</profession-id></profession>
</professions>
<misc>NA 605, nr.  (1638) Genoemd in lijst van crediteuren in de boedel van dr. Johannes Paau. Hij heeft 3.8 uitstaan voor het binden van boeken.</misc>
<all>
<l>Vos, Roelof Jansz de (w. 1638)</l>
<l>Boekbinder.</l>
<l>NA 605, nr.  (1638) Genoemd in lijst van crediteuren in de boedel van dr. Johannes Paau. Hij heeft 3.8 uitstaan voor het binden van boeken.</l>
</all>
</person>