<person>
<firstName>Adriaen Arentsz</firstName>
<lastName>Vosbos</lastName>
<dob></dob>
<dod></dod>
<pob></pob>
<pod></pod>
<professional-start>1635</professional-start>
<professional-end></professional-end>
<professions>
<profession>
<term>custos</term>
<profession-id>48</profession-id></profession>
</professions>
<misc>Album Studiosorum 26-3-1635 Adrianus Adriani Vosbos, custos Bibliothecae, secundum decretum D.D. Curatorum inscriptus.</misc>
<all>
<l>Vosbos, Adriaen Arentsz (w. 1635)</l>
<l>Custos van de Universiteitsbibliotheek.</l>
<l>NA 143, nr. 48 (17-11-1623) Testament met Adriaentje Foyens de Bruyn. Hij is van beroep schoenmaker. Dezelfde?</l>
<l>NA 464, nr.  [scan 370] (19-10-1631) Obligatie aan Jan Jacobsz de Haes van 200 i.v.m. een lening. Hij is schoenmaker in de Kloksteeg.</l>
<l>Album Studiosorum 26-3-1635 Adrianus Adriani Vosbos, custos Bibliothecae, secundum decretum D.D. Curatorum inscriptus.</l>
</all>
</person>