<person>
<firstName></firstName>
<lastName>Borsch (Bors</lastName>
<dob></dob>
<dod></dod>
<pob>Bors, Borsius</pob>
<pod></pod>
<professional-start></professional-start>
<professional-end></professional-end>
<professions>
<profession>
<term>boekverkoper</term>
<profession-id>1</profession-id></profession>
<profession>
<term>verkoper</term>
<profession-id>25</profession-id></profession>
</professions>
<marriage>KO 23-12-1643 Wopken Andries de Vries uit Leeuwarden (getuige Frans Hackius).</marriage>
<address>1643-46 Nieuwsteeg, Op de St. Pieterskerck.</address>
<street>Nieuwsteeg</street>
<street-id>39</street-id>
<lat>52.1562295</lat>
<lon>4.4891081
</lon>
<misc>AS 23-8-1638 Johannes Bors Lugduno-Batavus. 23. J. Cand.</misc>
<all>
<l>Borsch (Bors, Borsius), Johannes Claesz (w. 1643-46)</l>
<l>Boekverkoper.</l>
<l>Zoon van Claes Jansz Bors en Machteld Michiels van Middelhoven.</l>
<l>Adres: 1643-46 Nieuwsteeg, Op de St. Pieterskerck.</l>
<l>Huwelijk: KO 23-12-1643 Wopken Andries de Vries uit Leeuwarden (getuige Frans Hackius).</l>
<l>Veiling: 24-3-1646 anon. (catalogus gedrukt door Van der Boxe) (KBK). Zie veilinglijst.</l>
<l>NA 724b, nr. 60 (5-6-1642) Verklaring dat hij een erfdeel van 500 heeft ontvangen.</l>
<l>NA 724b, nr. 59 (5-6-1642) Obligatie aan zijn moeder in de vorm van een rente van 37.5 op basis van een lening van 500.</l>
<l>NA 785, nr. 72 (16-7-1644) Mutueel testament.</l>
<l>NA 785, nr. 73 (16-7-1644) Ampliatie testament.; hij is ziek.</l>
<l>NA 785, nr. 74 (16-7-1644) Dispositie op een mutueel testament aangaande voogdij. Voogden de predikant Abraham van Middelhoven en Andries Willemsz Honthorst.</l>
<l>SA 66 (Gerechtsdagboek X), ff. 354v-355r (27-3-1646) Consent aan Joh. Bors, boekverkoper, voor de verkoop van zijn winkelvoorraad op 24-3-1646 en volgende weekdagen. Hij was vergeten toestemming te vragen. Bors wil uit de nering scheiden, de wijle daer mede weynich te verdienen valt. Opzienders 2. De veiling had al anoniem plaatsgevonden op 24-3-1646 (catalogus gedrukt door Van der Boxe) (KBK).</l>
<l>SA 67 (Gerechtsdagboek Y), f. 94r (5-9-1646) Consent aan Johannes Bors, scheidend boekverkoper, om in zijn huis op de hoek van het kerkhof aan de WZ van de Nieuwsteeg een herberg te houden.</l>
<l>AS 23-8-1638 Johannes Bors Lugduno-Batavus. 23. J. Cand.</l>
</all>
</person>