<person>
<firstName>Dirck Gerritsz van</firstName>
<lastName>Vreeswijck</lastName>
<dob>1627</dob>
<dod></dod>
<pob>Leiden -?</pob>
<pod></pod>
<professional-start>1622</professional-start>
<professional-end></professional-end>
<professions>
<profession>
<term>drukker</term>
<profession-id>9</profession-id></profession>
</professions>
<literature>Briels 521; Lane 1995, 108, 187.</literature>
<misc>NA 106b, nr. 39 (30-4-1627) Contract van drukkerscompagnie met Arent Corsz van Hogenacker. Van Hogenacker brengt zijn gehele drukkerij t.w.v. 1400 in en heeft bovendien aan Van Vreeswijck nog 400 contant geleend. Van Vreeswijck is hem derhalve 1100 schuldig (700 en 400). Verdere bepalingen over winstdeling, arbeidsloon e.d.</misc>
<all>
<l>Vreeswijck, Dirck Gerritsz van (w. Dordrecht 1622; Amsterdam 1623; Gouda 1626; Leiden 1627-28?)</l>
<l>Drukker.</l>
<l>Op 4 juni 1626 toegelaten te Gouda (Briels).</l>
<l>NA 106b, nr. 39 (30-4-1627) Contract van drukkerscompagnie met Arent Corsz van Hogenacker. Van Hogenacker brengt zijn gehele drukkerij t.w.v. 1400 in en heeft bovendien aan Van Vreeswijck nog 400 contant geleend. Van Vreeswijck is hem derhalve 1100 schuldig (700 en 400). Verdere bepalingen over winstdeling, arbeidsloon e.d.</l>
<l>Lit.: Briels 521; Lane 1995, 108, 187.</l>
</all>
</person>