<person>
<firstName>Johannes de</firstName>
<lastName>Vriendt</lastName>
<dob>1701</dob>
<dod></dod>
<pob>zijn weduwe pre </pob>
<pod></pod>
<professional-start>1675</professional-start>
<professional-end></professional-end>
<professions>
<profession>
<term>verkoper</term>
<profession-id>25</profession-id></profession>
</professions>
<marriage>1. Grietje van Ixsum (scheiding 1687); 2. ?</marriage>
<address>pre-1685-88 Steenschuur (= Rapenburg) NZ, bij het Bagijnhof, als eigenaar; na 1688 als huurder voor 160 p.j.</address>
<street>Steenschuur</street>
<street-id>57</street-id>
<lat>52.1560107</lat>
<lon>4.4925594
</lon>
<guild>20-6-1675 Contribuant; hij was van origine verkoper van oude kleren en hield zich buiten het gilde bezig met de verkoop van boeken. In 1675 diende hij een request in bij het gerecht om als boekverkoper in het gilde te worden opgenomen. Het gilde verzette zich hiertegen omdat De Vriendt o.a. sociniaanse boeken zou verkopen en de gildeleden veel schade berokkende. Op 11-6-1675 willigde het gerecht het request toch in. Een request van De Vriendt van 12-11-1680 om ongebonden, dus nieuwe boeken te verkopen werd echter afgewezen. De weduwe De Vriendt betaalde in 1701 nog de gildepenning (AB 83a, ff. 94A-94).</guild>
<misc>tot Rotterdam van camerhuijer 6</misc>
<all>
<l>Vriendt, Johannes de (w. 1675; zijn weduwe pre 1701)</l>
<l>Verkoper van oude boeken.</l>
<l>Adres: pre-1685-88 Steenschuur (= Rapenburg) NZ, bij het Bagijnhof, als eigenaar; na 1688 als huurder voor 160 p.j.</l>
<l>Huwelijk: 1. Grietje van Ixsum (scheiding 1687); 2. ?</l>
<l>Gilde: 20-6-1675 Contribuant; hij was van origine verkoper van oude kleren en hield zich buiten het gilde bezig met de verkoop van boeken. In 1675 diende hij een request in bij het gerecht om als boekverkoper in het gilde te worden opgenomen. Het gilde verzette zich hiertegen omdat De Vriendt o.a. sociniaanse boeken zou verkopen en de gildeleden veel schade berokkende. Op 11-6-1675 willigde het gerecht het request toch in. Een request van De Vriendt van 12-11-1680 om ongebonden, dus nieuwe boeken te verkopen werd echter afgewezen. De weduwe De Vriendt betaalde in 1701 nog de gildepenning (AB 83a, ff. 94A-94).</l>
<l>NA 1506, nr. 60 (24-3-1685) Akte n.a.v. de boedel van zijn broer Jacob.</l>
<l>NA 1003, nr. 52 (25-9-1685) Procuratie aan Dirk Toornvliet i.v.m. een zaak voor de Leidse vierschaar.</l>
<l>NA 1435, nr. 93 [scans 1-15] (8/9-1-1687) Boedel met schilderijen en veel boeken n.a.v. de scheiding van tafel en bed met zijn vrouw. De totale waarde geschat op 750.7. Behalve het huis aan het Steenschuur een speeltuin buiten de Koepoort in de Witte Laan. Schilderijen: (benedenkamer) visje van van Beijeren 9.12; 3 keukentjes van Mortel (geen prijs); Satyrtje van Verburg 2.10; Stuckje uitbeeldende de vijff zinnen 11.17; herder en herderinnetje 5; portret van De Vriendt (geen prijs); 6 prentjes met een geschilderd vogelkooitje 2; 1 landschap 4; 2 taferelen van Vugt 8.10; dito van Hanoth 11; portret van Carthesius 3; portret door Hals en portret van Uyttenbogaert 3.6; groot landschap van Van der Burg 9; 6 stukjes 7.18; een groot stuck een visje van Van der Burg 11; 2 naakte beeldjes 6; stukje uitbeeldende de geboorte des Saligmakers 2; 2 landschappen van Verburg 16; groot landschap van Verburg sijnde een toorn in  10; geheel groot lantschap van Verburg 13,19; 2 albaste beeldetjes met eenig porceleijn 2.6; 2 prentjes van koning Karel en zijn vrouw 19 st.; (gang) zeetje 2.10; 3 landschapjes van Verburg 8; Offerandetje 3; (2e gang) zeetje  3.10; 2 grote stukken van Van der Vugt 8.11; dronken boertje 5; partij opgezette vogels met een varken 3.10; haring ende wittebroot 4.19; 2 kleine schilderijen 5; schilderijtje van 3 jongelingen in de oven 5; 3 prentjes 12 st.; (hangkamertje) enige boeken 5.9; (achterhuis) papegaai met kooi 21.14; 8 hoenders 3; schilderije van een keukenmeid 3; 2 schilderijen van visjes 6; zeetje van Van de Waart [= Pieter Jansz van der Waert]; 2.13; Ridder van Maltha 1.19; schilderij van Hals 4.10; dito klein 2.9; bijbel 2.11; Cats werken 6; 4 boeken 3.12; (kamer boven de achterkeuken) tapijt schilderij 4; landschap van Verburg 10.2; zeetje van Van de Waart 2.8; 3 schilderijtjes 1.11; (portaal boven) 4 schilderijen en een prent 7; (voorkamer) groot schilderij van de moeder Christi en van Elisabeth 7.10; bloemstuk met de lijst 22; schilderij van Verburg 4.18; zeetje en een landschap 2.17; groot landschap 2.9; grote zee met enige oorlogsschepen 6.10; stukje met oesters 2; 2 stukjes van Vugt 5; 5 prentjes 2; (achtermiddenkamer) 2 grote visjes van Verburg 20; zeetje 3; 2 schilderijen van Vugt 4.17; schilderij van Vugt 2.3; zeetje van De Waart 2.11; 6 prentjes en een spiegel 3.6; zeetje van Staats en een lanschapje 3; 6 schilderijtjes of prentjes 1; (kamer boven de voorkamer) rond stukje van Hals 3; visje van Verburg 6.7; dito van Vugt 2.7; fonteijntje, almanack en borstel 1.10; (kamer boven de middenkamer) zeetje van De Waart 3.6; 2 stukjes van Vugt 4.13; een mosseltje met twee soete liefjes 3.12; (vliering) gehele kraam van de luijse mart 10.</l>
<l>Boeken</l>
<l>folio</l>
<l>Suacii [?] opera 6.6</l>
<l>Tacitus opera 2 folianten 4</l>
<l>Fabri lexicon 4.10</l>
<l>Vesalii anatomie 1.10</l>
<l>Wttenbogaart Kerckelijcke historie 2</l>
<l>13 Schrijfboecken 13</l>
<l>Grassii Sententia 0.10</l>
<l>Perkinsius 3 delen 7</l>
<l>Reijd Nederlantsche historie 1.10</l>
<l>Guicciardin beschrijving van Nederlandt 2.8</l>
<l>Marthiolus kruijdboek 0.18 [Mattioli, ]</l>
<l>Flaccum illiricum naamregister 2 stucks 2.10 [M. Flaccus Illyricus, Catalogus ofte naem-register der getuygen der waerheyt, ed. S.G.S. (S. Goulart), vert. M. Boerave (Hoorn: M. Gerbrantss, 1633), 2].</l>
<l>Kerckelijcke historie van Wttenbogaart 3.3</l>
<l>Wincemius Kronijck 1.4 [P. Winsemius, Chronique ofte historische geschiedenissen van Vrieslant (Franeker: J. Lamrinck, 1622), 2].</l>
<l>Placcaet boek vande Staten van Hollant 0.12</l>
<l>Ambrosius Pare Chirurgije 2</l>
<l>Institutiones Calvini 2</l>
<l>Historie Belgie 0.8</l>
<l>Reijd Nederlantsche historie 1.16</l>
<l>Petit histore dHollande 2 delen 1.16</l>
<l>Plutarchus t leven der romeijnen 2 folianten 4</l>
<l>Ambrosius Paree Chirurgije 2.5</l>
<l>Histore dOrange 1.10 [J. de La Pise, Tableau de lhistoire des princes et principaut dOrange (Den Haag: D. Maire, 1640), 4].</l>
<l>Johannes Vigo Medicijn boek 0.10 [J. de Vigo, Medicyn-boec ende chyrurgie, 2 stkn. (Amsterdam: H. Laurensz, 16482), 2].</l>
<l>Paulus Jovius Historie 0.14 [P. Jovius, De historien  inhoudende de waerachtige beschrijvinghe van alle ghedenckwaerdige geschiedenissen die van het iaer 1494. tot het 1547.  verloopen zijn, vert. J. Heyns (Amsterdam: Z. Heyns, 1604), 2].</l>
<l>Bartum [Batten?] Medicijn boek 0.12</l>
<l>[v] Quarto</l>
<l>6 Boeken 1.4</l>
<l>4 Dito 1</l>
<l>Apianus Romeynse historien 0.12</l>
<l>Sijnode van Dort 0.12</l>
<l>Paracelcii Opera omnia 2 vol. 0.12</l>
<l>Hollantsche Mercurius 2 vol. 1.10</l>
<l>Meteren 2 vol. 2</l>
<l>Apianus Romeynse historien 0.12</l>
<l>Camararius historie 0.10</l>
<l>Tacitus historie 1</l>
<l>Hofferus Emblemata 0.8</l>
<l>Cats houwelick 0.15</l>
<l>Cats sinnebeelden 0.12</l>
<l>Soffetena [?] romeynse historie 1.16</l>
<l>Damhouder civil &amp; crimineel 0.12</l>
<l>Beverwyijk alle de wercken 3</l>
<l>Wittichius godsgeleerde oeffeninge 2</l>
<l>Fabritius heelkonstige aanmerking 1.5</l>
<l>Episcopius over Mattheus 1.5</l>
<l>Hamers over deutern. 32 0.10</l>
<l>Herbarius 0.15</l>
<l>Volkelius vande ware religie 1.10</l>
<l>Polanum historie van trenten 0.12</l>
<l>Swammerdam bloedelose dierkens 1</l>
<l>Bijbel der nature 0.10</l>
<l>Terentius door Westerbaan 0.8</l>
<l>Van Sande gewijsde saken 0.15</l>
<l>Van de Velde wisselhandel 0.12</l>
<l>Rooms hollants regt van Leeuwen 2</l>
<l>Goodwijn werken 0.18</l>
<l>Hantvest van Kennemerland &amp; 3 andere 1.4</l>
<l>Heremans annotatien &amp; drie andere 0.12</l>
<l>Ridderus sevenderleij gesigten 1.16</l>
<l>[r] Smit over het geloof 0.15</l>
<l>Van de Velde Wisselhandel 0.12</l>
<l>Mornay Verborgentheyt der ongeregtigheyt 0.15</l>
<l>Van Someren Wtspanning der vernuften 0.10</l>
<l>Gail observantien 1.10</l>
<l>Stevin borgerlycke stoffen 0.12</l>
<l>Gail observantien 1.5</l>
<l>Moulin Nieuwigheit des pausdoms 0.8</l>
<l>Mornay bijbel der nature 0.6</l>
<l>Sandys voyagie 0.6</l>
<l>Wellevens wetenschap &amp; wegwyser ter zaligheit 0.6</l>
<l>Een frans psalmboek 0.6</l>
<l>3 Jan Arents ware cristendoms 2.14</l>
<l>Castellius opera 0.8</l>
<l>Schriverius vande graven van hollant 1.16</l>
<l>Rogers parabolen 0.12 [Nehemia Rogers, Drie parabolen ofte gelykenissen der Heylige Schrift (Amsterdam: J. van Someren, 16852), 4].</l>
<l>Pers verwerde adelaar 2 maal 2</l>
<l>Gauliat heelkonstige verschillen 0.12 [F. Ranchin, Heelkonstige geschillen, wegens de werken van meester Guido de Gauliac, vert. A. van Wymis (Amsterdam: J. Benjamin, 1662), 4].</l>
<l>Maimbourg historie der kruysvaart 0.18</l>
<l>Hollantse rijmkroniek 0.12</l>
<l>Perkin Urim en Thummin 0.6 [W. Perkins, Urim &amp; Thummin, dat is: lichten en volmaaktheden  Getrokken uit alle de voortreffelijke tractaten , ed. P. de Lange (Amsterdam: A. de Wees en B. de Wild, 1658), 4].</l>
<l>Johannes Veno 4 monarchien 0.6</l>
<l>Hamers over deuternomium &amp; nog een boek 0.14</l>
<l>Burghars voyagio 0.6</l>
<l>Castellium opera 0.15</l>
<l>Rochefort historie van america 1</l>
<l>Udemans coopmans roer en nog een 0.12</l>
<l>Spiegel der sibillen 1</l>
<l>[v] Vossius jaarboek 1.16</l>
<l>Vigilius Maroos 0.8</l>
<l>Brederoos wercken 0.8</l>
<l>Testament &amp; psalmen op noten 1,16</l>
<l>Geessel der sonden &amp; 2 andere 0.12</l>
<l>Oomius institutiones 0.12</l>
<l>Rogers ware bekeerde sondaar 0.12</l>
<l>Bruijning 2 vol. 0.18</l>
<l>Ontroerde Nederlant 0.12</l>
<l>Baudartii spreucken 0.15</l>
<l>Savarij volmaacte coopman 0.15</l>
<l>Troost bronne en 2 andere 0.16</l>
<l>Vranckrijk tegen Spange 0.8</l>
<l>Vermande schilderkonst 1.16</l>
<l>Reijd Nederlantse historien &amp; prothocol van Leuwaarden 0.12</l>
<l>Geschier werelts proefsteen &amp; Huijsbode van Teellinck 0.12</l>
<l>Prima media &amp; ultima door Ambrosius 1.4</l>
<l>Mornay verborgentheyt der ongeregtigheyt 0.15</l>
<l>Johan Arent ware christendom 0.18</l>
<l>Vijf duijtse boecken 0.8</l>
<l>Hildersham fonteyn des levens &amp; drie andere 1.4</l>
<l>Denysse heerlicheyt der heyligen 1.4</l>
<l>Robinzon Christus alle in alle 1</l>
<l>Moulin nieuwigheyt des pausdoms &amp; nog een boek 0.12</l>
<l>Schriverius beschriving vande graven van Holland 1.16</l>
<l>Van der Meer boom des levens 0.12</l>
<l>Hollantsche mercurius 0.14</l>
<l>Kemps beschriving van arkel &amp; nog een 0.12</l>
<l>[r] Papegaij 0.10</l>
<l>Beschrijving van dendermonde &amp; nog een 0.8</l>
<l>Hooft Hendrick de groot &amp; nog twee andere 0.15</l>
<l>Vermande schilderboek 1.16</l>
<l>Brasser regula cos 0.12</l>
<l>Sprankhuijsen wercken 0.12</l>
<l>Junius schilderkonst &amp; 2 andere 0.15</l>
<l>Twee delen van Eytzema 1.4</l>
<l>Carolinum hedendaags heijdendom 2 delen 0.14</l>
<l>Ordonnantie opt silver &amp; nog twee 0.18</l>
<l>Beverwijks wercken 1.16</l>
<l>Polibius historie en 2 andere 0.18</l>
<l>Kijperii logica en 2 andere 0.10</l>
<l>Toneel der aarsche schepselen en nog een boek 0.18</l>
<l>Beschrijving van gorcum &amp; nog twee andere 0.15</l>
<l>Pers ontstelde leuw &amp; nog een 0.12</l>
<l>Vissers redekonst 0.15</l>
<l>Vier latijnse boecken 0.18</l>
<l>Cicero opera omnia 1</l>
<l>Vinnio commentario 1.5</l>
<l>Vier latijnsche boecken 0.6</l>
<l>Cloppenburg contra Smalcius &amp; nog een 0.12</l>
<l>Van der Meulen veritas religionis en nog 3 andere 0.12</l>
<l>Le grand institutio philosophia &amp; nog een 2</l>
<l>[v] Altingh scriptorum theologorum 0.10</l>
<l>Schriverius vande graven van Hollant 1.16</l>
<l>Menno Simons opera omnia 1.16</l>
<l>Bocharti geographia sacra 2.10</l>
<l>Salmasii epistelae &amp; nog twee 0.15</l>
<l>drie latijnse dito 0.8</l>
<l>Isaci epistolae &amp; nog twee 0.12</l>
<l>Gerhardi disputationes theol. &amp; nog twee andere 0.18</l>
<l>Schriverius vande graven van Hollant 3.3</l>
<l>Vries der zee helden 1.10</l>
<l>Aysma trijk der goden 1.16</l>
<l>Beverwijcks werken 3.10</l>
<l>Theses sedanenses 2 vol. 1</l>
<l>Trabitius aanmerking 1.6</l>
<l>Brunink &amp; nog een hoogduijts boek 0.8</l>
<l>Willis opera 1</l>
<l>Horstii opera 1.16</l>
<l>Groot Hollantse geleertheyt 1.10</l>
<l>Fransse cronijk 4 vol. 0.12</l>
<l>Dictionarium Engels &amp; Duijts 2</l>
<l>Fernelii opera 2</l>
<l>Bachovius ad pandectis 1.4</l>
<l>Cartesius geometriae 2 vol. 2.10</l>
<l>Vinnii institutiones &amp; nog 2 andre 1.10</l>
<l>Snedewinus institutiae &amp; nog een 1</l>
<l>Fernelii opera 1.10</l>
<l>Platero praxis medicis 1.10</l>
<l>Giphanii antinomiarum 0.8</l>
<l>Tacquet Socitate Jesu 0.12</l>
<l>Frans historie 0.12</l>
<l>Parei 0.6</l>
<l>Cicero opera omnia 0.15</l>
<l>[r] Vier latijnse boecken 0.12</l>
<l>Dictionarium hoogduijts &amp; latijn 0.10</l>
<l>Antiquitatem Romanum 1</l>
<l>Statuta Vianensis &amp; nog 3 andere 0.12</l>
<l>Wittichii consensus veritaris 1.4</l>
<l>Hunnii resolutiones &amp; nog een 1</l>
<l>Schoten exercitationes 1</l>
<l>Cocceum in canticum 3 vol. 1</l>
<l>Metii opera &amp; Essenius contra Crellius 0.16</l>
<l>Hereboord meletemata &amp; 3 andre 1.4</l>
<l>Corpus juris 3</l>
<l>Cluveri epitome 1.4</l>
<l>Hereboord meletemata 0.12</l>
<l>Launay sur la bible &amp; 2 andere 0.12</l>
<l>Lucianus &amp; nog twee boeken 0.12</l>
<l>Triglandi antapologica &amp; 3 andre 0.10</l>
<l>Regii medicinae &amp; 3 andere 1</l>
<l>Ceulen van de cirkel &amp; nog 2 0.12</l>
<l>Scot aperatus &amp; nog 2 0.6</l>
<l>Hutterii dictionarii &amp; 6 andere 0.10</l>
<l>Clavis philosophiae &amp; 2 andere 0.12</l>
<l>Simonis critica 0.10</l>
<l>Revii metaphisica &amp; nog 3 0.10</l>
<l>Wierii opera 1</l>
<l>Regii phisica &amp; nog 3 0.10</l>
<l>Heurnii de morbis &amp; nog 2 0.10</l>
<l>Schoten geometria &amp; nog 3 0.10</l>
<l>Hereboord meletemata 0.16</l>
<l>Vorstii epistolas &amp; nog 2 0.12</l>
<l>Beroaldi Chronicum &amp; nog een 0.8</l>
<l>Altingii Theol. 2 vol. 0.12</l>
<l>[v] Mundungerus et Wesenbecii 1.4</l>
<l>Clavis philosophiae naturalis &amp; nog een 1.4</l>
<l>Christianus princeps &amp; nog 2 0.12</l>
<l>La pharmacopee &amp; nog 2 0.12</l>
<l>Martialis &amp; Suetonius 1</l>
<l>Terentius &amp; nog 2 0.8</l>
<l>Cicero opera omnia 0.12</l>
<l>Virgilius Maronis &amp; nog 2 0.12</l>
<l>Vinni jurisprudentiae 0.12</l>
<l>Argolii ephemeridum 0.12</l>
<l>Celsii de re medica &amp; nog 4 1</l>
<l>Cuacii epitome &amp; nog een 0.8</l>
<l>Mercurialis opera 2 vol. 0.12</l>
<l>Clavis theologica &amp; nog 3 0.10</l>
<l>Hereboord meletemata &amp; nog 3 0.12</l>
<l>Oosterga censura belgica 4 vol. 0.16 [Cyprianus Regneri ab Oosterga, Censura belgica, seu novae notae &amp; animadversiones, quibus omnes &amp; singulae authenticae seu novellae constitutiones Iustin. confirmantur  (Utrecht: W. van Zyll, 1669), 4].</l>
<l>Pauw anatomicus en nog een 0.6</l>
<l>Beeltsnijder over de cathechismus &amp; nog 2 0.12 [Johannes Beeltsnyder, Anathomie, dat is: ontledinge des christelijcken catechismi (Amsterdam: J. Boursse, 1654), 4].</l>
<l>Bartassii wercken en Wtspanning der vernuften 1 [J. van Someren, Uyt-spanning der vernuften, bestaende in geestelijcke en wereltlijcke posy (Gorkum: J. Lever, 16862), 4].</l>
<l>Brunings evangeliums waarheyt en nog een 0.8</l>
<l>Laurentius in Patmos &amp; nog 3 0.8 [Jacob Laurentius, Joann. evang. &amp; apostoli Patmos. Hoc est, expositio septem epistolarum, quas B. Joannes  scripsit ad septemb ecclesias Asiae minoris (Amsterdam: H. Laurentsz, 1629), 4].</l>
<l>Wttenbogaart kerckelijcke verantwoording &amp; nog 3 0.15</l>
<l>5 Latijnse boecken 0.4</l>
<l>Amesio in psalmos 2 vol. 0.8</l>
<l>negen Latijnsche boeken 0.18</l>
<l>Een deel Latijnse boecken aangestaan by Vrient sijn vrouw 20</l>
<l>Een deel boecken soo in folio quarto als octavo bij Vrient sijn vrouw aangestaan voor 10</l>
<l>Nog een deel boecken bij de huijsvrouw van Vrient 8.2</l>
<l>[r] Een deel prenten aangestaan by Vrient 28</l>
<l>Verscheijde bijbeljes, testamentjes en eenige andere boeckjes soo in fransse banden als segreijn leer bij Vriendt aangestaan voor 27</l>
<l>Dito bij de Vrient 26</l>
<l>Lack en ouwelen bij Vrient 2.18</l>
<l>Eenige kleijne boeckjes bij de Vrient sijn vrou 6.12</l>
<l>Kaarten &amp; eenig schoolgoet en eenige a.b.c. borretges bij de Vrient sijn vrou 8</l>
<l>Eenige pennen liniallen griften en papieren &amp;tc. bij de vrou 14.2</l>
<l>Eenige riemen soo wit, blau als grau papieren bij de Vrient 19</l>
<l>Dito van de schrijffboecken aff tot t eijnde van de plank by de vrou van de Vrient 17.2</l>
<l>Grau papieren onder de winkel bij de Vrient sijn vrou 3</l>
<l>[v] In octavo en duodecimo</l>
<l>[]achilin historie onses tyds &amp; fransse tirannije 1.5</l>
<l>De Raad doorlugtig coninckryk &amp; 3 dito by 1.10 [Alhardt de Raadt, Het doorluchtich koninkryk der toekomende werelt (z.pl.: voor de auteur, 1676), 8].</l>
<l>tLeven van Mauris Aurelius &amp; nog vier bij 1.16</l>
<l>Cats trou ring &amp; 3 bij 2</l>
<l>Wtnemende eromena &amp; nog 3 2.10 [J.F. Biondi, Duytmuntende Eromena liefde-en-helde-geval, vert. Simon de Vries, 2 dln. (Amsterdam: J. Benjamin, 1669), 8. Het tweede deel is getiteld De verdrevene princes, of tweede deel der Eromena ].</l>
<l>Historie van Hendrik de Groot en nog vier 1.16</l>
<l>Astrea 1 deel &amp; nog 4 0.12</l>
<l>dOratie van Barlei &amp; nog vier 1.10</l>
<l>Hornii ontleding &amp; nog vier 1.10</l>
<l>Erasmi godts geleertheyt &amp; nog vier 0.12</l>
<l>Ziel banket &amp; nog vier 0.12</l>
<l>Ibrahim Bassa &amp; nog vier 1.4 [Madeleine de Scudry, Des doorlughtigen bassa ibrahims en der volstgandige Isabellae wonder-geschiedenissen (Amsterdam: J. Bouman, 1679), 12].</l>
<l>Secretaris Mostert &amp; nog 4 1.4 [Daniel Mostart, Vermeerderde Nederduytsche secretaris oft zendtbrief schryver (Amsterdam: J. van Ravesteyn, 1656), 12].</l>
<l>Biekens testament &amp; nog 3 0.12</l>
<l>Amboise oorlogh &amp; en nog 3 0.18 [L. Bor, Amboinse oorlogen door Arnold de Vlaming van Oudshoorn als superintendent, over doosterse gewesten oorlogaftig ten eind gebracht (Delft: A. Bon, 1663), 12].</l>
<l>tLeven van konink van Portugaal &amp; nog vyf 0.15 [H. Osorius, Leven en deurluchtig bedrijf van Emanuel den I. koning van Portugael; behelzende dontdecking van Oostindien, vert. F. van Hoogstraten (Rotterdam: F. van Hoogstraten, 1661), 12].</l>
<l>De gulden harp &amp; nog vier 0.12 [K.V.M. (Karel van Mander), De gulden harpe, inhoudende al de liedekens  (Rotterdam: J.W. Vleyser, 1656), 12].</l>
<l>Wegwijser door Italien &amp; nog 3 0.12 [L. van Bos, Wegh-wyser door Italien, of beschrijvinge der landen en steden van Italien (Amsterdam: I. Stangniete, 16653), 12].</l>
<l>Blanckaart vant podagra &amp; nog 4 0.18 [St. Blankaart, Verhandelinge van het podagra en vliegende jicht (Amsterdam: J. ten Hoorn, 1684), 8].</l>
<l>Ziel bancket &amp; nog vijf 0.16</l>
<l>Practijcq der dieven [?] &amp; nog vijf 0.16</l>
<l>Het neefschap van romen &amp; nog 2 0.13 [G. Leti, Het neefschap te Romen: of de neven der roomse pauzen, in de kerkelijke en wereldlijke regeering gedrongen (Amsterdam: J. de Boer en C. Karstens, 1678), 12].</l>
<l>Schatboek der historie &amp; nog 3 0.15</l>
<l>Joost Hendrix predicatie &amp; nog 2 0.12</l>
<l>tLigt der apotheeckers &amp; nog 3 0.15</l>
<l>[r] Onderhout der goede geest &amp; nog 2 0.6 [De la Serre, Het onderhoud der goede geesten, op dydelheden vande werelt (Amsterdam: M. de Groot, 1677), 8].</l>
<l>Secretaris a la mode &amp; nog 4 0.10</l>
<l>Corvini digesta &amp; nog 4 0.12</l>
<l>Pasoris Manuale graeca &amp; nog 4 0.14</l>
<l>Rei publica angelii &amp; nog 4 0.10</l>
<l>Besa nova testamenta &amp; nog 2 0.10</l>
<l>Hartmanni praxis &amp; nog 4 0.8</l>
<l>Aristotilis &amp; nog 4 0.6</l>
<l>Velthuijsen &amp; nog 3 0.4</l>
<l>Horni arke no &amp; nog 3 0.8</l>
<l>Caesaris &amp; nog 3 0.6</l>
<l>Justini berneggeri &amp; nog 3 0.6</l>
<l>Seneca retoris &amp; nog 3 0.6</l>
<l>Beza novum testamentum &amp; nog 4 0.6</l>
<l>Bockelmanni compendium &amp; nog 5 0.10</l>
<l>Theatrum symphatheticum &amp; nog 5 0.8</l>
<l>Corvini enchiridium &amp; nog 4 0.6</l>
<l>Scotani examen &amp; nog 5 0.6</l>
<l>Suenguerdi phicica &amp; nog een 0.4</l>
<l>Erasmus epistolis &amp; nog 3 0.6</l>
<l>Valerii Maximi &amp; nog 3 0.10</l>
<l>Ackersdijk logica &amp; nog 4 0.12</l>
<l>Valeri Cordi &amp; nog 3 0.8</l>
<l>Baudi epistola &amp; nog 3 0.10</l>
<l>Primerosii de vulgi erroribus &amp; nog drie 0.8</l>
<l>Vareni geograhia &amp; nog 3 0.18</l>
<l>Velthuijsen de justitia &amp; nog 2 0.8</l>
<l>Tacquet aritmethica &amp; nog 2 1</l>
<l>Cathecismus bouma &amp; nog 5 0.12</l>
<l>Hedendaagse crygsroman 2 vol. 1.10 [E.G.H., Huidensdaegsche krygs-roman, vervattende een  beschrijving deses acht-jarigen laesten oorloogs door christenrijck, van het jaar 1672. tot het jaar 1680, vert. M.S., 2 dln. (Amsterdam: T. ten Hoorn, 1681), 8].</l>
<l>Een frans psalm-boek &amp; nog 3 0.16</l>
<l>[v] Corvinii &amp; nog 3 0.18</l>
<l>2 Boeckjes met schoon papier 0.16</l>
<l>Homeri opera omnia 2 vol. 1.</l>
<l>Specimen artis 2 vol. &amp; nog 2 1.16 [A.J. Kuffeler, Specimen artis ratiocinandi naturalis &amp; artificialis ad pantasophiae principia manuducens, 3 dln. (Hamburg [Amsterdam?]: H. Kunraht [J. Riewertsz?], 1684), 8].</l>
<l>Cogita ars cogitandi 5 maal 2 [? A. Arnauld, Logica sive ars cogitandi (Leiden: J. Gaal, 1682), 8].</l>
<l>Faces augustae &amp; nog 1 0.3</l>
<l>Flores variorum &amp; nog 5 1</l>
<l>Spanheim de gratia 3 vol. &amp; nog 2 0.12</l>
<l>Grotii de imperio &amp; nog 5 0.10</l>
<l>Munckeri gramatica &amp; nog 4 0.10</l>
<l>Kempi imitatione Cristi &amp;* nog 5 0.12</l>
<l>Schrivelii lexicon 1.10</l>
<l>Flavissiae poeticae &amp; nog 3 0.18</l>
<l>Engelse arcadia 3 delen &amp; nog 4 0.16</l>
<l>Fernelii opera 2 vol. 2</l>
<l>Grotii de jure belli 0.12</l>
<l>[]an de grote Mogol &amp; cristelicke zeevaart 0.16</l>
<l>De wercken van de bruijn &amp; nog 2 1.2</l>
<l>Batelier &amp; nog 3 0.12</l>
<l>Ovidius herschepping &amp; nog 5 0.18</l>
<l>Batelier helder ligt &amp; nog 5 1.4 [Jac. Batelier, Het helder licht over Romeynen negen. in-sonderheydt over de verkiesinge end verwerpinge van Jacob end Esau (Rotterdam: J. Naeranus, 1646), 8].</l>
<l>IJdelheit der fortune &amp; nog 5 0.12 [Chevreau, Ydelheydt en ongestadigheyt der fortuyn, vert. A. Colom (Amsterdam: A. Colom, 1651), 8].</l>
<l>Schatboek der historie &amp; nog 6 1.4</l>
<l>Colloquia Erasmi &amp; nog 4 0.18</l>
<l>Kalliandro 2 vol. &amp; nog 4 0.18</l>
<l>Strada Nedel. historie 2 vol. &amp; nog 3 1.16</l>
<l>Wercken van de bruijn &amp; nog 5 1.8</l>
<l>Boom des levens &amp; nog 4 0.16</l>
<l>Scriverii beschriving vande graven van Holland 2 del. &amp; nog 2 1.4</l>
<l>[r] Ovidius 3 vol. 1.16</l>
<l>Cristelicke zeevaart &amp; nog 3 1.10 [Adamus Westermannus, Christelijcke zee-vaert in XXVI. predicatien, vervat (Middelburg: T. Berry, 1674), 8].</l>
<l>Cats trouring &amp; nog 3 1.6</l>
<l>Gentman tegen de menniste &amp; nog 4 0.6</l>
<l>Dargenis van barclay &amp; Hobbes 1.16</l>
<l>tLeven der pausen 2 delen &amp; nog 2 2.8</l>
<l>Boom des levens &amp; nog 4 1.4</l>
<l>De wercken van de Bruijn &amp; nog 4 1.16</l>
<l>Cats trouring &amp; nog 4 2</l>
<l>Ware aanbidding &amp; nog 6 0.15</l>
<l>Bouma cathecisma &amp; nog 5 0.15</l>
<l>Doorslepen bedrieger &amp; nog 5 1.4 [Alonco de Castillo Solersano, t Leeven en bedrijf van den doorsleepen bedrieger, vert. G.D.B. (Amsterdam: B. Boekholt, 1669), 12].</l>
<l>Fransse woorderije &amp; nog 5 0.12</l>
<l>Beschrijving van Engelland 2 vol. 2</l>
<l>Eenige oude boecken getaxeert &amp; bij Vrient aangestaan voor 4</l>
<l>Dito bij de Vrient sijn vrou voor 6.6</l>
<l>Dito bij de Vrient voor 7</l>
<l>Dito bij de vrou 5</l>
<l>Dito bij de Vrient 10</l>
<l>Eenige boecken bij Vrient 16.6</l>
<l>Mogol &amp; nog 2 boecken bij de Vrient 0.15</l>
<l>Drie Smalcius ongebonden misdruk 0.16</l>
<l>Dito 1.12</l>
<l>Dito 1</l>
<l>Dito 0.16</l>
<l>Partijtge cathecismus praevossius [?]1.5</l>
<l>Misdruk 0.10</l>
<l>Dito 1.6</l>
<l>[v] Misdruk bij de Vrient 1</l>
<l>Dito 1</l>
<l>Dito 1.5</l>
<l>Dito 1.14</l>
<l>Dito 1.1</l>
<l>Dito 1.1</l>
<l>Dito 1.14</l>
<l>Dito 1.8</l>
<l>Dito 2.3</l>
<l>Dito bij de vrou Dito 0.15</l>
<l>Dito bij de Vrient Dito 2.2</l>
<l>Dito 1.16</l>
<l>Dito 0.13</l>
<l>Verscheyde cathalogen 10 vol. 1.10</l>
<l>De winckel, met alle het gereetschap, kraam, zeijlen kist 40</l>
<l>Een deel oude boecken op de voorkamer bij de vrou 3.4</l>
<l>Dito ongebonden 5</l>
<l>[r] Actien ende inneschulden</l>
<l>sr. Loosman 19.7</l>
<l>Van Gulik 1.12</l>
<l>Nog 13.13</l>
<l>procureur Toornvliet 6.6</l>
<l>de hr. Verschuer 3.6</l>
<l>de hr. Brouwer 63.10</l>
<l>de hr. Torreton 2.15</l>
<l>de hr. []egen 14.11</l>
<l>de hr. Hommers 1</l>
<l>de hr. Craijvanger 7.12</l>
<l>professor Trigland 10</l>
<l>oom de Vos 48</l>
<l>de hr. Nimwegen 3.7</l>
<l>de hr. de Haart 4.8</l>
<l>ds. Bremer 45.13</l>
<l>dr. Hubregt  2.14</l>
<l>de hr. Roseboom  12.12</l>
<l>Arij Renier [?] 2.6</l>
<l>Toornvliet schilder 4</l>
<l>de hr. Makreel 3.16</l>
<l>Joff. Stermont 1.14</l>
<l>de hr. []egen in de Heresteeg 1.8</l>
<l>sr. Voegen 1.18</l>
<l>professor Suenguerd 8</l>
<l>Teunis Buer 1.4</l>
<l>sr. Voegen nog 2.15</l>
<l>Arij Renier [?] nog 0.4</l>
<l>sr. Voegen nog 1.13</l>
<l>de hr. Makreel 0.12</l>
<l>Maaswijck 1.12</l>
<l>Joffr. van Leeuwen 1.4</l>
<l>Van der Aar 1.16</l>
<l>de hr. Bailliuw tot Valckenburg 1</l>
<l>de hr. de Man 0.15</l>
<l>de knegt vande buert 1.4</l>
<l>de hr. Nimwegen 0.4</l>
<l>de hr. de Haart 0.6</l>
<l>De inneschulden monteren 294</l>
<l>[v] Schulden ende lasten des boedels</l>
<l>Opt huijsraat te betalen per reste van de cooppenningen cap. 1352</l>
<l>Rest intrest tsedert den eersten Meij 1685</l>
<l>De weescamer wegens den boedel van Aaltje Bastijn capitaal 230</l>
<l>Rest intrest tsedert 1686</l>
<l>De verponding twee jaren 1685 &amp; 1686 a 18 gl. int jaar 36</l>
<l>De tuijn inde roo laan 45</l>
<l>Rest intrest tsedert 1686</l>
<l>De timmerman Arij Gerritsz 85</l>
<l>Van Gulik metselaar 43</l>
<l>De smit 6</l>
<l>Blickslager 4.10</l>
<l>Joffr. Schot 110</l>
<l>De Groot 36</l>
<l>Lozeman 40</l>
<l>Jan Claas ten Hoorn 32</l>
<l>Sweers 22 [Hieronymus Sweerts?]</l>
<l>Oostzaan 12 [A.D. Oossaen]</l>
<l>Schellingerwou 5</l>
<l>Jordaan Lugtmans 5.10</l>
<l>Boutesteijn 7</l>
<l>Schreuder 3 [Abraham Schreuder?]</l>
<l>Brugge 8.16 [Johannes van der Brugge?]</l>
<l>Moque 1.18 [Moucque]</l>
<l>Van Dam 0.16</l>
<l>Advocaat van der Stoffe 21</l>
<l>Toornvliet procureur 36</l>
<l>I[]dik over linden 4</l>
<l>Martgelt 3.3</l>
<l>Pieter Jansz Metselaar</l>
<l>Timmerman 3.6</l>
<l>Schoenmaker 4</l>
<l>t maken vande schutting 2</l>
<l>Verponding vande tuijn inde roo laan</l>
<l>Sout &amp; seep gelt 9</l>
<l>Lantaarn &amp; klappergelt</l>
<l>den brouwer in den dissel 66</l>
<l>Lopes 4</l>
<l>Turfboer 19</l>
<l>Cladschilder 11</l>
<l>Lijstemaker 5</l>
<l>[]ekschulden 10</l>
<l>Frans Voegen 5</l>
<l>Dr. Douw 2</l>
<l>Smeltsing vande medailjes 7</l>
<l>tot Rotterdam van camerhuijer 6</l>
</all>
</person>