<person>
<firstName>unknown</firstName>
<lastName>unknown</lastName>
<dob></dob>
<dod></dod>
<pob></pob>
<pod></pod>
<professional-start></professional-start>
<professional-end></professional-end>
<professions>
</professions>
<literature>Piet Bakker, Crisis? Welke crisis? Kanttekeningen bij het economisch verval van de schilderkunst in Leiden na 1660, De zeventiende eeuw, 27, nr. 2 (2011), n. 98.</literature>
<misc>RAL SA II, 103 (7-5-1716) Toestemming aan Johannes Coster van De Vriendts weduwe om zijn boeken te laten veilen.</misc>
<all>
<l>Aldus gedaan &amp; geinventariseert</l>
<l>de Vrient ende desselfs huisvrouw op den 8e en 9e January 1687.</l>
<l>NA 1435, nr. 94 [scans 15-] (9-1-1687) Scheiding? Getuigen Jan Mortet [?], Johannes Wagens en Jacob Moucque.</l>
<l>NA 1480, nr. 60 (8-8-1687) Veiling van zijn boedel door zijn curateurs: boeken, papier en winkelwaren. Kopers o.a. Van der Aa (3 persen, boekenkasten, planken etc.), Van der Meersche, Haring, Luchtmans, Arnoel, Wagens, Bilderbeeck e.a. Opbrengst slechts 126.17.</l>
<l>RAL SA II, 103 (7-5-1716) Toestemming aan Johannes Coster van De Vriendts weduwe om zijn boeken te laten veilen.</l>
<l>Lit.: Piet Bakker, Crisis? Welke crisis? Kanttekeningen bij het economisch verval van de schilderkunst in Leiden na 1660, De zeventiende eeuw, 27, nr. 2 (2011), n. 98.</l>
</all>
</person>