<person>
<firstName></firstName>
<lastName>Vries (Fries)</lastName>
<dob></dob>
<dod></dod>
<pob>Fries</pob>
<pod></pod>
<professional-start></professional-start>
<professional-end></professional-end>
<professions>
<profession>
<term>boekbinder</term>
<profession-id>43</profession-id></profession>
</professions>
<marriage>KO 31-3-1620 Aeltje Coenraedts uit Emden. Kind: 17-12-1634 HK Johannes (getuige o.a. Johannes Walleus).</marriage>
<literature>Willems 422; Briels 264, 584.</literature>
<misc>Zie Bartholomeus van der Bildt; ook Van der Marsche.</misc>
<all>
<l>Vries (Fries), Asinga (Asinck) Ellerts de (* Groningen c. 1595   Emden ?; w. 1620-1635)</l>
<l>Boekbinder.</l>
<l>In 1626 nog in Leiden, maar datzelfde jaar boekverkoper te Emden.</l>
<l>Huwelijk: KO 31-3-1620 Aeltje Coenraedts uit Emden. Kind: 17-12-1634 HK Johannes (getuige o.a. Johannes Walleus).</l>
<l>1626 Gedaagd door de magistraat met andere boekverkopers vanwege de verkoop van het pamflet Den Hollandsche apocalypsis.</l>
<l>NA 109b, nr. 52 (2-7-1633) Getuige bij akte.</l>
<l>NA 375, nr. 74 (25-1-1634) Getuige bij akte.</l>
<l>NA ? (2-9-1634) Contract met Frans de Heger (vgl. Het Rapenburg V, 765, n. 29).</l>
<l>NA 376, nr. 15 (17-3-1635) Obligatie aan brouwer Abraham Jansz IJpelaer van 129.10 voor geleverd bier.</l>
<l>NA 376, nr. 20 (31-3-1635) Obligatie voor geleverd bier.</l>
<l>NA 376, nr. 151 [?; volgorde in de war] (1635) Akte.</l>
<l>Zie Bartholomeus van der Bildt; ook Van der Marsche.</l>
<l>Lit.: Willems 422; Briels 264, 584.</l>
</all>
</person>