<person>
<firstName>Dirck Jansz</firstName>
<lastName>Vries</lastName>
<dob></dob>
<dod></dod>
<pob>leeuwarden</pob>
<pob-id>4</pob-id>
<pod></pod>
<professional-start>1655</professional-start>
<professional-end></professional-end>
<professions>
<profession>
<term>boekbinder</term>
<profession-id>43</profession-id></profession>
</professions>
<marriage>KO 24-4-1655 Maria Marynus van Utrecht (getuige zijn bekende Pieter Baekelaer).</marriage>
<address>1655 Doelengracht.</address>
<street>Doelengracht</street>
<street-id>9</street-id>
<lat>52.1579278</lat>
<lon>4.4839384
</lon>
<misc>unknown</misc>
<all>
<l>Vries, Dirck Jansz (* Leeuwarden; w. 1655)</l>
<l>Boekbinder.</l>
<l>Adres: 1655 Doelengracht.</l>
<l>Huwelijk: KO 24-4-1655 Maria Marynus van Utrecht (getuige zijn bekende Pieter Baekelaer).</l>
</all>
</person>