<person>
<firstName>Adriaen Claesz</firstName>
<lastName>Vrijenberch</lastName>
<dob></dob>
<dod></dod>
<pob>delft</pob>
<pob-id>8</pob-id>
<pod></pod>
<professional-start>1619</professional-start>
<professional-end></professional-end>
<professions>
<profession>
<term>boekverkoper</term>
<profession-id>1</profession-id></profession>
<profession>
<term>verkoper</term>
<profession-id>25</profession-id></profession>
</professions>
<marriage>1. Annetje Floris; 2. SH 23-7-1619 Marijtje Gerrits uit Gouda (getuige zijn toekomende zwager Thomas Gerytsz; huwelijk te Gouda?).</marriage>
<misc>unknown</misc>
<all>
<l>Vrijenberch, Adriaen Claesz (* Delft; w. 1619)</l>
<l>Boekverkoper.</l>
<l>Huwelijk: 1. Annetje Floris; 2. SH 23-7-1619 Marijtje Gerrits uit Gouda (getuige zijn toekomende zwager Thomas Gerytsz; huwelijk te Gouda?).</l>
</all>
</person>