<person>
<firstName>Lucas van</firstName>
<lastName>Vuyren [Vueren]</lastName>
<dob>1626</dob>
<dod></dod>
<pob>leiden</pob>
<pob-id>1</pob-id>
<pod></pod>
<professional-start>1653</professional-start>
<professional-end></professional-end>
<professions>
<profession>
<term>boekverkoper</term>
<profession-id>1</profession-id></profession>
<profession>
<term>verkoper</term>
<profession-id>25</profession-id></profession>
</professions>
<marriage>KO 12-4-1653 Johanna van der Linden uit Utrecht (hij heet hier Louys).</marriage>
<address>1653 Lokhorststraat.</address>
<street>Lokhorststraat</street>
<street-id>31</street-id>
<lat>52.1585065</lat>
<lon>4.4879014
</lon>
<literature>Thesaurus; Het Rapenburg Va, 44.</literature>
<misc>NA 828, nr. 67 (15-6-1654) Lucas van Vuyren verkoopt aan Bartholomeus van Swanevelt twee grafsteden in de Pieterskerk achter de preekstoel, nr. 28 en ongenummerd, beide met zijn wapen erin gehouwen, voor 200 met recht van terugkoop.</misc>
<all>
<l>Vuyren [Vueren], Lucas van (* Leiden 1626 [doop HK 8-9]; w. 1653)</l>
<l>Boekverkoper.</l>
<l>Zoon van Josias Lucasz van Vuyren en ? (getuige Elisabeth Jans Smits, echtgenote van Matthijs Elsevier en Elisabeth Elsevier). Vgl. NA 330, nr. 85 (1627) Akte Esaias Lucas van Vueren.</l>
<l>Adres: 1653 Lokhorststraat.</l>
<l>Huwelijk: KO 12-4-1653 Johanna van der Linden uit Utrecht (hij heet hier Louys).</l>
<l>In 1649 in dienst bij Bonaventura Elsevier, zijn neef.</l>
<l>NA 828, nr. 67 (15-6-1654) Lucas van Vuyren verkoopt aan Bartholomeus van Swanevelt twee grafsteden in de Pieterskerk achter de preekstoel, nr. 28 en ongenummerd, beide met zijn wapen erin gehouwen, voor 200 met recht van terugkoop.</l>
<l>Lit.: Thesaurus; Het Rapenburg Va, 44.</l>
</all>
</person>