<person>
<firstName>Isaac de</firstName>
<lastName>Waal</lastName>
<dob></dob>
<dod></dod>
<pob>leiden</pob>
<pob-id>1</pob-id>
<pod></pod>
<professional-start>1654</professional-start>
<professional-end>1660</professional-end>
<professions>
<profession>
<term>boekverkoper</term>
<profession-id>1</profession-id></profession>
<profession>
<term>verkoper</term>
<profession-id>25</profession-id></profession>
</professions>
<marriage>SH 4-11-1654 Cathalyntje van Sonhoven uit Rotterdam (huwt aldaar).</marriage>
<address>1654 Nieuwstraat; 1655 Bij de Hooglandse kerk, in de gekroonde bijbel; 1659 op den Burg.</address>
<street>Nieuwstraat</street>
<street-id>40</street-id>
<lat>52.1571066</lat>
<lon>4.4946585
</lon>
<literature>Thesaurus.</literature>
<misc>GAA, NA ? (notaris J. van Oli, 30-8-1662) Genoemd als schuldenaar in de boedel van Paulus Aertsz van Ravesteijn te Amsterdam. Hij staat in het krijt voor 256.14 prijs. KS 581-606.</misc>
<all>
<l>Waal, Isaac de (* Leiden; w. 1654-60)</l>
<l>Boekverkoper.</l>
<l>Adres: 1654 Nieuwstraat; 1655 Bij de Hooglandse kerk, in de gekroonde bijbel; 1659 op den Burg.</l>
<l>Huwelijk: SH 4-11-1654 Cathalyntje van Sonhoven uit Rotterdam (huwt aldaar).</l>
<l>NA 828, nr. 145 (12-12-1654) Contract met Pieter Barentsz van der Heyde, vader van Barent Pietersz van der Heyde. Barent zal 4 jaar bij De Wael in dienst zijn, ingaande per 24-6-1654. Loon: I 6 st. II 10 st. III 14 st. IV 18 st. per week, plus een gebonden bijbel met annotaties.</l>
<l>NA 637, nr. 141 (1660) Akte.</l>
<l>GAA, NA ? (notaris J. van Oli, 30-8-1662) Genoemd als schuldenaar in de boedel van Paulus Aertsz van Ravesteijn te Amsterdam. Hij staat in het krijt voor 256.14 prijs. KS 581-606.</l>
<l>Lit.: Thesaurus.</l>
</all>
</person>