<person>
<firstName>Johan van</firstName>
<lastName>Waalwijck</lastName>
<dob></dob>
<dod></dod>
<pob>utrecht</pob>
<pob-id>3</pob-id>
<pod></pod>
<professional-start>1682</professional-start>
<professional-end>1685</professional-end>
<professions>
<profession>
<term>boekbinder</term>
<profession-id>43</profession-id></profession>
</professions>
<marriage>KO (Lutherse Kerk) 14-8-1682 Hendriette Pickert van der Heyde. Kinderen: doop HK 15-7-1683 Maria; PK 8-8-1685 Johannes.</marriage>
<misc>unknown</misc>
<all>
<l>Waalwijck, Johan van (* Utrecht?; w. 1682-85)</l>
<l>Boekbinder.</l>
<l>Huwelijk: KO (Lutherse Kerk) 14-8-1682 Hendriette Pickert van der Heyde. Kinderen: doop HK 15-7-1683 Maria; PK 8-8-1685 Johannes.</l>
</all>
</person>