<person>
<firstName>Anthon van</firstName>
<lastName>Borselen</lastName>
<dob></dob>
<dod></dod>
<pob></pob>
<pod></pod>
<professional-start>1685</professional-start>
<professional-end></professional-end>
<professions>
<profession>
<term>boekverkoper</term>
<profession-id>1</profession-id></profession>
<profession>
<term>verkoper</term>
<profession-id>25</profession-id></profession>
</professions>
<literature>Ledeboer.</literature>
<misc>unknown</misc>
<all>
<l>Borselen, Anthon van (w. 1685)</l>
<l>Boekverkoper?</l>
<l>Lit.: Ledeboer.</l>
</all>
</person>