<person>
<firstName>de huisvrouw van</firstName>
<lastName>Waalswyk</lastName>
<dob></dob>
<dod></dod>
<pob></pob>
<pod></pod>
<professional-start>1766</professional-start>
<professional-end></professional-end>
<professions>
<profession>
<term>speelkaartverkoopster</term>
<profession-id>14</profession-id></profession>
</professions>
<address>hoek Noordeinde.</address>
<street>Noordeinde</street>
<street-id>42</street-id>
<lat>52.1601961</lat>
<lon>4.4834252
</lon>
<guild>Contribuant 1766 Contribuant (AB 83c, f. 95).</guild>
<misc>unknown</misc>
<all>
<l>Waalswyk, de huisvrouw van (w. 1766)</l>
<l>Speelkaartverkoopster.</l>
<l>Adres: hoek Noordeinde.</l>
<l>Gilde: Contribuant 1766 Contribuant (AB 83c, f. 95).</l>
</all>
</person>