<person>
<firstName>Abraham [van]</firstName>
<lastName>Waelpot</lastName>
<dob></dob>
<dod></dod>
<pob>delft</pob>
<pob-id>8</pob-id>
<pod></pod>
<professional-start>1660</professional-start>
<professional-end></professional-end>
<professions>
<profession>
<term>boekverkoper</term>
<profession-id>1</profession-id></profession>
<profession>
<term>verkoper</term>
<profession-id>25</profession-id></profession>
</professions>
<marriage>KO 18-1-1650 Elisabeth Cruysius uit Bleiswijk (getuige zijn vader en Johannes Cruysius uit Haarlem). Kind: doop HK 2-9-1660 Cornelia.</marriage>
<guild>23-6-1660 Vrijmeester (AB 83a, f. 103).</guild>
<misc>NA 460, nr 198 (1666) Zijn weduwe genoemd in de boedel van Gerrit Willemsz van Swanenburg, weduwnaar van Elisabeth Joris van der Marsche, met schulden van 3.2.8, 6.5 en 3.8, o.a. voor geleverd papier (zie onder Gerrit Jorisz van der Marsche).</misc>
<all>
<l>Waelpot, Abraham [van] (* Delft; w. Delft 1660)</l>
<l>Boekverkoper.</l>
<l>Zoon van de Delftse boekdrukker Jan Pietersz Waelpot. Ten tijde van zijn huwelijk werkzaam in Delft.</l>
<l>Huwelijk: KO 18-1-1650 Elisabeth Cruysius uit Bleiswijk (getuige zijn vader en Johannes Cruysius uit Haarlem). Kind: doop HK 2-9-1660 Cornelia.</l>
<l>Gilde: 23-6-1660 Vrijmeester (AB 83a, f. 103).</l>
<l>NA 457, nr. 298 (16-12-1663) Verklaring van zijn weduwe Elisabeth Cruysius n.a.v. een obligatie van 300 aan Johan van der Brouck te Steenbergen.</l>
<l>NA 460, nr 198 (1666) Zijn weduwe genoemd in de boedel van Gerrit Willemsz van Swanenburg, weduwnaar van Elisabeth Joris van der Marsche, met schulden van 3.2.8, 6.5 en 3.8, o.a. voor geleverd papier (zie onder Gerrit Jorisz van der Marsche).</l>
</all>
</person>