<person>
<firstName>Antonie</firstName>
<lastName>Wage [Wagen]</lastName>
<dob></dob>
<dod></dod>
<pob></pob>
<pod></pod>
<professional-start>1761</professional-start>
<professional-end></professional-end>
<professions>
<profession>
<term>verkoper</term>
<profession-id>25</profession-id></profession>
</professions>
<marriage>1. c. 1765 Cornelia Verhagen. Kinderen: doop MK 11-4-1756 Jacoba Maria; MK 7-11-1762 Johannes; HK 13-9-1764 Katrina; HK 6-10-1767 Cornelia; 2. KO 21-6-1787 Jannetje de Wever, weduwe van Pieter Broekhoff (getuige zijn zoon Cornelis).</marriage>
<address>1787 Mare.</address>
<street>Mare</street>
<street-id>33</street-id>
<lat>52.1639065</lat>
<lon>4.4895512
</lon>
<guild>Contribuant 6-7-1761 Contribuant (AB 83a, f. 24Bv).</guild>
<misc>NA 2273, nr. 168 (1759) Mutueel testament.</misc>
<all>
<l>Wage [Wagen], Antonie (w. 1761)</l>
<l>Verkoper van papier en schoolboeken.</l>
<l>Adres: 1787 Mare.</l>
<l>Huwelijk: 1. c. 1765 Cornelia Verhagen. Kinderen: doop MK 11-4-1756 Jacoba Maria; MK 7-11-1762 Johannes; HK 13-9-1764 Katrina; HK 6-10-1767 Cornelia; 2. KO 21-6-1787 Jannetje de Wever, weduwe van Pieter Broekhoff (getuige zijn zoon Cornelis).</l>
<l>Gilde: Contribuant 6-7-1761 Contribuant (AB 83a, f. 24Bv).</l>
<l>NA 2270, nr. 15 (1756) Mutueel testament.</l>
<l>NA 2273, nr. 168 (1759) Mutueel testament.</l>
</all>
</person>