<person>
<firstName>Salomon</firstName>
<lastName>Wagenaar</lastName>
<dob>1675</dob>
<dod></dod>
<pob>Leiden pre-</pob>
<pob-id>1</pob-id>
<pod></pod>
<professional-start>1656</professional-start>
<professional-end>1667</professional-end>
<professions>
<profession>
<term>boekverkoper</term>
<profession-id>1</profession-id></profession>
<profession>
<term>verkoper</term>
<profession-id>25</profession-id></profession>
</professions>
<marriage>SH 2/19-11-1656 Anna Davidts Denys (getuige zijn zwager Johannes Seehuysens). Kinderen: 9-9-1657 Lutherse Kerk Doop zoon Matthias.</marriage>
<address>1656 Cortsteeg; 1658-62 Kloksteeg.</address>
<street>Kloksteeg</street>
<street-id>22</street-id>
<lat>52.1572547</lat>
<lon>4.4873558
</lon>
<guild>1654 L bij Jan Maire. 16-2-1657 Vrijmeester (AB 83a, f. 69). Hoofdman 1660, 1666-67.</guild>
<auction>27-6-1663 anon. (KBK); 14-10-1665 Rudolphus Heggerus (OHC 6-10-1665); 27-9-1668 Pieter Leffen (KBK; OHC 18-9-1668); 1-5-1669 anon. (OHC 27-4-1669); 5-5-1670 assortiment (OHC 24-4-1670); 17-10-1670 assortiment (OHC 4-10-1670).</auction>
<misc>NA 1119, nr.  (3-5-1675) Obligatie van Anna Denijs van 500 aan Corn. de Jongh, Heer van Elmeet (rente 5%).</misc>
<all>
<l>Wagenaar, Salomon (* Leiden;  Leiden pre-1675; w. 1656-67)</l>
<l>Boekverkoper. Luthers.</l>
<l>Zoon van Mathijs Wagenaar en Judith Abrahams (zij woonde in 1661 op de Breestraat).</l>
<l>Adres: 1656 Cortsteeg; 1658-62 Kloksteeg.</l>
<l>Huwelijk: SH 2/19-11-1656 Anna Davidts Denys (getuige zijn zwager Johannes Seehuysens). Kinderen: 9-9-1657 Lutherse Kerk Doop zoon Matthias.</l>
<l>Gilde: 1654 L bij Jan Maire. 16-2-1657 Vrijmeester (AB 83a, f. 69). Hoofdman 1660, 1666-67.</l>
<l>Personeel: 1-10-1660 zijn zwager Balthasar Davidsz Denys L voor 4 jaar; 29-3-1663 Dirk Abrahamsz Karreman, oud 13 jaar, L voor 4 jaar; 20-12-1667 Abraham Schreuder* voor 4 jaar (AB 83a, f. 69).</l>
<l>Getuigenisboek Y, f. 184v (boekverkoper).</l>
<l>Veilingen: 27-6-1663 anon. (KBK); 14-10-1665 Rudolphus Heggerus (OHC 6-10-1665); 27-9-1668 Pieter Leffen (KBK; OHC 18-9-1668); 1-5-1669 anon. (OHC 27-4-1669); 5-5-1670 assortiment (OHC 24-4-1670); 17-10-1670 assortiment (OHC 4-10-1670).</l>
<l>In 1653-54 getuige bij talloze akten van notaris Nicolaes Paedts, samen met Jan Maire en Jan Maire de jonge.</l>
<l>Gerechtsdagboeken: 81, f. 283, 284.</l>
<l>NA 672, nr. 105 (20-8-1654) Procuratie van Maire om diens schulden te liquideren.</l>
<l>NA 450, nr. 175 (6-9-1657) Assisteert zijn moeder bij het leercontract van haar zoon Abraham in het wolscheiden.</l>
<l>NA 673, nr. 151 (5-11-1658) Obligatie aan Maire van 1000 voor gekochte boeken.</l>
<l>NA 694, nr. 201 (9-12-1658) Frans Moeyaert verkoopt aan hem huis aan de Kloksteeg NZ, aan de achterkant grenzend aan het huis van David Lopez voor 5200.</l>
<l>NA 694, nrs. 47, 49 (5-6-1659) Akten betreffende familiezaken.</l>
<l>NA 674, nr. 37 (3-7-1659) Obligatie aan zijn moeder van 1400. Getuige o.a. Maire.</l>
<l>NA 674, nr. 123 (10-11-1660) Deelnemer anti-nadruk contract.</l>
<l>NA 454, nr. 26 (28-1-1661) Verklaring t.b.v. Pieter Didier, dat hij op 7-12-1660 aanwezig is geweest in de Witte Doelen bij een gesprek tussen Didier en dr. Lodewijc Gerstecoorn (rest onleesbaar).</l>
<l>NA 674b, nr. 28 (8-4-1661) Obligatie aan Jan Maire van 1000 voor boeken gekocht op de auctie van 16 maart. Voldaan 16-3-1667.</l>
<l>NA 675a, nr. 45 (4-7-1662) Mutueel testament met Anna Davidts de Nijs.</l>
<l>RA 4, Correctieboek N, ff. 138v-139r (14-12-1662) Veroordeling met Pieter Arnoel, Johannes van der Brugge en Johannes Wagens wegens de verkoop van pamfletten van Pieter de la Court dan wel het boek Politicque discoursen. Arnoel verkocht alleen de pamfletten. Straf: verbeurte van de in beslag genomen exemplaren, 1 zilveren ducaton en de kosten van het proces.</l>
<l>OHC 6-10-1665 Ter Huyse van Salomon Wagenaer, Boeckverkooper in de Klocksteegh, binnen Leyden, sullen op de 14 October verkocht werden de nagelaten Boecken van de E: Heer N. Rudolphus Heggerus, in sijn leven Predicant van de Augsburgse Confessi aldaer.</l>
<l>NA 460, nr 198 (1666) Genoemd in de boedel van Gerrit Willemsz van Swanenburg, weduwnaar van Elisabeth Joris van der Marsche, met een schulden van 10 voor geleverd papier (zie onder Gerrit Jorisz van der Marsche).</l>
<l>OHC 17-4-1666 Tot Leyden, by Salomon Wagenaer, Boeckverkooper, wordt uytgegeven Henr. Bruyno: Mengel-Moes, van verscheyde Gedichten; op allerhande voor-vallende saecken. Begreepen in Twee Deelen. In 8. ** Item, Iohannis Heuroii Ultrajectini Institutiones Medicinae. Editio Ultima, prioribus longe emendiator, &amp; auctior. In 12.</l>
<l>NA 677, nr. 32 (25-5-1666) Consent met Judith Abrahams, weduwe Mathijs Wagenaar voor het huwelijk van haar zoon Jacob te Amsterdam met Cath. Blauwenhelm.</l>
<l>NA 677, nr. 53 (8-11-1666) Verklaring Franciscus Hackius, oud 42 jaar, en Salomon Wagenaar, oud 34 jaar, t.v.v. de Amsterdamse boekverkoper Joost Pluymers. Hackius verklaart dat hij op zijn laatste auctie aan kopers die contant betaalden 6% korting heeft gegeven; Wagenaar verklaart dat hij indertijd, toen hij met de administratie was belast van de boedel van Louis Elzevier en zijn weduwe Eva van Alphen diens boeken ter veiling bracht, aan de kopers die contant betaalden 10% korting is gegeven. Getuige de drukkersgasten Pieter Drummond en Jac. de Vinck.</l>
<l>NA 854, nr. 132 (1-9-1667) Borgstelling van Judith Abrahams, wed. Mathijs Wagenaar, voor Salomon Wagenaar ten gunste van de erven van Jan Maire (zie onder Maire).</l>
<l>NA 1108, nr. 1 (6-4-1667) Borgstelling voor de schaarslijper David Jochemsz Denijs.</l>
<l>OHC 18-9-1668 Den 27 September sullen tot Leyden, ten Huyse van Salomon Wagenaer, verkocht werden de nagelaten Boecken van Pieter Leffen, in sijn Leven Boeckverkoper, bestaende in alderhanden Faculteyten en Talen: waer van de Catalogus te bekomen is tot Amsterdam by Iacobus Wagenaer, tot Rotterdam by Aernout Leers, tot Uytrecht by Iacobus van Doyenburgh, in den Haegh by Michiel van Heyningen.</l>
<l>SA 81 (Gerechtsdagboek NN), f. 283r (14-3-1669) Consent aan Salomon Wagenaer voor een veiling; opz. 50 st.</l>
<l>OHC 27-4-1669 Op Woensdagh, zijnde den 1 Mey, sullen tot Leyden, ten Huyse van Salomon Wagenaer, verkocht werden veelderhande schoone Boecken, in alderhande Faculteyten en Talen; waer van de Cataloguen te bekomen zijn tot Amsterdam by Iacobus Wagenaer, tot Rotterdam by Arnout Leers, tot Haerlem by Abraham Casteleyn, tot Uytrecht by Gijsbert van Zijl, ende in den Haegh by Michiel van Heyningen.</l>
<l>SA 81 (Gerechtsdagboek NN), f. 284r (16-8-1669) Consent voor een veiling; opz. 30 st.</l>
<l>OHC 24-4-1670 Op Maendagh den 5 Mey, en volgende Dagen, sal, s Morgens ten 8, en 's Middags ten 2 uren, ten Huyse van de Weduwe van Salomon Wagenaer, Boeckverkoopster in de Klock-steegh, tot Leyden, verkocht werden de naegelaten Boecken van Salomon Wagenaer zal:, in sijn leven Boeckverkooper aldaer, bestaende in alderhande Faculteyten en Talen, gelijck breder by de Catalogus te sien is, welcke is te bekomen by de Weduwe voornoemt, tot Amsterdam by Iacobus Wagenaer, tot Rotterdam by Arnout Leers, tot Uytrecht by Iacob Doeyenburgh, in den Haegh by Daniel Steucker, tot Delft by Plantenburgh, tot Dort by van Nispen, tot Middelburgh by Goeree, tot Hoorn by Gerbrant Martensz, tot Enckhuysen by Kluppel, tot Nimwegen by Smetius, tot Franeker by Iacob Pietersz, tot Haerlem by Iacob van Beverwijck, tot Gouda by Endenburgh, en op andere Plaetsen meer. Vgl. Catalogus variorum ... librorum tam compactorum quam incompactorum, Leiden: weduwe Salomon Wagenaar, 1670, 4, 48 pp. (Wolfenbttel; BSC 2397). Vgl. SA 82 (Gerechtsdagboek OO), f. 239v (24-4-1670) Consent aan zijn weduwe Anna Denys. Opzienders 2.10.</l>
<l>OHC 4-10-1670 Op den 17 October sal men tot Leyden, in de Klock-steegh, ten Huyse van de Weduwe van Salomon Wagenaer zal: verkoopen voortreffelijcke Boecken, bestaende in alderhande Faculteyten en Talen, gelijck breeder by de Catalogus te sien is.</l>
<l>NA 1119, nr.  (3-5-1675) Obligatie van Anna Denijs van 500 aan Corn. de Jongh, Heer van Elmeet (rente 5%).</l>
</all>
</person>