<person>
<firstName>Johannes I</firstName>
<lastName>Wagens</lastName>
<dob></dob>
<dod></dod>
<pob>rotterdam</pob>
<pob-id>38</pob-id>
<pod></pod>
<professional-start>1659</professional-start>
<professional-end>1712</professional-end>
<professions>
<profession>
<term>boekverkoper</term>
<profession-id>1</profession-id></profession>
<profession>
<term>verkoper</term>
<profession-id>25</profession-id></profession>
</professions>
<marriage>1. KO 2-4-1659 (huwelijk gesloten op 6-5-1659 te Koudekerk) Catharina le Bor[g]ne, weduwe van Cornelis Banheyning (getuigen zijn bekende David le Borgne en haar toekomstige schoonmoeder Catharina Wagens uit Rotterdam). Kinderen: doop HK 19-8-1660 Anna; HK 3-8-1662 Hendrick; HK 20-7-1664 Maria; HK 1-9-1667 Johannes; HK 9-6-1669 Johannes; 2. KO 28-12-1673 Elisabeth Braeckenburgh uit Amsterdam, weduwe van Abraham van Uylenbroeck (getuige zijn bekende Helena Mannekes). Kinderen: doop PK 26-9-1674 Catharina; HK 13-6-1677 Menno; HK 5-5-1676 Vroutje.</marriage>
<address>1659 Kloksteeg, In de vergulde kerck-bijbel; 1659-98 Breestraat, in de Nieuwe Staten Bybel en In de vergulde kerkbijbel; 1712 Choorlammersteeg.</address>
<street>Kloksteeg</street>
<street-id>22</street-id>
<lat>52.1572547</lat>
<lon>4.4873558
</lon>
<guild>2-7-1659 Vrijmeester (AB 83a, f. 37).</guild>
<auction>2-6-1670 ds. Ioannes Horstius, predikant te Alphen (OHC 24-5-1670); 22-9-1698 Bibliotheek jurist Johannes van der Sluys (KVB Nv 49) met lijstje verboden boeken.</auction>
<misc>In Rotterdam waren diverse leden van familie Wagens als boekverkoper actief.</misc>
<all>
<l>Wagens, Johannes I (* Rotterdam; w. 1659-1712)</l>
<l>Boekverkoper.</l>
<l>Zoon van ? Wagens en Catharina Wagens.</l>
<l>Adres: 1659 Kloksteeg, In de vergulde kerck-bijbel; 1659-98 Breestraat, in de Nieuwe Staten Bybel en In de vergulde kerkbijbel; 1712 Choorlammersteeg.</l>
<l>Huwelijk: 1. KO 2-4-1659 (huwelijk gesloten op 6-5-1659 te Koudekerk) Catharina le Bor[g]ne, weduwe van Cornelis Banheyning (getuigen zijn bekende David le Borgne en haar toekomstige schoonmoeder Catharina Wagens uit Rotterdam). Kinderen: doop HK 19-8-1660 Anna; HK 3-8-1662 Hendrick; HK 20-7-1664 Maria; HK 1-9-1667 Johannes; HK 9-6-1669 Johannes; 2. KO 28-12-1673 Elisabeth Braeckenburgh uit Amsterdam, weduwe van Abraham van Uylenbroeck (getuige zijn bekende Helena Mannekes). Kinderen: doop PK 26-9-1674 Catharina; HK 13-6-1677 Menno; HK 5-5-1676 Vroutje.</l>
<l>Gilde: 2-7-1659 Vrijmeester (AB 83a, f. 37).</l>
<l>Personeel: 2-7-1659 Abraham Boleyn L voor 4 jaar (accoord); 3-4-1662 Daniel van den Dalen (*?) voor 4 jaar (accoord) (AB 83a, f. 37). Zijn zoon Johannes was eerst knecht bij Johannes du Vivi (zie aldaar), later boekverkoper te Utrecht.</l>
<l>Gerechtsdagboeken: 81, f. 273v; 82, f. 204, 238v; 85, f. 246.</l>
<l>NA 765, nr. 101 (10-4-1659) Huwelijkse voorwaarden met Catharina le Borgne.</l>
<l>NA 455, nr. 72 (1-3-1662) Verklaring met Catharina le Borgne dat zij een erfdeel van de familie Banheyning hebben ontvangen.</l>
<l>GAA, NA ? (not. J. van Oli, 30-8-1662) Genoemd als schuldenaar in de boedel van Paulus Aertsz van Ravesteijn te Amsterdam. Hij staat in het krijt voor 172.4 prijs. KS 581-606.</l>
<l>RA 4, Correctieboek N, ff. 138v-139r (14-12-1662) Veroordeling met Pieter Arnoel, Johannes van der Brugge en Salomon Wagenaar wegens de verkoop van pamfletten van Pieter de la Court dan wel het boek Politicque discoursen. Arnoel verkocht alleen de pamfletten. Straf: verbeurte van de in beslag genomen exemplaren, 1 zilveren ducaton en de kosten van het proces.</l>
<l>NA 771, nr. 602 (30-12-1662) Mutueel testament met Catharina le Borgne.</l>
<l>NA 932, nr.  (1-5-1664) Huurt huis op de Breestraat van Dorothea Michiels van Ockenburg (?), weduwe Cornelis Maartensz van Vliethoorn, voor 2 jaar  215.</l>
<l>NA 1030, nr. 56 (26-1-1665) Machtiging aan de Amsterdamse boekverkoper Jacob Benjamin om van ... Agata (?) 35.7 te innen wegens geleverde boeken.</l>
<l>NA 943, nr. 24 (18-6-1665) Verklaring t.b.v. Anna Meulemans.</l>
<l>NA 460, nr 198 (1666) Genoemd in de boedel van Gerrit Willemsz van Swanenburg, weduwnaar van Elisabeth Joris van der Marsche, met schulden van 16.2 (voor geleverd papier) en 10 (zie onder Gerrit Jorisz van der Marsche).</l>
<l>OHC 24-5-1670 Tot Leyden, ten Huyse van Iohannes Wagens, Boeckverkooper op de Bree-straet, sullen op Maendagh den 2 Iuny, en volgende Dagen, verkocht werden de naergelaten Boecken van zal: D. Ioachimus Horstius, in sijn leven Predicant tot Alphen; bestaende in rare Latijnse, Franse en Nederduytse Boecken, voornamentlijck in de Theologie en Historye; alwaer de Catalogus te bekomen is.</l>
<l>NA 1147, nr. 62 (23-3-1672) Mutueel testament.</l>
<l>NA 1369, nr. 7 (22-2-1684) Mutueel testament met Elisabeth Brakenburg (genoemd worden drie voorkinderen: Hendrik, Anna en Jan).</l>
<l>NA 1290, nr. 96 (6-1-1695) Testament Barent Spanbroeck, inwonend bij Wagens; vlgs. de laatste bepaling kreeg Catharina Wagens, als zij ongetrouwd bleef, 100).</l>
<l>NA 1465, nr. 123 (24-12-1703) Obligatie van Johannes Wagens jr. aan Pieter van der Aa t.b.v. 964.13 voor boeken gekocht op diens auctie op 6/8-12-1702; Johannes sr. borg.</l>
<l>NA 1177a, nr. 13 (27-4-1712) Aanstelling van Daniel van den Dalen en Jan van Garderen tot voogden over zijn kinderen met uitsluiting van de Weeskamer.</l>
<l>NA 1177a, nr. 14 (27-4-1712) Procuratie aan Daniel van den Dalen en Jan van Garderen om zijn huis op de hoek van de Choorlammersteeg alsmede de inboedel te verkopen.</l>
<l>NA 1177a, nr. 17 (23-6-1712) Testament. Hij heeft drie dochters  Anna, Kaatje en Vrouwtje  en een zoon Johannes. Zij erven elk een kwart.</l>
<l>Veilingen: 2-6-1670 ds. Ioannes Horstius, predikant te Alphen (OHC 24-5-1670); 22-9-1698 Bibliotheek jurist Johannes van der Sluys (KVB Nv 49) met lijstje verboden boeken.</l>
<l>13-6-1712 Veiling door Johannes du Vivie van zijn Nederduitse boeken in verschillende faculteiten (adv. OHC 26 en 31-5 en 11-6-1712). Geen toestemming in RA. Apparaat Van Goinga.</l>
<l>In Rotterdam waren diverse leden van familie Wagens als boekverkoper actief.</l>
</all>
</person>