<person>
<firstName>Johannes jr.</firstName>
<lastName>Wagens</lastName>
<dob>1712</dob>
<dod></dod>
<pob>Leiden pre-?</pob>
<pob-id>1</pob-id>
<pod></pod>
<professional-start></professional-start>
<professional-end></professional-end>
<professions>
<profession>
<term>boekverkoper</term>
<profession-id>1</profession-id></profession>
<profession>
<term>verkoper</term>
<profession-id>25</profession-id></profession>
</professions>
<guild>K bij Johannes du Vivi (zie aldaar).</guild>
<misc>Zoon van Johannes Wagens sr. en Catharina le Borgne.</misc>
<all>
<l>Wagens, Johannes jr. (* Leiden 1669 [doop HK 9-6]; w. Utrecht; Leiden pre-1712?)</l>
<l>Boekverkoper?</l>
<l>Zoon van Johannes Wagens sr. en Catharina le Borgne.</l>
<l>Gilde: K bij Johannes du Vivi (zie aldaar).</l>
</all>
</person>