<person>
<firstName>Maerten Jansz</firstName>
<lastName>Wanna</lastName>
<dob></dob>
<dod></dod>
<pob>leiden</pob>
<pob-id>1</pob-id>
<pod></pod>
<professional-start>1664</professional-start>
<professional-end></professional-end>
<professions>
<profession>
<term>letterzetter</term>
<profession-id>4</profession-id></profession>
</professions>
<marriage>1. SH 20-4/6-5-1663 Aryaentje Meynderts van Hogendijck uit Leiden, op de Haarlemmerstraat (getuige zijn vader in de Bouwelouwesteeg en haar zuster Aeltje Cornelis); 2. SH 12/28-9-1664 Catharina Dircx van Vrancke uit het land van Cuijk, in de Nonnensteeg (getuige zijn vader en haar bekende Barber Crijnen).</marriage>
<address>1663 Levendaal; 1664 Bouwelouwesteeg.</address>
<street>Levendaal</street>
<street-id>30</street-id>
<lat>52.1548779</lat>
<lon>4.4946662
</lon>
<misc>NA 749, nr. 64 (9-8-1663) Verklaring t.v.v. Eva van Alphen dat hij samen met wijlen Johan Elsevier in mei 1661 naar Engeland is gereisd en dat Johan op de avond voorafgaand aan hun vertrek een zak met geld, zijnde de betalingen van boekverkopers in Londen en Cambridge (een bedrag van 20 van een boekverkoper in Cambridge wordt genoemd) heeft gebracht bij James? Allestry (Allestree), waaruit een bedrag aan reisgeld is afgeteld. Op de vraag van Wanna waarom hij niet al het geld mee naar huis nam, antwoordde Johan dat hij dit veiliger vond; het geld kon per wissel worden overgemaakt. Toen op hun terugreis een medereiziger was beroofd van r500 had Johan gezegd dat het maar goed was geweest dat hij niet al het geld contant had meegenomen.</misc>
<all>
<l>Wanna, Maerten Jansz (* Leiden; w. 1664)</l>
<l>Letterzetter.</l>
<l>Zoon van Jan Volckertsz Wanna.</l>
<l>Adres: 1663 Levendaal; 1664 Bouwelouwesteeg.</l>
<l>Huwelijk: 1. SH 20-4/6-5-1663 Aryaentje Meynderts van Hogendijck uit Leiden, op de Haarlemmerstraat (getuige zijn vader in de Bouwelouwesteeg en haar zuster Aeltje Cornelis); 2. SH 12/28-9-1664 Catharina Dircx van Vrancke uit het land van Cuijk, in de Nonnensteeg (getuige zijn vader en haar bekende Barber Crijnen).</l>
<l>NA 749, nr. 64 (9-8-1663) Verklaring t.v.v. Eva van Alphen dat hij samen met wijlen Johan Elsevier in mei 1661 naar Engeland is gereisd en dat Johan op de avond voorafgaand aan hun vertrek een zak met geld, zijnde de betalingen van boekverkopers in Londen en Cambridge (een bedrag van 20 van een boekverkoper in Cambridge wordt genoemd) heeft gebracht bij James? Allestry (Allestree), waaruit een bedrag aan reisgeld is afgeteld. Op de vraag van Wanna waarom hij niet al het geld mee naar huis nam, antwoordde Johan dat hij dit veiliger vond; het geld kon per wissel worden overgemaakt. Toen op hun terugreis een medereiziger was beroofd van r500 had Johan gezegd dat het maar goed was geweest dat hij niet al het geld contant had meegenomen.</l>
</all>
</person>