<person>
<firstName>Benjamin de</firstName>
<lastName>Wannemaecker</lastName>
<dob>1662</dob>
<dod></dod>
<pob>Leiden </pob>
<pob-id>40</pob-id>
<pod></pod>
<professional-start></professional-start>
<professional-end></professional-end>
<professions>
<profession>
<term>boekverkoper</term>
<profession-id>1</profession-id></profession>
<profession>
<term>verkoper</term>
<profession-id>25</profession-id></profession>
</professions>
<marriage>pre-16365 Anna van Ulst (of Ulft;  ca. 1669). Kinderen: dopen PK 13-12-1634 Adrianus; HK 14-9-1636 Elisabeth; HK 7-10-1638 Gilles; PK 31-5-1641 Philips; HK 21-12-1645 Elisabeth; PK 13-2-1647 Benjamin. Zijn weduwe hertrouwt KO 11-11-1662 prof. Johannes Hornius.</marriage>
<address>1635 Breestraat 73; 1650-62 Rapenburg 26.</address>
<street>Rapenburg</street>
<street-id>50</street-id>
<lat>52.155884</lat>
<lon>4.4876151
</lon>
<literature>Het Rapenburg IVb, 520, 536.</literature>
<misc>NA 773, nr. 548 (9-8-1663) Boedel van zijn weduwe Anna van Ulft, nu echtgenote van Johannes Hornius.</misc>
<all>
<l>Wannemaecker, Benjamin de (* Keulen 1595;  Leiden 1662; w. ?)</l>
<l>Boekverkoper.</l>
<l>Zijn vader was textielhandelaar te Keulen.</l>
<l>Adres: 1635 Breestraat 73; 1650-62 Rapenburg 26.</l>
<l>Huwelijk: pre-16365 Anna van Ulst (of Ulft;  ca. 1669). Kinderen: dopen PK 13-12-1634 Adrianus; HK 14-9-1636 Elisabeth; HK 7-10-1638 Gilles; PK 31-5-1641 Philips; HK 21-12-1645 Elisabeth; PK 13-2-1647 Benjamin. Zijn weduwe hertrouwt KO 11-11-1662 prof. Johannes Hornius.</l>
<l>Verbleef reeds sedert 1613 als student in de theologie te Leiden.</l>
<l>11-5-1635 Poorter.</l>
<l>Na zijn dood erfde zijn weduwe alles behalve de boeken. Hij bezat een groot aantal huizen door de stad.</l>
<l>NA 381, nr. 62 (of 61?) (1659) Akte.</l>
<l>NA 773, nr. 548 (9-8-1663) Boedel van zijn weduwe Anna van Ulft, nu echtgenote van Johannes Hornius.</l>
<l>Lit.: Het Rapenburg IVb, 520, 536.</l>
</all>
</person>