<person>
<firstName>David</firstName>
<lastName>Wardenaar</lastName>
<dob>1747</dob>
<dod></dod>
<pob>leiden</pob>
<pob-id>1</pob-id>
<pod></pod>
<professional-start>1762</professional-start>
<professional-end>1773</professional-end>
<professions>
<profession>
<term>letterzetter</term>
<profession-id>4</profession-id></profession>
</professions>
<guild>L, later K bij Hendrik van Damme.</guild>
<literature>Janssen, Zetten en drukken, 52-55.</literature>
<misc>In 1773 naar Rotterdam vertrokken. Auteur van de Beschrijving der boekdrukkunst (hs. 1801).</misc>
<all>
<l>Wardenaar, David (*Leiden 1747 [doop HK 26-11]; w. 1762-1773)</l>
<l>Letterzetter.</l>
<l>Zoon van Huijbert Wardenaar (tevens letterzetter van beroep) en Alida van Panne (KO 26-11-1745).</l>
<l>Gilde: L, later K bij Hendrik van Damme.</l>
<l>In 1773 naar Rotterdam vertrokken. Auteur van de Beschrijving der boekdrukkunst (hs. 1801).</l>
<l>Lit.: Janssen, Zetten en drukken, 52-55.</l>
</all>
</person>