<person>
<firstName>... van der</firstName>
<lastName>Borst</lastName>
<dob></dob>
<dod></dod>
<pob></pob>
<pod></pod>
<professional-start>1726</professional-start>
<professional-end></professional-end>
<professions>
<profession>
<term>speelkaartverkoper</term>
<profession-id>3</profession-id></profession>
<profession>
<term>verkoper</term>
<profession-id>25</profession-id></profession>
<profession>
<term>kaartverkoper</term>
<profession-id>66</profession-id></profession>
</professions>
<address>Botermarkt.</address>
<street>Botermarkt</street>
<street-id>4</street-id>
<lat>52.1572831</lat>
<lon>4.492509
</lon>
<guild>1726 Contribuant gilde (AB 83c, f. 95).</guild>
<misc>unknown</misc>
<all>
<l>Borst, ... van der (w. 1726)</l>
<l>Speelkaartverkoper.</l>
<l>Adres: Botermarkt.</l>
<l>Gilde: 1726 Contribuant gilde (AB 83c, f. 95).</l>
</all>
</person>