<person>
<firstName>Huijbert</firstName>
<lastName>Wardenaar</lastName>
<dob>1798</dob>
<dod></dod>
<pob> of </pob>
<pob-id>1</pob-id>
<pod></pod>
<professional-start></professional-start>
<professional-end></professional-end>
<professions>
<profession>
<term>letterzetter</term>
<profession-id>4</profession-id></profession>
</professions>
<marriage>KO 26-11-1745 Alida van Panne (getuige zijn moeder op de Marendorpseachtergracht). Kinderen: doop HK 26-11-1747 David; HK 4-1-1750 Alida; PK 29-12-1751 Hendrik; PK 6-2-1754 Catharina; HK 9-9-1756 Willemijntje; PK 3-12-1758 Johanna; PK 7-5-1762 Willem; HK 17-3-1764 Adriana; PK 9-4-1766 Eva; PK 24-6-1767 Jacoba.</marriage>
<address>1745 Marendorpseachtergracht.</address>
<street>Mare</street>
<street-id>33</street-id>
<lat>52.1639065</lat>
<lon>4.4895512
</lon>
<literature>Janssen, Zetten en drukken, 52.</literature>
<misc>NA 2468, nr. 36, f. 393 [scan nr. 375] (1-6-1786) Acte van directie en voogdij in geval van zijn overlijden.</misc>
<all>
<l>Wardenaar, Huijbert (* Leiden c. 1720;  1798 of 1799).</l>
<l>Letterzetter. Werkzaam bij Simon Boonaart, Jan Willem de Groot, Willem Boot en de familie Bouwman.</l>
<l>Zoon van ? Wardenaar en Maria la Gas.</l>
<l>Adres: 1745 Marendorpseachtergracht.</l>
<l>Huwelijk: KO 26-11-1745 Alida van Panne (getuige zijn moeder op de Marendorpseachtergracht). Kinderen: doop HK 26-11-1747 David; HK 4-1-1750 Alida; PK 29-12-1751 Hendrik; PK 6-2-1754 Catharina; HK 9-9-1756 Willemijntje; PK 3-12-1758 Johanna; PK 7-5-1762 Willem; HK 17-3-1764 Adriana; PK 9-4-1766 Eva; PK 24-6-1767 Jacoba.</l>
<l>NA 2301, nr. 215 (1768) Akte.</l>
<l>NA 2461, nr. 88 (f. 566) [scan nr. 527] (29-12-1779) Verkoop van een huis aan de Herensteeg OZ voor 200.</l>
<l>NA 2467, nr. 45, f. 215 [scan nr. 186] (27-7-1785) Procuratie met zijn vrouw Alida van Pannen aan zijn dochter Maria om maandloon van zijn overleden zoon Hendrik te innen van de VOC.</l>
<l>NA 2468, nr. 36, f. 393 [scan nr. 375] (1-6-1786) Acte van directie en voogdij in geval van zijn overlijden.</l>
<l>Lit.: Janssen, Zetten en drukken, 52.</l>
</all>
</person>