<person>
<firstName>Hiob</firstName>
<lastName>Warnfast</lastName>
<dob></dob>
<dod></dod>
<pob></pob>
<pod></pod>
<professional-start>1595</professional-start>
<professional-end></professional-end>
<professions>
<profession>
<term>boekverkoper</term>
<profession-id>1</profession-id></profession>
<profession>
<term>verkoper</term>
<profession-id>25</profession-id></profession>
</professions>
<literature>Thesaurus; STCN.</literature>
<misc>unknown</misc>
<all>
<l>Warnfast, Hiob (w. 1595)</l>
<l>Boekverkoper?</l>
<l>Lit.: Thesaurus; STCN.</l>
</all>
</person>