<person>
<firstName>Dirck Pietersz</firstName>
<lastName>Waterloo</lastName>
<dob>1639</dob>
<dod></dod>
<pob>leiden</pob>
<pob-id>1</pob-id>
<pod></pod>
<professional-start>1658</professional-start>
<professional-end>1670</professional-end>
<professions>
<profession>
<term>letterzetter</term>
<profession-id>4</profession-id></profession>
</professions>
<marriage>KO 24-10-1670 Anna Pieters de Vinck uit Leiden, in de St. Jorissteeg (getuige zijn broer Pieter en haar moei Lijsbeth Jans).</marriage>
<address>1658 Korte Schoolsteeg; 1670 Langebrug.</address>
<street>Schoolsteeg</street>
<street-id>53</street-id>
<lat>52.1587931</lat>
<lon>4.486935
</lon>
<misc>NA 716, nr. 18 (2-3-1658) Verklaring, oud 19 jaar, wonende in de Korte Schoolsteeg, t.v.v. van de hoofdlieden van het boekverkopersgilde dat hij ca. negen maanden heeft gewerkt bij Jan Baron op het Sant, en dat hij gezien heeft dat dr. Johannes Nisselius, praeceptor van de 2e klas van de Triviale School op zaterdag en zondag is gekomen met geld om de drukkersgasten te betalen en dat Baron had gezegd dat hij maar een meesterknecht was en dat Nisselius de winkel aanging, sulcx dat Baron van de cleyne dingen ende tgene wijders voorviel bouck gehouden heeft om daer van reeckening aen Nisselius te doen, in welck register hij Baron ook teyckende zijn belooning van drije rycxdaalders ter weeck die hij van Nisselius genoot, als mede de andere knechten verdiende ende ontfingen.</misc>
<all>
<l>Waterloo, Dirck Pietersz (* Leiden 1639 [doop HK 20-3]; w. 1658-70)</l>
<l>Letterzetter.</l>
<l>Zoon van Pieter Waterloo en Catelijntje Roelants.</l>
<l>Adres: 1658 Korte Schoolsteeg; 1670 Langebrug.</l>
<l>Huwelijk: KO 24-10-1670 Anna Pieters de Vinck uit Leiden, in de St. Jorissteeg (getuige zijn broer Pieter en haar moei Lijsbeth Jans).</l>
<l>NA 716, nr. 18 (2-3-1658) Verklaring, oud 19 jaar, wonende in de Korte Schoolsteeg, t.v.v. van de hoofdlieden van het boekverkopersgilde dat hij ca. negen maanden heeft gewerkt bij Jan Baron op het Sant, en dat hij gezien heeft dat dr. Johannes Nisselius, praeceptor van de 2e klas van de Triviale School op zaterdag en zondag is gekomen met geld om de drukkersgasten te betalen en dat Baron had gezegd dat hij maar een meesterknecht was en dat Nisselius de winkel aanging, sulcx dat Baron van de cleyne dingen ende tgene wijders voorviel bouck gehouden heeft om daer van reeckening aen Nisselius te doen, in welck register hij Baron ook teyckende zijn belooning van drije rycxdaalders ter weeck die hij van Nisselius genoot, als mede de andere knechten verdiende ende ontfingen.</l>
</all>
</person>