<person>
<firstName>Geertruida Johanna van</firstName>
<lastName>Weezel</lastName>
<dob></dob>
<dod></dod>
<pob></pob>
<pod></pod>
<professional-start>1766</professional-start>
<professional-end></professional-end>
<professions>
<profession>
<term>boekverkoopster</term>
<profession-id>13</profession-id></profession>
</professions>
<address>Breestraat over de Papengracht.</address>
<street>Papengracht</street>
<street-id>46</street-id>
<lat>52.1590423</lat>
<lon>4.4861291
</lon>
<guild>Contribuant (AB 83c, f. 96).</guild>
<misc>unknown</misc>
<all>
<l>Weezel, Geertruida Johanna van (w. 1766)</l>
<l>Boekverkoopster?</l>
<l>Adres: Breestraat over de Papengracht.</l>
<l>Gilde: Contribuant (AB 83c, f. 96).</l>
</all>
</person>