<person>
<firstName>Arnold</firstName>
<lastName>Wessel</lastName>
<dob></dob>
<dod></dod>
<pob></pob>
<pod></pod>
<professional-start>1643</professional-start>
<professional-end></professional-end>
<professions>
<profession>
<term>boekdrukker</term>
<profession-id>6</profession-id></profession>
<profession>
<term>drukker</term>
<profession-id>9</profession-id></profession>
</professions>
<marriage>KO 7-8-1643 Margrita Grimmerius (getuige zijn bekende Severijn Mathijsz).</marriage>
<address>1643 Middelweg.</address>
<street>Middelweg</street>
<street-id>35</street-id>
<lat>52.1581081</lat>
<lon>4.4948943
</lon>
<misc>unknown</misc>
<all>
<l>Wessel, Arnold (* Bremen; w. 1643)</l>
<l>Boekdrukker.</l>
<l>Adres: 1643 Middelweg.</l>
<l>Huwelijk: KO 7-8-1643 Margrita Grimmerius (getuige zijn bekende Severijn Mathijsz).</l>
</all>
</person>