<person>
<firstName>Levina</firstName>
<lastName>Westerbaan</lastName>
<dob></dob>
<dod></dod>
<pob></pob>
<pod></pod>
<professional-start>18</professional-start>
<professional-end></professional-end>
<professions>
<profession>
<term>courantier</term>
<profession-id>51</profession-id></profession>
</professions>
<misc>NA 2134, f. 728 [scan nr. ] (1782) Akte van voogdij.</misc>
<all>
<l>Westerbaan, Levina (w. eind 18de eeuw)</l>
<l>Courantier.</l>
<l>NA 2134, f. 728 [scan nr. ] (1782) Akte van voogdij.</l>
</all>
</person>