<person>
<firstName>Bartholomeus</firstName>
<lastName>Bos</lastName>
<dob></dob>
<dod></dod>
<pob></pob>
<pod></pod>
<professional-start>1696</professional-start>
<professional-end></professional-end>
<professions>
<profession>
<term>verkoper</term>
<profession-id>25</profession-id></profession>
<profession>
<term>boekbinder</term>
<profession-id>43</profession-id></profession>
</professions>
<marriage>KO 3-8-1696 Margareta Dingbergen uit Doetichem (getuige zijn vader).</marriage>
<address>1696 Faliede Bagijnhof; 1700 Houtstraat.</address>
<street>Houtstraat</street>
<street-id>20</street-id>
<lat>52.1581218</lat>
<lon>4.4855674
</lon>
<guild>1-9-1681 L bij Felix Lopez voor 2 jaar; 4-5-1695 K bij Willem van der Krans. 17-10-1696 Contribuant als boekbinder; 25-11-1697 vrijmeester boekverkoper (AB 83a, f. 112v).</guild>
<auction>22-3-1700 Greg. Gips (samen met Willem v.d. Krans).</auction>
<literature>Thesaurus.</literature>
<misc>unknown</misc>
<all>
<l>Bos, Bartholomeus (w. 1696-?)</l>
<l>Boekbinder en beokverkoper. Zoon van Gerrit Bos.</l>
<l>Adres: 1696 Faliede Bagijnhof; 1700 Houtstraat.</l>
<l>Huwelijk: KO 3-8-1696 Margareta Dingbergen uit Doetichem (getuige zijn vader).</l>
<l>Gilde: 1-9-1681 L bij Felix Lopez voor 2 jaar; 4-5-1695 K bij Willem van der Krans. 17-10-1696 Contribuant als boekbinder; 25-11-1697 vrijmeester boekverkoper (AB 83a, f. 112v).</l>
<l>Veilingen: 22-3-1700 Greg. Gips (samen met Willem v.d. Krans).</l>
<l>Lit.: Thesaurus.</l>
</all>
</person>