<person>
<firstName>Harman Lucasz van</firstName>
<lastName>Westerhuysen</lastName>
<dob>1635</dob>
<dod></dod>
<pob> [begr. PK 6-]</pob>
<pob-id>84</pob-id>
<pod></pod>
<professional-start>1616</professional-start>
<professional-end>1626</professional-end>
<professions>
<profession>
<term>boekverkoper</term>
<profession-id>1</profession-id></profession>
<profession>
<term>verkoper</term>
<profession-id>25</profession-id></profession>
<profession>
<term>boekbinder</term>
<profession-id>43</profession-id></profession>
<profession>
<term>knecht</term>
<profession-id>45</profession-id></profession>
</professions>
<marriage>KO 21-7-1616 Marytje Jacobs van der Wiele, dochter van Jacob Simons van der Wielen en Lidia Dav[]lles (getuige zijn meester Andries Clouck). Kinderen: doop HK 2-11-1621 Lucas; begr. 17-1-1636 PK zoon; begr. 27-11-1635 dochter.</marriage>
<address>1636 Kloksteeg.</address>
<street>Kloksteeg</street>
<street-id>22</street-id>
<lat>52.1572547</lat>
<lon>4.4873558
</lon>
<literature>Ledeboer; Willems 422; Briels 584; Thesaurus.</literature>
<misc>Zie ook Bartholomeus van der Bildt.</misc>
<all>
<l>Westerhuysen, Harman Lucasz van (* Westerhuizen c. 1591;  1635 [begr. PK 6-11]; w. 1616-26)</l>
<l>Boekbindersknecht, later boekverkoper.</l>
<l>Adres: 1636 Kloksteeg.</l>
<l>Huwelijk: KO 21-7-1616 Marytje Jacobs van der Wiele, dochter van Jacob Simons van der Wielen en Lidia Dav[]lles (getuige zijn meester Andries Clouck). Kinderen: doop HK 2-11-1621 Lucas; begr. 17-1-1636 PK zoon; begr. 27-11-1635 dochter.</l>
<l>Poorterboek 17-4-1617 (afkomstig uit Oost-V[...]?; getuige zijn meester Andries Clouck).</l>
<l>Getuigenisboek: M, f. 162v (boekbinder, 25 jaar).</l>
<l>SG, resolutien, p. 56 (2-3-1619): Opte requeste van Bartholomeus Bilt ende Hermannus van Westerhuysen, woonende tot Leyden, versoeckende octroy, om voor den tyt van twintig jaeren naestcommende alleene te mogen doen drucken ende vuytgeven seecker boeck, geintituleert: L. Aen. Seneca Philosophus. Is geappoincteert dat den suppliant eerst sal exhiberen een exemplaer vant voorsz. boeck.</l>
<l>SA 682, Burgemeesters Dagboeken, f. 102v (23-8-1622) Zweert censuureed.</l>
<l>NA 140, nr. 179 (21-12-1622) Verklaring van diverse personen op verzoek van Jan Ganne aangaande een vechtpartij, waarbij ook Van Westerhuysen (met een rapier in de hand) was betrokken.</l>
<l>NA 311, nr. 58 (2-4-1625) Obligatie Johannes van Diephorst van 135 aan Susanna Malapart, weduwe Jan Hattu, voor boeken overgenomen van Van Westerhuysen, die deze weer had gekocht op de auctie na Hattus overlijden. Westerhuysen verscheen eveneens voor de notaris.</l>
<l>NA 311, nr. 76 (1625) Transport van een aantal studentenschulden aan Susanna Malapart. Hij had een proces hieromtrent voor de Academische Vierschaar en het Hof van Holland verloren.</l>
<l>NA 294, nr. 148 (10-9-1625) Verklaring met zijn dienstmaagd Maartje IJsbrands t.v.v. de knoopmaker Hubrecht Cornelis betreffende een ruzie tussen o.a. de jonkheer Van der Does en twee Duitsers, van wie een, Christiaan Bach woonde bij Elizabeth Elzevier op de Houtstraat. Hij is ca. 34 jaar.</l>
<l>NA 106, nr. 85 (15-8-1626) Overdracht van goederen wegens aanzienlijke schulden aan Rijckje Jans van der Heuvel, weduwe van Heyndrick Pietersz Coornsetter t.b.v.  600, Dirck Cornelisz Focx t.b.v. 200, Jan Jansz Orlers president schepen t.b.v. 300, alsmede achterstallige huishuur t.b.v. 324, waarvoor zijn schoonvader Jacob Simonsz van der Wiele borg stond. Het betreft onder meer een bed met toebehoren en gordijnen t.w.v. 60; een landschap in een vergulde lijst 12; een schilderij van Mercurius en Venus 8; twee portretten van hemzelf en zijn vrouw 12; 2 ketels 4; een koperen pot 1.10; een vergulde spiegel 2; 6 tinnen schotels en 3 teljoren en kommen 6; een koperen vijzel en 2 [?]4; een beddepan en een koperen schuimspaan 2.10; een vurenhouten kast 3; 8 kleine schilderijen voor 7; een grote porsse 36; 10 kleine handpersen 8; pers met een ploeg 3, een klopsteen met hamer 6; 2 naaibanken 2; een glase cas om vergulde boecken inne te setten 1.10; een quarto-plaat 2; alle planken van de winkel 3; 5 rollen 3; een kunstpers 15; 2 werkbanken 1.10; 2 brandijzers 2.10; 2 koperen blakers met koperen armen 1.10.</l>
<l>Boeken:</l>
<l>[] Beroi [?] 3 vol. in fol. 20</l>
<l>500 Poemata Heinsii 4 met de platen 300</l>
<l>200 Poemata Heinsii 16 150</l>
<l>1300 Enigmata met de platen 300 [= mogelijk Daniel Heinsius, Emblemata aliquot amatori[a] (s.l.: s.n., s.a. [ca. 1620]), 4]</l>
<l>50 Etica Wallaei 7.10 [= Antonius Walaeus, Compendium ethicae Aristotelicae ad normam veritatis christianae revocatum (Leiden: Isaac Elsevier, 1620), 12]</l>
<l>2 Historiae Concilii Tridentini 4</l>
<l>een pack van Cicero 3</l>
<l>een paar effigien van de geleerde mannen 6</l>
<l>bijbel [] Junii et Tremellii 4</l>
<l>Lexicon Scapulae 2 6 [= Joannes Scapula, Lexicon Graeco-Latinum]</l>
<l>Institutiones Giphanii 2 [= Hubertus Giphanius, In quatuor libros Institutionum iuris civilis commentarius (1611)]</l>
<l>[] Benedicti 2.10; Eusebius 2 2; Sextus Empyricus 4</l>
<l>Ethica Heinsii 2 [= mogelijk Andronicus Rhodius, Ethicorum Nicomacheorum paraphrasis, ed. Daniel Heinsius (Leiden: J.J. Paedts, 1617), 8]</l>
<l>2 Anatome Arminianismi 1.10 [= Petrus Molinaeus, Anatome arminianismi seu, enucleatio controversiarum quae in Belgio agitantur (Leiden: Jacob Marcus, 1621), 4]</l>
<l>Ethica Casi [?] et Rikeboni 1.10</l>
<l>Aristophanes 1</l>
<l>25 Virgilii Elsevier 7.10</l>
<l>Institutiones Tuningii 3 [= Gerardus Tuningius, In quatuor libros Institutionum iuris civilis divi Iustiniana commentarius, ed. A. Vinnius (Leiden: Elzevier, 1618), 4]</l>
<l>een pak logica 3</l>
<l>2 Oeconomiae Giphanii 0.16 [= Hubertus Giphanius, Oeconomia juris (s.l.: s.n., s.a.), 4]</l>
<l>50 Logica Molinaei 8 [= mogelijk Petrus Molinaeus, Elementa logica (Amsterdam: Johannes Janssonius, 16207), 8]</l>
<l>25 Gorlaei 5 [= mogelijk David Gorlaeus, Exercitationes philosophicae quibus universae fere discutitur philosophia theoretica (s.l.: sumpt. weduwe J. Commelin, 1620), 8]</l>
<l>100 Hooft Granida 5 [= P.C. Hooft, Granida spel (Amsterdam: W.J. Blaeu, 1620), 4]</l>
<l>100 Achilles ende Polipenis 5</l>
<l>100 [?] van elck 5; 2 Fabritii de regno et rege 2</l>
<l>4 Cathecheses Sibrandi Lubberti 3</l>
<l>50 tractaten Molinaei 50</l>
<l>4 Cameron contra Tilenum 3</l>
<l>twee pakketten schoolgoed 5; Biblia Graeca 2</l>
<l>Collegium Commericens[?] 7</l>
<l>Alstedi Theologica 1.10 [= J.H. Alsted, Logica theologica ()]</l>
<l>3 [] Wittakeri 2</l>
<l>2 Franse Testamenten 1.10</l>
<l>2 Organum Aristotelis 1.10</l>
<l>Schola Rami 1.10</l>
<l>idem 2 1; Orationes Ciceronis et Logica Alstedi 2; Logica Coleti 1</l>
<l>een pak postillen Voe[]per 6</l>
<l>een pak Statii Opera 3 [= Publius Papinius Statius, Opera omnia (Leiden: Jacob Marcus, 1616), 8].</l>
<l>NA 212, nr. 149 (19-11-1626) Procuratie aan Jacob Aelbertsz van Houten, bode van Leiden op Friesland, om van de voormalig student Barnhardus Houdebeecq, nu wonend te Emden, 77 te innen.</l>
<l>NA 375, nr. 138 (15-9-1634) Schuldeiser van student Laurentius Petri Roelander voor 33.</l>
<l>NA 321, nr. 90 (8-8-1635) Akte van repudiatie, met de zusters van zijn vrouw, van de boedel van haar ouders.</l>
<l>NA 537, nr. 35 (28-6-1639) Akte met o.a. zijn weduwe Maaike van der Wielen n.a.v. een erfenis. Zij kan haar naam niet zetten.</l>
<l>In 1626 gedaagd door de magistraat met andere boekverkopers vanwege de verkoop van het pamlfet Den Hollandsche Apocalypsis.</l>
<l>Zie ook Bartholomeus van der Bildt.</l>
<l>Lit.: Ledeboer; Willems 422; Briels 584; Thesaurus.</l>
</all>
</person>