<person>
<firstName>Jacob</firstName>
<lastName>Wetstein</lastName>
<dob></dob>
<dod></dod>
<pob>James</pob>
<pod></pod>
<professional-start></professional-start>
<professional-end></professional-end>
<professions>
<profession>
<term>boekverkoper</term>
<profession-id>1</profession-id></profession>
<profession>
<term>verkoper</term>
<profession-id>25</profession-id></profession>
</professions>
<marriage>3-10-1738 te Amsterdam Elisabeth Antonia Cocq ( na 1776).</marriage>
<guild>1-5-1758 Vrijmeester; hij betaalde de dubbele gildebijdrage omdat hij uit Amsterdam kwam (AB 83a, f. 15v).</guild>
<literature>Van Eeghen, IV, 182; Janssens-Knorsch.</literature>
<misc>Publiceerde de Bibliothque raisonne en een Table gnrale des matires op Scheurleers Bibliothque Britannique (1763).</misc>
<all>
<l>Wetstein, Jacob (James) (de) (* Amsterdam 12-12-1706,  pre 1775; w. 1751-59)</l>
<l>Boekverkoper.</l>
<l>Huwelijk: 3-10-1738 te Amsterdam Elisabeth Antonia Cocq ( na 1776).</l>
<l>Reeds in 1723 in Amsterdam als boekdrukker werkzaam.</l>
<l>Gilde: 1-5-1758 Vrijmeester; hij betaalde de dubbele gildebijdrage omdat hij uit Amsterdam kwam (AB 83a, f. 15v).</l>
<l>NA 2047, nr. 8 [scan nr. 31] (27-1-1758) Procuratie i.v.m. Engelse obligaties.</l>
<l>* Catalogus librorum, tam Graecorum quam Latinorum, qui venales prostant Lugduni Batavorum apud Wetstenium, 1760 (Leiden: Jacob Wetstein, 1760), 12: A-F6; 72 pp. Erlangen UB H61/TREW.Mx 546; BNF Q 9349; Rome Vaticaanse bibliotheek Chigi.V.3120. BSC.</l>
<l>NA 2049, nr. 183 (1760) Akte.</l>
<l>NA 2085, nr. 51/f. 570 [scan nr. 503] (12-9-1761) Koopt voor 635 het huis van Christianus Carolus Musaeus aan de ZO zijde van de Rijn omtrent de Vrouwensteeg op de hoek van zekere poort door bemiddeling van de executeur van diens nalatenschap.</l>
<l>NA 2051, nr. 191 (1762) James Wetstein Engelse obligatie.</l>
<l>NA 2116, nr. 76 (1764) Afgifte.</l>
<l>NA 2055, nrs. 63, 64, 65 (1766) Jacob (James) de Wetstein bookseller, Engelse obligaties.</l>
<l>NA 2056B, nr. 28 [scan nr. 733] (26-2-1768) Procuratie James de Wetstein en Abram Cornab aan Mr. Cornelis Anthonij Vos in Utrecht om de obligaties te verkopen uit het legaat van Gerard Wetstein. Zijn broer, Rudolph Wetstein, is inmiddels overleden.</l>
<l>NA 2056B, nr. 70 [scan nr. 880] (19-5-1768) Procuratie Jacobus de Wetstein en Abram Cornab aan de Amsterdamse makelaar Abraham van Vloten om van Jacob Blazius zes obligaties te ontvangen van ieder 1000 rijksdaalders, afkomstig uit de erfenis van Gerard Wetstein. De erfenis bedroeg in totaal 12000.</l>
<l>NA 2056, nr. 78 (1768) Akte.</l>
<l>NA 2351, nrs. 286, 290, 291, 306 (12-9-1776) Engelse aandelen weduwe Jacob alias James de Wetstein.</l>
<l>NA 2352, nrs. 82, 106 (weduwe) Engelse aandelen.</l>
<l>Publiceerde de Bibliothque raisonne en een Table gnrale des matires op Scheurleers Bibliothque Britannique (1763).</l>
<l>Lit.: Van Eeghen, IV, 182; Janssens-Knorsch.</l>
</all>
</person>