<person>
<firstName>Rudolph Hendrik [de]</firstName>
<lastName>Wetstein</lastName>
<dob>26</dob>
<dod></dod>
<pob>amsterdam</pob>
<pob-id>6</pob-id>
<pod></pod>
<professional-start>1775</professional-start>
<professional-end>1783</professional-end>
<professions>
<profession>
<term>boekverkoper</term>
<profession-id>1</profession-id></profession>
<profession>
<term>verkoper</term>
<profession-id>25</profession-id></profession>
</professions>
<guild>18-12-1775 Vrijmeester vlgs. geboorterecht (AB 83a, f. 41v). Daarvoor werkzaam te Amsterdam?</guild>
<literature>Ledeboer; Van Eeghen, IV, 182.</literature>
<misc>NA 2784, nr. 469 (1799) Procuratie ad negotiam.</misc>
<all>
<l>Wetstein, Rudolph Hendrik [de] (* Amsterdam 26-2-1741; w. 1775-83)</l>
<l>Boekverkoper?</l>
<l>Zoon van Jacob Wetstein.</l>
<l>Gilde: 18-12-1775 Vrijmeester vlgs. geboorterecht (AB 83a, f. 41v). Daarvoor werkzaam te Amsterdam?</l>
<l>Personeel: 3-6-1776 Jan David Vreugdewater (van Vijgh) (AB 83c, f. 56).</l>
<l>NA 2310, nr. 165 (1781) Akte.</l>
<l>NA 2341, nr. 394 (1781) Certificatie.</l>
<l>NA 2341, nr. 422 (1781) Certificatie.</l>
<l>NA 2341, nrs. 630 en 638 (1781) Akten van transport, afgifte en quitantie.</l>
<l>NA 2342, nr. 89 (1782) Rekening.</l>
<l>NA 2349, f. 105 (1788) Procuratie; f. 311 (1788) Testament.</l>
<l>NA 2654, nr. 87 (1797) Akte.</l>
<l>NA 2654, nr. 103 (1797) Akte van verkiezing.</l>
<l>NA 2654, nr. 151 (1797) Akte.</l>
<l>NA 2654, nr. 155 (1797) Procuratie ad negotiam.</l>
<l>NA 2654, nr. 481 (1797) Akte.</l>
<l>NA 2654, nr. 493 (1797) Afgifte.</l>
<l>NA 2683, nr. 543 (1798) Procuratie ad negotiam.</l>
<l>NA 2684, nr. 163 (1799) Procuratie ad negotiam.</l>
<l>NA 2784, nr. 469 (1799) Procuratie ad negotiam.</l>
<l>Lit.: Ledeboer; Van Eeghen, IV, 182.</l>
</all>
</person>