<person>
<firstName>Frederick</firstName>
<lastName>Wevel [Voevel]</lastName>
<dob>1654</dob>
<dod></dod>
<pob></pob>
<pod></pod>
<professional-start>1677</professional-start>
<professional-end></professional-end>
<professions>
<profession>
<term>boekverkoper</term>
<profession-id>1</profession-id></profession>
<profession>
<term>verkoper</term>
<profession-id>25</profession-id></profession>
</professions>
<marriage>KO 10-10-1677 Jacomina Marcus van Wolferhuijsen; zij hertrouwt KO 20-5-1678 met de vleeshouwer Cornelis Verschouw.</marriage>
<address>1677 Haarlemmerstraat.</address>
<street>Haarlemmerstraat</street>
<street-id>15</street-id>
<lat>52.1601874</lat>
<lon>4.4927112
</lon>
<guild>Contribuant; 16-11-1677 Vrijmeester (AB 83a, f. 106v).</guild>
<literature>Ledeboer.</literature>
<misc>Vgl. KO 14-5-1671 greinwerker Frederick Wevel en Niesje Baerents van Groenendael.</misc>
<all>
<l>Wevel [Voevel], Frederick (* ? 1654 [doop MK 29-3]; w. 1677)</l>
<l>Boekverkoper of perkamentmaker?</l>
<l>? Zoon van Frederick Wevel en Maartje Andries (voor hun boedel zie NA 762, nr. 145 [scans 213 e.v.] [1656]; vgl. nr. 146 boedel Christiaen Fredricxs Wevel, met daarin ook boeken, en Weeskamer 4417a Christiaen Wevel en Aechien Willems van Houte, 1655, 1 omslag). Wordt in 1701 genoemd als halfbroer van Thomas Jansz van Wijck (getuige bij diens KO).</l>
<l>Adres: 1677 Haarlemmerstraat.</l>
<l>Huwelijk: KO 10-10-1677 Jacomina Marcus van Wolferhuijsen; zij hertrouwt KO 20-5-1678 met de vleeshouwer Cornelis Verschouw.</l>
<l>Gilde: Contribuant; 16-11-1677 Vrijmeester (AB 83a, f. 106v).</l>
<l>Hij had relaties met de perkamentmakersfamilie Peper (zie aldaar).</l>
<l>NA 681c, nr. 64 (21-11-1677) Mutueel testament met Jacomina Wolferhuijsen.</l>
<l>Vgl. KO 14-5-1671 greinwerker Frederick Wevel en Niesje Baerents van Groenendael.</l>
<l>Lit.: Ledeboer.</l>
</all>
</person>