<person>
<firstName>?</firstName>
<lastName>Wheelers</lastName>
<dob></dob>
<dod></dod>
<pob></pob>
<pod></pod>
<professional-start>1638</professional-start>
<professional-end></professional-end>
<professions>
<profession>
<term>boekdrukker</term>
<profession-id>6</profession-id></profession>
<profession>
<term>drukker</term>
<profession-id>9</profession-id></profession>
</professions>
<literature>Sprunger, ch. 5.</literature>
<misc>Werkte voor Willem Christiaensz van der Boxe.</misc>
<all>
<l>Wheelers, ? (w. 1638)</l>
<l>Boekdrukker.</l>
<l>Werkte voor Willem Christiaensz van der Boxe.</l>
<l>Lit.: Sprunger, ch. 5.</l>
</all>
</person>