<person>
<firstName>Mathijs Jacobsz van der</firstName>
<lastName>Wiele</lastName>
<dob></dob>
<dod></dod>
<pob></pob>
<pod></pod>
<professional-start>1661</professional-start>
<professional-end></professional-end>
<professions>
<profession>
<term>boekdrukker</term>
<profession-id>6</profession-id></profession>
<profession>
<term>drukker</term>
<profession-id>9</profession-id></profession>
</professions>
<marriage>1. KO 20-7-1661 Marya Heyndricx (getuige zijn broer Jan, van beroep zwaardveger); 2. KO 14-11-1670 Neeltje Leenderts, weduwe van Jacob Cornelisz van Sluys (getuige zijn neef Hendrick de Ronde).</marriage>
<address>1661 St. Jacobsgracht; 1670 Herensteeg.</address>
<street>St. Jacobsgracht</street>
<street-id>56</street-id>
<lat>52.1540486</lat>
<lon>4.4911634
</lon>
<guild>1681 L bij Jacob Hackius.</guild>
<misc>Zoon van Jacob Marcusz [v.d. Weele]?</misc>
<all>
<l>Wiele, Mathijs Jacobsz van der (w. 1661)</l>
<l>Boekdrukker.</l>
<l>Zoon van Jacob Marcusz [v.d. Weele]?</l>
<l>Adres: 1661 St. Jacobsgracht; 1670 Herensteeg.</l>
<l>Huwelijk: 1. KO 20-7-1661 Marya Heyndricx (getuige zijn broer Jan, van beroep zwaardveger); 2. KO 14-11-1670 Neeltje Leenderts, weduwe van Jacob Cornelisz van Sluys (getuige zijn neef Hendrick de Ronde).</l>
<l>Gilde: 1681 L bij Jacob Hackius.</l>
</all>
</person>