<person>
<firstName>Adriaan Dirixsz [van]</firstName>
<lastName>Wijngaerden</lastName>
<dob>1668</dob>
<dod></dod>
<pob>Leiden -</pob>
<pob-id>4</pob-id>
<pod></pod>
<professional-start>1642</professional-start>
<professional-end>57</professional-end>
<professions>
<profession>
<term>boekverkoper</term>
<profession-id>1</profession-id></profession>
<profession>
<term>verkoper</term>
<profession-id>25</profession-id></profession>
<profession>
<term>boekbinder</term>
<profession-id>43</profession-id></profession>
</professions>
<marriage>1. KO 12-6-1642 Lijsbeth Ardiers (* Leiden,  ; getuige zijn bekende Jan Harpersz Snoeck). Kinderen: doop HK 23-5-1643 Cornelia; PK 31-1-1646 Justus (getuige Frans Moyaert); HK 2-1-1650 Janneke; PK 13-9-1651 Cornelia; PK 24-9-1654 Amerens; PK 24-3-1656 Elizabeth; 2. KO 15-6-1673 Aeltje Jans Visser, weduwe Thomas Ventjager (* Oud Beijerland,  ). Zij hertrouwde KO 4-12-1676 met Jan Isbrantsz van Couwenhoven.</marriage>
<address>1642 Bagijnhof; 1646-57 Rapenburg 54 (gekocht in 1646 voor 6905, verkocht aan Frans Moeyaert in 1657 voor 5200); 1673 Rijn.</address>
<street>Rapenburg</street>
<street-id>50</street-id>
<lat>52.155884</lat>
<lon>4.4876151
</lon>
<guild>Hoofdman 1651, 1655-56.</guild>
<auction>8-10-1646 Adriaen Smout (KBK); 28-5-1648 anon. (KBK); 1650 Antonius Walaeus (op het titelblad noemt hij zich Academiae bibliopola); 17-4-1652 Catalogus variorum insignium ... librorum (Leiden: Adriaen Wijngaerden, 1652), 4, 27 pp. (BSC 1968).</auction>
<literature>Briels 552-553; Gheprint te Nymegen 44; Het Rapenburg V, 721, 729-730; P.J. Mennenh, Duisburg in der Geschichte des niederrheinischen Buchdrucks und Buchhandels bis zum Ende der alten Universitt (1818) (Duisburg, 1870), 46-48, 93, 174, 267, 291-292.</literature>
<misc>NA 1052, nr. 156 (12-10-1677) Akte n.a.v. de nalatenschap van zijn vrouw volgens testament van 15-11-1649. Kinderen: Adriaan (advocaat), Jannetje en Cornelia.</misc>
<all>
<l>Wijngaerden, Adriaan Dirixsz [van] (* Leeuwarden,  pre-1677; w. Leiden 1642-57; Duisburg/Heidelberg 1654-64; Nijmegen 1657-59; Leiden 1668-69)</l>
<l>Boekbinder en boekverkoper.</l>
<l>Adres: 1642 Bagijnhof; 1646-57 Rapenburg 54 (gekocht in 1646 voor 6905, verkocht aan Frans Moeyaert in 1657 voor 5200); 1673 Rijn.</l>
<l>Huwelijk: 1. KO 12-6-1642 Lijsbeth Ardiers (* Leiden,  ; getuige zijn bekende Jan Harpersz Snoeck). Kinderen: doop HK 23-5-1643 Cornelia; PK 31-1-1646 Justus (getuige Frans Moyaert); HK 2-1-1650 Janneke; PK 13-9-1651 Cornelia; PK 24-9-1654 Amerens; PK 24-3-1656 Elizabeth; 2. KO 15-6-1673 Aeltje Jans Visser, weduwe Thomas Ventjager (* Oud Beijerland,  ). Zij hertrouwde KO 4-12-1676 met Jan Isbrantsz van Couwenhoven.</l>
<l>1643-56 Boekverkoper van de Academie (adres op zijn uitgaven). In 1654 te Duisburg en nog datzelfde jaar boekverkoper te Heidelberg; 1657 filiaal te Nijmegen (attestatie PK 26-7-1657); 1664 Heidelberg; in 1668-69 weer te Leiden.</l>
<l>Gilde: Hoofdman 1651, 1655-56.</l>
<l>Personeel: 1-5-1648 Cornelis Hoeck L voor 3 jaar; ?-10-1650 Johannes van der Eycken, oud 14 jaar, L voor 4 jaar; 1-3-1651 Jean Martin L voor 4 jaar; 16-8-1651 zijn broer Nicolaes Wijngaerden, oud 14 jaar L; 2-2-1659 attestatie met Isaac Bevoye [= Beauvois] dat Johannes Muilaer bij ieder twee jaar heeft voldaan (AB 83a, f. 9).</l>
<l>Nam in 1647 Philippe de Croy in dienst als drukker.</l>
<l>Veilingen: 8-10-1646 Adriaen Smout (KBK); 28-5-1648 anon. (KBK); 1650 Antonius Walaeus (op het titelblad noemt hij zich Academiae bibliopola); 17-4-1652 Catalogus variorum insignium ... librorum (Leiden: Adriaen Wijngaerden, 1652), 4, 27 pp. (BSC 1968).</l>
<l>NA 397, nr. 157 (3-8-1643) Obligatie aan med. dr. Johannes Hasius van 600. Borgen Pieter Ouseel en Jacob Ardier, lakenverkopers.</l>
<l>Gerechtsdagboeken: 74, f. 330; 82, f. 110; 84, f. 70.</l>
<l>NA 702, nr. 152 (2-11-1644) Obligatie aan de kinderen van wijlen med. dr. Johannes Elemans van 1200. Borgen zijn de lakenreders Johannes Harperius Snoeck (getuige bij zijn huwelijk) en Jacob Ardier.</l>
<l>NA 821, nr. 35 (31-4-1646) Obligatie aan dr. Cornelis Weesp van 800 i.v.m. lening. Borgen Johannes Harperius Snoeck en Jacob Ardier, kooplieden. Afgelost op 7-1-1647.</l>
<l>NA 728, nr. 56 (5-3-1647) Contract met Philippe le Croy om per 1 april 4 jaar voor hem te werken. De Croy moest een pers altijd ter beschikking van Van Wijngaarden houden, alsmede twee knechts aan de drukpers en zoveel letterzetters als nodig om deze continu aan het werk te houden. Hij mag hierop niets anders laten drukken, behalve gelegenheidsdrukwerk als carmina, biljette, bruiloftsgedichten, etc. De Croy moet zorgen voor een goed uitgeruste drukkerij en alles wat eventueel aan letters en anderszins naar de smaak van Van Wijngaarden ontbreekt aanvullen en moet de beste kwaliteit leveren. (Ende sal wyders hij de Croij verbonden wesen hem Wijngaerden soo schoonen goeden en curieusen werck te maecken als van yemant binnen Leijden gemaecct wert). Ook als De Croy slechte zetters gebruikt, waardoor de correctie duurder zal uitvallen, moet hij dat op eigen kosten dragen. Van Wijngaarden zorgde voor kopij en papier, met dien verstande dat wanneer er voor een volle pers niet genoeg werk is, Van Wijngaerden voor iedere knecht twintig stuivers per dag zal moeten betalen. Over het salaris van De Croy wordt vastgesteld dat dit tussen beiden in alle redelijkheid zal worden overeengekomen. Iedere zes maanden zal de rekening worden opgemaakt.</l>
<l>NA 730, nr. 333 (15-11-1649) Mutueel testament met Elisabeth Ardier, wonende op het Rapenburg. Tot voogden benoemt hij zijn goede vrunt David Lopez en zij haar broer en schoonbroer.</l>
<l>Nationaal Archief, Academische Vierschaar, 03.03.06, 24 (Dingboek F), f. 16v (1650) Adriaan van Wijngaerden contra Adriaen Beeckerts van Thienen, om betaling van 30.16 voor het binden en leveren van boeken.</l>
<l>NA 444, nr. 22 (27-1-1651) Obligatie aan de erven van Christina du Pree, weduwe van Joost Bertens van 1700. Borg de lakenkoper Jacob Ardier (zijn zwager?). Afgelost 27-4-1657.</l>
<l>NA 732, nr. 232 (21-7-1651) Verklaring met anderen n.a.v. schulden van de Schotse student Alexander Person.</l>
<l>NA 734, nr. 100 (11-4-1653) Obligatie aan zijn schoonbroer de koopman Pieter Ouseel van 800.</l>
<l>NA 735, nr. 23 (22-1-1654) Procuratie aan Pieter Wouwe (?), beeldsnijder te Middelburg om van de boekverkoper Gillis Horthemels aldaar 330.19 te innen voor geleverde boeken.</l>
<l>NA 736A, nr. 177 (5-6-1655) Obligatie aan Daniel Ouseel, predikant te Homade van 700.</l>
<l>NA 736A, nr. 178 (10-6-1655) Obligatie aan Johannes Ouseel, zijdelakenkoper van 560 voor geleverde waren.</l>
<l>NA 736B, nr. 420 (28-12-1655) Genoemd in leercontract tussen Pieter Ouseel en Moyses Ouseel. Zie ook NA 736B, nr. 419 (28-12-1655) Getuige bij akte Pieter Ouseel.</l>
<l>NA 737, nr. 148 (12-6-1656) Obligatie aan Joh. Polio te Amsterdam van 2400 i.v.m. lening.</l>
<l>SA 74 (Gerechtsdagboek FF), f. 330r (27-2-1657) Consent voor een veiling van zijn winkelvoorraad. Opzienders 5.</l>
<l>NA 738, nr. 115 (3-5-1657) Obligatie van in totaal 11116 aan Catharina Vockestaert, weduwe van prof. Joh. Walaeus (zij wordt bijgestaan door advocaat Daniel de Backere), Paschasia van Ysenhout, weduwe van prof. Anthonius Walaeus (haar schoonmoeder), Johan Polio, koopman te Amsterdam (haar zwager). Als onderpand gebruikt hij zijn gebonden en ongebonden boeken en zijn letters in de drukkerij. Hij woont inmiddels in Nijmegen.</l>
<l>NA 1052, nr. 156 (12-10-1677) Akte n.a.v. de nalatenschap van zijn vrouw volgens testament van 15-11-1649. Kinderen: Adriaan (advocaat), Jannetje en Cornelia.</l>
<l>Lit.: Briels 552-553; Gheprint te Nymegen 44; Het Rapenburg V, 721, 729-730; P.J. Mennenh, Duisburg in der Geschichte des niederrheinischen Buchdrucks und Buchhandels bis zum Ende der alten Universitt (1818) (Duisburg, 1870), 46-48, 93, 174, 267, 291-292.</l>
</all>
</person>