<person>
<firstName>Georgius</firstName>
<lastName>Wilbrots</lastName>
<dob>1558</dob>
<dod></dod>
<pob></pob>
<pod></pod>
<professional-start>1570</professional-start>
<professional-end></professional-end>
<professions>
<profession>
<term>letterzetter</term>
<profession-id>4</profession-id></profession>
</professions>
<literature>Rombouts, Certificats, 30.</literature>
<misc>In dienst geweest bij Diederik Horst. Werkte samen met Hendrik van Aken. Vroeg op 20-11-1570 een certificaat aan Plantijn om als drukker te werken.</misc>
<all>
<l>Wilbrots, Georgius (* c. 1558; w. 1570)</l>
<l>Letterzetter.</l>
<l>In dienst geweest bij Diederik Horst. Werkte samen met Hendrik van Aken. Vroeg op 20-11-1570 een certificaat aan Plantijn om als drukker te werken.</l>
<l>Lit.: Rombouts, Certificats, 30.</l>
</all>
</person>