<person>
<firstName>William</firstName>
<lastName>Wilkinson</lastName>
<dob></dob>
<dod></dod>
<pob>engeland</pob>
<pob-id>12</pob-id>
<pod></pod>
<professional-start>1627</professional-start>
<professional-end></professional-end>
<professions>
<profession>
<term>boekdrukker</term>
<profession-id>6</profession-id></profession>
<profession>
<term>drukker</term>
<profession-id>9</profession-id></profession>
</professions>
<literature>Henselmans p. 5; Sprunger, ch. 4.</literature>
<misc>Werkte eerst te Amsterdam. Ook AS 12-2-1627. Hij wordt hier genoemd Guilelmus Wilchensoonus Anglus. 28.</misc>
<all>
<l>Wilkinson, William (* Engeland; w. 1627)</l>
<l>Boekdrukker.</l>
<l>Werkte voorheen mogelijk voor Erpenius.</l>
<l>UBL, Senaatsarchief, Volumen Inscriptionum, f. 232 (12-2-1627) Inschrijving als student, 28 jaar oud, samen met 7 anderen: Willem Christaensz van der Boxe, Henry Randulph, Pieter Vincentsz van Heemskerck, Johannes de Vechter, Pieter Schut, Angelus Jacobsz Junior en Theodorus Wolders (Servi typographi nostri Academici sequenter acto ex gratie et liberalitate D.D. Consulum urbis nostris Leidensis gratis inscripti sunt).</l>
<l>Werkte eerst te Amsterdam. Ook AS 12-2-1627. Hij wordt hier genoemd Guilelmus Wilchensoonus Anglus. 28.</l>
<l>Lit.: Henselmans p. 5; Sprunger, ch. 4.</l>
</all>
</person>