<person>
<firstName>Jacobus</firstName>
<lastName>Bos</lastName>
<dob></dob>
<dod></dod>
<pob>warmond</pob>
<pob-id>19</pob-id>
<pod></pod>
<professional-start>1696</professional-start>
<professional-end></professional-end>
<professions>
<profession>
<term>boekverkoper</term>
<profession-id>1</profession-id></profession>
<profession>
<term>verkoper</term>
<profession-id>25</profession-id></profession>
</professions>
<marriage>KO 5-7-1696 Maria Moriaenshooft (getuige zijn zwager Pieter van Dieningen).</marriage>
<address>Nieuwe Rijn.</address>
<street>Nieuwe Rijn</street>
<street-id>38</street-id>
<lat>52.156034</lat>
<lon>4.5038272
</lon>
<misc>unknown</misc>
<all>
<l>Bos, Jacobus (* Warmond; w. 1696)</l>
<l>Boekverkoper.</l>
<l>Adres: Nieuwe Rijn.</l>
<l>Huwelijk: KO 5-7-1696 Maria Moriaenshooft (getuige zijn zwager Pieter van Dieningen).</l>
</all>
</person>