<person>
<firstName>Jan</firstName>
<lastName>Adriaensz</lastName>
<dob></dob>
<dod></dod>
<pob></pob>
<pod></pod>
<professional-start>1575</professional-start>
<professional-end></professional-end>
<professions>
<profession>
<term>boekbinder</term>
<profession-id>43</profession-id></profession>
</professions>
<literature>Bostoen, Van Hout, 48 (op basis van de publicaties van Pol 2007 en Van Beek 1974)</literature>
<misc>ARA, Hof van Holland, nr. 147 (28-2-1576) Zaak tussen de boekbinder Jan (?) Adriaensz en de kramer Jan Joostensz.</misc>
<all>
<l>Adriaensz, Jan (w. 1575)</l>
<l>Boekbinder.</l>
<l>Produceerde het Leidse noodgeld tijdens het beleg van Leiden.</l>
<l>ARA, Hof van Holland, nr. 147 (28-2-1576) Zaak tussen de boekbinder Jan (?) Adriaensz en de kramer Jan Joostensz.</l>
<l>Lit.: Bostoen, Van Hout, 48 (op basis van de publicaties van Pol 2007 en Van Beek 1974)</l>
</all>
</person>