<person>
<firstName>Andries</firstName>
<lastName>Willaart [Willaert]</lastName>
<dob>1681</dob>
<dod></dod>
<pob>leiden</pob>
<pob-id>1</pob-id>
<pod></pod>
<professional-start>1708</professional-start>
<professional-end></professional-end>
<professions>
<profession>
<term>letterzetter</term>
<profession-id>4</profession-id></profession>
</professions>
<marriage>KO 27-4-1708 Maria Cortijn uit Rotterdam, in de Lokhorststraat (getuige zijn vader en haar bekende Anna Caldercamp). Zij overleed in 1758 en werd op18-10 begraven in Leiderdorp. Kinderen: dopen HK 17-9-1709 Maria; HK 23-8-1711 Pieter; PK 26-2-1710 Maghtild.</marriage>
<address>1708 aan de Pieterskerk.</address>
<misc>NA 2084, nr. 145 (1759) Akte?</misc>
<all>
<l>Willaart [Willaert], Andries (* Leiden 1681 [doop HK 6-11]; w. 1708)</l>
<l>Letterzetter.</l>
<l>Zoon van Wybout Willaart en Marij Jans.</l>
<l>Adres: 1708 aan de Pieterskerk.</l>
<l>Huwelijk: KO 27-4-1708 Maria Cortijn uit Rotterdam, in de Lokhorststraat (getuige zijn vader en haar bekende Anna Caldercamp). Zij overleed in 1758 en werd op18-10 begraven in Leiderdorp. Kinderen: dopen HK 17-9-1709 Maria; HK 23-8-1711 Pieter; PK 26-2-1710 Maghtild.</l>
<l>NA 2146, nr. 94 (1744) Akte?</l>
<l>NA 2084, nr. 145 (1759) Akte?</l>
</all>
</person>