<person>
<firstName>Joris</firstName>
<lastName>Willeboortsz</lastName>
<dob>1558</dob>
<dod></dod>
<pob></pob>
<pod></pod>
<professional-start>1570</professional-start>
<professional-end></professional-end>
<professions>
<profession>
<term>knecht</term>
<profession-id>45</profession-id></profession>
</professions>
<literature>De Navorscher, 8 (1858), 231-232; Ph. Rombouts, Certificats dlivrs aux imprimeurs des Pays-Bas par Christophe Plantin et autres documents se rapportant  la charge du Prototypographe (Antwerpen/Gent, 1881), 30-31.</literature>
<misc>Georgius Wilbroti, aag de 22 ans, natif de Leyden, en Hollande, estant comparu devant moy, ma premirement exhib lectres dattestation de sa bonne fame, renomme et vie catholique, faictes par le Proviseur de Reynlant, dattes en ladicte ville de Leyden, du 15. de ce prsent mois, et scelles avec deux cachets de cire verde, quil disoit estre au nom de lvesque dUtrecht, etc. Plus autres lectres des Signeurs de la ville de Leyden, au mesme effect, dattes aussi dudict 15. de Novembre, soussignes Broechoven. Et disant vouloir estre admis pour exercer lart de limprimerie, je lay interrogu et a respondu avoir apprins ledict art audict Leyden, avec Dierick Horst, environ 4. annes, et depuis besongn pour compagnon chez Henrick van Acken et autres, pour compagnon  la casse, ou compositeur et collecteur de lectres. Et de faict, a demonstr quil entend bien ledict art et le sait exercer, et sait entendre aucunnement le latin avec sa langue maternelle dudict pas. Parquoy, dsirant, comme dict est, exercer ledict art, je luy ay encharg de saddresser au conseil du Roy pour en obtenir le cong, et dentretenir les ordonnances de Sa Majest et de limprimerie. Et ce en la prsence de Jehan Verwithaghe, imprimeur, et Jehan vanden Driesche, notaire,  ce appells.</misc>
<all>
<l>Willeboortsz, Joris (* ca. 1558; w. 1570)</l>
<l>Knecht, in dienst van Dierick Horst.</l>
<l>Rombouts: Le 20. Novembre 1570</l>
<l>Georgius Wilbroti, aag de 22 ans, natif de Leyden, en Hollande, estant comparu devant moy, ma premirement exhib lectres dattestation de sa bonne fame, renomme et vie catholique, faictes par le Proviseur de Reynlant, dattes en ladicte ville de Leyden, du 15. de ce prsent mois, et scelles avec deux cachets de cire verde, quil disoit estre au nom de lvesque dUtrecht, etc. Plus autres lectres des Signeurs de la ville de Leyden, au mesme effect, dattes aussi dudict 15. de Novembre, soussignes Broechoven. Et disant vouloir estre admis pour exercer lart de limprimerie, je lay interrogu et a respondu avoir apprins ledict art audict Leyden, avec Dierick Horst, environ 4. annes, et depuis besongn pour compagnon chez Henrick van Acken et autres, pour compagnon  la casse, ou compositeur et collecteur de lectres. Et de faict, a demonstr quil entend bien ledict art et le sait exercer, et sait entendre aucunnement le latin avec sa langue maternelle dudict pas. Parquoy, dsirant, comme dict est, exercer ledict art, je luy ay encharg de saddresser au conseil du Roy pour en obtenir le cong, et dentretenir les ordonnances de Sa Majest et de limprimerie. Et ce en la prsence de Jehan Verwithaghe, imprimeur, et Jehan vanden Driesche, notaire,  ce appells.</l>
<l>Lit.: De Navorscher, 8 (1858), 231-232; Ph. Rombouts, Certificats dlivrs aux imprimeurs des Pays-Bas par Christophe Plantin et autres documents se rapportant  la charge du Prototypographe (Antwerpen/Gent, 1881), 30-31.</l>
</all>
</person>