<person>
<firstName>Willem</firstName>
<lastName>Willeboortsz</lastName>
<dob></dob>
<dod></dod>
<pob></pob>
<pod></pod>
<professional-start>1579</professional-start>
<professional-end></professional-end>
<professions>
<profession>
<term>boekdrukker</term>
<profession-id>6</profession-id></profession>
<profession>
<term>drukker</term>
<profession-id>9</profession-id></profession>
</professions>
<marriage>KO 12-9-1579 Magdalena Willems uit Delft (getuige zijn oom Maarten Dircxz).</marriage>
<literature>Briels 550; De Navorscher, 8 (1858), 231-232.</literature>
<misc>Vgl. Joris Willeboorts, genoemd in De Navorscher.</misc>
<all>
<l>Willeboortsz, Willem (w. 1579)</l>
<l>Boekdrukker.</l>
<l>Huwelijk: KO 12-9-1579 Magdalena Willems uit Delft (getuige zijn oom Maarten Dircxz).</l>
<l>Vgl. Joris Willeboorts, genoemd in De Navorscher.</l>
<l>Lit.: Briels 550; De Navorscher, 8 (1858), 231-232.</l>
</all>
</person>