<person>
<firstName>Jacob</firstName>
<lastName>Willeke [Willekes]</lastName>
<dob></dob>
<dod></dod>
<pob></pob>
<pod></pod>
<professional-start>1732</professional-start>
<professional-end>1774</professional-end>
<professions>
<profession>
<term>boekverkoper</term>
<profession-id>1</profession-id></profession>
<profession>
<term>verkoper</term>
<profession-id>25</profession-id></profession>
</professions>
<marriage>KO 8-11-1753 Helena Nasvelt (getuige zijn zwager Isaac Martijn). Kinderen: doop PK 20-11-1754 Jacobus; PK 1-12-1756 Mouris; PK 13-6-1759 Magdalena Barbera.</marriage>
<address>1748, 1753 Steenschuur.</address>
<street>Steenschuur</street>
<street-id>57</street-id>
<lat>52.1560107</lat>
<lon>4.4925594
</lon>
<guild>1-4-1726 L bij Adam Schouten. 5-5-1732 Vrijmeester (AB 83a, f. 4).</guild>
<misc>NA 2542, f. 647 (1773) Transport.</misc>
<all>
<l>Willeke [Willekes], Jacob (w. 1732-74)</l>
<l>Boekverkoper.</l>
<l>Adres: 1748, 1753 Steenschuur.</l>
<l>Huwelijk: KO 8-11-1753 Helena Nasvelt (getuige zijn zwager Isaac Martijn). Kinderen: doop PK 20-11-1754 Jacobus; PK 1-12-1756 Mouris; PK 13-6-1759 Magdalena Barbera.</l>
<l>Gilde: 1-4-1726 L bij Adam Schouten. 5-5-1732 Vrijmeester (AB 83a, f. 4).</l>
<l>Personeel: 20-9-1737 Hendrik Adrichem L voor 3 jaar; 8-12-1750 Jacob Perk* L (van Heyligert); ? 1752 Hendrick Liler* L; 17-12-1754 Theodoor Reijgers L; 2-7-1755 Jacob van der Spijk* L; 10-6-1759 Dirk Strikker L (AB 83c, f. 40). Zonder jaar: Geschil met Jacob de Beunje over de druk van een werk van Vitringa over Jesaias (AB 101).</l>
<l>NA 2542, f. 647 (1773) Transport.</l>
</all>
</person>