<person>
<firstName>Maurits [Mouris]</firstName>
<lastName>Willeke [Willekes]</lastName>
<dob>1756</dob>
<dod></dod>
<pob>leiden</pob>
<pob-id>1</pob-id>
<pod></pod>
<professional-start>1784</professional-start>
<professional-end>1793</professional-end>
<professions>
<profession>
<term>boekverkoper</term>
<profession-id>1</profession-id></profession>
<profession>
<term>verkoper</term>
<profession-id>25</profession-id></profession>
</professions>
<guild>1-3-1773 L bij Daniel Vijgh voor 4 jaar. 1-3-1784 Vrijmeester vlgs. geboorterecht (AB 83a, f. 76v). Vertrokken 1793 (AB 83c, f. 101).</guild>
<misc>NA 2556, nr. 81 (1768) Qualificatie.</misc>
<all>
<l>Willeke [Willekes], Maurits [Mouris] (* Leiden 1756 [doop PK 2-12]; w. 1784-93)</l>
<l>Boekverkoper.</l>
<l>Zoon van Jacob Willekes.</l>
<l>Gilde: 1-3-1773 L bij Daniel Vijgh voor 4 jaar. 1-3-1784 Vrijmeester vlgs. geboorterecht (AB 83a, f. 76v). Vertrokken 1793 (AB 83c, f. 101).</l>
<l>NA 2556, nr. 81 (1768) Qualificatie.</l>
</all>
</person>