<person>
<firstName>Jan</firstName>
<lastName>Willems</lastName>
<dob></dob>
<dod></dod>
<pob></pob>
<pod></pod>
<professional-start>1604</professional-start>
<professional-end></professional-end>
<professions>
<profession>
<term>boekdrukker</term>
<profession-id>6</profession-id></profession>
<profession>
<term>drukker</term>
<profession-id>9</profession-id></profession>
</professions>
<misc>NA 84, nr. 74 (20-1-1604) Getuige bij testament Adam Smesmans.</misc>
<all>
<l>Willems, Jan (w. 1604)</l>
<l>Boekdrukker.</l>
<l>Waarschijnlijk. in dienst van Raphelengius.</l>
<l>NA 84, nr. 74 (20-1-1604) Getuige bij testament Adam Smesmans.</l>
</all>
</person>