<person>
<firstName>Jan</firstName>
<lastName>Willemsz [Williamson]</lastName>
<dob></dob>
<dod></dod>
<pob></pob>
<pod></pod>
<professional-start>1606</professional-start>
<professional-end>1615</professional-end>
<professions>
<profession>
<term>boekdrukker</term>
<profession-id>6</profession-id></profession>
<profession>
<term>drukker</term>
<profession-id>9</profession-id></profession>
</professions>
<marriage>1. Trijn Jans; 2. KO 22-5-1615 Nijesje Adriaens van Aarlanderveen, weduwe Jacob Jansz, schotsman (getuige zijn bekende de bakker Pieter Geerloffsz).</marriage>
<misc>NA 177, f. ? (13-1-1615) ?</misc>
<all>
<l>Willemsz [Williamson], Jan (* Schotland; w. 1606-15)</l>
<l>Boekdrukker.</l>
<l>Huwelijk: 1. Trijn Jans; 2. KO 22-5-1615 Nijesje Adriaens van Aarlanderveen, weduwe Jacob Jansz, schotsman (getuige zijn bekende de bakker Pieter Geerloffsz).</l>
<l>NA 73, nr. 68 (22-5-1606) Verklaring</l>
<l>NA 176, f. 363 (7-12-1614) Procuratie i.v.m. vordering.</l>
<l>NA 177, f. ? (13-1-1615) ?</l>
</all>
</person>