<person>
<firstName>Jan</firstName>
<lastName>Willemsz</lastName>
<dob></dob>
<dod></dod>
<pob>edinburgh</pob>
<pob-id>67</pob-id>
<pod></pod>
<professional-start>1644</professional-start>
<professional-end></professional-end>
<professions>
<profession>
<term>boekdrukker</term>
<profession-id>6</profession-id></profession>
<profession>
<term>drukker</term>
<profession-id>9</profession-id></profession>
</professions>
<marriage>KO 20-5-1644 Jannetje Joosten, weduwe Mathias Arentsz van den Bosch (getuige zijn bekende Joris Balentyr).</marriage>
<address>1644 Herensteeg.</address>
<street>Herensteeg</street>
<street-id>17</street-id>
<lat>52.1564269</lat>
<lon>4.4881692
</lon>
<misc>Getuigenisboek I, f. 186 (drukker); K, f. 102; L, ff. 148v, 341, 418 (37 jaar); M, ff. 2v, 99 (38 jaar), 287v (40 jaar).</misc>
<all>
<l>Willemsz, Jan (* Edinburgh; w. 1644)</l>
<l>Boekdrukker.</l>
<l>Adres: 1644 Herensteeg.</l>
<l>Huwelijk: KO 20-5-1644 Jannetje Joosten, weduwe Mathias Arentsz van den Bosch (getuige zijn bekende Joris Balentyr).</l>
<l>Getuigenisboek I, f. 186 (drukker); K, f. 102; L, ff. 148v, 341, 418 (37 jaar); M, ff. 2v, 99 (38 jaar), 287v (40 jaar).</l>
</all>
</person>