<person>
<firstName>Lammert</firstName>
<lastName>Willemsz</lastName>
<dob></dob>
<dod></dod>
<pob>franeker</pob>
<pob-id>9</pob-id>
<pod></pod>
<professional-start>1606</professional-start>
<professional-end>1610</professional-end>
<professions>
<profession>
<term>letterzetter</term>
<profession-id>4</profession-id></profession>
</professions>
<marriage>KO 3-5-1606 Maertje Andries (getuige zijn bekende de letterzetter Hans Spoor en haar schoonzuster Aeltje Neelmans).</marriage>
<misc>NA 91, nr. 92 (1610) Akte ontbreekt.</misc>
<all>
<l>Willemsz, Lammert (* Franeker; w. 1606-10)</l>
<l>Letterzetter.</l>
<l>Huwelijk: KO 3-5-1606 Maertje Andries (getuige zijn bekende de letterzetter Hans Spoor en haar schoonzuster Aeltje Neelmans).</l>
<l>NA 91, nr. 92 (1610) Akte ontbreekt.</l>
</all>
</person>