<person>
<firstName>Willem</firstName>
<lastName>Willemsz</lastName>
<dob></dob>
<dod></dod>
<pob>leiden</pob>
<pob-id>1</pob-id>
<pod></pod>
<professional-start>1613</professional-start>
<professional-end>1622</professional-end>
<professions>
<profession>
<term>boekverkoper</term>
<profession-id>1</profession-id></profession>
<profession>
<term>verkoper</term>
<profession-id>25</profession-id></profession>
<profession>
<term>boekbinder</term>
<profession-id>43</profession-id></profession>
</professions>
<marriage>SH 16-1-1621 Annetje Jans uit Oldersum (getuige zijn cousijn Pieter Jansz).</marriage>
<literature>Bgels 63.</literature>
<misc>Genoemd in SA 3406, nrs. 166, 169 en SA 682, f. 102v.</misc>
<all>
<l>Willemsz, Willem (* Leiden; w. 1613-22)</l>
<l>Boekbinder, later boekverkoper.</l>
<l>Huwelijk: SH 16-1-1621 Annetje Jans uit Oldersum (getuige zijn cousijn Pieter Jansz).</l>
<l>Vgl. de Haarlemse boekverkoper Willem Willemsz die op 22-4-1622 huwde voor schepenen met Neeltje Willems (getuigen zijn broers Pieter en Jan).</l>
<l>SA 682, Burgemeestersdagboek, f. 102v (23-8-1622) Zweert censuureed.</l>
<l>Genoemd in SA 3406, nrs. 166, 169 en SA 682, f. 102v.</l>
<l>Lit.: Bgels 63.</l>
</all>
</person>