<person>
<firstName>Johannes</firstName>
<lastName>Bos</lastName>
<dob></dob>
<dod></dod>
<pob></pob>
<pod></pod>
<professional-start>1746</professional-start>
<professional-end>1771</professional-end>
<professions>
<profession>
<term>boekverkoper</term>
<profession-id>1</profession-id></profession>
<profession>
<term>verkoper</term>
<profession-id>25</profession-id></profession>
</professions>
<marriage>KO 12-3-1751 Helena van Alphen uit Benthuizen (getuige zijn moeder Aaltje Maartens en haar vader).</marriage>
<address>Nieuwsteeg.</address>
<street>Nieuwsteeg</street>
<street-id>39</street-id>
<lat>52.1562295</lat>
<lon>4.4891081
</lon>
<guild>4/7?-2-1735 L voor 4 jaar bij Van Abkoude; 4-3-1743 bij Hasebroek. 7-2-1746 Vrijmeester (AB 83a, f. 21).</guild>
<literature>Ledeboer.</literature>
<misc>Zoon van ? Bos en Aaltje Maartens.</misc>
<all>
<l>Bos, Johannes (w. 1746-71)</l>
<l>Boekverkoper.</l>
<l>Zoon van ? Bos en Aaltje Maartens.</l>
<l>Adres: Nieuwsteeg.</l>
<l>Huwelijk: KO 12-3-1751 Helena van Alphen uit Benthuizen (getuige zijn moeder Aaltje Maartens en haar vader).</l>
<l>Gilde: 4/7?-2-1735 L voor 4 jaar bij Van Abkoude; 4-3-1743 bij Hasebroek. 7-2-1746 Vrijmeester (AB 83a, f. 21).</l>
<l>Lit.: Ledeboer.</l>
</all>
</person>