<person>
<firstName>Harmanus van</firstName>
<lastName>Wingendorp</lastName>
<dob></dob>
<dod></dod>
<pob></pob>
<pod></pod>
<professional-start>1652</professional-start>
<professional-end></professional-end>
<professions>
<profession>
<term>boekdrukker</term>
<profession-id>6</profession-id></profession>
<profession>
<term>drukker</term>
<profession-id>9</profession-id></profession>
</professions>
<misc>NA 1120, nr. 12 (1677) Akte.</misc>
<all>
<l>Wingendorp, Harmanus van (w. 1652)</l>
<l>Boekdrukker?</l>
<l>Album studiosorum: 24-8-1626 Hermanus Wyngendorff Schomburgensis. 19. J; 11-9-1627 Hermanus Wingendorf Schauburgensis. 20, J. Dezelfde?</l>
<l>NA 622, nr. 96 (10-8-1644) Verklaring dat hij de inspectie van het Berchwerck toebehorende Joffr. Agatha Scholiers, weduwe van Mathijs van Overbeke accepteert en aanneemt.</l>
<l>RA 4, Correctieboek N, f. 21r (3-9-1652) Veroordeling wegens de ongeoorloofde druk (als niet gildelid?) van een niet nader genoemd boek, ondanks een eerder verbod. Hij had bovendien de overlieden van het boekverkopersgilde zeer onheus bejegend. Boete 10 plus de kosten van het proces.</l>
<l>SA 71, ff. 114r-117r (3-9-1652) Consent aan Harmanus Wingendorp om Severijn Matthijsz tot 1 november in een achterkamer van zijn huis een drukpers te laten gebruiken voor de druk voor eigen rekening van een aantal Italiaanse gedichten. Wingendorp had Matthijsz hiertoe uijt puijre charitatieve consideratie uitgenodigd, omdat die in zijn eigen huis niet kon werken wegens een conflict met zijn huisbaas. Vervolgens was een conflict ontstaan met de overlieden van het boekverkopersgilde, die meenden dat dit tegen de gildekeur was. Zij hadden Wingendorp thuis bezocht en twee letterbakken en een vorm meegenomen, waardoor het werk stil was komen te liggen. Op 29-8 werd het gildebestuur gehoord, vervolgens Matthijsz, waarna consent werd gegeven. Cf. Giovanni Battista Morino, lAdone, 2 dln. (Amsterdam?: drukker S. Matthijsz, 1651), 18 (UBL 567 G 14-15); Torquato Tasso, Orazio Ariosti en Camillo Camilli, Il Goffredo, overo Gierusalemme liberata, poemo heroico (Amsterdam: Giovanni La No en Sebastiano Combi, dr. Severijn Matthijsz, 1652), 1652), 24. UBL 566 G 12; Traiano Boccalini [= Antonio Santa Croce], La secretaria di Apollo (Amsterdam: F.M. Boccafranca; dr. Severijn Matthijsz?, 1653), 24. UBL 568 G 9.</l>
<l>NA 1120, nr. 12 (1677) Akte.</l>
</all>
</person>