<person>
<firstName>Eduwaert [Edward]</firstName>
<lastName>Winsloo [Winslow]</lastName>
<dob></dob>
<dod></dod>
<pob></pob>
<pod></pod>
<professional-start>1618</professional-start>
<professional-end></professional-end>
<professions>
<profession>
<term>boekdrukker</term>
<profession-id>6</profession-id></profession>
<profession>
<term>drukker</term>
<profession-id>9</profession-id></profession>
</professions>
<marriage>SH 27-4-1618 Elisabeth Berkar uit Chatsum (Chatham?) in Engeland (getuigen zijn bekenden Jonathan Willems Brewster en Ysaack Allerton en voor de bruid haar nicht Janneke Phesels? en Mary Allerton-Norris).</marriage>
<literature>Sprunger, ch. 5?</literature>
<misc>unknown</misc>
<all>
<l>Winsloo [Winslow], Eduwaert [Edward] (* Londen; w. 1618)</l>
<l>Boekdrukker.</l>
<l>Huwelijk: SH 27-4-1618 Elisabeth Berkar uit Chatsum (Chatham?) in Engeland (getuigen zijn bekenden Jonathan Willems Brewster en Ysaack Allerton en voor de bruid haar nicht Janneke Phesels? en Mary Allerton-Norris).</l>
<l>Lit.: Sprunger, ch. 5?</l>
</all>
</person>