<person>
<firstName>Johannes de</firstName>
<lastName>Winter</lastName>
<dob></dob>
<dod></dod>
<pob></pob>
<pod></pod>
<professional-start>1671</professional-start>
<professional-end></professional-end>
<professions>
<profession>
<term>boekverkoper</term>
<profession-id>1</profession-id></profession>
<profession>
<term>verkoper</term>
<profession-id>25</profession-id></profession>
</professions>
<marriage>? KO 12-10-1686 Jannetje Basin (getuige zijn vader).</marriage>
<address>? 1686 Uiterstergracht.</address>
<guild>26-8-1671 Vrijmeester (AB 83a, f. 118).</guild>
<misc>unknown</misc>
<all>
<l>Winter, Johannes de (w. 1671)</l>
<l>Boekverkoper.</l>
<l>Adres: ? 1686 Uiterstergracht.</l>
<l>Huwelijk: ? KO 12-10-1686 Jannetje Basin (getuige zijn vader).</l>
<l>Gilde: 26-8-1671 Vrijmeester (AB 83a, f. 118).</l>
</all>
</person>