<person>
<firstName>Coenraad sr.</firstName>
<lastName>? Wishoff</lastName>
<dob>14</dob>
<dod></dod>
<pob>pre -7-</pob>
<pod></pod>
<professional-start></professional-start>
<professional-end></professional-end>
<professions>
<profession>
<term>boekverkoper</term>
<profession-id>1</profession-id></profession>
<profession>
<term>verkoper</term>
<profession-id>25</profession-id></profession>
</professions>
<misc>Begr. PK (opschrift grafsteen: Coenraet / Wishoff / Boekverkooper / 14 Iuly 1719).</misc>
<all>
<l>? Wishoff, Coenraad sr. ( pre 14-7-1719; w. ?)</l>
<l>Boekverkoper.</l>
<l>Begr. PK (opschrift grafsteen: Coenraet / Wishoff / Boekverkooper / 14 Iuly 1719).</l>
</all>
</person>