<person>
<firstName>Coenraad jr.</firstName>
<lastName>Wishoff</lastName>
<dob></dob>
<dod></dod>
<pob></pob>
<pod></pod>
<professional-start>1710</professional-start>
<professional-end>1754</professional-end>
<professions>
<profession>
<term>boekverkoper</term>
<profession-id>1</profession-id></profession>
<profession>
<term>verkoper</term>
<profession-id>25</profession-id></profession>
</professions>
<marriage>KO 16-10-1711 Sibilla Henke uit Altena int Land van der Mark (getuige zijn vader).</marriage>
<address>1711 Rapenburg 56 z.dl (als huurder; onduidelijk hoe lang hij hier heeft gewoond); ? Herensteeg; 1735, 1756 Kloksteeg.</address>
<street>Rapenburg</street>
<street-id>50</street-id>
<lat>52.155884</lat>
<lon>4.4876151
</lon>
<guild>30-9-1710 Vrijmeester (AB 83a, f. 114v). Hoofdman 1729, 1734, 1739, 1746, 1752, 1754.</guild>
<auction>1734 D*** (Saltykow 18.72.4.37).</auction>
<misc>NA 2291 (1756?) Verkoop huizen (o.a. Kloksteeg).</misc>
<all>
<l>Wishoff, Coenraad jr. (w. 1710-54)</l>
<l>Boekverkoper.</l>
<l>Luthers (lidmatenlijst Lutherse kerk in NA 1924, f. 39).</l>
<l>Zoon van Jurriaan Wishoff, die in 1702 wordt vermeld als wijnwerker (NA 1464, nr. 235; hij was poorter geworden op 27-2-1682).</l>
<l>Adres: 1711 Rapenburg 56 z.dl (als huurder; onduidelijk hoe lang hij hier heeft gewoond); ? Herensteeg; 1735, 1756 Kloksteeg.</l>
<l>Huwelijk: KO 16-10-1711 Sibilla Henke uit Altena int Land van der Mark (getuige zijn vader).</l>
<l>Gilde: 30-9-1710 Vrijmeester (AB 83a, f. 114v). Hoofdman 1729, 1734, 1739, 1746, 1752, 1754.</l>
<l>Personeel: 25-6-1725 Jan Heyligert* L voor 4 jaar (loon I 12 st. II 18 st. III 24 st. IV 30 st.); 3-1-1729 Hendrick Heyligert voor 6 jaar (loon I + II 7 st. III 12 st. IV 18 st. V 24 st. VI 30 st.); 1-4-1733 David Mortier* (van Kallewier); 3-6-1735 Johannes Seuters L; 3-11-1739 Fr. Slingerland L, Jacob van der Sluijs L (houkint); 1-5-1740 Frederick Slijk L (afgegaan op koekebakke); 2-5-1746 Poulus Spijk L voor 4 jaar (loon I 6 st. II 12 st. III 18 st. IV 24 st.); 7-11-1750 Moses Cijfveer* (van Heyligert); 8-12-1750 Jacques Sinot (van Luchtmans) (AB 83b, f. 51v; 83c, f. 10).</l>
<l>Veilingen: 1734 D*** (Saltykow 18.72.4.37).</l>
<l>1762 Conflict met Hendrik van der Deyster over de uitgave van dr. Mart. Lutherus Kerkpostil, 3 dln., 1762, 4 (AB 99). Voor een contract over de druk van zijn uitgave Mathematisch woordenboek zie Isaac van der Mijn).</l>
<l>Poorterboeken: getuige bij inschrijving Jan Andries Seuter (9-10-1713).</l>
<l>NA 1818, nr. 7 (31-8-1714) Mutueel testament.</l>
<l>NA 1737, nr. 143 (1716) Procuratie.</l>
<l>NA 1472, nr. 6 (20-1-1717) Obligatie van 900 met Hendrick Teering, Jurriaan Wishoff en Jan Nivelt aan de erven Reinier Leers voor boeken gekocht op de auctie van M. Bhm te Delft d.d. 11-11-1715 (transportacte voor notaris G. van Bortel op 27-8-1716).</l>
<l>NA 1472, nr. 82 (27-9-1717) Obligatie van 1065.2 met Jurriaan Wishoff en Hartgerus Teering aan de erven van de Utrechtse boekverkoper Willem van Poolsum voor gekochte boeken ten huize van Melchior de Raet te Utrecht d.d. 14-5-1717.</l>
<l>NA 1472, nr. 211 (24-9-1718) Obligatie van 1040.15.14 met Johannes van der Deyster, Jacob Losel en Hendrick Teering aan de Rotterdamse boekverkoper Barend Bos voor boeken gekocht op een auctie te Delft d.d. 15-8-1718.</l>
<l>NA 1323, nr. 86 (11-9-1720) Gezamenlijke obligatie van Wishoff t.b.v. 250, Daniel Goedval t.b.v. 218 en Hendrik Teering t.b.v. 229 voor boeken gekocht op de veiling d.d. 20-5-1720.</l>
<l>NA 1821, nr. 24 (1721) Akte.</l>
<l>NA 1474, nr. 69 (13-7-1722) Obligatie van 1272.15 met Johannes van der Deyster aan Maria van Someren, weduwe van de Utrechtse boekverkoper Willem Broedelet voor boeken gekocht op de auctie onder de boekverkopers d.d. 15-5-1722 (borg Barend Wishoff, marktschipper op Delft).</l>
<l>NA 1474, nr. 90 (30-9-1722) Procuratie aan de Haagse procureur Pieter van Schaick om hem te vertegenwoordigen in zijn zaak tegen de Haagse boekverkoper Rutger Aelberts voor de Haagse vierschaar.</l>
<l>NA 1474, nr. 125 (26-1-1723) Obligatie van 2390.17.8 met Johannes Arnoldus Langerak, Daniel Goedval en Hendrick Teering aan de weduwe Franois Halma te Leeuwarden voor boeken gekocht op Halma's auctie op 6-10 e.v. 1722.</l>
<l>NA 1821, nr. 24 (13-2-1724) Obligatie van 500 aan de broodbakker Pieter Risot.</l>
<l>NA 1475, nr. 275 (26-4-1726) Obligatie van 679.4.8 met Johannes van der Deyster en Hendrick Teering aan de Utrechtse boekverkoper Willem van de Water voor boeken gekocht op een auctie op 6-3-1726.</l>
<l>NA 1768, nr. 128 (19-10-1726) Obligatie van 400 aan Cornelis Buijs i.v.m. een lening (borg Joachim Swarts).</l>
<l>NA 1895, nr. 65 (13-7-1727) Obligatie van 1049 aan de weduwe Boutesteyn voor boeken gekocht op de veiling onder de boekverkopers van 3-6 e.v. 1727 (borgen Hendrick Teering en de schoolmeerster Abraham Voosart; 4 termijnen).</l>
<l>Nationaal Archief, Academische Vierschaar, 03.03.06, 25 (Dingboek G), f. 197 (19-2-1728) Toegestaan verzoek van Coenraad Wishoff en Willem van Mechelen, apotheker, om de goederen van de vertrokken Johannes Christoffel Vierthaler te mogen verkopen, o.a. vanwege een schuld voor boeken en veilinggeld over 1721 en 1722 van 57.11. Vgl. ff. 207-208 (29-3-1729) Lijst van preferentie en concurrentie. Concurrentie; Boekverkoper; Apotheker; Handschrift; Lakenkoper.</l>
<l>NA 1919, ff. 457-58 (15-11-1729) Obligatie van 471 aan de Delftse boekverkoper Adriaan Beman voor boeken gekocht op een auctie te Delft d.d. 5-9-1729; Hendrik Teering borg.</l>
<l>NA 1919, ff. 461-62 (15-11-1729) Obligatie van 329.9 aan de Haagse boekverkopers Pierre Gosse en Jean Neaulme voor gebonden boeken gekocht op hun auctie d.d. 25-7-1729.</l>
<l>NA 1919, ff. 537-38 (24-12-1729) Obligatie van 405.5 aan de erven Franois Halma voor ongebonden boeken gekocht op hun auctie te Delft d.d. 5-9-1729.</l>
<l>NA 1920, ff. 251-52 (24-4-1730) Obligatie van 290 aan Aagje Pieters Alis, weduwe Cornelis Keijzer voor papier gekocht d.d. 12-4-1730.</l>
<l>NA 1921, f. 529 (24-7-1731) Obligatie van 804 aan Aagje Pieters Alis, weduwe Cornelis Keijzer voor papier gekocht in 1728, 1729, 1730.</l>
<l>NA 1737, ff. 143- (?) Procuratie om van dr. Johann Adolph Erythropes te Plui[...] in Holstein 135 te innen voor het drukken van zijn disputatie en geleverde boeken; tevens 285.17 voor een obligatie op naam van Jan Oblet.</l>
<l>NA 1925, ff. 634 en 917 (20-8-1735) Quitantie en verkoop van huizen i.v.m. voogdijschap.</l>
<l>NA 2009, nr. 89 [scan nr. 328] (24-1-1737) Coenraad Wishoff quitantie als bewijs van ontvangst van een bedrag van 60 van Johannes Vaillant uit Leiden uit naam van Frederik Jagiwitz voor het drukken van diens disputen. Wishoff belooft het bedrag aan Vaillant terug te geven wanneer Jagiwitz hem niet binnen drie maanden betaalt. George Jacob Wishoff stelt zich garant voor Vaillant. Getuige David Mortier.</l>
<l>NA 2088, nr. 210 (13-11-1738) Procuratie aan notaris Albertus Kleijnenbergh om van Sophia van Bergen 144 te ontvangen.</l>
<l>NA 1903, nr. 119 (11-11-1738) Acte n.a.v. zijn voogdij over Anna Edelen.</l>
<l>NA 2028, nr. 177 [scan nr. 707] (7-9-1739) Schenkt de helft van zijn boekwinkel etc. aan zijn zoon George Jacob.</l>
<l>NA 2028, nr. 178 [ scan 709] (7-9-1739) Oprichting van een compagnie met zijn zoon George Jacob voor een periode van 25 jaar. 9 Bepalingen.</l>
<l>NA 2029, nr. 40 [scan nr. ] (1740) Procuratie aan zijn zoon George Jacob om van Prof. Sellius in der minne of door middel van recht betaling van 323.8 af te dwingen n.a.v. rekeningen over de jaren 1734 (34.14), 1735 en 1737 (288.14).</l>
<l>NA 2031, nr. 105 [scan nr. 426] (4-5-1742) Johanna van der Kest, weduwe van Hendrik Mulhovius, verkoopt aan Coenraad en George Jacob Wishoff een derde deel in het recht van kopij op de 4 uitgave van Bernardus Sigried Albinus, Historia musculorum omnium, incl. de platen en 168 exemplaren ( 4) voor totaal 672. Getuige o.a. David Onnekink.</l>
<l>NA 2033, nr. 82 [scan nr. 375] (7-5-1744) Obligatie met George Jacob aan Johanna van der Kest, weduwe Hendrik Mulhovius, van 650, voor een derde part van het recht van kopij in B.S. Albinus, Historiae musculorum omnium, alsmede platen daarbij behorende en nog 168 exemplaren. De totale koop bedroef 672, waarvan inmiddels 22 was betaald.</l>
<l>NA 2091, nr. 494 (7-11-1747) Procuratie aan Cornelis van der Kop om hem te vertegenwoordigen in zijn zaak voor schepenen tegen Abraham Schouten die hem elf roebels of 26.10 schuldig is.</l>
<l>NA 2291, nr. 243 (1756) Akte.</l>
<l>NA 2291 (1756?) Verkoop huizen (o.a. Kloksteeg).</l>
</all>
</person>