<person>
<firstName>unknown</firstName>
<lastName>unknown</lastName>
<dob></dob>
<dod></dod>
<pob></pob>
<pod></pod>
<professional-start></professional-start>
<professional-end></professional-end>
<professions>
</professions>
<misc>C: Wishoff</misc>
<all>
<l>Leyden 3 Juni 1739</l>
<l>Myn Heer Pr Linneus</l>
<l>Ik neem de vrijheijdt om door deese vrindt aan UE een lettertie toe te laaten koomen, wat aangaat UE werck de Genera[1] daar heb ik omtrent nog van 70 exemplaaren, zoo datte wij haast meugen denken om een ander druck, als het met Uede[l]e goedt vindingh is, de Hr Dr Gronovius heeft zijn Sijstema Naturae[2] omtrent 200 exemplaaren aan de boekverkooper Haak verkopt, met die condisie het regt van copei voor een ander druk ik hadt ook gedagt, dat Uede[l]e mijn eenige exemplaare van Cliffort Hortensis[3] zoude besorgt hebt, de Hr Proffr van Rojen heeft al 20 blaade gedrukt, van zijn niewe catalogue het Werkie[4] van de Hr Cramer Docimasia[5] is uit nu gaan wij haast, aan het botanies werck[6] van Haller, die ook een Sijstema over Boerhaave zijn theorie heeft uit gegeeven[7] dHr Ens &amp; langen de Hr Lieberkuen en Cramer laaten UE alle groeten en verblyven</l>
<l>Mijn Hr Dr UEdw dienaar</l>
<l>C: Wishoff</l>
</all>
</person>