<person>
<firstName></firstName>
<lastName>Bos (Bosc)</lastName>
<dob></dob>
<dod></dod>
<pob>Bosc</pob>
<pod></pod>
<professional-start></professional-start>
<professional-end></professional-end>
<professions>
<profession>
<term>boekverkoper</term>
<profession-id>1</profession-id></profession>
<profession>
<term>verkoper</term>
<profession-id>25</profession-id></profession>
</professions>
<guild>5-5-1760 L voor 4 jaar bij Hendrik Trap; 4-6-1764 bij Pieter Delfos; juni 1766 bij Hasebroek. 6-5-1771 Vrijmeester (AB 83a, f. 36v).</guild>
<literature>Ledeboer.</literature>
<misc>Personeel: 1-7-1771 Paulus Bosc (AB 83c, f. 53v).</misc>
<all>
<l>Bos (Bosc), Pierre (w. 1771)</l>
<l>Boekverkoper.</l>
<l>Gilde: 5-5-1760 L voor 4 jaar bij Hendrik Trap; 4-6-1764 bij Pieter Delfos; juni 1766 bij Hasebroek. 6-5-1771 Vrijmeester (AB 83a, f. 36v).</l>
<l>Personeel: 1-7-1771 Paulus Bosc (AB 83c, f. 53v).</l>
<l>Lit.: Ledeboer.</l>
</all>
</person>