<person>
<firstName>unknown</firstName>
<lastName>unknown</lastName>
<dob></dob>
<dod></dod>
<pob></pob>
<pod></pod>
<professional-start></professional-start>
<professional-end></professional-end>
<professions>
</professions>
<misc>7. Wishoff refers to Hallers edition of Herman Boerhaaves lectures on the Institutiones medicae, Praelectiones academicae.</misc>
<all>
<l>Noten</l>
<l>1. Linnaeus, Genera plantarum.</l>
<l>2. Linnaeus, Systema naturae.</l>
<l>3. Linnaeus, Hortus Cliffortianus.</l>
<l>4. Royen, Florae Leydensis Prodromus.</l>
<l>5. Conrad Wishoff refers to Kramers, Elementa artis docimasticae.</l>
<l>6. Unknown to us. No botanical work by Haller was published by Conrad Wishoff this year, see Lundsgaard-Hansen-von Fischer, Verzeichnis der gedruckten Schriften Albrecht von Hallers.</l>
<l>7. Wishoff refers to Hallers edition of Herman Boerhaaves lectures on the Institutiones medicae, Praelectiones academicae.</l>
</all>
</person>