<person>
<firstName>unknown</firstName>
<lastName>unknown</lastName>
<dob></dob>
<dod></dod>
<pob></pob>
<pod></pod>
<professional-start></professional-start>
<professional-end></professional-end>
<professions>
</professions>
<misc>unknown</misc>
<all>
<l>Summary</l>
<l>Conrad Wishoff, having 70 more copies of Genera plantarum, wants Linnaeuss approval of a second edition. Johan Frederik Gronovius has sold 200 copies of Systema naturae to the bookseller Theodoor Haak, on the condition that he gets the publishing rights to a second edition. Wishoff thought that Linnaeus would send him some copies of Hortus Cliffortianus. 20 pages of Adrian van Royens, Florae Leydensis Prodromus, have been printed. Johan Kramers Elementa artis docimasticae is being published. Wishoff will soon start the publishing of Albrecht von Hallers work on botany. Haller has also published a Systema of the theories of Herman Boerhaave. Abram Ens, Johann Natanael Lieberkhn and Kramer send their greetings.</l>
</all>
</person>