<person>
<firstName>unknown</firstName>
<lastName>* L0702  Conrad Wishoff to Carl Linnaeus</lastName>
<dob></dob>
<dod></dod>
<pob></pob>
<pod></pod>
<professional-start></professional-start>
<professional-end></professional-end>
<professions>
</professions>
<misc>C. Wishoff</misc>
<all>
<l>* L0702  Conrad Wishoff to Carl Linnaeus, Leiden, 12 April 1746; LS, XVI, 251-252 Text: not yet available.</l>
<l>Mijn Heer Proffr Limneus</l>
<l>Ik neem de vryheijdt om Uedes po[r]trait toe te zenden die ik heb laaten snijden, met dat versoek of Uede[l]e de goedtheijdt gelieft te hebben, om het selve aan een schilder of konstenaar te laaten sien, wat defect datter mag aan zijn, op dat het Ued[e]le volkoomen mag gelijken, om het selve zoo danig in de wereldt te geeven datter niet op te seggen en valt waar ik de selve met de corecsie zoo drai als het moogelijk is weederom zal zien, ik heb doo rde Heer Dr Gronovius 60 exemplaare van de nieuwe edici van UE Genera gezonden, maar niet vernoome of Ued[e]le se gekregen heeft of niet, ik heb van de Heer Laurens Salvius 400 exemplaare van UE Flora Suecia ontfangen, die hij mijn steldt 2 gulde, dat al te veel is, en kanse alhier niet meer verkopen als f 1-8 gelijk Eed[e]le Systema Plantarum, die ik uit verkogt hebt, en dien se wel weeder te herdrukke[n] zoo het van Uede[l]e believen is, en eenige vermeederingh hebt, zijn Ede[l]e de Heer Salvius zendt mijn een memorie van boeken buiten mijn sorteeringh die ik selver met geldt moet betaalen, twelk ik niet kan doen, nog geen boekverkoper in de weereldt, ik heb verslag genoeg gelijk Ued[e]le uit de nevensgaande catalogue kan sien, en kan ook een hondert of twee po[r]traite neemen ik geev het selve aan Ued[e]le eijgen oordeel over ik zal dan de goedtheijdt van Ued[e]le afwagten om van alle antwoort te verwagten, Iets van Ued[e]le dienst zijnde gelieft te gebieden en verblyven met alle resspeck Leijd[e]n 12 April 1746</l>
<l>Mijn Heer Proffs UE dw dienaar</l>
<l>C. Wishoff</l>
</all>
</person>