<person>
<firstName>unknown</firstName>
<lastName>* L0889  Conrad Wishoff to Carl Linnaeus</lastName>
<dob></dob>
<dod></dod>
<pob></pob>
<pod></pod>
<professional-start></professional-start>
<professional-end></professional-end>
<professions>
</professions>
<literature>Het Rapenburg V, 765, 783; Van Vliet, hoofdstuk 2; R. van Vliet, Linnaeus en zijn Hollandse uitgevers, https://rietjevanvliet.wordpress.com/archief-2007/maart-2007/linnaeus-en-zijn-hollandse-uitgevers/ (z19-2-2017).</literature>
<misc>* L1329  Conrad Wishoff to Carl Linnaeus, Leiden, 5 October 1751; LS, XVI, 259-260.</misc>
<all>
<l>* L0889  Conrad Wishoff to Carl Linnaeus, Leiden, 17 May 1748; LS, XVI, 253-254.</l>
<l>* L0982  Conrad Wishoff to Carl Linnaeus, Leiden, 4 October 1748; LS, XVI, 255-256.</l>
<l>* L1045  Conrad Wishoff to Carl Linnaeus, Leiden, 15 August 1749; LS, XVI, 257-258.</l>
<l>* L1329  Conrad Wishoff to Carl Linnaeus, Leiden, 5 October 1751; LS, XVI, 259-260.</l>
<l>Lit.: Het Rapenburg V, 765, 783; Van Vliet, hoofdstuk 2; R. van Vliet, Linnaeus en zijn Hollandse uitgevers, https://rietjevanvliet.wordpress.com/archief-2007/maart-2007/linnaeus-en-zijn-hollandse-uitgevers/ (z19-2-2017).</l>
</all>
</person>