<person>
<firstName>George Jacob</firstName>
<lastName>Wishoff</lastName>
<dob>1714</dob>
<dod></dod>
<pob>later naar Amsterdam?</pob>
<pob-id>1</pob-id>
<pod></pod>
<professional-start>1739</professional-start>
<professional-end>1743</professional-end>
<professions>
<profession>
<term>boekverkoper</term>
<profession-id>1</profession-id></profession>
<profession>
<term>verkoper</term>
<profession-id>25</profession-id></profession>
</professions>
<marriage>SH 17-8/11-9-1735 Sibilla Schlond, ook genaamd Tork uit Dortmund (woonde eerder te Amsterdam).</marriage>
<address>1735 Kloksteeg. Later naar Amsterdam?</address>
<street>Kloksteeg</street>
<street-id>22</street-id>
<lat>52.1572547</lat>
<lon>4.4873558
</lon>
<guild>5-1-1739 Vrijmeester vlgs. geboorterecht (AB 83a, f. 15v).</guild>
<misc>LS, XVI, 261-262. Text: not yet available.</misc>
<all>
<l>Wishoff, George Jacob (* Leiden 1714 [doop 15-11]; w. 1739-43; later naar Amsterdam?)</l>
<l>Boekverkoper.</l>
<l>Zoon van Coenraad Wishoff.</l>
<l>Luthers.</l>
<l>Adres: 1735 Kloksteeg. Later naar Amsterdam?</l>
<l>Huwelijk: SH 17-8/11-9-1735 Sibilla Schlond, ook genaamd Tork uit Dortmund (woonde eerder te Amsterdam).</l>
<l>Gilde: 5-1-1739 Vrijmeester vlgs. geboorterecht (AB 83a, f. 15v).</l>
<l>Personeel: 1-10-1742 David Mortier K (van diens vader); 4-2-1743 Jan van Noord L voor 6 jaar (AB 83c, f. 9v).</l>
<l>Nationaal Archief, Academische Vierschaar, 03.03.06, ? (Dingboek I), f. 42 (24-8-1734) Rekest van Elisabeth Emmeriks om een procureur pro deo tot het instellen van haar actie van defloratie en alimentatie tegen George Jacob Wishoff, student.</l>
<l>NA 1925, ff. 678-80 (1735) Mutueel testament.</l>
<l>NA 1925, ff. 682 en 684 (1735) Declaratoir en quitantie i.v.m. familiezaken van zijn vrouw.</l>
<l>NA 1927, ff. 820- (5-12-1737) Procuratie van Sibrand Schlond aan de Amsterdamse notaris P. van Gulik om een huis in de Berestraat te verkopen, alsmede twee obligaties van samen 2000 (afkomstig uit de boedel van Jurriaen Torck en Elisabeth Hemelrijk, van wie Sibilla de erfgenaam was).</l>
<l>NA 2028, nr. 177 [scan nr. 707] (7-9-1739) Coenraad Wishoff schenkt de helft van zijn boekwinkel etc. aan zijn zoon George Jacob.</l>
<l>NA 2028, nr. 178 [ scan 709] (7-9-1739) Oprichting van een compagnie tussen Coenraad Wishoff en zijn zoon George Jacob voor een periode van 25 jaar. 9 Bepalingen.</l>
<l>NA 2029, nr. 40 [scan nr. ] (1740) Coenraad Wishoff procuratie aan zijn zoon George Jacob om van Prof. Sellius in der minne of door middel van recht betaling van 323.8 af te dwingen n.a.v. rekeningen over de jaren 1734 (34.14), 1735 en 1737 (288.14).</l>
<l>NA 1914, nr. 3 [scan nr. 20] (14-1-1749) Boedel Sara Maria van Musschenbroek ( 29-7-1748). Woonhuis Steenschuur bij de Kloksteeg; buurman Jurriaan Wishoff. Zij is voor een kwart eigenaar. Nog een kwart aandeel in een huis op de Langebrug. Huisraad: prenten, tekeningen, schilderijen, boetseersels, pleisterwerk leeuwtje e.d. Geen boeken. Scheiding nr. 15.</l>
<l>NA 1939, f. 328 [scan nr. 272] (6-5-1749) George Jacob en Sibilla Schlont en Barent Schlont en Henrietta Wishoff procuratie aan de Amsterdamse notaris Pieter van Gulik.</l>
<l>NA 1939, f. 332 [scan nr. 275] (6-5-1749) George Jacob en Sibilla Schlont en Barent Schlont en Henrietta Wishoff procuratie aan de Amsterdamse notaris Pieter van Gulik.</l>
<l>NA 2289, nr. 147 (1752) Akte.</l>
<l>NA 2316, nr. 87 (1754) Akte c.s.</l>
<l>NA 2149A, nr. 88 [scan nr. 308] (3-9-1754) Procuratie van George Jacob Wishoff en zijn vrouw Sybilla Schlont om huizen in Amsterdam uit een. nalatenschap te verkopen.</l>
<l>2149B, nr. 15 (2-6-1755) Procuratie Sybilla Schlont, ook genaamd Tork, echtgenote van George Jacob Wishoff, zoon van Coenraad Wishoff, aan haar man om haar te vertegenwoordigen in de nalatenschap van Jurriaan Tork en Elisabeth Heemelrijck.</l>
<l>NA 2149B, nr. 82 [scan nr. 592) (175) Boedel Johanna van der Rent ( ?). Hypotheek op een aantal huizen; speeltuin in Leiderdorp. Boeken: (onder het zilver) nachtmaalsboekje met zilveren sloten.</l>
<l>NA 1946, f. 159 [scan nr. 152] (24-3-1756) George Jacob Wishoff en Sybilla Schlont procuratie n.a.v. de erfenis van Jurriaan Tork.</l>
<l>NA 2136, f. 1004 [scan nr. 912] (1784) Johannes Luchtmans namens de familie veiling van een huis op het Steenschuur tussen Kloksteeg en Faliede Bagijnhof (buurman Jurriaan Wishoff), strekkende tot achteraan mw. de weduwe Luchtmans, geboren Reijtsma. Voorwaarde is dat twee achterramen die uitzien op de tuin van de weduwe Luchtmans dichtgemetseld moeten worden als zij daarom vraagt. Verkocht voor 3004 door Barend Jacob Artoijs.Linnaeus Project: L2073  Georg Jacob Wishoff aan Carolus Linnaeus, Leiden, 13-7-1756</l>
<l>LS, XVI, 261-262. Text: not yet available.</l>
</all>
</person>