<person>
<firstName>Jurriaan</firstName>
<lastName>Wishoff</lastName>
<dob></dob>
<dod></dod>
<pob></pob>
<pod></pod>
<professional-start>1731</professional-start>
<professional-end>1762</professional-end>
<professions>
<profession>
<term>boekverkoper</term>
<profession-id>1</profession-id></profession>
<profession>
<term>verkoper</term>
<profession-id>25</profession-id></profession>
</professions>
<marriage>1. 1731 Maria Boon; 2. KO 9-4-1733 Jacoba van den Acker uit Delft (getuige Barent Wishoff). Kinderen: doop HK 13-7-1738 Johanna; HK 13-9-1744 Johanna Adriana; PK 30-1-1746 Apollonia.</marriage>
<address>1734 Rapenburg bij de Kloksteeg; 1733-48 Steenschuur.</address>
<street>Steenschuur</street>
<street-id>57</street-id>
<lat>52.1560107</lat>
<lon>4.4925594
</lon>
<guild>Contribuant; 2-7-1731 Vrijmeester (AB 83a, f. 3).</guild>
<misc>NA 2149B, nr. 86 [scan nr. 620] (1757) Borderel,  behorende bij de rekening van de nalatenschap van Johannes van Kerkhem door Jurriaan Wishoff. Wishoff was samen met Cornelis van Kerkhem voogd over de dochter van Van Kerkhem, Jacomina Rosetta. Van Kerkhem was overleden in het Cecilia Gasthuis op 12-5-1756. Voorst worden genoemd als executeurs Gijsbert Waller, Jan Prins en Thomas Honselaar. Tot de nalatenschap behoren ook 990 exx. van de Rudamenta Latina. In de rekening worden onder de inkomsten per jaar aantallen boeken en bedragen genoemd, onder de uitgaven onkosten voor Jacomina, zoals in 1753 100 voor kostgeld, als t leeren wolle naaijen. In de zgn. Derde uitgaaf o.a. Item nog voor twee gebonde exempelaaren van de rudementa Latina aan Arij van Alphen affgeleevert, en welke doort breken van deselve Van Alphen niet zijn betaalt.</misc>
<all>
<l>Wishoff, Jurriaan (w. 1731-62)</l>
<l>Boekverkoper.</l>
<l>Zoon van de schipper Barend Wishoff en Johanna Springvliet.</l>
<l>Adres: 1734 Rapenburg bij de Kloksteeg; 1733-48 Steenschuur.</l>
<l>Huwelijk: 1. 1731 Maria Boon; 2. KO 9-4-1733 Jacoba van den Acker uit Delft (getuige Barent Wishoff). Kinderen: doop HK 13-7-1738 Johanna; HK 13-9-1744 Johanna Adriana; PK 30-1-1746 Apollonia.</l>
<l>Gilde: Contribuant; 2-7-1731 Vrijmeester (AB 83a, f. 3).</l>
<l>Personeel: 3-12-1731 Nicolaes Moens L; 1-3-1734 Abraham van der Mij L; 7-8-1741 Dirk van Meenen L; 1-9-1743 Jan Hoftuijn L; 7-7-1762 Abraham Messemaker L (AB 83b, f. 71; 83c, f. 28).</l>
<l>NA 1970 nr. 136 (1730) Akte.</l>
<l>NA 1970, nrs. 175-76 (1731) Akten betreffende een nalatenschap.</l>
<l>NA 1831, nr. 197 (4-3-1731) Huwelijkse voorwaarden met Maria Boon. Hij is nog minderjarig en wordt vergezeld van zijn ouders. Zij brengt een bijbel met zilveren sloten ter waarde van 6 in.</l>
<l>NA 1832, nr. 54 (7-4-1732) Testament Jurriaen Wishoff met Maria Roon, wonende op het Rapenburg.</l>
<l>NA 1834, nr. 6 (6-1-1734) Mutueel testament; Jacoba is hoogzwanger. Aangetekend dat het paar in het kohier v.d. 200ste penning beneden 4000 was aangeslagen.</l>
<l>NA 2289, nr. 39 (1751) Akte.</l>
<l>NA 2289, nr. 69 (1751) Akte.</l>
<l>NA 2289, nr. 96bis (1752) Akte.</l>
<l>NA 2149B, nr. 86 [scan nr. 620] (1757) Borderel,  behorende bij de rekening van de nalatenschap van Johannes van Kerkhem door Jurriaan Wishoff. Wishoff was samen met Cornelis van Kerkhem voogd over de dochter van Van Kerkhem, Jacomina Rosetta. Van Kerkhem was overleden in het Cecilia Gasthuis op 12-5-1756. Voorst worden genoemd als executeurs Gijsbert Waller, Jan Prins en Thomas Honselaar. Tot de nalatenschap behoren ook 990 exx. van de Rudamenta Latina. In de rekening worden onder de inkomsten per jaar aantallen boeken en bedragen genoemd, onder de uitgaven onkosten voor Jacomina, zoals in 1753 100 voor kostgeld, als t leeren wolle naaijen. In de zgn. Derde uitgaaf o.a. Item nog voor twee gebonde exempelaaren van de rudementa Latina aan Arij van Alphen affgeleevert, en welke doort breken van deselve Van Alphen niet zijn betaalt.</l>
</all>
</person>