<person>
<firstName>Franciscus [Frans] Lambrechtsz</firstName>
<lastName>Wisman</lastName>
<dob>1756</dob>
<dod></dod>
<pob>leiden</pob>
<pob-id>1</pob-id>
<pod></pod>
<professional-start>1777</professional-start>
<professional-end>1796</professional-end>
<professions>
<profession>
<term>boekverkoper</term>
<profession-id>1</profession-id></profession>
<profession>
<term>verkoper</term>
<profession-id>25</profession-id></profession>
</professions>
<marriage>1. RK 16-5-1782/SH 30-5-1782 Jacoba van Kampen uit Gouda (getuige zijn moeder; als beroep wordt opgegeven tabaksverkoper) (Jacoba van Kampen  1790). Kinderen: doop RK De Zon 3-4-1783 Nicolaus Lambertus; 6-6-1784 Guilelmus Albertus; 2. SH 5-11-1790 Johanna Bronsgeest uit Oegstgeest. Kinderen: doop RK Appelmarktstatie 27-9-1791 Johanna; 25-4-1793 Cornelius Joannes; 5-2-1795 Catharina Maria; 2-7-1796 Sophia Maria; 30-11-1797 Catharina Maria; 20-4-1799 Joanna Sophia.</marriage>
<address>Mare.</address>
<street>Mare</street>
<street-id>33</street-id>
<lat>52.1639065</lat>
<lon>4.4895512
</lon>
<guild>Contribuant (AB 83c, ff. 77, 102).</guild>
<misc>NA 2617, nr. 134 (1796) Akte van cautie.</misc>
<all>
<l>Wisman, Franciscus [Frans] Lambrechtsz (* Leiden 1756 [doop RK Kuipersteeg 29-10]; w. 1777-1796)</l>
<l>Boekverkoper?</l>
<l>Zoon van Lambertus Wisman.</l>
<l>Katholiek.</l>
<l>Adres: Mare.</l>
<l>Huwelijk: 1. RK 16-5-1782/SH 30-5-1782 Jacoba van Kampen uit Gouda (getuige zijn moeder; als beroep wordt opgegeven tabaksverkoper) (Jacoba van Kampen  1790). Kinderen: doop RK De Zon 3-4-1783 Nicolaus Lambertus; 6-6-1784 Guilelmus Albertus; 2. SH 5-11-1790 Johanna Bronsgeest uit Oegstgeest. Kinderen: doop RK Appelmarktstatie 27-9-1791 Johanna; 25-4-1793 Cornelius Joannes; 5-2-1795 Catharina Maria; 2-7-1796 Sophia Maria; 30-11-1797 Catharina Maria; 20-4-1799 Joanna Sophia.</l>
<l>Gilde: Contribuant (AB 83c, ff. 77, 102).</l>
<l>NA 2134, nr. 626 (1782) Obligatie.</l>
<l>NA 2225, nr. 6 (1788) Akte.</l>
<l>NA 2143, f. 1248 (1790) Akte van bewijs.</l>
<l>NA 2234, nr. 10 (1793) Testament.</l>
<l>NA 2651, nr. 27 (1794) Procuratie.</l>
<l>NA 2651, nr. 161 (1794) Akte van approbatie en decharge.</l>
<l>NA 2617, nr. 134 (1796) Akte van cautie.</l>
</all>
</person>