<person>
<firstName>Lambertus</firstName>
<lastName>Wisman</lastName>
<dob></dob>
<dod></dod>
<pob></pob>
<pod></pod>
<professional-start>1766</professional-start>
<professional-end>1778</professional-end>
<professions>
<profession>
<term>boekverkoper</term>
<profession-id>1</profession-id></profession>
<profession>
<term>verkoper</term>
<profession-id>25</profession-id></profession>
</professions>
<marriage>1. SH 22-4-1746 Maria Arents van Hees (getuige zijn bekende Matthijs Beek; als zijn beroep wordt opgegeven tabakssnijder); 2. SH 12-1-1748 Johanna Buykman (getuige zijn bekende Willem Buykman;  1792). Kinderen: Dopen RK Bakkersteeg 3-6-1749 Joannes; RK Kuipersteeg 1-12-1750 Wilhelmus; RK Kuipersteeg 25-12-1751 Catharina Maria; RK Kuipersteeg 8-3-1754 Joanna; RK Kuipersteeg 29-10-1756 Franciscus; RK Kuipersteeg 11-6-1758 Alida.</marriage>
<address>1746 Jan Vossensteeg; 1748 Mare.</address>
<street>Mare</street>
<street-id>33</street-id>
<lat>52.1639065</lat>
<lon>4.4895512
</lon>
<guild>Contribuant (AB 83c, f. 96).</guild>
<misc>NA 2225, nr. 92 (1788) Akte.</misc>
<all>
<l>Wisman, Lambertus (* Ossenbrugge [Osnabruck?]; w. 1766-78)</l>
<l>Boekverkoper.</l>
<l>Adres: 1746 Jan Vossensteeg; 1748 Mare.</l>
<l>Huwelijk: 1. SH 22-4-1746 Maria Arents van Hees (getuige zijn bekende Matthijs Beek; als zijn beroep wordt opgegeven tabakssnijder); 2. SH 12-1-1748 Johanna Buykman (getuige zijn bekende Willem Buykman;  1792). Kinderen: Dopen RK Bakkersteeg 3-6-1749 Joannes; RK Kuipersteeg 1-12-1750 Wilhelmus; RK Kuipersteeg 25-12-1751 Catharina Maria; RK Kuipersteeg 8-3-1754 Joanna; RK Kuipersteeg 29-10-1756 Franciscus; RK Kuipersteeg 11-6-1758 Alida.</l>
<l>NA 2175, nr. 119 (1745) Testament.</l>
<l>NA 1913, nr. 86 (10-11-1748) Testament met Johanna Buijkman.</l>
<l>NA 2547, nr. 345 (1778) Cautie c.s.</l>
<l>NA 2590, nr. 26 (1779) Akte.</l>
<l>NA 2225, nr. 92 (1788) Akte.</l>
<l>Gilde: Contribuant (AB 83c, f. 96).</l>
</all>
</person>