<person>
<firstName>Arrigo de</firstName>
<lastName>Bosco</lastName>
<dob></dob>
<dod></dod>
<pob></pob>
<pod></pod>
<professional-start>1588</professional-start>
<professional-end>1589</professional-end>
<professions>
<profession>
<term>boekverkoper</term>
<profession-id>1</profession-id></profession>
<profession>
<term>verkoper</term>
<profession-id>25</profession-id></profession>
</professions>
<literature>Ledeboer.</literature>
<misc>unknown</misc>
<all>
<l>Bosco, Arrigo de (w. 1588-1589)</l>
<l>Boekverkoper?</l>
<l>Lit.: Ledeboer.</l>
</all>
</person>