<person>
<firstName>Witte], Gijsbrecht de</firstName>
<lastName>Wit [With</lastName>
<dob>1655</dob>
<dod></dod>
<pob>zijn weduwe -</pob>
<pob-id>1</pob-id>
<pod></pod>
<professional-start>1640</professional-start>
<professional-end>1655</professional-end>
<professions>
<profession>
<term>boekverkoper</term>
<profession-id>1</profession-id></profession>
<profession>
<term>verkoper</term>
<profession-id>25</profession-id></profession>
</professions>
<marriage>KO 11-5-1645 Cunera (Kniertje) Aerts (getuige zijn oom Jacob Angillis); zij hertrouwt KO 31-10-1658 (huwelijk 13-11-1658 te Voorburg) Jacob Burchoorn. Kinderen: begr. 31-5-1647 HK kind; dopen HK 6-10-1647 Sophia; HK 25-10-1648 Hester; PK 16-9-1650 Sophia.</marriage>
<address>1645 Hogewoerd; 1646-47 Breestraat, In t groot schrijfboeck; 1650-55 Breestraat over t stadt-huys.</address>
<street>Hogewoerd</street>
<street-id>18</street-id>
<lat>52.1554131</lat>
<lon>4.499997
</lon>
<literature>Salman 1999, Bibliografie.</literature>
<misc>Het bedrijf werd voortgezet na de dood van De With door zijn weduwe en na haar hertrouwen met Jacob Burchoorn door hem.</misc>
<all>
<l>Wit [With, Witte], Gijsbrecht de (* Leiden 1623 [doop PK 29-3];  ca. 1654/55, begr. 16-1-1655 HK; w. 1640-55; zijn weduwe 1655-58)</l>
<l>Boekverkoper.</l>
<l>Zoon van Pieter Michielsz de Wit en Lijntje van Nas.</l>
<l>Adres: 1645 Hogewoerd; 1646-47 Breestraat, In t groot schrijfboeck; 1650-55 Breestraat over t stadt-huys.</l>
<l>Huwelijk: KO 11-5-1645 Cunera (Kniertje) Aerts (getuige zijn oom Jacob Angillis); zij hertrouwt KO 31-10-1658 (huwelijk 13-11-1658 te Voorburg) Jacob Burchoorn. Kinderen: begr. 31-5-1647 HK kind; dopen HK 6-10-1647 Sophia; HK 25-10-1648 Hester; PK 16-9-1650 Sophia.</l>
<l>Personeel: 1653 Cornelis Bilderbeecq voor 4 jaar (accoord 1-7-1653); 1655 L/K Aert Bastiaensz voor 4 jaar (accoord 8-4-1655).</l>
<l>Getuigenisboek X, f. 171 (boekverkoper).</l>
<l>NA 730, nr. 107 (19-4-1649) Verklaring met zijn moeder.</l>
<l>Poorterboek 1268, f. 111v (5-5-1652) Borg met Cornelis Banheyning voor het poorterschap van Thomas Fonteyn (zie aldaar).</l>
<l>NA 734, nr. 202 (1-7-1653) Contract met Willem Cornelisz Bilderbeecq over de leertijd van diens kleinzoon Cornelis Cornelisz Bilderbeecq van 4 jaar om te leren boekverkopen en boekbinden. Cornelis krijgt kost en inwoning. Zijn grootvader betaalt hiervoor de eerste 2 jaar 150, het 3e jaar 125 en het 4e jaar 100.</l>
<l>NA 408, nr. 225 (2-10-1654) Obligatie aan Frans Hacke en David Lopez de Haro als executeurs van het testament en voogden van de kinderen van Frans Bastijn van 178.10.8 n.a.v. de koop van div. ongebonden boeken en gedrukte papieren. Borg Daniel Burchoorn. Obligatie voldaan op 25-2-1657.</l>
<l>NA 408, nr. 224 (2-10-1654) Borg bij obligatie Daniel Burchoorn aan Frans Hacke en David Lopez de Haro als executeurs van het testament en voogden van de kinderen van Frans Bastijn.</l>
<l>NA 735, nr. 352 (13-12-1654) Mutueel testament met Cunera Aerts, beiden ziek te bed. Kinderen krijgen een uitkering van 300. Voogden Abraham Oosters en Gillis Jansz van Nieuwenhuijsen.</l>
<l>NA 736A, nr. 98 (8-4-1655) Contract tussen Cunera Aerts, weduwe Gijsbrecht de Wit en Hillegont Aerts, weduwe Bastiaan Lucasz te Rotterdam als moeder en voogdes over haar zoon Aert Bastiaensz; Aert zal voor 4 jaar komen werken als dienaar volgens behoorlijke uren. Loon: I 16 st.; II 30 st.; III 40 st.; IV 60 st.</l>
<l>Het bedrijf werd voortgezet na de dood van De With door zijn weduwe en na haar hertrouwen met Jacob Burchoorn door hem.</l>
<l>Lit.: Salman 1999, Bibliografie.</l>
</all>
</person>