<person>
<firstName>Pieter Michielsz de</firstName>
<lastName>Wit [Witte]</lastName>
<dob>1649</dob>
<dod></dod>
<pob>pre </pob>
<pob-id>1</pob-id>
<pod></pod>
<professional-start>1615</professional-start>
<professional-end>1639</professional-end>
<professions>
<profession>
<term>boekverkoper</term>
<profession-id>1</profession-id></profession>
<profession>
<term>verkoper</term>
<profession-id>25</profession-id></profession>
<profession>
<term>boekbinder</term>
<profession-id>43</profession-id></profession>
</professions>
<marriage>KO 19-1-1617 Catalijne (Lyntje) Ghysbrechts van Nas uit Dordrecht (niet gecompareerd, attestatie; getuige zijn oom Adriaen Behaghel). Kinderen: dopen PK 21-5-1621 Cornelis; PK 29-3-1623 Ghijsbrecht; PK 15-10-1625 Michiel; PK 11-11-1626 Lijntje; HGK 23-11-1627 Cornelis; HK 22-5-1629 Lijntje; HK 1-9-1630 Pieter.</marriage>
<misc>Zie ook Pierre le Blanc.</misc>
<all>
<l>Wit [Witte], Pieter Michielsz de (* Leiden;  pre 1649; w. 1615-39)</l>
<l>Boekbinder(sgezel), later boekverkoper (1639).</l>
<l>Broer van Gijsbrecht de Wit.</l>
<l>Huwelijk: KO 19-1-1617 Catalijne (Lyntje) Ghysbrechts van Nas uit Dordrecht (niet gecompareerd, attestatie; getuige zijn oom Adriaen Behaghel). Kinderen: dopen PK 21-5-1621 Cornelis; PK 29-3-1623 Ghijsbrecht; PK 15-10-1625 Michiel; PK 11-11-1626 Lijntje; HGK 23-11-1627 Cornelis; HK 22-5-1629 Lijntje; HK 1-9-1630 Pieter.</l>
<l>In dienst bij Jan Jacobsz Paedts?</l>
<l>Getuigenisboek O, f. 45 (boekbinder), f. 176 (boekverkoper, 30 jaar); T, f. 125 (boekverkoper, 42 jaar).</l>
<l>NA 126A, nr. 1 (1-10-1615) en NA 127, nr. 43 (14-3-1616) Getuige bij mutueel testament Jan Jacobsz Paedts en zijn vrouw.</l>
<l>NA 127, nr. 83 (1616) Getuige bij testament.</l>
<l>NA 247, nrs. 42 en 105 (1626) Akte betreffende de nalatenschap van een familielied van zijn vrouw. Met verklaring van Daniel van Nas.</l>
<l>? NA 426, nr. 12 (1632) Akte.</l>
<l>NA 195, nr. 33 (1635) Mutueel testament.</l>
<l>NA 267, nr. 15 (29-7-1637) Obligatie met zijn zuster (of vrouw?) Cathelijntje de Witte van 75 aan Constantinus Magnus.</l>
<l>NA 393, nr. 33 (1639) Getuige bij boedelinventaris.</l>
<l>Weeskamer Gr. Bew. H 294v.</l>
<l>NA 730, nr. 107 (19-4-1649) Verklaring Catalijntje Gijsberts en haar zoon Gijsbrecht (haar achternaam lijkt te zijn Vermasche).</l>
<l>Zie ook Pierre le Blanc.</l>
</all>
</person>