<person>
<firstName>Van Woerden/Van der Woerdt], Johannes Cornelisz</firstName>
<lastName>Woerdanus [Wourdanus</lastName>
<dob>1591</dob>
<dod></dod>
<pob>woerden</pob>
<pob-id>86</pob-id>
<pod></pod>
<professional-start>1622</professional-start>
<professional-end>1630</professional-end>
<professions>
<profession>
<term>boekdrukker</term>
<profession-id>6</profession-id></profession>
<profession>
<term>drukker</term>
<profession-id>9</profession-id></profession>
</professions>
<marriage>1. na 1620 Geertrui Simons van Schagen (weduwe van zijn in 1620 bij een brand omgekomen broer Uldrick Cornelisz van Honthorst KO 26-4-1608); 2. SH 4-1-1641 Aaltje Gerrits van Bemmel (huwelijk te Woerden).</marriage>
<address>1622 Zegersteeg.</address>
<street>Zegersteeg</street>
<street-id>64</street-id>
<lat>52.1554785</lat>
<lon>4.4851882
</lon>
<misc>Op huijden den xvien februarij a xvic achtenttwintich compareerden voor mij Pieter Joosten Warmont notaris publyc by den Hove van Hollant op de nominatie der stadt Leijden geadmitteert, ende den naergenoemden getuijgen, Johannes Woerdanus boucdrucker ter eenre, ende Sr Jan Lamair bouckvercoper ter andere sijde. Ende bekenden dvoorn[oemde] comparanten (beyde woonende binnen der voors[eide] stadt Leijden ende mij notario wel bekent) mit malcanderen geaccordeert ende overeengecomen te sijn, dat de voorn[oemde] Johannes Woerdanus aende voors[eide] Lamair sal transporteren cederen ende overgeven, gelijc hij transporteert cedeert ende overgeeft mitsdezen sodanigen somme van vierentachtich guldens ende sestien stuvers [passage doorgestreept], hem competerende van Matthaeo Czanakio, uijt den konincrijcke van Hongarie ende alhier te Leyden gestudeert hebbende, ter saecke van het drucken van des voorn[oemde] Czanakij defensie Keckermanni tegens Jacobum Martinum. Ende hier toe dactie die hij uijt saecke voors[eid] heeft op de boecken ende anders van den selven Czanakio bevonden in een koffer ende twee kisten ten huijse van hem Johannes Woeranus, ende gespecificeert in zeeckere inventaris bij hun comparanten op huijden onderget[ekent?], daer op den voorn[oemde] Lamair dselve boecken ende anders bekende [passage doorgestreept] onder hem genomen te hebben, omme met alle tgene voors[eid] is te winnen ende verliesen in alle schijn of het de voorn[oemde] Woerdanus selver ware. Des so is bedongen dat den voorn[oemde] Lamair op dselve boucken ende anders, so voor dvers[eide] penningen, als tgeene hem in sijn priv naem van den voorn[noemde] Matthaeo Czanakio soude mogen competeren, binnen den tijt van twee jaren geen recht en sal mogen maecken veel min dselve vercoopen of hem afhandich maecken, maer die onder hem bewaren omme te zien of dvoorn[oemde] Czanakio dselve middeler tijt nijet en sal comen lossen [invoeging in linker marge: ende of hij middelertijt quame sal de vers[eide] Lamair van dvers[eide] Czanako van de vers[eide] somme sal eijsschen interest tegens den p[...] zestien van huijden deses af tot deffectuele betalinge toe] [invoeging in linker marge: des so sal dvers[eide] Woeranus dinteresten vande vers[eide] hooftsomme tegens de [p...] 16 tot twee jaren toe indien dvers[eide] Lamair dselve so lange hout ende van de boucken ende anders nyet en kon of [...] goetdoen.] Voorts so beloofde dvoorn[oemde] Johannes Woerdanus tallen tijden ende tot ver[...]ninge van dvoorn[oemde] Lamair of sijne naercomers de deuchdelichh[eijt] van dvoorn[oemde] actie te verifieren ende hem tassisteren daer ende sulcx, dat behoort tot naercominge van alle tgenne voors[eid] es. dvoorn[oemde] comparanten verbinden haere respective personen ende goederen present &amp; toecomende ten bedwangen ende executie van allen [...]heenen rechten ende rechtens, mit verhael vande costen daer[over?] [...]. Eijntelick so bekende dvoorn[oemde] Johannes Woerdanus hem van dvoors[eide] transporte cessie ende overgift al wel ende ten vollen vernoucht voldaen ende betaelt te sijn ende dat met de somme van vierentachtig guldens ende sestien stuvers in gereet gelde, consenterende beyde dvoorn[oemde] comparanten hier van bij mij notario gemaect ende geexpedieert te werden een of meer acten. Aldus gedaen binnen der stadt Leijden ten comtoire mij notarij staende aldaer aende noortzijde van Steenschuijr in presentie van Mathijs Willemsz van Tol kouckebacker ende Heijnderick Cranen beyden burgers der vers[eide] stede als geloofwaerdige getuijgen hier toe beneffens mij notario gereq[uireer]t.</misc>
<all>
<l>Woerdanus [Wourdanus, Van Woerden/Van der Woerdt], Johannes Cornelisz (* Woerden ca. 1591; w. 1622-30)</l>
<l>Boekdrukker.</l>
<l>Adres: 1622 Zegersteeg.</l>
<l>Huwelijk: 1. na 1620 Geertrui Simons van Schagen (weduwe van zijn in 1620 bij een brand omgekomen broer Uldrick Cornelisz van Honthorst KO 26-4-1608); 2. SH 4-1-1641 Aaltje Gerrits van Bemmel (huwelijk te Woerden).</l>
<l>Album Studiosorum 2-12-1604 Johannes van der Woerdt Leidensis. 13, L.</l>
<l>Werkte ca. 1630 voor Van der Boxe.</l>
<l>Register Weeskamer vermeldt ook een schipper van deze naam.</l>
<l>NA 37, nr. 136 (22-8-1609) Testament.</l>
<l>NA 185A, nr. 235 (7-6-1625) Obligatie van 200 met Jan Simonsz van Schagen aan vroedschap Andries Cloeck i.v.m. lening.</l>
<l>Walle 2006 (26-2-1626) Buurtheer van Samaria.</l>
<l>NA 351, nr. 13 (21-5-1627) Verkoopt zijn drukkerij aan notaris Willem van Dobben, die handelt uit naam van de moeder van Adriaan Vranken van Dobben (?). Het betreft:</l>
<l>Canon Duits 3</l>
<l>Vescheyden oude ende nieuwe []  4.10</l>
<l>Augustijn romein en cursief 30</l>
<l>Augustijn Grieks 40</l>
<l>Augustijn Duits 20</l>
<l>Mediaan Duits 50</l>
<l>Mediaan romein 33</l>
<l>Mediaan cursief 23</l>
<l>Descendiaan Duits 50</l>
<l>Descendiaan romein leytsche 75</l>
<l>Descendiaan cursief 12</l>
<l>Brevier Duits 82</l>
<l>Brevier romein 53</l>
<l>Brevier Grieks 50</l>
<l>Paragon romein en cursief 45</l>
<l>twee ma[]den met verscheyden letters 10</l>
<l>Alle defecten deser letteren, staende in verscheyden ma[]den 20</l>
<l>Loden en koperen lijnen en enige soorten grote en kleine strikken en enige schriften defectueux sijnde staende in drye ma[]den 14</l>
<l>29 paar kasten 18</l>
<l>diverse grote en kleine kapitalen in diversche galeijen 3</l>
<l>grote huisbriefletters 3</l>
<l>Drie kapitale ABC [?] letters staende in drye ladekens soo groot als cleijn gesneden als gegoten, sommige vol sommige niet vol 8</l>
<l>2 drukpersen 100</l>
<l>const pers 12</l>
<l>7 paer haeken [?]20</l>
<l>Alle het gereetschap van borden, frisketten en diergelijcke tot de druckerij behorende, met eenige quadraten rustende in seeckeren back 10</l>
<l>Opbrengst totaal, inclusief huisraad 904.5.</l>
<l>NA 360, nr. 4 (16-2-1628) Contract tussen Jan Maire en Johannes Woerdanus, dat de laatste aan Maire zal transporteren 84.16, hem competerende voor het drukken van Defensie Keckermani tegens Jacobum Martinum door de Hongaarse student Mattheus Czanakius. Vgl. Matthaeus Mant. Czanakius, Controversiae partim logicae &amp; philosiphicae, partim etiam theologicae (Leiden: dr. J.C. Wourdanus voor de auteur, 1625), 8. BTL Thysia 416. Maire krijgt hiertoe de beschikking over een koffer en twee kisten met boeken die Czanakius bij Woerdanus heeft achtergelaten.</l>
<l>Op huijden den xvien februarij a xvic achtenttwintich compareerden voor mij Pieter Joosten Warmont notaris publyc by den Hove van Hollant op de nominatie der stadt Leijden geadmitteert, ende den naergenoemden getuijgen, Johannes Woerdanus boucdrucker ter eenre, ende Sr Jan Lamair bouckvercoper ter andere sijde. Ende bekenden dvoorn[oemde] comparanten (beyde woonende binnen der voors[eide] stadt Leijden ende mij notario wel bekent) mit malcanderen geaccordeert ende overeengecomen te sijn, dat de voorn[oemde] Johannes Woerdanus aende voors[eide] Lamair sal transporteren cederen ende overgeven, gelijc hij transporteert cedeert ende overgeeft mitsdezen sodanigen somme van vierentachtich guldens ende sestien stuvers [passage doorgestreept], hem competerende van Matthaeo Czanakio, uijt den konincrijcke van Hongarie ende alhier te Leyden gestudeert hebbende, ter saecke van het drucken van des voorn[oemde] Czanakij defensie Keckermanni tegens Jacobum Martinum. Ende hier toe dactie die hij uijt saecke voors[eid] heeft op de boecken ende anders van den selven Czanakio bevonden in een koffer ende twee kisten ten huijse van hem Johannes Woeranus, ende gespecificeert in zeeckere inventaris bij hun comparanten op huijden onderget[ekent?], daer op den voorn[oemde] Lamair dselve boecken ende anders bekende [passage doorgestreept] onder hem genomen te hebben, omme met alle tgene voors[eid] is te winnen ende verliesen in alle schijn of het de voorn[oemde] Woerdanus selver ware. Des so is bedongen dat den voorn[oemde] Lamair op dselve boucken ende anders, so voor dvers[eide] penningen, als tgeene hem in sijn priv naem van den voorn[noemde] Matthaeo Czanakio soude mogen competeren, binnen den tijt van twee jaren geen recht en sal mogen maecken veel min dselve vercoopen of hem afhandich maecken, maer die onder hem bewaren omme te zien of dvoorn[oemde] Czanakio dselve middeler tijt nijet en sal comen lossen [invoeging in linker marge: ende of hij middelertijt quame sal de vers[eide] Lamair van dvers[eide] Czanako van de vers[eide] somme sal eijsschen interest tegens den p[...] zestien van huijden deses af tot deffectuele betalinge toe] [invoeging in linker marge: des so sal dvers[eide] Woeranus dinteresten vande vers[eide] hooftsomme tegens de [p...] 16 tot twee jaren toe indien dvers[eide] Lamair dselve so lange hout ende van de boucken ende anders nyet en kon of [...] goetdoen.] Voorts so beloofde dvoorn[oemde] Johannes Woerdanus tallen tijden ende tot ver[...]ninge van dvoorn[oemde] Lamair of sijne naercomers de deuchdelichh[eijt] van dvoorn[oemde] actie te verifieren ende hem tassisteren daer ende sulcx, dat behoort tot naercominge van alle tgenne voors[eid] es. dvoorn[oemde] comparanten verbinden haere respective personen ende goederen present &amp; toecomende ten bedwangen ende executie van allen [...]heenen rechten ende rechtens, mit verhael vande costen daer[over?] [...]. Eijntelick so bekende dvoorn[oemde] Johannes Woerdanus hem van dvoors[eide] transporte cessie ende overgift al wel ende ten vollen vernoucht voldaen ende betaelt te sijn ende dat met de somme van vierentachtig guldens ende sestien stuvers in gereet gelde, consenterende beyde dvoorn[oemde] comparanten hier van bij mij notario gemaect ende geexpedieert te werden een of meer acten. Aldus gedaen binnen der stadt Leijden ten comtoire mij notarij staende aldaer aende noortzijde van Steenschuijr in presentie van Mathijs Willemsz van Tol kouckebacker ende Heijnderick Cranen beyden burgers der vers[eide] stede als geloofwaerdige getuijgen hier toe beneffens mij notario gereq[uireer]t.</l>
</all>
</person>