<person>
<firstName>unknown</firstName>
<lastName>unknown</lastName>
<dob></dob>
<dod></dod>
<pob></pob>
<pod></pod>
<professional-start></professional-start>
<professional-end></professional-end>
<professions>
</professions>
<literature>Miklos, Hongaarsche bijbels, Het Boek, 1917; Davies, Geographic extent, 18; Henselmans.</literature>
<misc>Vgl. de schuitvoerder Jan Cornelisz van Woerden, die in 1609 overleed.</misc>
<all>
<l>Jan van Wourden</l>
<l>Matijs Willems van Tol</l>
<l>Jan Maire</l>
<l>H Craen 1628</l>
<l>P.J. Warmont 1628 notarius publicus fecit</l>
<l>NA 602, f. 102 (2-7-1638) Getuige bij akte.</l>
<l>NA 671, nr. 25 (12-4-1644) Verklaring t.v.v. Meynsje van Bodegom, weduwe van Dirck Maire, dat hij ca. 8  9 jaar geleden aan Johannes Woerdam [= Woerdani?] 150 contant in opdracht van Maire heeft uitbetaald.</l>
<l>Vgl. de schuitvoerder Jan Cornelisz van Woerden, die in 1609 overleed.</l>
<l>Lit.: Miklos, Hongaarsche bijbels, Het Boek, 1917; Davies, Geographic extent, 18; Henselmans.</l>
</all>
</person>