<person>
<firstName>Hendrick Cornelisz van</firstName>
<lastName>Woerden</lastName>
<dob></dob>
<dod></dod>
<pob></pob>
<pod></pod>
<professional-start>1622</professional-start>
<professional-end></professional-end>
<professions>
<profession>
<term>drukker</term>
<profession-id>9</profession-id></profession>
</professions>
<misc>NA 102, nr. 52 (13-4-1622) Mutueel testament? Getuige letterzetter Pieter Vincentsz van Heemskerck (knecht?).</misc>
<all>
<l>Woerden, Hendrick Cornelisz van (w. 1622)</l>
<l>Drukker?</l>
<l>Zoon van Cornelis Pietersz te Woerden.</l>
<l>NA 102, nr. 52 (13-4-1622) Mutueel testament? Getuige letterzetter Pieter Vincentsz van Heemskerck (knecht?).</l>
</all>
</person>