<person>
<firstName>Hugo Jansz van</firstName>
<lastName>Woerden</lastName>
<dob>1517</dob>
<dod></dod>
<pob>- Den Haag</pob>
<pod></pod>
<professional-start>1494</professional-start>
<professional-end>1506</professional-end>
<professions>
<profession>
<term>boekverkoper</term>
<profession-id>1</profession-id></profession>
<profession>
<term>boekdrukker</term>
<profession-id>6</profession-id></profession>
<profession>
<term>drukker</term>
<profession-id>9</profession-id></profession>
<profession>
<term>verkoper</term>
<profession-id>25</profession-id></profession>
<profession>
<term>boekbinder</term>
<profession-id>43</profession-id></profession>
</professions>
<address>1498 Vismarkt; 1500-11 Pieterskerkchoorsteeg, hoek Vollersgracht [= Langebrug]; Steenschuur (woonhuis).</address>
<street>Vismarkt</street>
<street-id>60</street-id>
<lat>52.158787</lat>
<lon>4.4912419
</lon>
<literature>Vijfhonderdste verjaring; J.D. Bangs, Huych Jansz van Woerdens Leiden years, Quaerendo, 7 (1977), 316-325; Pan 1996.</literature>
<misc>unknown</misc>
<all>
<l>Woerden, Hugo Jansz van (w. Leiden 1494-1506; Haarlem 1506; 1506-10 Amsterdam; 1515-16 Delft; 1517-43 Den Haag)</l>
<l>Boekdrukker, boekverkoper, boekbinder, prentsnijder.</l>
<l>Adres: 1498 Vismarkt; 1500-11 Pieterskerkchoorsteeg, hoek Vollersgracht [= Langebrug]; Steenschuur (woonhuis).</l>
<l>Lit.: Vijfhonderdste verjaring; J.D. Bangs, Huych Jansz van Woerdens Leiden years, Quaerendo, 7 (1977), 316-325; Pan 1996.</l>
</all>
</person>