<person>
<firstName>Dirck [Theodorus]</firstName>
<lastName>Wolders [Woolders]</lastName>
<dob>1591</dob>
<dod></dod>
<pob>hamburg</pob>
<pob-id>88</pob-id>
<pod></pod>
<professional-start>1627</professional-start>
<professional-end></professional-end>
<professions>
<profession>
<term>boekdrukker</term>
<profession-id>6</profession-id></profession>
<profession>
<term>drukker</term>
<profession-id>9</profession-id></profession>
<profession>
<term>drukkersknecht</term>
<profession-id>11</profession-id></profession>
<profession>
<term>boekdrukkersknecht</term>
<profession-id>26</profession-id></profession>
<profession>
<term>boekdrukker(sknecht)</term>
<profession-id>33</profession-id></profession>
<profession>
<term>knecht</term>
<profession-id>45</profession-id></profession>
<profession>
<term>drukkers</term>
<profession-id>63</profession-id></profession>
</professions>
<literature>Henselmans p. 5.</literature>
<misc>UBL, Senaatsarchief, Volumen Inscriptionum, f. 232 (12-2-1627) Inschrijving als student, 44 jaar oud, wonend in de Varkenssteeg, met zeven anderen: Willem Christiaensz van der Boxe, William Wilkinson, Henry Randulph, Pieter Vincentsz van Heemskerck, Johannes de Vechter, Pieter Schut, en Angel Jacobsz jr. (Servi typographi nostri Academici sequenter acto ex gratie et liberalitate D.D. Consulum urbis nostris Leidensis gratis inscripti sunt). Vgl. AS 12-2-1627; hij wordt hier vermeld als Theodorus Wolders Hamburgensis. 36.</misc>
<all>
<l>Wolders [Woolders], Dirck [Theodorus] (* Hamburg c. 1591; w. 1627)</l>
<l>Boekdrukkersknecht bij de Elzeviers.</l>
<l>Getuigenisboek S, f. 73 (drukker).</l>
<l>UBL, Senaatsarchief, Volumen Inscriptionum, f. 232 (12-2-1627) Inschrijving als student, 44 jaar oud, wonend in de Varkenssteeg, met zeven anderen: Willem Christiaensz van der Boxe, William Wilkinson, Henry Randulph, Pieter Vincentsz van Heemskerck, Johannes de Vechter, Pieter Schut, en Angel Jacobsz jr. (Servi typographi nostri Academici sequenter acto ex gratie et liberalitate D.D. Consulum urbis nostris Leidensis gratis inscripti sunt). Vgl. AS 12-2-1627; hij wordt hier vermeld als Theodorus Wolders Hamburgensis. 36.</l>
<l>Lit.: Henselmans p. 5.</l>
</all>
</person>