<person>
<firstName>Sebastianus</firstName>
<lastName>Wolzius</lastName>
<dob></dob>
<dod></dod>
<pob></pob>
<pod></pod>
<professional-start>1617</professional-start>
<professional-end></professional-end>
<professions>
<profession>
<term>boekverkoper</term>
<profession-id>1</profession-id></profession>
<profession>
<term>pseudoniem</term>
<profession-id>24</profession-id></profession>
<profession>
<term>verkoper</term>
<profession-id>25</profession-id></profession>
</professions>
<literature>Thesaurus.</literature>
<misc>unknown</misc>
<all>
<l>Wolzius, Sebastianus (w. 1617)</l>
<l>Boekverkoper? (pseudoniem?).</l>
<l>Lit.: Thesaurus.</l>
</all>
</person>