<person>
<firstName>Robert</firstName>
<lastName>Wood</lastName>
<dob>1615</dob>
<dod></dod>
<pob></pob>
<pod></pod>
<professional-start>1640</professional-start>
<professional-end></professional-end>
<professions>
<profession>
<term>boekdrukker</term>
<profession-id>6</profession-id></profession>
<profession>
<term>drukker</term>
<profession-id>9</profession-id></profession>
</professions>
<literature>Sprunger, ch. 5.</literature>
<misc>RA 79, dl. V, ff. 238r-v (16-3-1641) Verklaring (oud 26 jaar) met Jan de Vechter en Thomas Thymen uit Amsterdam t.b.v. Thomas Stafford, koopman te Amsterdam, dat zij een jaar tevoren bij v.d. Boxe een Engelse 2 bijbel hebben gedrukt, niet naar de kopie van de Schotse bijbel die te Delft werd gedrukt. Ook Thomas Crawford genoemd. De bijbel werd gedrukt op kosten van Stafford.</misc>
<all>
<l>Wood, Robert (* 1615; w. 1640)</l>
<l>Boekdrukker.</l>
<l>Werkte voor Van der Boxe.</l>
<l>Getuigenisboek V, f. 238 (drukker, 26 jaar).</l>
<l>RA 79, dl. V, ff. 238r-v (16-3-1641) Verklaring (oud 26 jaar) met Jan de Vechter en Thomas Thymen uit Amsterdam t.b.v. Thomas Stafford, koopman te Amsterdam, dat zij een jaar tevoren bij v.d. Boxe een Engelse 2 bijbel hebben gedrukt, niet naar de kopie van de Schotse bijbel die te Delft werd gedrukt. Ook Thomas Crawford genoemd. De bijbel werd gedrukt op kosten van Stafford.</l>
<l>Lit.: Sprunger, ch. 5.</l>
</all>
</person>