<person>
<firstName>Ary</firstName>
<lastName>Bosman</lastName>
<dob></dob>
<dod></dod>
<pob></pob>
<pod></pod>
<professional-start>1711</professional-start>
<professional-end></professional-end>
<professions>
<profession>
<term>boekverkoper</term>
<profession-id>1</profession-id></profession>
<profession>
<term>verkoper</term>
<profession-id>25</profession-id></profession>
</professions>
<guild>17-11-1711 Vrijmeester (AB 83a, f. 42).</guild>
<misc>unknown</misc>
<all>
<l>Bosman, Ary (w. 1711)</l>
<l>Boekverkoper.</l>
<l>Gilde: 17-11-1711 Vrijmeester (AB 83a, f. 42).</l>
</all>
</person>