<person>
<firstName>Hans</firstName>
<lastName>Woutersz</lastName>
<dob></dob>
<dod></dod>
<pob>Jan</pob>
<pod></pod>
<professional-start></professional-start>
<professional-end></professional-end>
<professions>
<profession>
<term>letterzetter</term>
<profession-id>4</profession-id></profession>
<profession>
<term>lettergieter</term>
<profession-id>34</profession-id></profession>
</professions>
<marriage>Lijntje Schuermans uit Antwerpen.</marriage>
<address>1621 t Rommelhuys (Doodboeken Gasthuizen, nr. 55, f. 91).</address>
<literature>Briels 552.</literature>
<misc>Overleden 15-3-1621 in t Rommelhuys (Gasthuizen 55, f. 91).</misc>
<all>
<l>Woutersz, Hans (Jan) (* Antwerpen;  Leiden 15-3-1621; w. 1594-1615)</l>
<l>Lettergieter en letterzetter.</l>
<l>In dienst van Thomas I en II de Vechter.</l>
<l>Adres: 1621 t Rommelhuys (Doodboeken Gasthuizen, nr. 55, f. 91).</l>
<l>Huwelijk: Lijntje Schuermans uit Antwerpen.</l>
<l>NA 57 (15-5-1593) Testament met Lijntje Schuermans. Hij is lettergieter. Getuigen Dirck van der Bochorst en Thomas de Vechter*.</l>
<l>NA 58, f. 189v (5-8-1594) en NA 154, nr. 49 (12-11-1615) Getuige bij akten van Thomas de Vechter*.</l>
<l>Overleden 15-3-1621 in t Rommelhuys (Gasthuizen 55, f. 91).</l>
<l>Lit.: Briels 552.</l>
</all>
</person>