<person>
<firstName>Jan</firstName>
<lastName>Zeverts</lastName>
<dob></dob>
<dod></dod>
<pob></pob>
<pod></pod>
<professional-start>1502</professional-start>
<professional-end>1524</professional-end>
<professions>
<profession>
<term>boekverkoper</term>
<profession-id>1</profession-id></profession>
<profession>
<term>drukker</term>
<profession-id>9</profession-id></profession>
<profession>
<term>uitgever</term>
<profession-id>17</profession-id></profession>
<profession>
<term>verkoper</term>
<profession-id>25</profession-id></profession>
</professions>
<marriage>Marytje Heyndricx; zij hertrouwde met de Haagse drukker Michiel Jansz van Scheveninge.</marriage>
<address>Hooigracht.</address>
<literature>M.E. Kronenberg, Lotgevallen van Jan Seversz., boekdrukker te Leiden (c. 1502-1524) en te Antwerpen (c. 1527-1530), Het Boek, 13 (1924), 1-38; eadem, Het zoogenaamde winkelkasboek van Jan Seversz, Het Boek, 14 (1925), 334-338; eadem, Over twee titelranden van Jan Seversz. te Leiden (1515 en c. 1521?) en over het merk het soldeerlampje. Bibliographische sprokkels, 3, Het Boek, 26 (1940-42), 240-246; eadem, Samenwerking van Willem Vorsterman en Jan Seversz. te Antwerpen (1528), Het Boek, 28 (1944-46), 295-299; Aanvulling, Het Boek, 30 (1949-51), 72-73; eadem, Bij een onbekende Luther-druk van Jan Seversz. te Leiden (met datum v augustus 1520), Het Boek, 37 (1965-66), 73-76; J.D. Bangs, Further adventures of Jan Zevertsz, bookprinter and parchmentmaker of Leiden, Quaerendo, 7 (1977), 128-143; idem, Reconsidering the Lutheran booktrade: The so-called Winkelkasboek of Pieter Claesz. van Balen, Quaerendo, 9 (1979), 227-260.</literature>
<misc>Zijn drukkersgereedschap werd na zijn vertrek o.a. gebruikt door Pieter Claesz van Balen.</misc>
<all>
<l>Zeverts, Jan (w. 1502-24)</l>
<l>Uitgever, drukker, boekverkoper en perkamenthandelaar.</l>
<l>1527-1520 te Antwerpen, waar hij samenwerkte met Willem Vorsterman.</l>
<l>Huwelijk: Marytje Heyndricx; zij hertrouwde met de Haagse drukker Michiel Jansz van Scheveninge.</l>
<l>Zijn dochter Anna trouwde met de Haagse drukkers en boekverkoper Jan van der Hage.</l>
<l>Adres: Hooigracht.</l>
<l>Zijn drukkersgereedschap werd na zijn vertrek o.a. gebruikt door Pieter Claesz van Balen.</l>
<l>Lit.: M.E. Kronenberg, Lotgevallen van Jan Seversz., boekdrukker te Leiden (c. 1502-1524) en te Antwerpen (c. 1527-1530), Het Boek, 13 (1924), 1-38; eadem, Het zoogenaamde winkelkasboek van Jan Seversz, Het Boek, 14 (1925), 334-338; eadem, Over twee titelranden van Jan Seversz. te Leiden (1515 en c. 1521?) en over het merk het soldeerlampje. Bibliographische sprokkels, 3, Het Boek, 26 (1940-42), 240-246; eadem, Samenwerking van Willem Vorsterman en Jan Seversz. te Antwerpen (1528), Het Boek, 28 (1944-46), 295-299; Aanvulling, Het Boek, 30 (1949-51), 72-73; eadem, Bij een onbekende Luther-druk van Jan Seversz. te Leiden (met datum v augustus 1520), Het Boek, 37 (1965-66), 73-76; J.D. Bangs, Further adventures of Jan Zevertsz, bookprinter and parchmentmaker of Leiden, Quaerendo, 7 (1977), 128-143; idem, Reconsidering the Lutheran booktrade: The so-called Winkelkasboek of Pieter Claesz. van Balen, Quaerendo, 9 (1979), 227-260.</l>
</all>
</person>