<person>
<firstName>Claes Pietersz van</firstName>
<lastName>Zijl</lastName>
<dob></dob>
<dod></dod>
<pob></pob>
<pod></pod>
<professional-start>16</professional-start>
<professional-end></professional-end>
<professions>
<profession>
<term>boekverkoper</term>
<profession-id>1</profession-id></profession>
<profession>
<term>verkoper</term>
<profession-id>25</profession-id></profession>
</professions>
<address>Nieuwe Rijn, achter de Torensteeg (= Burchtsteeg?).</address>
<street>Nieuwe Rijn</street>
<street-id>38</street-id>
<lat>52.156034</lat>
<lon>4.5038272
</lon>
<literature>Ledeboer.</literature>
<misc>unknown</misc>
<all>
<l>Zijl, Claes Pietersz van (w. 16?)</l>
<l>Boekverkoper?</l>
<l>Adres: Nieuwe Rijn, achter de Torensteeg (= Burchtsteeg?).</l>
<l>Lit.: Ledeboer.</l>
</all>
</person>