<person>
<firstName>Jan van</firstName>
<lastName>Zijp</lastName>
<dob></dob>
<dod></dod>
<pob></pob>
<pod></pod>
<professional-start>1762</professional-start>
<professional-end>1769</professional-end>
<professions>
<profession>
<term>boekverkoper</term>
<profession-id>1</profession-id></profession>
<profession>
<term>verkoper</term>
<profession-id>25</profession-id></profession>
</professions>
<address>Noordeinde.</address>
<street>Noordeinde</street>
<street-id>42</street-id>
<lat>52.1601961</lat>
<lon>4.4834252
</lon>
<guild>20-12-1762 Vrijmeester (AB 83a, f. 26).</guild>
<literature>Van Vliet, hoofdstuk VI.</literature>
<misc>Met Van Hoogeveen en Heyligert oprichter van KWAV en mede-uitgever van het aan Campo Weyerman toegeschreven Oog in t zeil. Na de opheffing van zijn bedrijf kwam hij in conflict met zijn vroegere partners.</misc>
<all>
<l>Zijp, Jan van (w. 1762-69)</l>
<l>Boekverkoper.</l>
<l>Adres: Noordeinde.</l>
<l>Gilde: 20-12-1762 Vrijmeester (AB 83a, f. 26).</l>
<l>Met Van Hoogeveen en Heyligert oprichter van KWAV en mede-uitgever van het aan Campo Weyerman toegeschreven Oog in t zeil. Na de opheffing van zijn bedrijf kwam hij in conflict met zijn vroegere partners.</l>
<l>Lit.: Van Vliet, hoofdstuk VI.</l>
</all>
</person>