<person>
<firstName>Johannes</firstName>
<lastName>Zilverschoon [Silverschoon]</lastName>
<dob>1758</dob>
<dod></dod>
<pob>leiden</pob>
<pob-id>1</pob-id>
<pod></pod>
<professional-start>1786</professional-start>
<professional-end></professional-end>
<professions>
<profession>
<term>letterzetter</term>
<profession-id>4</profession-id></profession>
</professions>
<marriage>KO 12-5-1786 Wilhelmina van Engelen uit Leiden, in de Heresteeg (getuige zijn vader en haar behuwd zuster Christina Lames).</marriage>
<address>Korte Langegracht.</address>
<street>Langegracht</street>
<street-id>29</street-id>
<lat>52.1637152</lat>
<lon>4.4886631
</lon>
<misc>NA 2613, nr. 2 (1793) Mutueel testament.</misc>
<all>
<l>Zilverschoon [Silverschoon], Johannes (* Leiden 1758 [doop HK 5-10]; w. 1786)</l>
<l>Letterzetter.</l>
<l>Zoon van Cornelis Zilverschoon Sr. en Judith Rozendaal.</l>
<l>Adres: Korte Langegracht.</l>
<l>Huwelijk: KO 12-5-1786 Wilhelmina van Engelen uit Leiden, in de Heresteeg (getuige zijn vader en haar behuwd zuster Christina Lames).</l>
<l>NA 2613, nr. 2 (1793) Mutueel testament.</l>
</all>
</person>