<person>
<firstName>Cornelis</firstName>
<lastName>Zilverschoon [Silverschoon] Jr.</lastName>
<dob></dob>
<dod></dod>
<pob>leiden</pob>
<pob-id>1</pob-id>
<pod></pod>
<professional-start>1776</professional-start>
<professional-end></professional-end>
<professions>
<profession>
<term>letterzetter</term>
<profession-id>4</profession-id></profession>
</professions>
<marriage>23-8-1776 Cornelia van Ek, op de Westdwarsgracht (getuigen zijn vader en haar moeder Gerritje de Ruyter).</marriage>
<address>1776 Korte Langegracht.</address>
<street>Langegracht</street>
<street-id>29</street-id>
<lat>52.1637152</lat>
<lon>4.4886631
</lon>
<misc>Zoon van Cornelis Zilverschoon Sr. en Judith Rozendaal.</misc>
<all>
<l>Zilverschoon [Silverschoon] Jr., Cornelis (* Leiden; w. 1776)</l>
<l>Letterzetter.</l>
<l>Zoon van Cornelis Zilverschoon Sr. en Judith Rozendaal.</l>
<l>Adres: 1776 Korte Langegracht.</l>
<l>Huwelijk: 23-8-1776 Cornelia van Ek, op de Westdwarsgracht (getuigen zijn vader en haar moeder Gerritje de Ruyter).</l>
</all>
</person>