<person>
<firstName>Jan</firstName>
<lastName>Zitman</lastName>
<dob></dob>
<dod></dod>
<pob></pob>
<pod></pod>
<professional-start>1784</professional-start>
<professional-end></professional-end>
<professions>
<profession>
<term>letterzetter</term>
<profession-id>4</profession-id></profession>
</professions>
<marriage>1. Helena van der Walle. Kind: doop HK 21-9-1786 Jan; HK 24-9-1789 Catharina Wilhelmina; 2. SH 8-5-1800 Jannetje Springer.</marriage>
<address>Langebrug NZ (Bevolkingsregister 1146, nr. 1, f. 61); 1800 Middelstegracht.</address>
<street>Middelstegracht</street>
<street-id>34</street-id>
<lat>52.1598384</lat>
<lon>4.4981737
</lon>
<misc>unknown</misc>
<all>
<l>Zitman, Jan (w. 1784)</l>
<l>Letterzetter.</l>
<l>Adres: Langebrug NZ (Bevolkingsregister 1146, nr. 1, f. 61); 1800 Middelstegracht.</l>
<l>Huwelijk: 1. Helena van der Walle. Kind: doop HK 21-9-1786 Jan; HK 24-9-1789 Catharina Wilhelmina; 2. SH 8-5-1800 Jannetje Springer.</l>
</all>
</person>