<person>
<firstName>Suylen, Seulen], Jacobus van</firstName>
<lastName>Zuilen [Zuijlen</lastName>
<dob></dob>
<dod></dod>
<pob></pob>
<pod></pod>
<professional-start>1673</professional-start>
<professional-end></professional-end>
<professions>
<profession>
<term>boekverkoper</term>
<profession-id>1</profession-id></profession>
<profession>
<term>verkoper</term>
<profession-id>25</profession-id></profession>
<profession>
<term>boekbinder</term>
<profession-id>43</profession-id></profession>
</professions>
<address>1673 Hogewoerd.</address>
<street>Hogewoerd</street>
<street-id>18</street-id>
<lat>52.1554131</lat>
<lon>4.499997
</lon>
<guild>15-12-1673 Vrijmeester (AB 83a, f. 110v).</guild>
<misc>Klein Familiegeld, f. 62b (Hogewoerd 1673; code 11002), 0.0.6).</misc>
<all>
<l>Zuilen [Zuijlen, Suylen, Seulen], Jacobus van (w. 1673)</l>
<l>Boekbinder en boekverkoper.</l>
<l>Adres: 1673 Hogewoerd.</l>
<l>Gilde: 15-12-1673 Vrijmeester (AB 83a, f. 110v).</l>
<l>NA 1118, nr.  [scan 77] (9-9-1673) Akte met Neetlje Jacobs de Bos, tegenwoordig huisvrouw van Jan Jansz van der Speck, wonende aan het huis Den Deijl in Wassenaar, over de leertijd van de tweede zoon uit haar eerder huwelijk, Arij Jacobsz Soij, met een duur van drie jaar, ingaande op 18 september, om te leren boekbinden (alles tgeene tselve boeckbinderij [?] de neringe aengaet gelyckl hij tselve personelyck selfs can). Arij krijgt kost en inwoning, zijn moeder betaalt daarvoor 225 in kwartaaltermijnen</l>
<l>Vgl. AB 83a, f. 110v (1674) voor het conflict dat hieruit ontstond.</l>
<l>? NA 1578, nr. 184 (29-7-1692) Testament. Hij wordt jongman genoemd; dezelfde?</l>
<l>Klein Familiegeld, f. 62b (Hogewoerd 1673; code 11002), 0.0.6).</l>
</all>
</person>