<person>
<firstName>Pieter de</firstName>
<lastName>Zwaertveger</lastName>
<dob></dob>
<dod></dod>
<pob></pob>
<pod></pod>
<professional-start>1662</professional-start>
<professional-end></professional-end>
<professions>
<profession>
<term>boekverkoper</term>
<profession-id>1</profession-id></profession>
<profession>
<term>verkoper</term>
<profession-id>25</profession-id></profession>
</professions>
<address>1662 aldernaest de Hollandschen Thuyn; int Orangie-harnasch.</address>
<literature>Thesaurus.</literature>
<misc>unknown</misc>
<all>
<l>Zwaertveger, Pieter de (w. 1662)</l>
<l>Boekverkoper?</l>
<l>Adres: 1662 aldernaest de Hollandschen Thuyn; int Orangie-harnasch.</l>
<l>Lit.: Thesaurus.</l>
</all>
</person>