<person>
<firstName>Gerrit</firstName>
<lastName>Zwanenburg</lastName>
<dob></dob>
<dod></dod>
<pob></pob>
<pod></pod>
<professional-start>1766</professional-start>
<professional-end></professional-end>
<professions>
<profession>
<term>speelkaartverkoper</term>
<profession-id>3</profession-id></profession>
<profession>
<term>verkoper</term>
<profession-id>25</profession-id></profession>
<profession>
<term>kaartverkoper</term>
<profession-id>66</profession-id></profession>
</professions>
<address>hoek Beschuitsteeg.</address>
<street>Beschuitsteeg</street>
<street-id>2</street-id>
<lat>52.1574827</lat>
<lon>4.4928913
</lon>
<guild>1766 Contribuant (AB 83c, f. 95).</guild>
<misc>unknown</misc>
<all>
<l>Zwanenburg, Gerrit (w. 1766)</l>
<l>Speelkaartverkoper.</l>
<l>Adres: hoek Beschuitsteeg.</l>
<l>Gilde: 1766 Contribuant (AB 83c, f. 95).</l>
</all>
</person>