<person>
<firstName>Jacob</firstName>
<lastName>Bosschieter</lastName>
<dob></dob>
<dod></dod>
<pob></pob>
<pod></pod>
<professional-start>1711</professional-start>
<professional-end></professional-end>
<professions>
<profession>
<term>boekverkoper</term>
<profession-id>1</profession-id></profession>
<profession>
<term>verkoper</term>
<profession-id>25</profession-id></profession>
<profession>
<term>boekbinder</term>
<profession-id>43</profession-id></profession>
<profession>
<term>knecht</term>
<profession-id>45</profession-id></profession>
</professions>
<marriage>KO 8-10-1711 Margarethe Aarningh uit Osnabrck (getuige zijn zwager Isaak Florijn).</marriage>
<address>1711 Langebrug.</address>
<street>Langebrug</street>
<street-id>28</street-id>
<lat>52.1563598</lat>
<lon>4.4906321
</lon>
<guild>21-11-1711 Vrijmeester, in plaats van zijn vader Jacob Filipsen Targnon (AB 83a, f. 41).</guild>
<misc>unknown</misc>
<all>
<l>Bosschieter, Jacob (w. 1711)</l>
<l>Boekbindersknecht, later boekverkoper.</l>
<l>Adres: 1711 Langebrug.</l>
<l>Huwelijk: KO 8-10-1711 Margarethe Aarningh uit Osnabrck (getuige zijn zwager Isaak Florijn).</l>
<l>Gilde: 21-11-1711 Vrijmeester, in plaats van zijn vader Jacob Filipsen Targnon (AB 83a, f. 41).</l>
</all>
</person>